hash;data_de_cadastro;canal_de_atendimento;denuncia_emergencial;denunciante;cenario_da_violacao;pais;uf;municipio;frequencia;inicio_das_violacoes;sl_quantidade_vitimas;grupo_vulneravel;motivacao;relacao_vitima_suspeito;sl_vitima_cadastro;genero_da_vitima;orientacao_sexual_da_vitima;faixa_etaria_da_vitima;nacionalidade_da_vitima;sl_vitima_naturalidade;sl_vitima_naturalizado_uf;sl_vitima_naturalizado_municipio;deficiencia_da_vitima;doenca_rara_da_vitima;deficiencia_relacionada_a_doenca_rara;vitima_preso_a;pais_da_vitima;uf_da_vitima;municipio_da_vitima;profissao_da_vitima;grau_de_instrucao_da_vitima;religiao_da_vitima;raca_cor_da_vitima;etnia_da_vitima;faixa_de_renda_da_vitima;natureza_juridica_do_suspeito;genero_do_suspeito;orientacao_sexual_do_suspeito;faixa_etaria_do_suspeito;suspeito_nacionalidade;sl_suspeito_naturalidade;sl_suspeito_naturalizado_uf;sl_suspeito_naturalizado_municipio;deficiencia_do_suspeito;doenca_rara_do_suspeito;deficiencia_relacionada_a_doenca_rara_suspeito;suspeito_preso;pais_do_suspeito;uf_do_suspeito;sl_suspeito_municipio;profissao_do_suspeito;grau_de_instrucao_do_suspeito;religiao_do_suspeito;raca_cor_do_suspeito;suspeito_etnia;faixa_de_renda_do_suspeito;vinculo_orgao_pj_do_suspeito;sl_suspeito_ramo;suspeito_especificacao_etnia;vitima_especificacao_etnia;violacao
079186185F2490F1B013C9EFCD7A2654DF441B99C65A72F6015654D60A5A76A8;2024-01-03 11:48:03.343;TELEFÔNICO;NÃO;TERCEIRO;AMBIENTE VIRTUAL (NO ÂMBITO DA INTERNET);BR | BRASIL;RJ;3304557 | RIO DE JANEIRO;DIARIAMENTE;NÃO SABE INFORMAR;1;VIOLÊNCIA CONTRA CRIANÇA OU ADOLESCENTE;;DESCONHECIDO(A);COMUNIDADE/FAMÍLIA;;NÃO;RECÉM-NASCIDO (ATÉ 28 DIAS);BR | BRASIL;;;;;;;;BR | BRASIL;RJ;3304557 | RIO DE JANEIRO;;;;NÃO INFORMADO;;;COMUNIDADE/FAMÍLIA;;;;BR | BRASIL;;;;;;;;BR | BRASIL;RJ;3304557 | RIO DE JANEIRO;;;;;;;;;;;LIBERDADE>DIREITOS INDIVIDUAIS>TRÁFICO DE CRIANÇAS - NACIONAL
079186185F2490F1B013C9EFCD7A2654DF441B99C65A72F6015654D60A5A76A8;2024-01-03 11:48:03.343;TELEFÔNICO;NÃO;TERCEIRO;AMBIENTE VIRTUAL (NO ÂMBITO DA INTERNET);BR | BRASIL;RJ;3304557 | RIO DE JANEIRO;DIARIAMENTE;NÃO SABE INFORMAR;1;VIOLÊNCIA CONTRA CRIANÇA OU ADOLESCENTE;;DESCONHECIDO(A);COMUNIDADE/FAMÍLIA;;NÃO;RECÉM-NASCIDO (ATÉ 28 DIAS);BR | BRASIL;;;;;;;;BR | BRASIL;RJ;3304557 | RIO DE JANEIRO;;;;NÃO INFORMADO;;;COMUNIDADE/FAMÍLIA;;;;BR | BRASIL;;;;;;;;BR | BRASIL;RJ;3304557 | RIO DE JANEIRO;;;;;;;;;;;LIBERDADE>DIREITOS INDIVIDUAIS>TRÁFICO DE CRIANÇAS - INTERNACIONAL
0A1DACE6454E9CE267EC271B30923ED88AAD5C7551F9404C73391F96B22E8FD0;2024-01-08 22:58:58.297;TELEFÔNICO;NÃO;A PRÓPRIA VÍTIMA;CASA ONDE RESIDE A VÍTIMA E O SUSPEITO;BR | BRASIL;ES;3205200 | VILA VELHA;OCASIONALMENTE;HÁ MAIS DE SEIS MESES;1;VIOLÊNCIA CONTRA CRIANÇA OU ADOLESCENTE;;MÃE;PESSOA FÍSICA;FEMININO;NÃO;16 ANOS;BR | BRASIL;;;;;NÃO;;NÃO;BR | BRASIL;ES;3205200 | VILA VELHA;;;;NÃO INFORMADO;;;PESSOA FÍSICA;FEMININO;NÃO;35 A 39 ANOS;BR | BRASIL;;;;;NÃO;;NÃO;BR | BRASIL;ES;3205200 | VILA VELHA;OUTROS NÃO LISTADOS;;;PARDA;;;;;;;LIBERDADE>DIREITOS INDIVIDUAIS>TRÁFICO DE CRIANÇAS - NACIONAL
78061E51C1DF7BC19BAAEB98ACE6E3B5359698576C9BF3D30404A237491AE859;2024-01-18 10:08:37.297;E-MAIL;NÃO;TERCEIRO;CASA DO SUSPEITO;BR | BRASIL;RS;4314902 | PORTO ALEGRE;ÚNICA OCORRÊNCIA;NÃO SE APLICA;1;VIOLÊNCIA CONTRA CRIANÇA OU ADOLESCENTE;;DESCONHECIDO(A);PESSOA FÍSICA;FEMININO;NÃO;14 ANOS;BR | BRASIL;;;;;NÃO;;NÃO;BR | BRASIL;RS;4314902 | PORTO ALEGRE;;;;NÃO INFORMADO;;;PESSOA FÍSICA;FEMININO;NÃO;;BR | BRASIL;;;;;NÃO;;;BR | BRASIL;RS;4314902 | PORTO ALEGRE;;;;;;;;;;;LIBERDADE>DIREITOS INDIVIDUAIS>TRÁFICO DE CRIANÇAS - NACIONAL
2351695C133A8BA670E60C3D3B12F1B8886DE7A847A61A0874DC509CD1975B6C;2024-01-18 10:08:37.297;E-MAIL;NÃO;TERCEIRO;CASA DO SUSPEITO;BR | BRASIL;RS;4314902 | PORTO ALEGRE;ÚNICA OCORRÊNCIA;NÃO SE APLICA;1;VIOLÊNCIA CONTRA CRIANÇA OU ADOLESCENTE;;DESCONHECIDO(A);PESSOA FÍSICA;FEMININO;NÃO;14 ANOS;BR | BRASIL;;;;;NÃO;;NÃO;BR | BRASIL;RS;4314902 | PORTO ALEGRE;;;;NÃO INFORMADO;;;PESSOA FÍSICA;FEMININO;NÃO;;BR | BRASIL;;;;;NÃO;;;BR | BRASIL;RS;4314902 | PORTO ALEGRE;;;;;;;;;;;LIBERDADE>DIREITOS INDIVIDUAIS>TRÁFICO DE CRIANÇAS - NACIONAL
7EDD0508BC7166BEDE4B6AF35575CE4545A3CD8B39E1672A023FBAF2A92BE46F;2024-01-18 10:08:37.297;E-MAIL;NÃO;TERCEIRO;CASA DO SUSPEITO;BR | BRASIL;RS;4314902 | PORTO ALEGRE;ÚNICA OCORRÊNCIA;NÃO SE APLICA;1;VIOLÊNCIA CONTRA CRIANÇA OU ADOLESCENTE;;DESCONHECIDO(A);PESSOA FÍSICA;FEMININO;NÃO;14 ANOS;BR | BRASIL;;;;;NÃO;;NÃO;BR | BRASIL;RS;4314902 | PORTO ALEGRE;;;;NÃO INFORMADO;;;PESSOA FÍSICA;FEMININO;NÃO;;BR | BRASIL;;;;;NÃO;;;BR | BRASIL;RS;4314902 | PORTO ALEGRE;;;;;;;;;;;LIBERDADE>DIREITOS INDIVIDUAIS>TRÁFICO DE CRIANÇAS - NACIONAL
9513EF74FE7CA76D50AFECB23D229ED6680C076BE0C1B04F4B8E84A05E1E028A;2024-01-20 16:33:57.117;TELEFÔNICO;NÃO;TERCEIRO;ESTABELECIMENTO COMERCIAL;BR | BRASIL;BA;2927408 | SALVADOR;DIARIAMENTE;NÃO SABE INFORMAR;1;VIOLÊNCIA CONTRA CIDADÃO, FAMÍLIA OU COMUNIDADE;;OUTROS;COMUNIDADE/FAMÍLIA;;;NÃO INFORMADO;BR | BRASIL;;;;;;;;BR | BRASIL;DENUNCIANTE NÃO SOUBE INFORMAR;DENUNCIANTE NÃO SOUBE INFORMAR;;;;NÃO INFORMADO;;;PESSOA FÍSICA;MASCULINO;NÃO;55 A 59 ANOS;BR | BRASIL;;;;;NÃO;;NÃO;BR | BRASIL;BA;2927408 | SALVADOR;OUTROS NÃO LISTADOS;;;PARDA;;;;;;;LIBERDADE>DIREITOS INDIVIDUAIS>TRÁFICO DE MULHERES - NACIONAL
9513EF74FE7CA76D50AFECB23D229ED6680C076BE0C1B04F4B8E84A05E1E028A;2024-01-20 16:33:57.117;TELEFÔNICO;NÃO;TERCEIRO;ESTABELECIMENTO COMERCIAL;BR | BRASIL;BA;2927408 | SALVADOR;DIARIAMENTE;NÃO SABE INFORMAR;1;VIOLÊNCIA CONTRA CIDADÃO, FAMÍLIA OU COMUNIDADE;OUTRO(S) ELEMENTO(S);OUTROS;COMUNIDADE/FAMÍLIA;;;NÃO INFORMADO;BR | BRASIL;;;;;;;;BR | BRASIL;DENUNCIANTE NÃO SOUBE INFORMAR;DENUNCIANTE NÃO SOUBE INFORMAR;;;;NÃO INFORMADO;;;PESSOA FÍSICA;MASCULINO;NÃO;55 A 59 ANOS;BR | BRASIL;;;;;NÃO;;NÃO;BR | BRASIL;BA;2927408 | SALVADOR;OUTROS NÃO LISTADOS;;;PARDA;;;;;;;LIBERDADE>DIREITOS INDIVIDUAIS>TRÁFICO DE CRIANÇAS - NACIONAL
2AC156E4D315B8154575E8B848515673614B7B6667980875731B6D77F3136C0C;2024-01-27 11:50:04.437;WEBCHAT;NÃO;TERCEIRO;CASA DA VÍTIMA;BR | BRASIL;DENUNCIANTE NÃO SOUBE INFORMAR;DENUNCIANTE NÃO SOUBE INFORMAR;NÃO SABE INFORMAR;NÃO SABE INFORMAR;1;VIOLÊNCIA CONTRA CIDADÃO, FAMÍLIA OU COMUNIDADE;OUTRO(S) ELEMENTO(S);NÃO SABE INFORMAR;PESSOA FÍSICA;NÃO INFORMADO;NÃO;18 A 19 ANOS;BR | BRASIL;;;;NÃO;NÃO;;NÃO;BR | BRASIL;DENUNCIANTE NÃO SOUBE INFORMAR;DENUNCIANTE NÃO SOUBE INFORMAR;;;NÃO SABE;NÃO INFORMADO;DEMAIS COMUNIDADES TRADICIONAIS;;PESSOA FÍSICA;NÃO INFORMADO;NÃO;NÃO INFORMADO;BR | BRASIL;;;;NÃO;NÃO;;NÃO;BR | BRASIL;MG;3128006 | GUANHÃES;NÃO SABE INFORMAR;;NÃO SABE;NÃO INFORMADO;DEMAIS COMUNIDADES TRADICIONAIS;;;;NÃO INFORMADO;NÃO INFORMADO;LIBERDADE>DIREITOS INDIVIDUAIS>TRÁFICO DE PESSOAS - INTERNACIONAL
6DF9B8A5A68CACA440596466355F706504E3E11D3E75A15918D6B152888495D9;2024-02-01 10:14:25.737;TELEFÔNICO;NÃO;TERCEIRO;CASA ONDE RESIDE A VÍTIMA E O SUSPEITO;BR | BRASIL;MG;3136702 | JUIZ DE FORA;DIARIAMENTE;HÁ MAIS DE UM ANO;1;VIOLÊNCIA CONTRA CRIANÇA OU ADOLESCENTE;MOTIVAÇÃO.EM RAZÃO DA CONDIÇÃO SOCIAL;PESSOA COM QUEM MANTÉM/MANTEVE CONVIVÊNCIA FAMILIAR;PESSOA FÍSICA;MASCULINO;;01 ANO;BR | BRASIL;;;;NÃO;NÃO;;;BR | BRASIL;MG;3136702 | JUIZ DE FORA;;;;BRANCA;;;PESSOA FÍSICA;FEMININO;NÃO;35 A 39 ANOS;BR | BRASIL;;;;NÃO;NÃO;;NÃO;BR | BRASIL;DENUNCIANTE NÃO SOUBE INFORMAR;DENUNCIANTE NÃO SOUBE INFORMAR;OUTROS NÃO LISTADOS;;;BRANCA;;;;;;;LIBERDADE>DIREITOS INDIVIDUAIS>TRÁFICO DE CRIANÇAS - NACIONAL
734D74FCE5EA6095A4BF3A52EBC67BF8D564ACCC67E238D03E87045D3AA82851;2024-02-01 10:14:25.737;TELEFÔNICO;NÃO;TERCEIRO;CASA ONDE RESIDE A VÍTIMA E O SUSPEITO;BR | BRASIL;MG;3136702 | JUIZ DE FORA;DIARIAMENTE;HÁ MAIS DE UM ANO;1;VIOLÊNCIA CONTRA CRIANÇA OU ADOLESCENTE;MOTIVAÇÃO.EM RAZÃO DA CONDIÇÃO SOCIAL;PESSOA COM QUEM MANTÉM/MANTEVE CONVIVÊNCIA FAMILIAR;PESSOA FÍSICA;MASCULINO;;01 ANO;BR | BRASIL;;;;NÃO;NÃO;;;BR | BRASIL;MG;3136702 | JUIZ DE FORA;;;;BRANCA;;;PESSOA FÍSICA;FEMININO;NÃO;40 A 44 ANOS;BR | BRASIL;;;;NÃO;NÃO;;NÃO;BR | BRASIL;MG;3136702 | JUIZ DE FORA;OUTROS NÃO LISTADOS;;;PARDA;;;;;;;LIBERDADE>DIREITOS INDIVIDUAIS>TRÁFICO DE CRIANÇAS - NACIONAL
902293D4A4EA4861C23ADBE8E17CAE83693244DA950E5E8222CA3E410887CF13;2024-02-01 10:24:09.200;TELEFÔNICO;NÃO;TERCEIRO;CASA ONDE RESIDE A VÍTIMA E O SUSPEITO;BR | BRASIL;MG;3136702 | JUIZ DE FORA;DIARIAMENTE;HÁ MAIS DE UM ANO;1;VIOLÊNCIA CONTRA CRIANÇA OU ADOLESCENTE;OUTRO(S) ELEMENTO(S);OUTROS;PESSOA FÍSICA;MASCULINO;;01 ANO;BR | BRASIL;;;;NÃO;NÃO;;;BR | BRASIL;MG;3136702 | JUIZ DE FORA;;;AGNÓSTICO/ATEU/SEM RELIGIÃO;BRANCA;;;PESSOA FÍSICA;MASCULINO;NÃO;40 A 44 ANOS;BR | BRASIL;;;;NÃO;NÃO;;NÃO;BR | BRASIL;MG;3136702 | JUIZ DE FORA;NÃO SABE INFORMAR;;NÃO SABE;PARDA;;;;;;;LIBERDADE>DIREITOS INDIVIDUAIS>TRÁFICO DE CRIANÇAS - NACIONAL
3E7A07C0EDA6015FDD5CA39F41FFF0F3DF37A58FD51CBB6F6A62BEFE933D46B5;2024-02-01 10:24:09.200;TELEFÔNICO;NÃO;TERCEIRO;CASA ONDE RESIDE A VÍTIMA E O SUSPEITO;BR | BRASIL;MG;3136702 | JUIZ DE FORA;DIARIAMENTE;HÁ MAIS DE UM ANO;1;VIOLÊNCIA CONTRA CRIANÇA OU ADOLESCENTE;OUTRO(S) ELEMENTO(S);OUTROS;PESSOA FÍSICA;MASCULINO;;01 ANO;BR | BRASIL;;;;NÃO;NÃO;;;BR | BRASIL;MG;3136702 | JUIZ DE FORA;;;AGNÓSTICO/ATEU/SEM RELIGIÃO;BRANCA;;;PESSOA FÍSICA;FEMININO;NÃO;40 A 44 ANOS;BR | BRASIL;;;;NÃO;NÃO;;NÃO;BR | BRASIL;MG;3136702 | JUIZ DE FORA;OUTROS NÃO LISTADOS;;CATÓLICA APOSTÓLICA ROMANA;PARDA;;;;;;;LIBERDADE>DIREITOS INDIVIDUAIS>TRÁFICO DE CRIANÇAS - NACIONAL
C09E3CA61766491EB91280E3EE8C2C801305FC942854C5F1DA5C2FBA62469FF1;2024-02-02 10:17:22.977;TELEFÔNICO;NÃO;TERCEIRO;CASA DO SUSPEITO;BR | BRASIL;PR;4106902 | CURITIBA;DIARIAMENTE;HÁ MAIS DE SEIS MESES;1;VIOLÊNCIA CONTRA CRIANÇA OU ADOLESCENTE;;MÃE;PESSOA FÍSICA;FEMININO;;MENOS DE 01 ANO;BR | BRASIL;;;;;NÃO;;;BR | BRASIL;PR;4106902 | CURITIBA;;ANALFABETO/SEM INSTRUÇÃO;;BRANCA;;;PESSOA FÍSICA;FEMININO;NÃO;25 A 29 ANOS;BR | BRASIL;;;;;NÃO;;NÃO INFORMADO;BR | BRASIL;PR;4106902 | CURITIBA;NÃO SABE INFORMAR;;;BRANCA;;;;;;;LIBERDADE>DIREITOS INDIVIDUAIS>TRÁFICO DE CRIANÇAS - NACIONAL
122330866C368B8F7F02011D2B5F7C47C08BF3D2726B7D6D3BDE7F4E76DBDFA7;2024-02-02 10:17:22.977;TELEFÔNICO;NÃO;TERCEIRO;CASA DO SUSPEITO;BR | BRASIL;PR;4106902 | CURITIBA;DIARIAMENTE;HÁ MAIS DE SEIS MESES;1;VIOLÊNCIA CONTRA CRIANÇA OU ADOLESCENTE;;MÃE;PESSOA FÍSICA;FEMININO;;MENOS DE 01 ANO;BR | BRASIL;;;;;NÃO;;;BR | BRASIL;PR;4106902 | CURITIBA;;ANALFABETO/SEM INSTRUÇÃO;;BRANCA;;;PESSOA FÍSICA;FEMININO;NÃO;30 A 34 ANOS;BR | BRASIL;;;;;NÃO;;NÃO INFORMADO;BR | BRASIL;PR;4106902 | CURITIBA;NÃO SABE INFORMAR;;;BRANCA;;;;;;;LIBERDADE>DIREITOS INDIVIDUAIS>TRÁFICO DE CRIANÇAS - NACIONAL
643314479B58C7F3F8F33C46CE24E9EBC2470AD08026BA9B7B9806800390DAA9;2024-02-04 22:27:57.030;WHATSAPP;NÃO;A PRÓPRIA VÍTIMA;NÃO SABE INFORMAR;BR | BRASIL;ATENDIMENTO INTERROMPIDO;ATENDIMENTO INTERROMPIDO;NÃO SABE INFORMAR;NÃO SABE INFORMAR;2;VIOLÊNCIA CONTRA CIDADÃO, FAMÍLIA OU COMUNIDADE;;OUTROS;PESSOA FÍSICA;MASCULINO;NÃO;25 A 29 ANOS;BR | BRASIL;;;;;NÃO;;NÃO;BR | BRASIL;;;;;;AMARELA;;;PESSOA FÍSICA;NÃO INFORMADO;NÃO;NÃO INFORMADO;BR | BRASIL;;;;;NÃO;;NÃO INFORMADO;BR | BRASIL;DENUNCIANTE NÃO SOUBE INFORMAR;DENUNCIANTE NÃO SOUBE INFORMAR;NÃO SABE INFORMAR;;;NÃO INFORMADO;;;;;;;LIBERDADE>DIREITOS INDIVIDUAIS>TRÁFICO DE PESSOAS - INTERNACIONAL
A5E4C1037FDB435D80537AEC22B66BC681A953F5586816869E8354C0AAAF92F3;2024-02-04 22:27:57.030;WHATSAPP;NÃO;A PRÓPRIA VÍTIMA;NÃO SABE INFORMAR;BR | BRASIL;ATENDIMENTO INTERROMPIDO;ATENDIMENTO INTERROMPIDO;NÃO SABE INFORMAR;NÃO SABE INFORMAR;2;VIOLÊNCIA CONTRA CIDADÃO, FAMÍLIA OU COMUNIDADE;;OUTROS;PESSOA FÍSICA;MASCULINO;NÃO;25 A 29 ANOS;BR | BRASIL;;;;;NÃO;;NÃO;BR | BRASIL;;;;;;AMARELA;;;COMUNIDADE/FAMÍLIA;;;;BR | BRASIL;;;;;;;;MX | MÉXICO;;;;;;;;;;;;;LIBERDADE>DIREITOS INDIVIDUAIS>TRÁFICO DE PESSOAS - INTERNACIONAL
E204E2006CA3DF41D9F1EC33C4A01EC5A35CDE8E886987C89508A79EFDAE77AE;2024-02-04 22:27:57.030;WHATSAPP;NÃO;A PRÓPRIA VÍTIMA;NÃO SABE INFORMAR;BR | BRASIL;DENUNCIANTE NÃO SOUBE INFORMAR;DENUNCIANTE NÃO SOUBE INFORMAR;NÃO SABE INFORMAR;NÃO SABE INFORMAR;2;VIOLÊNCIA CONTRA CIDADÃO, FAMÍLIA OU COMUNIDADE;;OUTROS;COMUNIDADE/FAMÍLIA;;;25 A 29 ANOS;BR | BRASIL;;;;;;;;BR | BRASIL;DENUNCIANTE NÃO SOUBE INFORMAR;DENUNCIANTE NÃO SOUBE INFORMAR;;;;NÃO INFORMADO;;;COMUNIDADE/FAMÍLIA;;;;BR | BRASIL;;;;;;;;MX | MÉXICO;;;;;;;;;;;;;LIBERDADE>DIREITOS INDIVIDUAIS>TRÁFICO DE PESSOAS - INTERNACIONAL
D169CEB8F4A42037E61F962D417ACF501B3B5B1E8C7510B8D8EAA3FC205CDA00;2024-02-04 22:27:57.030;WHATSAPP;NÃO;A PRÓPRIA VÍTIMA;NÃO SABE INFORMAR;BR | BRASIL;DENUNCIANTE NÃO SOUBE INFORMAR;DENUNCIANTE NÃO SOUBE INFORMAR;NÃO SABE INFORMAR;NÃO SABE INFORMAR;2;VIOLÊNCIA CONTRA CIDADÃO, FAMÍLIA OU COMUNIDADE;;OUTROS;COMUNIDADE/FAMÍLIA;;;25 A 29 ANOS;BR | BRASIL;;;;;;;;BR | BRASIL;DENUNCIANTE NÃO SOUBE INFORMAR;DENUNCIANTE NÃO SOUBE INFORMAR;;;;NÃO INFORMADO;;;PESSOA FÍSICA;NÃO INFORMADO;NÃO;NÃO INFORMADO;BR | BRASIL;;;;;NÃO;;NÃO INFORMADO;BR | BRASIL;DENUNCIANTE NÃO SOUBE INFORMAR;DENUNCIANTE NÃO SOUBE INFORMAR;NÃO SABE INFORMAR;;;NÃO INFORMADO;;;;;;;LIBERDADE>DIREITOS INDIVIDUAIS>TRÁFICO DE PESSOAS - INTERNACIONAL
51ED36CBF390DDFC4A6ECD880965914C458EED165C7AED12D63797697A42F369;2024-02-08 13:58:24.243;TELEFÔNICO;NÃO;TERCEIRO;CASA DA VÍTIMA;BR | BRASIL;AM;1302603 | MANAUS;DIARIAMENTE;HÁ MAIS DE UM ANO;1;VIOLÊNCIA CONTRA CRIANÇA OU ADOLESCENTE;;MÃE;PESSOA FÍSICA;FEMININO;;02 ANOS;BR | BRASIL;;;;;NÃO;;;BR | BRASIL;AM;1302603 | MANAUS;;;;PARDA;;;PESSOA FÍSICA;FEMININO;NÃO;30 A 34 ANOS;BR | BRASIL;;;;;NÃO;;NÃO;BR | BRASIL;AM;1302603 | MANAUS;PROFESSOR DO ENSINO FUNDAMENTAL;;;PARDA;;;;;;;LIBERDADE>DIREITOS INDIVIDUAIS>TRÁFICO DE CRIANÇAS - NACIONAL
6C2C9B7584A0EFACD71CE10B22CD1AFA784E004D8BF09AA1F55EC59C3984A47B;2024-02-08 13:58:24.243;TELEFÔNICO;NÃO;TERCEIRO;CASA DA VÍTIMA;BR | BRASIL;AM;1302603 | MANAUS;DIARIAMENTE;HÁ MAIS DE UM ANO;1;VIOLÊNCIA CONTRA CRIANÇA OU ADOLESCENTE;;MÃE;PESSOA FÍSICA;FEMININO;;02 ANOS;BR | BRASIL;;;;;NÃO;;;BR | BRASIL;AM;1302603 | MANAUS;;;;PARDA;;;PESSOA FÍSICA;FEMININO;NÃO;20 A 24 ANOS;BR | BRASIL;;;;;NÃO;;NÃO;BR | BRASIL;AM;1302603 | MANAUS;NÃO SABE INFORMAR;;;PARDA;;;;;;;LIBERDADE>DIREITOS INDIVIDUAIS>TRÁFICO DE CRIANÇAS - NACIONAL
4BD0B6EC4BF5367AA0E08BAF29DDE71E0ED4BA21410F1EB1469EF3D1F358BF82;2024-02-10 21:50:48.893;TELEFÔNICO;NÃO;TERCEIRO;CASA ONDE RESIDE A VÍTIMA E O SUSPEITO;BR | BRASIL;CE;2302602 | CAMOCIM;NÃO SABE INFORMAR;HÁ MAIS DE CINCO ANOS;1;VIOLÊNCIA CONTRA CRIANÇA OU ADOLESCENTE;OUTRO(S) ELEMENTO(S);OUTROS;PESSOA FÍSICA;FEMININO;;03 ANOS;BR | BRASIL;;;;NÃO;NÃO;;;BR | BRASIL;CE;2302602 | CAMOCIM;;;;NÃO INFORMADO;;;PESSOA FÍSICA;FEMININO;NÃO;40 A 44 ANOS;BR | BRASIL;;;;NÃO;NÃO;;NÃO;BR | BRASIL;CE;2302602 | CAMOCIM;OUTROS NÃO LISTADOS;;;BRANCA;;;;;;;LIBERDADE>DIREITOS INDIVIDUAIS>TRÁFICO DE CRIANÇAS - INTERNACIONAL
4BD0B6EC4BF5367AA0E08BAF29DDE71E0ED4BA21410F1EB1469EF3D1F358BF82;2024-02-10 21:50:48.893;TELEFÔNICO;NÃO;TERCEIRO;CASA ONDE RESIDE A VÍTIMA E O SUSPEITO;BR | BRASIL;CE;2302602 | CAMOCIM;NÃO SABE INFORMAR;HÁ MAIS DE CINCO ANOS;1;VIOLÊNCIA CONTRA CRIANÇA OU ADOLESCENTE;;OUTROS;PESSOA FÍSICA;FEMININO;;03 ANOS;BR | BRASIL;;;;;NÃO;;;BR | BRASIL;CE;2302602 | CAMOCIM;;;;NÃO INFORMADO;;;PESSOA FÍSICA;FEMININO;NÃO;40 A 44 ANOS;BR | BRASIL;;;;;NÃO;;NÃO;BR | BRASIL;CE;2302602 | CAMOCIM;OUTROS NÃO LISTADOS;;;BRANCA;;;;;;;LIBERDADE>DIREITOS INDIVIDUAIS>TRÁFICO DE CRIANÇAS - NACIONAL
1ADB0C2D886CA900180DBB6C4FE4C0943B9CBF751E15E936E50882858BEBA624;2024-02-11 15:19:52.423;TELEFÔNICO;NÃO;TERCEIRO;OUTROS;BR | BRASIL;PE;2611606 | RECIFE;ÚNICA OCORRÊNCIA;NÃO SE APLICA;1;VIOLÊNCIA CONTRA CRIANÇA OU ADOLESCENTE;;MÃE;PESSOA FÍSICA;FEMININO;;RECÉM-NASCIDO (ATÉ 28 DIAS);BR | BRASIL;;;;;NÃO;;;BR | BRASIL;PE;2611606 | RECIFE;;;;NÃO INFORMADO;;;PESSOA FÍSICA;MASCULINO;NÃO;NÃO INFORMADO;BR | BRASIL;;;;;NÃO;;NÃO;BR | BRASIL;PE;2611606 | RECIFE;NÃO SABE INFORMAR;;;NÃO INFORMADO;;;;;;;LIBERDADE>DIREITOS INDIVIDUAIS>TRÁFICO DE CRIANÇAS - NACIONAL
F98547FAEB6BABE6572AEE28CE60E80AD7B6FC74DFD0906FC303E3CC7C1E49C6;2024-02-11 15:19:52.423;TELEFÔNICO;NÃO;TERCEIRO;OUTROS;BR | BRASIL;PE;2611606 | RECIFE;ÚNICA OCORRÊNCIA;NÃO SE APLICA;1;VIOLÊNCIA CONTRA CRIANÇA OU ADOLESCENTE;;MÃE;PESSOA FÍSICA;FEMININO;;RECÉM-NASCIDO (ATÉ 28 DIAS);BR | BRASIL;;;;;NÃO;;;BR | BRASIL;PE;2611606 | RECIFE;;;;NÃO INFORMADO;;;PESSOA FÍSICA;FEMININO;NÃO;25 A 29 ANOS;BR | BRASIL;;;;;NÃO;;NÃO;BR | BRASIL;PE;2611606 | RECIFE;NÃO SABE INFORMAR;;;NÃO INFORMADO;;;;;;;LIBERDADE>DIREITOS INDIVIDUAIS>TRÁFICO DE CRIANÇAS - NACIONAL
CFC0E86F3AEF1D498800F0285F5E2B3826756DF498166CAC65EF17C9BFBD95F4;2024-02-11 15:19:52.423;TELEFÔNICO;NÃO;TERCEIRO;OUTROS;BR | BRASIL;PE;2611606 | RECIFE;ÚNICA OCORRÊNCIA;NÃO SE APLICA;1;VIOLÊNCIA CONTRA CRIANÇA OU ADOLESCENTE;;MÃE;PESSOA FÍSICA;FEMININO;;RECÉM-NASCIDO (ATÉ 28 DIAS);BR | BRASIL;;;;;NÃO;;;BR | BRASIL;PE;2611606 | RECIFE;;;;NÃO INFORMADO;;;PESSOA FÍSICA;FEMININO;NÃO;NÃO INFORMADO;BR | BRASIL;;;;;NÃO;;NÃO;BR | BRASIL;PE;2611606 | RECIFE;NÃO SABE INFORMAR;;;NÃO INFORMADO;;;;;;;LIBERDADE>DIREITOS INDIVIDUAIS>TRÁFICO DE CRIANÇAS - NACIONAL
38DF1625C7B11F48D082041283978DCB3FD611254B656E732F365CC1877D0D4A;2024-02-14 09:25:59.943;TELEFÔNICO;NÃO;TERCEIRO;CASA DA VÍTIMA;BR | BRASIL;PE;2602308 | BONITO;DIARIAMENTE;HÁ MAIS DE UM ANO;1;VIOLÊNCIA CONTRA CRIANÇA OU ADOLESCENTE;;MÃE;PESSOA FÍSICA;MASCULINO;;03 ANOS;BR | BRASIL;;;;;NÃO;;;BR | BRASIL;PE;2602308 | BONITO;;;;BRANCA;;;PESSOA FÍSICA;FEMININO;NÃO;;BR | BRASIL;;;;;NÃO;;;BR | BRASIL;PE;2602308 | BONITO;;;;;;;;;;;LIBERDADE>DIREITOS INDIVIDUAIS>TRÁFICO DE CRIANÇAS - NACIONAL
DF8A111F90DEF77DEC36599578373191C28ADED7E932C08A66E36AA7B18E3992;2024-02-14 09:25:59.943;TELEFÔNICO;NÃO;TERCEIRO;CASA DA VÍTIMA;BR | BRASIL;PE;2602308 | BONITO;DIARIAMENTE;HÁ MAIS DE UM ANO;1;VIOLÊNCIA CONTRA CRIANÇA OU ADOLESCENTE;;MÃE;PESSOA FÍSICA;MASCULINO;;03 ANOS;BR | BRASIL;;;;;NÃO;;;BR | BRASIL;PE;2602308 | BONITO;;;;BRANCA;;;PESSOA FÍSICA;MASCULINO;NÃO;;BR | BRASIL;;;;;NÃO;;;BR | BRASIL;PE;2602308 | BONITO;;;;;;;;;;;LIBERDADE>DIREITOS INDIVIDUAIS>TRÁFICO DE CRIANÇAS - NACIONAL
8E64281D88DDA7FABA454438BC90B2DFDFC6B1176ED015BF7F076C53D174541C;2024-02-15 15:22:05.387;TELEFÔNICO;NÃO;TERCEIRO;CASA DA VÍTIMA;BR | BRASIL;SP;3550308 | SÃO PAULO;DIARIAMENTE;HÁ MAIS DE SEIS MESES;2;VIOLÊNCIA CONTRA CRIANÇA OU ADOLESCENTE;;MÃE;PESSOA FÍSICA;FEMININO;NÃO;06 ANOS;BR | BRASIL;;;;;NÃO;;NÃO;BR | BRASIL;SP;3550308 | SÃO PAULO;;;;PRETA;;;PESSOA FÍSICA;FEMININO;NÃO;40 A 44 ANOS;BR | BRASIL;;;;;NÃO;;NÃO;BR | BRASIL;SP;3550308 | SÃO PAULO;NÃO SABE INFORMAR;;;BRANCA;;;;;;;LIBERDADE>DIREITOS INDIVIDUAIS>TRÁFICO DE CRIANÇAS - NACIONAL
9A69A398806DB3AF0F70CD1D4BAFEF11E8834C595535B55AD356B4ED0F4B0183;2024-02-15 15:22:05.387;TELEFÔNICO;NÃO;TERCEIRO;CASA DA VÍTIMA;BR | BRASIL;SP;3550308 | SÃO PAULO;DIARIAMENTE;HÁ MAIS DE SEIS MESES;2;VIOLÊNCIA CONTRA CRIANÇA OU ADOLESCENTE;;MÃE;PESSOA FÍSICA;MASCULINO;;11 ANOS;BR | BRASIL;;;;;NÃO;;;BR | BRASIL;SP;3550308 | SÃO PAULO;;;;PRETA;;;PESSOA FÍSICA;FEMININO;NÃO;40 A 44 ANOS;BR | BRASIL;;;;;NÃO;;NÃO;BR | BRASIL;SP;3550308 | SÃO PAULO;NÃO SABE INFORMAR;;;BRANCA;;;;;;;LIBERDADE>DIREITOS INDIVIDUAIS>TRÁFICO DE CRIANÇAS - NACIONAL
1262C7807CD685B3ABCFCAF4892ACA1415DFEB3478690B79560B103D772FB1A0;2024-02-16 16:04:31.683;TELEFÔNICO;NÃO;TERCEIRO;CASA DO SUSPEITO;BR | BRASIL;MT;5106828 | PORTO ESPERIDIÃO;DIARIAMENTE;HÁ MAIS DE UM ANO;1;VIOLÊNCIA CONTRA CRIANÇA OU ADOLESCENTE;;FUNCIONÁRIO, VOLUNTÁRIO OU PRESTADOR DE SERVIÇO PARA INSTITUIÇÃO;COMUNIDADE/FAMÍLIA;;NÃO;13 ANOS;BR | BRASIL;;;;;;;NÃO;BR | BRASIL;MT;5105622 | MIRASSOL D'OESTE;;;;NÃO INFORMADO;;;PESSOA FÍSICA;MASCULINO;NÃO;50 A 54 ANOS;BR | BRASIL;;;;;NÃO;;NÃO;BR | BRASIL;MT;5106828 | PORTO ESPERIDIÃO;NÃO SABE INFORMAR;;;BRANCA;;;;;;;LIBERDADE>DIREITOS INDIVIDUAIS>TRÁFICO DE CRIANÇAS - INTERNACIONAL
286813D849AF9CB6D727562E701E7A1E92F65FB31BDE6BB78E109BA0A7CEFAB4;2024-02-17 13:43:52.090;TELEFÔNICO;NÃO;TERCEIRO;CASA ONDE RESIDE A VÍTIMA E O SUSPEITO;BR | BRASIL;SP;3506003 | BAURU;DIARIAMENTE;HÁ MAIS DE DEZ ANOS;1;VIOLÊNCIA CONTRA CIDADÃO, FAMÍLIA OU COMUNIDADE;;MÃE;PESSOA FÍSICA;MASCULINO;NÃO;30 A 34 ANOS;BR | BRASIL;;;;;NÃO;;NÃO;BR | BRASIL;SP;3506003 | BAURU;;ENSINO MÉDIO COMPLETO;;BRANCA;;;PESSOA FÍSICA;MASCULINO;NÃO;60 A 64 ANOS;BR | BRASIL;;;;;NÃO;;NÃO;BR | BRASIL;SP;3506003 | BAURU;OUTROS NÃO LISTADOS;;;BRANCA;;;;;;;LIBERDADE>DIREITOS INDIVIDUAIS>TRÁFICO DE CRIANÇAS - NACIONAL
F10362E6B78E11FE10703B82B131BF5FEBEED7AF713DD1F39D671DCB1519AF0B;2024-02-17 13:43:52.090;TELEFÔNICO;NÃO;TERCEIRO;CASA ONDE RESIDE A VÍTIMA E O SUSPEITO;BR | BRASIL;SP;3506003 | BAURU;DIARIAMENTE;HÁ MAIS DE DEZ ANOS;1;VIOLÊNCIA CONTRA CIDADÃO, FAMÍLIA OU COMUNIDADE;;MÃE;PESSOA FÍSICA;MASCULINO;NÃO;30 A 34 ANOS;BR | BRASIL;;;;;NÃO;;NÃO;BR | BRASIL;SP;3506003 | BAURU;;ENSINO MÉDIO COMPLETO;;BRANCA;;;PESSOA FÍSICA;FEMININO;NÃO;60 A 64 ANOS;BR | BRASIL;;;;;NÃO;;NÃO;BR | BRASIL;SP;3506003 | BAURU;OUTROS NÃO LISTADOS;;;BRANCA;;;;;;;LIBERDADE>DIREITOS INDIVIDUAIS>TRÁFICO DE CRIANÇAS - NACIONAL
6C81CE9821A10F2CA9CD2F2695BFFB689B81B2D192C0A15F8B988DBBADFED9DD;2024-02-19 04:02:07.587;TELEFÔNICO;NÃO;TERCEIRO;CASA DA VÍTIMA;BR | BRASIL;PE;2612000 | SAIRÉ;ÚNICA OCORRÊNCIA;NÃO SE APLICA;1;VIOLÊNCIA CONTRA CRIANÇA OU ADOLESCENTE;;MÃE;PESSOA FÍSICA;FEMININO;NÃO INFORMADO;05 ANOS;BR | BRASIL;;;;;NÃO;;NÃO INFORMADO;BR | BRASIL;PE;2612000 | SAIRÉ;;;;NÃO INFORMADO;;;PESSOA FÍSICA;FEMININO;NÃO;NÃO INFORMADO;BR | BRASIL;;;;;NÃO;;NÃO;BR | BRASIL;SE;2804805 | NOSSA SENHORA DO SOCORRO;NÃO SABE INFORMAR;;;PRETA;;;;;;;LIBERDADE>DIREITOS INDIVIDUAIS>TRÁFICO DE CRIANÇAS - NACIONAL
873BDFBD0B0A2DC85AE7ECD64BEA0C6608BD39CC21CCF4B383689D27DD08082F;2024-02-19 04:02:07.587;TELEFÔNICO;NÃO;TERCEIRO;CASA DA VÍTIMA;BR | BRASIL;PE;2612000 | SAIRÉ;ÚNICA OCORRÊNCIA;NÃO SE APLICA;1;VIOLÊNCIA CONTRA CRIANÇA OU ADOLESCENTE;;MÃE;PESSOA FÍSICA;FEMININO;NÃO INFORMADO;05 ANOS;BR | BRASIL;;;;;NÃO;;NÃO INFORMADO;BR | BRASIL;PE;2612000 | SAIRÉ;;;;NÃO INFORMADO;;;PESSOA FÍSICA;FEMININO;NÃO;55 A 59 ANOS;BR | BRASIL;;;;;NÃO;;NÃO;BR | BRASIL;PE;2613305 | SÃO JOAQUIM DO MONTE;OUTROS NÃO LISTADOS;;;BRANCA;;;;;;;LIBERDADE>DIREITOS INDIVIDUAIS>TRÁFICO DE CRIANÇAS - NACIONAL
E603421FBA4455075BD16B2F7D2AB7B8A0A62CAB432B99744972B8E0F55DDA0C;2024-02-21 22:17:03.387;WHATSAPP;NÃO;TERCEIRO;NÃO SABE INFORMAR;BR | BRASIL;SC;4205407 | FLORIANÓPOLIS;DIARIAMENTE;HÁ MAIS DE UM ANO;1;VIOLÊNCIA CONTRA CIDADÃO, FAMÍLIA OU COMUNIDADE;;OUTROS;COMUNIDADE/FAMÍLIA;;;30 A 34 ANOS;BR | BRASIL;;;;;;;;BR | BRASIL;DENUNCIANTE NÃO SOUBE INFORMAR;DENUNCIANTE NÃO SOUBE INFORMAR;;;;NÃO INFORMADO;;;PESSOA FÍSICA;NÃO INFORMADO;NÃO;NÃO INFORMADO;BR | BRASIL;;;;;NÃO;;NÃO INFORMADO;BR | BRASIL;DENUNCIANTE NÃO SOUBE INFORMAR;DENUNCIANTE NÃO SOUBE INFORMAR;NÃO SABE INFORMAR;;;NÃO INFORMADO;;;;;;;LIBERDADE>DIREITOS INDIVIDUAIS>TRÁFICO DE PESSOAS - NACIONAL
85D30C063E83592820A06F94295515BDBBA4F6F8AD59036703DEA85E8A9329E7;2024-02-21 22:17:03.387;WHATSAPP;NÃO;TERCEIRO;NÃO SABE INFORMAR;BR | BRASIL;SC;4205407 | FLORIANÓPOLIS;DIARIAMENTE;HÁ MAIS DE UM ANO;1;VIOLÊNCIA CONTRA CIDADÃO, FAMÍLIA OU COMUNIDADE;;OUTROS;COMUNIDADE/FAMÍLIA;;;30 A 34 ANOS;BR | BRASIL;;;;;;;;BR | BRASIL;DENUNCIANTE NÃO SOUBE INFORMAR;DENUNCIANTE NÃO SOUBE INFORMAR;;;;NÃO INFORMADO;;;PESSOA FÍSICA;MASCULINO;NÃO;55 A 59 ANOS;BR | BRASIL;;;;;NÃO;;NÃO;BR | BRASIL;SC;4205407 | FLORIANÓPOLIS;NÃO SABE INFORMAR;;;PARDA;;;;;;;LIBERDADE>DIREITOS INDIVIDUAIS>TRÁFICO DE PESSOAS - NACIONAL
A2E3E990B3CD4AFB18D1671E161413717C80469B83B9194FF7E7C49E364D8BC6;2024-02-22 12:35:49.067;WHATSAPP;NÃO;TERCEIRO;CASA DA VÍTIMA;BR | BRASIL;PA;1501808 | BREVES;NÃO SABE INFORMAR;NÃO SABE INFORMAR;1;VIOLÊNCIA CONTRA CRIANÇA OU ADOLESCENTE;;NÃO SABE INFORMAR;COMUNIDADE/FAMÍLIA;;;CRIANÇA/ADOLESCENTE IDADE NÃO INFORMADA;BR | BRASIL;;;;;;;;BR | BRASIL;PA;1501808 | BREVES;;;;NÃO INFORMADO;;;ÓRGÃO PÚBLICO;;;;BR | BRASIL;;;;;;;;BR | BRASIL;DENUNCIANTE NÃO SOUBE INFORMAR;DENUNCIANTE NÃO SOUBE INFORMAR;;;;;;;;SEGURANÇA PÚBLICA, FORÇAS ARMADAS, DEFESA CIVIL, BOMBEIROS E ASSEMELHADOS ? FEDERAL;;;LIBERDADE>DIREITOS INDIVIDUAIS>TRÁFICO DE CRIANÇAS - NACIONAL
A2E3E990B3CD4AFB18D1671E161413717C80469B83B9194FF7E7C49E364D8BC6;2024-02-22 12:35:49.067;WHATSAPP;NÃO;TERCEIRO;CASA DA VÍTIMA;BR | BRASIL;PA;1501808 | BREVES;NÃO SABE INFORMAR;NÃO SABE INFORMAR;1;VIOLÊNCIA CONTRA CRIANÇA OU ADOLESCENTE;;NÃO SABE INFORMAR;COMUNIDADE/FAMÍLIA;;;CRIANÇA/ADOLESCENTE IDADE NÃO INFORMADA;BR | BRASIL;;;;;;;;BR | BRASIL;PA;1501808 | BREVES;;;;NÃO INFORMADO;;;ÓRGÃO PÚBLICO;;;;BR | BRASIL;;;;;;;;BR | BRASIL;DENUNCIANTE NÃO SOUBE INFORMAR;DENUNCIANTE NÃO SOUBE INFORMAR;;;;;;;;SEGURANÇA PÚBLICA, FORÇAS ARMADAS, DEFESA CIVIL, BOMBEIROS E ASSEMELHADOS ? FEDERAL;;;LIBERDADE>DIREITOS INDIVIDUAIS>TRÁFICO DE CRIANÇAS - INTERNACIONAL
6AC7F193D5C911730CAC16E187CAD2CCCB42A8D56D25EB3FDE700E10CD5BBD56;2024-02-22 19:04:28.337;TELEFÔNICO;NÃO;TERCEIRO;CASA ONDE RESIDE A VÍTIMA E O SUSPEITO;BR | BRASIL;PA;1501402 | BELÉM;DIARIAMENTE;HÁ MAIS DE UM ANO;1;VIOLÊNCIA CONTRA CRIANÇA OU ADOLESCENTE;;DESCONHECIDO(A);COMUNIDADE/FAMÍLIA;;;CRIANÇA/ADOLESCENTE IDADE NÃO INFORMADA;BR | BRASIL;;;;;;;;BR | BRASIL;PA;1501402 | BELÉM;;;;NÃO INFORMADO;;;COMUNIDADE/FAMÍLIA;;;;BR | BRASIL;;;;;;;;BR | BRASIL;PA;1501402 | BELÉM;;;;;;;;;;;LIBERDADE>DIREITOS INDIVIDUAIS>TRÁFICO DE CRIANÇAS - NACIONAL
91B45658205467E698DDF640329741F21100ECAC6E19ED31F10B2E6457863FA4;2024-02-23 12:52:29.537;TELEFÔNICO;NÃO;TERCEIRO;CASA ONDE RESIDE A VÍTIMA E O SUSPEITO;BR | BRASIL;PA;1501402 | BELÉM;DIARIAMENTE;NÃO SABE INFORMAR;1;VIOLÊNCIA CONTRA CRIANÇA OU ADOLESCENTE;;NÃO SABE INFORMAR;PESSOA FÍSICA;NÃO INFORMADO;;CRIANÇA/ADOLESCENTE IDADE NÃO INFORMADA;BR | BRASIL;;;;;NÃO;;;BR | BRASIL;PA;1501402 | BELÉM;;;;NÃO INFORMADO;;;PESSOA FÍSICA;NÃO INFORMADO;NÃO;NÃO INFORMADO;BR | BRASIL;;;;;NÃO;;NÃO INFORMADO;BR | BRASIL;PA;1501402 | BELÉM;NÃO SABE INFORMAR;;;NÃO INFORMADO;;;;;;;LIBERDADE>DIREITOS INDIVIDUAIS>TRÁFICO DE CRIANÇAS - NACIONAL
5D637B60EE4F581DB1ABCD51E64601102F20EAA307A2E4760D82D1B4EE8132A7;2024-02-23 22:23:15.750;TELEFÔNICO;NÃO;TERCEIRO;CASA DE FAMILIARES;BR | BRASIL;RS;4304507 | CANGUÇU;DIARIAMENTE;HÁ MAIS DE CINCO ANOS;2;VIOLÊNCIA CONTRA CRIANÇA OU ADOLESCENTE;AGRAVANTE.DO AGRESSOR POSSUIR INFLUÊNCIA JUNTO ÀS AUTORIDADES LOCAIS;AVÔ(Ó);PESSOA FÍSICA;MASCULINO;;RECÉM-NASCIDO (ATÉ 28 DIAS);BR | BRASIL;;;;;NÃO;;;BR | BRASIL;RS;;;;;BRANCA;;;PESSOA FÍSICA;FEMININO;NÃO;;BR | BRASIL;;;;;NÃO;;;BR | BRASIL;RS;4304507 | CANGUÇU;;;;;;;;;;;LIBERDADE>DIREITOS INDIVIDUAIS>TRÁFICO DE CRIANÇAS - INTERNACIONAL
19C012524EAFB46378D36CFA31D34A450EE9A9A1423A40A74FF33D76D9A2BFAF;2024-02-23 22:23:15.750;TELEFÔNICO;NÃO;TERCEIRO;CASA DE FAMILIARES;BR | BRASIL;RS;4304507 | CANGUÇU;DIARIAMENTE;HÁ MAIS DE CINCO ANOS;2;VIOLÊNCIA CONTRA CRIANÇA OU ADOLESCENTE;AGRAVANTE.DO AGRESSOR POSSUIR INFLUÊNCIA JUNTO ÀS AUTORIDADES LOCAIS;AVÔ(Ó);PESSOA FÍSICA;MASCULINO;;RECÉM-NASCIDO (ATÉ 28 DIAS);BR | BRASIL;;;;;NÃO;;;BR | BRASIL;RS;;;;;BRANCA;;;PESSOA FÍSICA;MASCULINO;NÃO;40 A 44 ANOS;BR | BRASIL;;;;;NÃO;;PENA (RECLUSÃO);BR | BRASIL;RS;4311502 | LAVRAS DO SUL;MECÂNICO DE VEÍCULOS AUTOMOTORES;;;BRANCA;;;;;;;LIBERDADE>DIREITOS INDIVIDUAIS>TRÁFICO DE CRIANÇAS - INTERNACIONAL
D7C8A599DCDF379B43F529B7C5FD2C3AC373795E5A4346C3529E55460134D6EF;2024-02-23 22:23:15.750;TELEFÔNICO;NÃO;TERCEIRO;CASA DE FAMILIARES;BR | BRASIL;RS;4304507 | CANGUÇU;DIARIAMENTE;HÁ MAIS DE CINCO ANOS;2;VIOLÊNCIA CONTRA CRIANÇA OU ADOLESCENTE;AGRAVANTE.DO AGRESSOR POSSUIR INFLUÊNCIA JUNTO ÀS AUTORIDADES LOCAIS;AVÔ(Ó);PESSOA FÍSICA;MASCULINO;;RECÉM-NASCIDO (ATÉ 28 DIAS);BR | BRASIL;;;;;NÃO;;;BR | BRASIL;RS;;;;;BRANCA;;;PESSOA FÍSICA;MASCULINO;NÃO;;BR | BRASIL;;;;;NÃO;;PENA (RECLUSÃO);BR | BRASIL;RS;4317103 | SANT'ANA DO LIVRAMENTO;OUTROS NÃO LISTADOS;;;BRANCA;;;;;;;LIBERDADE>DIREITOS INDIVIDUAIS>TRÁFICO DE CRIANÇAS - INTERNACIONAL
B29015FA4A72E1529F10FEB141AA893461C8941FB68A7316FC0E91FEC1C5FCA3;2024-02-25 00:08:30.923;TELEFÔNICO;NÃO;TERCEIRO;OUTROS;BR | BRASIL;PA;DENUNCIANTE NÃO SOUBE INFORMAR;OCASIONALMENTE;NÃO SABE INFORMAR;1;VIOLÊNCIA CONTRA CRIANÇA OU ADOLESCENTE;;PESSOA COM QUEM MANTÉM/MANTEVE CONVIVÊNCIA FAMILIAR;COMUNIDADE/FAMÍLIA;;;CRIANÇA/ADOLESCENTE IDADE NÃO INFORMADA;BR | BRASIL;;;;;;;;BR | BRASIL;PA;DENUNCIANTE NÃO SOUBE INFORMAR;;;;NÃO INFORMADO;;;COMUNIDADE/FAMÍLIA;;;;BR | BRASIL;;;;;;;;BR | BRASIL;PA;1501402 | BELÉM;;;;;;;;;;;LIBERDADE>DIREITOS INDIVIDUAIS>TRÁFICO DE CRIANÇAS - NACIONAL
944FC0C212156C9F3EAEB4989ADFB7D8A6612E21959D9AA4B7BDB1BFA74B58F9;2024-02-26 08:26:14.737;TELEFÔNICO;NÃO;TERCEIRO;ÓRGÃOS PÚBLICOS;BR | BRASIL;AM;1302603 | MANAUS;ÚNICA OCORRÊNCIA;NÃO SE APLICA;1;VIOLÊNCIA CONTRA CRIANÇA OU ADOLESCENTE;;FUNCIONÁRIO, VOLUNTÁRIO OU PRESTADOR DE SERVIÇO PARA INSTITUIÇÃO;COMUNIDADE/FAMÍLIA;;;CRIANÇA/ADOLESCENTE IDADE NÃO INFORMADA;BR | BRASIL;;;;;;;;BR | BRASIL;AM;1302603 | MANAUS;;;;NÃO INFORMADO;;;PESSOA FÍSICA;NÃO INFORMADO;NÃO;;BR | BRASIL;;;;;NÃO;;;BR | BRASIL;AM;1302603 | MANAUS;;;;;;;;;;;LIBERDADE>DIREITOS INDIVIDUAIS>TRÁFICO DE CRIANÇAS - NACIONAL
944FC0C212156C9F3EAEB4989ADFB7D8A6612E21959D9AA4B7BDB1BFA74B58F9;2024-02-26 08:26:14.737;TELEFÔNICO;NÃO;TERCEIRO;ÓRGÃOS PÚBLICOS;BR | BRASIL;AM;1302603 | MANAUS;ÚNICA OCORRÊNCIA;NÃO SE APLICA;1;VIOLÊNCIA CONTRA CRIANÇA OU ADOLESCENTE;;FUNCIONÁRIO, VOLUNTÁRIO OU PRESTADOR DE SERVIÇO PARA INSTITUIÇÃO;COMUNIDADE/FAMÍLIA;;;CRIANÇA/ADOLESCENTE IDADE NÃO INFORMADA;BR | BRASIL;;;;;;;;BR | BRASIL;AM;1302603 | MANAUS;;;;NÃO INFORMADO;;;PESSOA FÍSICA;NÃO INFORMADO;NÃO;;BR | BRASIL;;;;;NÃO;;;BR | BRASIL;AM;1302603 | MANAUS;;;;;;;;;;;LIBERDADE>DIREITOS INDIVIDUAIS>TRÁFICO DE PESSOAS - NACIONAL
76C102C82899AFD1590024CB2975409D202E97A40DF960017C312E2FCE2805C9;2024-02-26 09:18:43.570;TELEFÔNICO;NÃO;TERCEIRO;VIA PÚBLICA;BR | BRASIL;PA;1501402 | BELÉM;DIARIAMENTE;HÁ MAIS DE UM ANO;1;VIOLÊNCIA CONTRA CRIANÇA OU ADOLESCENTE;;OUTROS;COMUNIDADE/FAMÍLIA;;;CRIANÇA/ADOLESCENTE IDADE NÃO INFORMADA;BR | BRASIL;;;;;;;;BR | BRASIL;PA;1501402 | BELÉM;;;;NÃO INFORMADO;;;PESSOA FÍSICA;NÃO INFORMADO;NÃO;;BR | BRASIL;;;;;NÃO;;;BR | BRASIL;PA;1501451 | BELTERRA;;;;;;;;;;;LIBERDADE>DIREITOS INDIVIDUAIS>TRÁFICO DE CRIANÇAS - NACIONAL
BFAA6E7887C09114BF4106A727FA38407BCA5937152AD2EC914C388D92A9D85D;2024-02-27 19:15:42.133;TELEFÔNICO;NÃO;TERCEIRO;AMBIENTE VIRTUAL (NO ÂMBITO DA INTERNET);BR | BRASIL;DENUNCIANTE NÃO SOUBE INFORMAR;DENUNCIANTE NÃO SOUBE INFORMAR;NÃO SABE INFORMAR;NÃO SABE INFORMAR;1;VIOLÊNCIA CONTRA CRIANÇA OU ADOLESCENTE;;NÃO SABE INFORMAR;COMUNIDADE/FAMÍLIA;;;CRIANÇA/ADOLESCENTE IDADE NÃO INFORMADA;BR | BRASIL;;;;;;;;BR | BRASIL;DENUNCIANTE NÃO SOUBE INFORMAR;DENUNCIANTE NÃO SOUBE INFORMAR;;;;NÃO INFORMADO;;;PESSOA FÍSICA;NÃO INFORMADO;NÃO;;BR | BRASIL;;;;;NÃO;;;BR | BRASIL;DENUNCIANTE NÃO SOUBE INFORMAR;DENUNCIANTE NÃO SOUBE INFORMAR;;;;;;;;;;;LIBERDADE>DIREITOS INDIVIDUAIS>TRÁFICO DE CRIANÇAS - INTERNACIONAL
0D624750FD7F88BDBF077C66FEF1A183A9C5359091389380C41C2D0B4153731E;2024-02-27 19:15:42.133;TELEFÔNICO;NÃO;TERCEIRO;AMBIENTE VIRTUAL (NO ÂMBITO DA INTERNET);BR | BRASIL;DENUNCIANTE NÃO SOUBE INFORMAR;DENUNCIANTE NÃO SOUBE INFORMAR;NÃO SABE INFORMAR;NÃO SABE INFORMAR;1;VIOLÊNCIA CONTRA CRIANÇA OU ADOLESCENTE;;NÃO SABE INFORMAR;COMUNIDADE/FAMÍLIA;;;CRIANÇA/ADOLESCENTE IDADE NÃO INFORMADA;BR | BRASIL;;;;;;;;BR | BRASIL;DENUNCIANTE NÃO SOUBE INFORMAR;DENUNCIANTE NÃO SOUBE INFORMAR;;;;NÃO INFORMADO;;;PESSOA FÍSICA;NÃO INFORMADO;NÃO;;BR | BRASIL;;;;;NÃO;;;BR | BRASIL;DENUNCIANTE NÃO SOUBE INFORMAR;DENUNCIANTE NÃO SOUBE INFORMAR;;;;;;;;;;;LIBERDADE>DIREITOS INDIVIDUAIS>TRÁFICO DE CRIANÇAS - INTERNACIONAL
F9F429C275EED9606EB54B0B8F11A23F541946A4DE6989DCB071AE41BF3DCAB0;2024-02-27 19:15:42.133;TELEFÔNICO;NÃO;TERCEIRO;AMBIENTE VIRTUAL (NO ÂMBITO DA INTERNET);BR | BRASIL;DENUNCIANTE NÃO SOUBE INFORMAR;DENUNCIANTE NÃO SOUBE INFORMAR;NÃO SABE INFORMAR;NÃO SABE INFORMAR;1;VIOLÊNCIA CONTRA CRIANÇA OU ADOLESCENTE;;NÃO SABE INFORMAR;COMUNIDADE/FAMÍLIA;;;CRIANÇA/ADOLESCENTE IDADE NÃO INFORMADA;BR | BRASIL;;;;;;;;BR | BRASIL;DENUNCIANTE NÃO SOUBE INFORMAR;DENUNCIANTE NÃO SOUBE INFORMAR;;;;NÃO INFORMADO;;;PESSOA FÍSICA;NÃO INFORMADO;NÃO;;BR | BRASIL;;;;;NÃO;;;BR | BRASIL;DENUNCIANTE NÃO SOUBE INFORMAR;DENUNCIANTE NÃO SOUBE INFORMAR;;;;;;;;;;;LIBERDADE>DIREITOS INDIVIDUAIS>TRÁFICO DE CRIANÇAS - INTERNACIONAL
A4432CAEFCF92B08DD786EAFE5C4383E36E5D2405714255E47899018A024C527;2024-02-27 19:15:42.133;TELEFÔNICO;NÃO;TERCEIRO;AMBIENTE VIRTUAL (NO ÂMBITO DA INTERNET);BR | BRASIL;DENUNCIANTE NÃO SOUBE INFORMAR;DENUNCIANTE NÃO SOUBE INFORMAR;NÃO SABE INFORMAR;NÃO SABE INFORMAR;1;VIOLÊNCIA CONTRA CRIANÇA OU ADOLESCENTE;;NÃO SABE INFORMAR;COMUNIDADE/FAMÍLIA;;;CRIANÇA/ADOLESCENTE IDADE NÃO INFORMADA;BR | BRASIL;;;;;;;;BR | BRASIL;DENUNCIANTE NÃO SOUBE INFORMAR;DENUNCIANTE NÃO SOUBE INFORMAR;;;;NÃO INFORMADO;;;PESSOA FÍSICA;MASCULINO;NÃO;;BR | BRASIL;;;;;NÃO;;;BR | BRASIL;DENUNCIANTE NÃO SOUBE INFORMAR;DENUNCIANTE NÃO SOUBE INFORMAR;;;;;;;;;;;LIBERDADE>DIREITOS INDIVIDUAIS>TRÁFICO DE CRIANÇAS - INTERNACIONAL
436CC93093284193281CD149BB34CC326D60B1BC9E3831D92F69AC4C629BAE55;2024-02-27 19:15:42.133;TELEFÔNICO;NÃO;TERCEIRO;AMBIENTE VIRTUAL (NO ÂMBITO DA INTERNET);BR | BRASIL;DENUNCIANTE NÃO SOUBE INFORMAR;DENUNCIANTE NÃO SOUBE INFORMAR;NÃO SABE INFORMAR;NÃO SABE INFORMAR;1;VIOLÊNCIA CONTRA CRIANÇA OU ADOLESCENTE;;NÃO SABE INFORMAR;COMUNIDADE/FAMÍLIA;;;CRIANÇA/ADOLESCENTE IDADE NÃO INFORMADA;BR | BRASIL;;;;;;;;BR | BRASIL;DENUNCIANTE NÃO SOUBE INFORMAR;DENUNCIANTE NÃO SOUBE INFORMAR;;;;NÃO INFORMADO;;;PESSOA FÍSICA;NÃO INFORMADO;NÃO;;BR | BRASIL;;;;;NÃO;;;BR | BRASIL;DENUNCIANTE NÃO SOUBE INFORMAR;DENUNCIANTE NÃO SOUBE INFORMAR;;;;;;;;;;;LIBERDADE>DIREITOS INDIVIDUAIS>TRÁFICO DE CRIANÇAS - INTERNACIONAL
691A074CEA6EBEB264AD7C4AD94EDFA8FBC46B33CAFC68DA5F00CDCEB08B9CE1;2024-03-09 14:07:57.927;TELEFÔNICO;NÃO;TERCEIRO;OUTROS;BR | BRASIL;RN;2408102 | NATAL;DIARIAMENTE;HÁ MAIS DE DEZ ANOS;1;VIOLÊNCIA CONTRA CIDADÃO, FAMÍLIA OU COMUNIDADE;MOTIVAÇÃO.EM RAZÃO DA CONDIÇÃO SOCIAL;OUTROS;PESSOA FÍSICA;NÃO INFORMADO;;45 A 49 ANOS;BR | BRASIL;;;;NÃO;NÃO;;;BR | BRASIL;RN;2408102 | NATAL;;;;NÃO INFORMADO;;;PESSOA FÍSICA;FEMININO;NÃO;35 A 39 ANOS;BR | BRASIL;;;;NÃO;NÃO;;NÃO;IT | ITÁLIA;DENUNCIANTE NÃO SOUBE INFORMAR;DENUNCIANTE NÃO SOUBE INFORMAR;OUTROS NÃO LISTADOS;;;PARDA;;;;;;;LIBERDADE>DIREITOS INDIVIDUAIS>TRÁFICO DE PESSOAS - INTERNACIONAL
99944786A459B0F8AE1947C5AB589C911D66BFACB4026C94F4DD81801B5A497B;2024-03-10 11:46:30.160;TELEFÔNICO;SITUAÇÃO FLAGRANTE - ATÉ 24H DA OCORRÊNCIA - SEM FREQUÊNCIA;TERCEIRO;CASA ONDE RESIDE A VÍTIMA E O SUSPEITO;BR | BRASIL;BA;2914802 | ITABUNA;DIARIAMENTE;HÁ MAIS DE CINCO ANOS;1;VIOLÊNCIA CONTRA CRIANÇA OU ADOLESCENTE;;OUTROS;COMUNIDADE/FAMÍLIA;;;06 ANOS;BR | BRASIL;;;;;;;;BR | BRASIL;BA;2914802 | ITABUNA;;;;NÃO INFORMADO;;;PESSOA FÍSICA;FEMININO;NÃO;35 A 39 ANOS;BR | BRASIL;;;;;NÃO;;NÃO;BR | BRASIL;BA;2914802 | ITABUNA;OUTROS NÃO LISTADOS;;;PARDA;;;;;;;LIBERDADE>DIREITOS INDIVIDUAIS>TRÁFICO DE CRIANÇAS - NACIONAL
AAC66261AFC9CD0F5AAFDA9592BF86F18E21DC1FBC492B50FBB71925E39BAB41;2024-03-10 12:42:58.587;TELEFÔNICO;NÃO;TERCEIRO;CASA DO SUSPEITO;BR | BRASIL;SP;3519709 | IBIÚNA;ÚNICA OCORRÊNCIA;NÃO SE APLICA;1;VIOLÊNCIA CONTRA CRIANÇA OU ADOLESCENTE;;MÃE;PESSOA FÍSICA;FEMININO;;MENOS DE 01 ANO;BR | BRASIL;;;;;NÃO;;;BR | BRASIL;SP;3519709 | IBIÚNA;;;;BRANCA;;;PESSOA FÍSICA;FEMININO;NÃO;25 A 29 ANOS;BR | BRASIL;;;;;NÃO;;NÃO;BR | BRASIL;SP;3519709 | IBIÚNA;OUTROS NÃO LISTADOS;;;BRANCA;;;;;;;LIBERDADE>DIREITOS INDIVIDUAIS>TRÁFICO DE CRIANÇAS - NACIONAL
6F240BC82F8DC8FA454225137A92B2A173376686679EF40E8E64294005B5572F;2024-03-12 13:10:23.037;TELEFÔNICO;NÃO;TERCEIRO;CASA DO SUSPEITO;BR | BRASIL;RJ;3304557 | RIO DE JANEIRO;DIARIAMENTE;HÁ MAIS DE UM ANO;1;VIOLÊNCIA CONTRA CRIANÇA OU ADOLESCENTE;;OUTROS;COMUNIDADE/FAMÍLIA;;;05 ANOS;BR | BRASIL;;;;;;;;BR | BRASIL;RJ;3304557 | RIO DE JANEIRO;;;;NÃO INFORMADO;;;PESSOA FÍSICA;FEMININO;NÃO;;BR | BRASIL;;;;;NÃO;;;BR | BRASIL;RJ;3304557 | RIO DE JANEIRO;OUTROS NÃO LISTADOS;;;BRANCA;;;;;;;LIBERDADE>DIREITOS INDIVIDUAIS>TRÁFICO DE CRIANÇAS - INTERNACIONAL
B4953E34152B1CC43EBD9091FA3EFF64AC20E271F8E87C0C1A9D2800C9C33CC4;2024-03-12 13:10:23.037;TELEFÔNICO;NÃO;TERCEIRO;CASA DO SUSPEITO;BR | BRASIL;RJ;3304557 | RIO DE JANEIRO;DIARIAMENTE;HÁ MAIS DE UM ANO;1;VIOLÊNCIA CONTRA CRIANÇA OU ADOLESCENTE;;OUTROS;COMUNIDADE/FAMÍLIA;;;05 ANOS;BR | BRASIL;;;;;;;;BR | BRASIL;RJ;3304557 | RIO DE JANEIRO;;;;NÃO INFORMADO;;;PESSOA FÍSICA;FEMININO;NÃO;70 A 74 ANOS;BR | BRASIL;;;;;NÃO;;NÃO;BR | BRASIL;RJ;3304557 | RIO DE JANEIRO;OUTROS NÃO LISTADOS;;;PRETA;;;;;;;LIBERDADE>DIREITOS INDIVIDUAIS>TRÁFICO DE CRIANÇAS - INTERNACIONAL
B4E530FD22151F85D8B1F920EA30EA2476499DB9EFE77DC3B1863884891874E6;2024-03-12 13:16:29.987;WHATSAPP;NÃO;TERCEIRO;OUTROS;BR | BRASIL;SP;3550308 | SÃO PAULO;DIARIAMENTE;HÁ MAIS DE SEIS MESES;2;VIOLÊNCIA CONTRA CRIANÇA OU ADOLESCENTE;;OUTROS;PESSOA FÍSICA;FEMININO;NÃO;20 A 24 ANOS;BR | BRASIL;;;;;NÃO;;NÃO;BR | BRASIL;SP;3550308 | SÃO PAULO;;;;NÃO INFORMADO;;;ÓRGÃO PÚBLICO;;;;BR | BRASIL;;;;;;;;BR | BRASIL;SP;3550308 | SÃO PAULO;;;;;;;;SEGURANÇA PÚBLICA, FORÇAS ARMADAS, DEFESA CIVIL, BOMBEIROS E ASSEMELHADOS ? FEDERAL;;;LIBERDADE>DIREITOS INDIVIDUAIS>TRÁFICO DE MULHERES - NACIONAL
1CC12584F7378859F60C66980CA4210DC1626284ECC839C547C783B94882CFE8;2024-03-12 16:44:44.663;TELEFÔNICO;NÃO;TERCEIRO;CASA ONDE RESIDE A VÍTIMA E O SUSPEITO;BR | BRASIL;RJ;3304557 | RIO DE JANEIRO;DIARIAMENTE;HÁ MAIS DE CINCO ANOS;1;VIOLÊNCIA CONTRA CRIANÇA OU ADOLESCENTE;;OUTROS;COMUNIDADE/FAMÍLIA;;NÃO INFORMADO;CRIANÇA/ADOLESCENTE IDADE NÃO INFORMADA;BR | BRASIL;;;;;;;NÃO INFORMADO;BR | BRASIL;RJ;3304557 | RIO DE JANEIRO;;;;NÃO INFORMADO;;;PESSOA FÍSICA;FEMININO;NÃO;NÃO INFORMADO;BR | BRASIL;;;;;NÃO;;NÃO;BR | BRASIL;RJ;3304557 | RIO DE JANEIRO;OUTROS NÃO LISTADOS;;;;;;;;;;LIBERDADE>DIREITOS INDIVIDUAIS>TRÁFICO DE CRIANÇAS - NACIONAL
A07FA58B80EC70512CC87678F2A9D0DEF19486B70209941AB9BD80CAC01714E6;2024-03-12 16:44:44.663;TELEFÔNICO;NÃO;TERCEIRO;CASA ONDE RESIDE A VÍTIMA E O SUSPEITO;BR | BRASIL;RJ;3304557 | RIO DE JANEIRO;DIARIAMENTE;HÁ MAIS DE CINCO ANOS;1;VIOLÊNCIA CONTRA CRIANÇA OU ADOLESCENTE;;OUTROS;COMUNIDADE/FAMÍLIA;;NÃO INFORMADO;CRIANÇA/ADOLESCENTE IDADE NÃO INFORMADA;BR | BRASIL;;;;;;;NÃO INFORMADO;BR | BRASIL;RJ;3304557 | RIO DE JANEIRO;;;;NÃO INFORMADO;;;PESSOA FÍSICA;MASCULINO;NÃO;;BR | BRASIL;;;;;NÃO;;;BR | BRASIL;RJ;3304557 | RIO DE JANEIRO;;;;;;;;;;;LIBERDADE>DIREITOS INDIVIDUAIS>TRÁFICO DE CRIANÇAS - NACIONAL
1CC12584F7378859F60C66980CA4210DC1626284ECC839C547C783B94882CFE8;2024-03-12 16:44:44.663;TELEFÔNICO;NÃO;TERCEIRO;CASA ONDE RESIDE A VÍTIMA E O SUSPEITO;BR | BRASIL;RJ;3304557 | RIO DE JANEIRO;DIARIAMENTE;HÁ MAIS DE CINCO ANOS;1;VIOLÊNCIA CONTRA CRIANÇA OU ADOLESCENTE;;OUTROS;COMUNIDADE/FAMÍLIA;;NÃO INFORMADO;CRIANÇA/ADOLESCENTE IDADE NÃO INFORMADA;BR | BRASIL;;;;;;;NÃO INFORMADO;BR | BRASIL;RJ;3304557 | RIO DE JANEIRO;;;;NÃO INFORMADO;;;PESSOA FÍSICA;FEMININO;NÃO;NÃO INFORMADO;BR | BRASIL;;;;;NÃO;;NÃO;BR | BRASIL;RJ;3304557 | RIO DE JANEIRO;OUTROS NÃO LISTADOS;;;;;;;;;;LIBERDADE>DIREITOS INDIVIDUAIS>TRÁFICO DE CRIANÇAS - INTERNACIONAL
02F195C898FCB3AA65C917ED2EF29C5725FE227E3E51514E8940A854AADDCB66;2024-03-12 16:44:44.663;TELEFÔNICO;NÃO;TERCEIRO;CASA DA VÍTIMA;BR | BRASIL;RJ;3303203 | NILÓPOLIS;DIARIAMENTE;HÁ MAIS DE CINCO ANOS;1;VIOLÊNCIA CONTRA CRIANÇA OU ADOLESCENTE;;OUTROS;PESSOA FÍSICA;FEMININO;;CRIANÇA/ADOLESCENTE IDADE NÃO INFORMADA;BR | BRASIL;;;;;NÃO;;;BR | BRASIL;RJ;3303203 | NILÓPOLIS;;;;NÃO INFORMADO;;;PESSOA FÍSICA;FEMININO;NÃO;NÃO INFORMADO;BR | BRASIL;;;;;NÃO;;NÃO;BR | BRASIL;RJ;3304557 | RIO DE JANEIRO;OUTROS NÃO LISTADOS;;;;;;;;;;LIBERDADE>DIREITOS INDIVIDUAIS>TRÁFICO DE CRIANÇAS - INTERNACIONAL
9BB80496067823BB8306E802B732954FEEAB9814F5FD04834E31A8608FD2C42A;2024-03-12 16:44:44.663;TELEFÔNICO;NÃO;TERCEIRO;CASA ONDE RESIDE A VÍTIMA E O SUSPEITO;BR | BRASIL;RJ;3304557 | RIO DE JANEIRO;DIARIAMENTE;HÁ MAIS DE CINCO ANOS;1;VIOLÊNCIA CONTRA CRIANÇA OU ADOLESCENTE;;OUTROS;PESSOA FÍSICA;FEMININO;;08 ANOS;BR | BRASIL;;;;;NÃO;;;BR | BRASIL;RJ;3304557 | RIO DE JANEIRO;;;;NÃO INFORMADO;;;PESSOA FÍSICA;FEMININO;NÃO;NÃO INFORMADO;BR | BRASIL;;;;;NÃO;;NÃO;BR | BRASIL;RJ;3304557 | RIO DE JANEIRO;OUTROS NÃO LISTADOS;;;;;;;;;;LIBERDADE>DIREITOS INDIVIDUAIS>TRÁFICO DE CRIANÇAS - NACIONAL
F1E1140F508336C27E921BE3D8C8E435AAA766E1D8A06B4763971EAD4A39E1B5;2024-03-12 16:44:44.663;TELEFÔNICO;NÃO;TERCEIRO;CASA DA VÍTIMA;BR | BRASIL;RJ;3303203 | NILÓPOLIS;DIARIAMENTE;HÁ MAIS DE CINCO ANOS;1;VIOLÊNCIA CONTRA CRIANÇA OU ADOLESCENTE;;OUTROS;PESSOA FÍSICA;FEMININO;;CRIANÇA/ADOLESCENTE IDADE NÃO INFORMADA;BR | BRASIL;;;;;NÃO;;;BR | BRASIL;RJ;3303203 | NILÓPOLIS;;;;NÃO INFORMADO;;;PESSOA FÍSICA;MASCULINO;NÃO;;BR | BRASIL;;;;;NÃO;;;BR | BRASIL;RJ;3304557 | RIO DE JANEIRO;;;;;;;;;;;LIBERDADE>DIREITOS INDIVIDUAIS>TRÁFICO DE CRIANÇAS - NACIONAL
02F195C898FCB3AA65C917ED2EF29C5725FE227E3E51514E8940A854AADDCB66;2024-03-12 16:44:44.663;TELEFÔNICO;NÃO;TERCEIRO;CASA DA VÍTIMA;BR | BRASIL;RJ;3303203 | NILÓPOLIS;DIARIAMENTE;HÁ MAIS DE CINCO ANOS;1;VIOLÊNCIA CONTRA CRIANÇA OU ADOLESCENTE;;OUTROS;PESSOA FÍSICA;FEMININO;;CRIANÇA/ADOLESCENTE IDADE NÃO INFORMADA;BR | BRASIL;;;;;NÃO;;;BR | BRASIL;RJ;3303203 | NILÓPOLIS;;;;NÃO INFORMADO;;;PESSOA FÍSICA;FEMININO;NÃO;NÃO INFORMADO;BR | BRASIL;;;;;NÃO;;NÃO;BR | BRASIL;RJ;3304557 | RIO DE JANEIRO;OUTROS NÃO LISTADOS;;;;;;;;;;LIBERDADE>DIREITOS INDIVIDUAIS>TRÁFICO DE CRIANÇAS - NACIONAL
F1E1140F508336C27E921BE3D8C8E435AAA766E1D8A06B4763971EAD4A39E1B5;2024-03-12 16:44:44.663;TELEFÔNICO;NÃO;TERCEIRO;CASA DA VÍTIMA;BR | BRASIL;RJ;3303203 | NILÓPOLIS;DIARIAMENTE;HÁ MAIS DE CINCO ANOS;1;VIOLÊNCIA CONTRA CRIANÇA OU ADOLESCENTE;;OUTROS;PESSOA FÍSICA;FEMININO;;CRIANÇA/ADOLESCENTE IDADE NÃO INFORMADA;BR | BRASIL;;;;;NÃO;;;BR | BRASIL;RJ;3303203 | NILÓPOLIS;;;;NÃO INFORMADO;;;PESSOA FÍSICA;MASCULINO;NÃO;;BR | BRASIL;;;;;NÃO;;;BR | BRASIL;RJ;3304557 | RIO DE JANEIRO;;;;;;;;;;;LIBERDADE>DIREITOS INDIVIDUAIS>TRÁFICO DE CRIANÇAS - INTERNACIONAL
23239F4E80F65C607E3CFCFA57A015E959D0494D38DF94E7D2FFF3F52B5135FF;2024-03-12 16:44:44.663;TELEFÔNICO;NÃO;TERCEIRO;CASA ONDE RESIDE A VÍTIMA E O SUSPEITO;BR | BRASIL;RJ;3304557 | RIO DE JANEIRO;DIARIAMENTE;HÁ MAIS DE CINCO ANOS;1;VIOLÊNCIA CONTRA CRIANÇA OU ADOLESCENTE;;OUTROS;PESSOA FÍSICA;FEMININO;;08 ANOS;BR | BRASIL;;;;;NÃO;;;BR | BRASIL;RJ;3304557 | RIO DE JANEIRO;;;;NÃO INFORMADO;;;PESSOA FÍSICA;MASCULINO;NÃO;;BR | BRASIL;;;;;NÃO;;;BR | BRASIL;RJ;3304557 | RIO DE JANEIRO;;;;;;;;;;;LIBERDADE>DIREITOS INDIVIDUAIS>TRÁFICO DE CRIANÇAS - NACIONAL
A07FA58B80EC70512CC87678F2A9D0DEF19486B70209941AB9BD80CAC01714E6;2024-03-12 16:44:44.663;TELEFÔNICO;NÃO;TERCEIRO;CASA ONDE RESIDE A VÍTIMA E O SUSPEITO;BR | BRASIL;RJ;3304557 | RIO DE JANEIRO;DIARIAMENTE;HÁ MAIS DE CINCO ANOS;1;VIOLÊNCIA CONTRA CRIANÇA OU ADOLESCENTE;;OUTROS;COMUNIDADE/FAMÍLIA;;NÃO INFORMADO;CRIANÇA/ADOLESCENTE IDADE NÃO INFORMADA;BR | BRASIL;;;;;;;NÃO INFORMADO;BR | BRASIL;RJ;3304557 | RIO DE JANEIRO;;;;NÃO INFORMADO;;;PESSOA FÍSICA;MASCULINO;NÃO;;BR | BRASIL;;;;;NÃO;;;BR | BRASIL;RJ;3304557 | RIO DE JANEIRO;;;;;;;;;;;LIBERDADE>DIREITOS INDIVIDUAIS>TRÁFICO DE CRIANÇAS - INTERNACIONAL
23239F4E80F65C607E3CFCFA57A015E959D0494D38DF94E7D2FFF3F52B5135FF;2024-03-12 16:44:44.663;TELEFÔNICO;NÃO;TERCEIRO;CASA ONDE RESIDE A VÍTIMA E O SUSPEITO;BR | BRASIL;RJ;3304557 | RIO DE JANEIRO;DIARIAMENTE;HÁ MAIS DE CINCO ANOS;1;VIOLÊNCIA CONTRA CRIANÇA OU ADOLESCENTE;;OUTROS;PESSOA FÍSICA;FEMININO;;08 ANOS;BR | BRASIL;;;;;NÃO;;;BR | BRASIL;RJ;3304557 | RIO DE JANEIRO;;;;NÃO INFORMADO;;;PESSOA FÍSICA;MASCULINO;NÃO;;BR | BRASIL;;;;;NÃO;;;BR | BRASIL;RJ;3304557 | RIO DE JANEIRO;;;;;;;;;;;LIBERDADE>DIREITOS INDIVIDUAIS>TRÁFICO DE CRIANÇAS - INTERNACIONAL
9BB80496067823BB8306E802B732954FEEAB9814F5FD04834E31A8608FD2C42A;2024-03-12 16:44:44.663;TELEFÔNICO;NÃO;TERCEIRO;CASA ONDE RESIDE A VÍTIMA E O SUSPEITO;BR | BRASIL;RJ;3304557 | RIO DE JANEIRO;DIARIAMENTE;HÁ MAIS DE CINCO ANOS;1;VIOLÊNCIA CONTRA CRIANÇA OU ADOLESCENTE;;OUTROS;PESSOA FÍSICA;FEMININO;;08 ANOS;BR | BRASIL;;;;;NÃO;;;BR | BRASIL;RJ;3304557 | RIO DE JANEIRO;;;;NÃO INFORMADO;;;PESSOA FÍSICA;FEMININO;NÃO;NÃO INFORMADO;BR | BRASIL;;;;;NÃO;;NÃO;BR | BRASIL;RJ;3304557 | RIO DE JANEIRO;OUTROS NÃO LISTADOS;;;;;;;;;;LIBERDADE>DIREITOS INDIVIDUAIS>TRÁFICO DE CRIANÇAS - INTERNACIONAL
FB92AE54BF8E021B66060B9702C27613CA2AAF01CEFF312ECFF7CA1E55D9251B;2024-03-13 09:06:53.693;TELEFÔNICO;NÃO;TERCEIRO;CASA DO SUSPEITO;BR | BRASIL;RJ;3304557 | RIO DE JANEIRO;DIARIAMENTE;HÁ MAIS DE UM ANO;1;VIOLÊNCIA CONTRA CIDADÃO, FAMÍLIA OU COMUNIDADE;;DESCONHECIDO(A);COMUNIDADE/FAMÍLIA;;PESSOA TRANS.TRAVESTI;25 A 29 ANOS;BR | BRASIL;;;;;;;;BR | BRASIL;RJ;3304557 | RIO DE JANEIRO;;;;NÃO INFORMADO;;;PESSOA FÍSICA;MASCULINO;HOMOSSEXUAL.GAY;25 A 29 ANOS;BR | BRASIL;;;;;NÃO;;NÃO;BR | BRASIL;RJ;3304557 | RIO DE JANEIRO;NÃO SABE INFORMAR;;;PARDA;;;;;;;LIBERDADE>DIREITOS INDIVIDUAIS>TRÁFICO DE MULHERES - NACIONAL
FB92AE54BF8E021B66060B9702C27613CA2AAF01CEFF312ECFF7CA1E55D9251B;2024-03-13 09:06:53.693;TELEFÔNICO;NÃO;TERCEIRO;CASA DO SUSPEITO;BR | BRASIL;RJ;3304557 | RIO DE JANEIRO;DIARIAMENTE;HÁ MAIS DE UM ANO;1;VIOLÊNCIA CONTRA POPULAÇÃO LGBTQIA+;;DESCONHECIDO(A);COMUNIDADE/FAMÍLIA;;PESSOA TRANS.TRAVESTI;25 A 29 ANOS;BR | BRASIL;;;;;;;;BR | BRASIL;RJ;3304557 | RIO DE JANEIRO;;;;NÃO INFORMADO;;;PESSOA FÍSICA;MASCULINO;HOMOSSEXUAL.GAY;25 A 29 ANOS;BR | BRASIL;;;;;NÃO;;NÃO;BR | BRASIL;RJ;3304557 | RIO DE JANEIRO;NÃO SABE INFORMAR;;;PARDA;;;;;;;LIBERDADE>DIREITOS INDIVIDUAIS>TRÁFICO DE MULHERES - INTERNACIONAL
FB92AE54BF8E021B66060B9702C27613CA2AAF01CEFF312ECFF7CA1E55D9251B;2024-03-13 09:06:53.693;TELEFÔNICO;NÃO;TERCEIRO;CASA DO SUSPEITO;BR | BRASIL;RJ;3304557 | RIO DE JANEIRO;DIARIAMENTE;HÁ MAIS DE UM ANO;1;VIOLÊNCIA CONTRA CIDADÃO, FAMÍLIA OU COMUNIDADE;;DESCONHECIDO(A);COMUNIDADE/FAMÍLIA;;PESSOA TRANS.TRAVESTI;25 A 29 ANOS;BR | BRASIL;;;;;;;;BR | BRASIL;RJ;3304557 | RIO DE JANEIRO;;;;NÃO INFORMADO;;;PESSOA FÍSICA;MASCULINO;HOMOSSEXUAL.GAY;25 A 29 ANOS;BR | BRASIL;;;;;NÃO;;NÃO;BR | BRASIL;RJ;3304557 | RIO DE JANEIRO;NÃO SABE INFORMAR;;;PARDA;;;;;;;LIBERDADE>DIREITOS INDIVIDUAIS>TRÁFICO DE MULHERES - INTERNACIONAL
FB92AE54BF8E021B66060B9702C27613CA2AAF01CEFF312ECFF7CA1E55D9251B;2024-03-13 09:06:53.693;TELEFÔNICO;NÃO;TERCEIRO;CASA DO SUSPEITO;BR | BRASIL;RJ;3304557 | RIO DE JANEIRO;DIARIAMENTE;HÁ MAIS DE UM ANO;1;VIOLÊNCIA CONTRA POPULAÇÃO LGBTQIA+;;DESCONHECIDO(A);COMUNIDADE/FAMÍLIA;;PESSOA TRANS.TRAVESTI;25 A 29 ANOS;BR | BRASIL;;;;;;;;BR | BRASIL;RJ;3304557 | RIO DE JANEIRO;;;;NÃO INFORMADO;;;PESSOA FÍSICA;MASCULINO;HOMOSSEXUAL.GAY;25 A 29 ANOS;BR | BRASIL;;;;;NÃO;;NÃO;BR | BRASIL;RJ;3304557 | RIO DE JANEIRO;NÃO SABE INFORMAR;;;PARDA;;;;;;;LIBERDADE>DIREITOS INDIVIDUAIS>TRÁFICO DE MULHERES - NACIONAL
0E60D670875276B37635CCD918FDA458338ADFD007A607E240ADFA9602E1A321;2024-03-14 23:25:10.797;TELEFÔNICO;NÃO;TERCEIRO;CASA ONDE RESIDE A VÍTIMA E O SUSPEITO;BR | BRASIL;RN;2412005 | SÃO GONÇALO DO AMARANTE;DIARIAMENTE;HÁ MAIS DE UM ANO;1;VIOLÊNCIA CONTRA CRIANÇA OU ADOLESCENTE;;OUTROS;COMUNIDADE/FAMÍLIA;;NÃO;13 ANOS;BR | BRASIL;;;;;;;NÃO;BR | BRASIL;RN;2412005 | SÃO GONÇALO DO AMARANTE;;;;NÃO INFORMADO;;;PESSOA FÍSICA;MASCULINO;NÃO;60 A 64 ANOS;BR | BRASIL;;;;;NÃO;;PENA (RECLUSÃO);BR | BRASIL;RN;2412005 | SÃO GONÇALO DO AMARANTE;OUTROS NÃO LISTADOS;;;BRANCA;;;;;;;LIBERDADE>DIREITOS INDIVIDUAIS>TRÁFICO DE CRIANÇAS - NACIONAL
21D2D56F195B817A50FD435B87FC84E69FF70D93D45ADBC426030676C8FE7E34;2024-03-14 23:25:10.797;TELEFÔNICO;NÃO;TERCEIRO;CASA ONDE RESIDE A VÍTIMA E O SUSPEITO;BR | BRASIL;RN;2412005 | SÃO GONÇALO DO AMARANTE;DIARIAMENTE;HÁ MAIS DE UM ANO;1;VIOLÊNCIA CONTRA CRIANÇA OU ADOLESCENTE;;OUTROS;COMUNIDADE/FAMÍLIA;;NÃO;13 ANOS;BR | BRASIL;;;;;;;NÃO;BR | BRASIL;RN;2412005 | SÃO GONÇALO DO AMARANTE;;;;NÃO INFORMADO;;;PESSOA FÍSICA;MASCULINO;NÃO;55 A 59 ANOS;BR | BRASIL;;;;;NÃO;;NÃO;BR | BRASIL;RN;2412005 | SÃO GONÇALO DO AMARANTE;OUTROS NÃO LISTADOS;;;;;;;;;;LIBERDADE>DIREITOS INDIVIDUAIS>TRÁFICO DE CRIANÇAS - INTERNACIONAL
0E60D670875276B37635CCD918FDA458338ADFD007A607E240ADFA9602E1A321;2024-03-14 23:25:10.797;TELEFÔNICO;NÃO;TERCEIRO;CASA ONDE RESIDE A VÍTIMA E O SUSPEITO;BR | BRASIL;RN;2412005 | SÃO GONÇALO DO AMARANTE;DIARIAMENTE;HÁ MAIS DE UM ANO;1;VIOLÊNCIA CONTRA CRIANÇA OU ADOLESCENTE;;OUTROS;COMUNIDADE/FAMÍLIA;;NÃO;13 ANOS;BR | BRASIL;;;;;;;NÃO;BR | BRASIL;RN;2412005 | SÃO GONÇALO DO AMARANTE;;;;NÃO INFORMADO;;;PESSOA FÍSICA;MASCULINO;NÃO;60 A 64 ANOS;BR | BRASIL;;;;;NÃO;;PENA (RECLUSÃO);BR | BRASIL;RN;2412005 | SÃO GONÇALO DO AMARANTE;OUTROS NÃO LISTADOS;;;BRANCA;;;;;;;LIBERDADE>DIREITOS INDIVIDUAIS>TRÁFICO DE CRIANÇAS - INTERNACIONAL
224D2C87382E4719FA34A2A4EA13A2AC52E40C3603265C7B9C0397D92D10E234;2024-03-14 23:25:10.797;TELEFÔNICO;NÃO;TERCEIRO;CASA ONDE RESIDE A VÍTIMA E O SUSPEITO;BR | BRASIL;RN;2412005 | SÃO GONÇALO DO AMARANTE;DIARIAMENTE;HÁ MAIS DE UM ANO;1;VIOLÊNCIA CONTRA CRIANÇA OU ADOLESCENTE;;OUTROS;COMUNIDADE/FAMÍLIA;;NÃO;13 ANOS;BR | BRASIL;;;;;;;NÃO;BR | BRASIL;RN;2412005 | SÃO GONÇALO DO AMARANTE;;;;NÃO INFORMADO;;;PESSOA FÍSICA;MASCULINO;NÃO;60 A 64 ANOS;BR | BRASIL;;;;;NÃO;;NÃO;BR | BRASIL;RN;2412005 | SÃO GONÇALO DO AMARANTE;OUTROS NÃO LISTADOS;;;;;;;;;;LIBERDADE>DIREITOS INDIVIDUAIS>TRÁFICO DE CRIANÇAS - INTERNACIONAL
2F884C46DC650D3AAF47BAA522538D34DA758325B1A51A156F1E820B557863FF;2024-03-14 23:25:10.797;TELEFÔNICO;NÃO;TERCEIRO;CASA ONDE RESIDE A VÍTIMA E O SUSPEITO;BR | BRASIL;RN;2412005 | SÃO GONÇALO DO AMARANTE;DIARIAMENTE;HÁ MAIS DE UM ANO;1;VIOLÊNCIA CONTRA CRIANÇA OU ADOLESCENTE;;OUTROS;COMUNIDADE/FAMÍLIA;;NÃO;13 ANOS;BR | BRASIL;;;;;;;NÃO;BR | BRASIL;RN;2412005 | SÃO GONÇALO DO AMARANTE;;;;NÃO INFORMADO;;;PESSOA FÍSICA;MASCULINO;NÃO;45 A 49 ANOS;BR | BRASIL;;;;;NÃO;;NÃO;BR | BRASIL;RN;2412005 | SÃO GONÇALO DO AMARANTE;PROFESSOR DO ENSINO INFANTIL;;;;;;;;;;LIBERDADE>DIREITOS INDIVIDUAIS>TRÁFICO DE CRIANÇAS - INTERNACIONAL
A27B52959C5B3C37C970007ED46A177A15B405B4656A1A62DCD81D2AAAB8A056;2024-03-14 23:25:10.797;TELEFÔNICO;NÃO;TERCEIRO;CASA ONDE RESIDE A VÍTIMA E O SUSPEITO;BR | BRASIL;RN;2412005 | SÃO GONÇALO DO AMARANTE;DIARIAMENTE;HÁ MAIS DE UM ANO;1;VIOLÊNCIA CONTRA CRIANÇA OU ADOLESCENTE;;OUTROS;COMUNIDADE/FAMÍLIA;;NÃO;13 ANOS;BR | BRASIL;;;;;;;NÃO;BR | BRASIL;RN;2412005 | SÃO GONÇALO DO AMARANTE;;;;NÃO INFORMADO;;;PESSOA FÍSICA;MASCULINO;NÃO;50 A 54 ANOS;BR | BRASIL;;;;;NÃO;;NÃO;BR | BRASIL;RN;2412005 | SÃO GONÇALO DO AMARANTE;OUTROS NÃO LISTADOS;;;BRANCA;;;;;;;LIBERDADE>DIREITOS INDIVIDUAIS>TRÁFICO DE CRIANÇAS - INTERNACIONAL
9886B2EEE3A136CF6A753635299B37C66925FE1F307501CAA3C352404730A96C;2024-03-14 23:25:10.797;TELEFÔNICO;NÃO;TERCEIRO;CASA ONDE RESIDE A VÍTIMA E O SUSPEITO;BR | BRASIL;RN;2412005 | SÃO GONÇALO DO AMARANTE;DIARIAMENTE;HÁ MAIS DE UM ANO;1;VIOLÊNCIA CONTRA CRIANÇA OU ADOLESCENTE;;OUTROS;COMUNIDADE/FAMÍLIA;;NÃO;13 ANOS;BR | BRASIL;;;;;;;NÃO;BR | BRASIL;RN;2412005 | SÃO GONÇALO DO AMARANTE;;;;NÃO INFORMADO;;;PESSOA FÍSICA;MASCULINO;NÃO;45 A 49 ANOS;BR | BRASIL;;;;;NÃO;;NÃO;BR | BRASIL;RN;2412005 | SÃO GONÇALO DO AMARANTE;NÃO SABE INFORMAR;;;PRETA;;;;;;;LIBERDADE>DIREITOS INDIVIDUAIS>TRÁFICO DE CRIANÇAS - INTERNACIONAL
DB1C40FD83543B3BAC84CF2CD7CEAE754D1CDD0B07F56424167F4564BEA2C702;2024-03-14 23:25:10.797;TELEFÔNICO;NÃO;TERCEIRO;CASA ONDE RESIDE A VÍTIMA E O SUSPEITO;BR | BRASIL;RN;2412005 | SÃO GONÇALO DO AMARANTE;DIARIAMENTE;HÁ MAIS DE UM ANO;1;VIOLÊNCIA CONTRA CRIANÇA OU ADOLESCENTE;;OUTROS;COMUNIDADE/FAMÍLIA;;NÃO;13 ANOS;BR | BRASIL;;;;;;;NÃO;BR | BRASIL;RN;2412005 | SÃO GONÇALO DO AMARANTE;;;;NÃO INFORMADO;;;PESSOA FÍSICA;MASCULINO;NÃO;70 A 74 ANOS;BR | BRASIL;;;;;NÃO;;NÃO;BR | BRASIL;RN;2412005 | SÃO GONÇALO DO AMARANTE;OUTROS NÃO LISTADOS;;;BRANCA;;;;;;;LIBERDADE>DIREITOS INDIVIDUAIS>TRÁFICO DE CRIANÇAS - NACIONAL
DB1C40FD83543B3BAC84CF2CD7CEAE754D1CDD0B07F56424167F4564BEA2C702;2024-03-14 23:25:10.797;TELEFÔNICO;NÃO;TERCEIRO;CASA ONDE RESIDE A VÍTIMA E O SUSPEITO;BR | BRASIL;RN;2412005 | SÃO GONÇALO DO AMARANTE;DIARIAMENTE;HÁ MAIS DE UM ANO;1;VIOLÊNCIA CONTRA CRIANÇA OU ADOLESCENTE;;OUTROS;COMUNIDADE/FAMÍLIA;;NÃO;13 ANOS;BR | BRASIL;;;;;;;NÃO;BR | BRASIL;RN;2412005 | SÃO GONÇALO DO AMARANTE;;;;NÃO INFORMADO;;;PESSOA FÍSICA;MASCULINO;NÃO;70 A 74 ANOS;BR | BRASIL;;;;;NÃO;;NÃO;BR | BRASIL;RN;2412005 | SÃO GONÇALO DO AMARANTE;OUTROS NÃO LISTADOS;;;BRANCA;;;;;;;LIBERDADE>DIREITOS INDIVIDUAIS>TRÁFICO DE CRIANÇAS - INTERNACIONAL
A27B52959C5B3C37C970007ED46A177A15B405B4656A1A62DCD81D2AAAB8A056;2024-03-14 23:25:10.797;TELEFÔNICO;NÃO;TERCEIRO;CASA ONDE RESIDE A VÍTIMA E O SUSPEITO;BR | BRASIL;RN;2412005 | SÃO GONÇALO DO AMARANTE;DIARIAMENTE;HÁ MAIS DE UM ANO;1;VIOLÊNCIA CONTRA CRIANÇA OU ADOLESCENTE;;OUTROS;COMUNIDADE/FAMÍLIA;;NÃO;13 ANOS;BR | BRASIL;;;;;;;NÃO;BR | BRASIL;RN;2412005 | SÃO GONÇALO DO AMARANTE;;;;NÃO INFORMADO;;;PESSOA FÍSICA;MASCULINO;NÃO;50 A 54 ANOS;BR | BRASIL;;;;;NÃO;;NÃO;BR | BRASIL;RN;2412005 | SÃO GONÇALO DO AMARANTE;OUTROS NÃO LISTADOS;;;BRANCA;;;;;;;LIBERDADE>DIREITOS INDIVIDUAIS>TRÁFICO DE CRIANÇAS - NACIONAL
C3808E2A6F22BE605C2BB22AC9D1AF4478C641464195221D5F313626E3A5679F;2024-03-14 23:25:10.797;TELEFÔNICO;NÃO;TERCEIRO;CASA ONDE RESIDE A VÍTIMA E O SUSPEITO;BR | BRASIL;RN;2412005 | SÃO GONÇALO DO AMARANTE;DIARIAMENTE;HÁ MAIS DE UM ANO;1;VIOLÊNCIA CONTRA CRIANÇA OU ADOLESCENTE;;OUTROS;COMUNIDADE/FAMÍLIA;;NÃO;13 ANOS;BR | BRASIL;;;;;;;NÃO;BR | BRASIL;RN;2412005 | SÃO GONÇALO DO AMARANTE;;;;NÃO INFORMADO;;;PESSOA FÍSICA;FEMININO;NÃO;55 A 59 ANOS;BR | BRASIL;;;;;NÃO;;NÃO;BR | BRASIL;RN;2412005 | SÃO GONÇALO DO AMARANTE;OUTROS NÃO LISTADOS;;;;;;;;;;LIBERDADE>DIREITOS INDIVIDUAIS>TRÁFICO DE CRIANÇAS - NACIONAL
224D2C87382E4719FA34A2A4EA13A2AC52E40C3603265C7B9C0397D92D10E234;2024-03-14 23:25:10.797;TELEFÔNICO;NÃO;TERCEIRO;CASA ONDE RESIDE A VÍTIMA E O SUSPEITO;BR | BRASIL;RN;2412005 | SÃO GONÇALO DO AMARANTE;DIARIAMENTE;HÁ MAIS DE UM ANO;1;VIOLÊNCIA CONTRA CRIANÇA OU ADOLESCENTE;;OUTROS;COMUNIDADE/FAMÍLIA;;NÃO;13 ANOS;BR | BRASIL;;;;;;;NÃO;BR | BRASIL;RN;2412005 | SÃO GONÇALO DO AMARANTE;;;;NÃO INFORMADO;;;PESSOA FÍSICA;MASCULINO;NÃO;60 A 64 ANOS;BR | BRASIL;;;;;NÃO;;NÃO;BR | BRASIL;RN;2412005 | SÃO GONÇALO DO AMARANTE;OUTROS NÃO LISTADOS;;;;;;;;;;LIBERDADE>DIREITOS INDIVIDUAIS>TRÁFICO DE CRIANÇAS - NACIONAL
C3808E2A6F22BE605C2BB22AC9D1AF4478C641464195221D5F313626E3A5679F;2024-03-14 23:25:10.797;TELEFÔNICO;NÃO;TERCEIRO;CASA ONDE RESIDE A VÍTIMA E O SUSPEITO;BR | BRASIL;RN;2412005 | SÃO GONÇALO DO AMARANTE;DIARIAMENTE;HÁ MAIS DE UM ANO;1;VIOLÊNCIA CONTRA CRIANÇA OU ADOLESCENTE;;OUTROS;COMUNIDADE/FAMÍLIA;;NÃO;13 ANOS;BR | BRASIL;;;;;;;NÃO;BR | BRASIL;RN;2412005 | SÃO GONÇALO DO AMARANTE;;;;NÃO INFORMADO;;;PESSOA FÍSICA;FEMININO;NÃO;55 A 59 ANOS;BR | BRASIL;;;;;NÃO;;NÃO;BR | BRASIL;RN;2412005 | SÃO GONÇALO DO AMARANTE;OUTROS NÃO LISTADOS;;;;;;;;;;LIBERDADE>DIREITOS INDIVIDUAIS>TRÁFICO DE CRIANÇAS - INTERNACIONAL
21D2D56F195B817A50FD435B87FC84E69FF70D93D45ADBC426030676C8FE7E34;2024-03-14 23:25:10.797;TELEFÔNICO;NÃO;TERCEIRO;CASA ONDE RESIDE A VÍTIMA E O SUSPEITO;BR | BRASIL;RN;2412005 | SÃO GONÇALO DO AMARANTE;DIARIAMENTE;HÁ MAIS DE UM ANO;1;VIOLÊNCIA CONTRA CRIANÇA OU ADOLESCENTE;;OUTROS;COMUNIDADE/FAMÍLIA;;NÃO;13 ANOS;BR | BRASIL;;;;;;;NÃO;BR | BRASIL;RN;2412005 | SÃO GONÇALO DO AMARANTE;;;;NÃO INFORMADO;;;PESSOA FÍSICA;MASCULINO;NÃO;55 A 59 ANOS;BR | BRASIL;;;;;NÃO;;NÃO;BR | BRASIL;RN;2412005 | SÃO GONÇALO DO AMARANTE;OUTROS NÃO LISTADOS;;;;;;;;;;LIBERDADE>DIREITOS INDIVIDUAIS>TRÁFICO DE CRIANÇAS - NACIONAL
2F884C46DC650D3AAF47BAA522538D34DA758325B1A51A156F1E820B557863FF;2024-03-14 23:25:10.797;TELEFÔNICO;NÃO;TERCEIRO;CASA ONDE RESIDE A VÍTIMA E O SUSPEITO;BR | BRASIL;RN;2412005 | SÃO GONÇALO DO AMARANTE;DIARIAMENTE;HÁ MAIS DE UM ANO;1;VIOLÊNCIA CONTRA CRIANÇA OU ADOLESCENTE;;OUTROS;COMUNIDADE/FAMÍLIA;;NÃO;13 ANOS;BR | BRASIL;;;;;;;NÃO;BR | BRASIL;RN;2412005 | SÃO GONÇALO DO AMARANTE;;;;NÃO INFORMADO;;;PESSOA FÍSICA;MASCULINO;NÃO;45 A 49 ANOS;BR | BRASIL;;;;;NÃO;;NÃO;BR | BRASIL;RN;2412005 | SÃO GONÇALO DO AMARANTE;PROFESSOR DO ENSINO INFANTIL;;;;;;;;;;LIBERDADE>DIREITOS INDIVIDUAIS>TRÁFICO DE CRIANÇAS - NACIONAL
9886B2EEE3A136CF6A753635299B37C66925FE1F307501CAA3C352404730A96C;2024-03-14 23:25:10.797;TELEFÔNICO;NÃO;TERCEIRO;CASA ONDE RESIDE A VÍTIMA E O SUSPEITO;BR | BRASIL;RN;2412005 | SÃO GONÇALO DO AMARANTE;DIARIAMENTE;HÁ MAIS DE UM ANO;1;VIOLÊNCIA CONTRA CRIANÇA OU ADOLESCENTE;;OUTROS;COMUNIDADE/FAMÍLIA;;NÃO;13 ANOS;BR | BRASIL;;;;;;;NÃO;BR | BRASIL;RN;2412005 | SÃO GONÇALO DO AMARANTE;;;;NÃO INFORMADO;;;PESSOA FÍSICA;MASCULINO;NÃO;45 A 49 ANOS;BR | BRASIL;;;;;NÃO;;NÃO;BR | BRASIL;RN;2412005 | SÃO GONÇALO DO AMARANTE;NÃO SABE INFORMAR;;;PRETA;;;;;;;LIBERDADE>DIREITOS INDIVIDUAIS>TRÁFICO DE CRIANÇAS - NACIONAL
CF2B328F316F275F0400F24A77AE810ECF61A755AAD2E8C129416F09ED7A42D9;2024-03-15 09:13:38.193;TELEFÔNICO;NÃO;TERCEIRO;CASA DO SUSPEITO;BR | BRASIL;CE;2304400 | FORTALEZA;NÃO SABE INFORMAR;NÃO SABE INFORMAR;1;VIOLÊNCIA CONTRA CRIANÇA OU ADOLESCENTE;;AMIGO(A) DA FAMÍLIA;PESSOA FÍSICA;FEMININO;;MENOS DE 01 ANO;BR | BRASIL;;;;;NÃO;;;BR | BRASIL;CE;2304400 | FORTALEZA;;ANALFABETO/SEM INSTRUÇÃO;;BRANCA;;;PESSOA FÍSICA;FEMININO;NÃO;25 A 29 ANOS;BR | BRASIL;;;;;NÃO;;NÃO;BR | BRASIL;CE;2304400 | FORTALEZA;NÃO SABE INFORMAR;;;NÃO INFORMADO;;;;;;;LIBERDADE>DIREITOS INDIVIDUAIS>TRÁFICO DE CRIANÇAS - NACIONAL
85DEA082682FB6F4CCEF69061AF6A873F6F758B836BE7E4BDAC924DCA27CDBD6;2024-03-17 20:41:37.200;TELEFÔNICO;NÃO;TERCEIRO;CASA ONDE RESIDE A VÍTIMA E O SUSPEITO;BR | BRASIL;SP;3550308 | SÃO PAULO;DIARIAMENTE;HÁ MAIS DE SEIS MESES;1;VIOLÊNCIA CONTRA CRIANÇA OU ADOLESCENTE;;MÃE;PESSOA FÍSICA;NÃO INFORMADO;;CRIANÇA/ADOLESCENTE IDADE NÃO INFORMADA;BR | BRASIL;;;;;NÃO;;;BR | BRASIL;SP;3550308 | SÃO PAULO;;;;NÃO INFORMADO;;;PESSOA FÍSICA;FEMININO;NÃO;20 A 24 ANOS;BR | BRASIL;;;;;NÃO;;NÃO;BR | BRASIL;SP;3550308 | SÃO PAULO;OUTROS NÃO LISTADOS;;;BRANCA;;;;;;;LIBERDADE>DIREITOS INDIVIDUAIS>TRÁFICO DE CRIANÇAS - NACIONAL
0892010C9665FCFF7A0D6F5223F7B8F32B7A9536DF71680EC4849C87CE0C511C;2024-03-17 23:16:25.427;WHATSAPP;NÃO;TERCEIRO;CASA DO SUSPEITO;BR | BRASIL;MG;3170107 | UBERABA;NÃO SABE INFORMAR;NÃO SABE INFORMAR;1;VIOLÊNCIA CONTRA CRIANÇA OU ADOLESCENTE;;DESCONHECIDO(A);COMUNIDADE/FAMÍLIA;;;CRIANÇA/ADOLESCENTE IDADE NÃO INFORMADA;BR | BRASIL;;;;;;;;BR | BRASIL;DENUNCIANTE NÃO SOUBE INFORMAR;DENUNCIANTE NÃO SOUBE INFORMAR;;;;NÃO INFORMADO;;;PESSOA FÍSICA;MASCULINO;NÃO;30 A 34 ANOS;BR | BRASIL;;;;;NÃO;;NÃO;BR | BRASIL;MG;3170107 | UBERABA;OUTROS NÃO LISTADOS;;;BRANCA;;;;;;;LIBERDADE>DIREITOS INDIVIDUAIS>TRÁFICO DE CRIANÇAS - NACIONAL
9D97344BC5E130A1935496891BDE157BBBD7A4A2542BFFB2E6A3E4C5EBD0516C;2024-03-24 13:34:44.790;TELEFÔNICO;NÃO;TERCEIRO;LOCAL DE TRABALHO DA VÍTIMA;BR | BRASIL;GO;5206404 | CRIXÁS;ÚNICA OCORRÊNCIA;NÃO SE APLICA;1;VIOLÊNCIA CONTRA CIDADÃO, FAMÍLIA OU COMUNIDADE;OUTRO(S) ELEMENTO(S);OUTROS;PESSOA FÍSICA;MASCULINO;NÃO;25 A 29 ANOS;BR | BRASIL;;;;NÃO;NÃO;;NÃO;BR | BRASIL;GO;5206404 | CRIXÁS;;;;BRANCA;;;PESSOA FÍSICA;MASCULINO;NÃO;;BR | BRASIL;;;;NÃO;NÃO;;;BR | BRASIL;GO;5206404 | CRIXÁS;;;;;;;;;;;LIBERDADE>DIREITOS INDIVIDUAIS>TRÁFICO DE PESSOAS - INTERNACIONAL
9D97344BC5E130A1935496891BDE157BBBD7A4A2542BFFB2E6A3E4C5EBD0516C;2024-03-24 13:34:44.790;TELEFÔNICO;NÃO;TERCEIRO;LOCAL DE TRABALHO DA VÍTIMA;BR | BRASIL;GO;5206404 | CRIXÁS;ÚNICA OCORRÊNCIA;NÃO SE APLICA;1;VIOLÊNCIA CONTRA CIDADÃO, FAMÍLIA OU COMUNIDADE;;OUTROS;PESSOA FÍSICA;MASCULINO;NÃO;25 A 29 ANOS;BR | BRASIL;;;;;NÃO;;NÃO;BR | BRASIL;GO;5206404 | CRIXÁS;;;;BRANCA;;;PESSOA FÍSICA;MASCULINO;NÃO;;BR | BRASIL;;;;;NÃO;;;BR | BRASIL;GO;5206404 | CRIXÁS;;;;;;;;;;;LIBERDADE>DIREITOS INDIVIDUAIS>TRÁFICO DE PESSOAS - NACIONAL
39B15DF4718405A634B80F0CE1B6FAFD946368587BCD042CD6565763016D6605;2024-03-24 21:50:23.923;TELEFÔNICO;NÃO;TERCEIRO;LOCAL DE TRABALHO DA VÍTIMA;BR | BRASIL;PR;4113700 | LONDRINA;MENSALMENTE;HÁ MAIS DE CINCO ANOS;1;VIOLÊNCIA CONTRA CIDADÃO, FAMÍLIA OU COMUNIDADE;;EMPREGADOR/PATRÃO (HIERARQUICAMENTE SUPERIOR);COMUNIDADE/FAMÍLIA;;;NÃO INFORMADO;BR | BRASIL;;;;;;;;BR | BRASIL;PR;4113700 | LONDRINA;;;;NÃO INFORMADO;;;PESSOA FÍSICA;NÃO SE APLICA - VÍTIMA COMUNIDADE/FAMÍLIA;PESSOA TRANS.TRAVESTI;40 A 44 ANOS;BR | BRASIL;;;;;NÃO;;NÃO INFORMADO;BR | BRASIL;PR;4113700 | LONDRINA;ADMINISTRADOR;;;PARDA;;;;;;;LIBERDADE>DIREITOS INDIVIDUAIS>TRÁFICO DE PESSOAS - INTERNACIONAL
6A74BBA05EE25DB98639618BDFD7F1CDC9CEF788E2EFE315D95AD5725730D3D0;2024-03-24 21:50:23.923;TELEFÔNICO;NÃO;TERCEIRO;LOCAL DE TRABALHO DA VÍTIMA;BR | BRASIL;PR;4113700 | LONDRINA;MENSALMENTE;HÁ MAIS DE CINCO ANOS;1;VIOLÊNCIA CONTRA CIDADÃO, FAMÍLIA OU COMUNIDADE;;EMPREGADOR/PATRÃO (HIERARQUICAMENTE SUPERIOR);COMUNIDADE/FAMÍLIA;;;NÃO INFORMADO;BR | BRASIL;;;;;;;;BR | BRASIL;PR;4113700 | LONDRINA;;;;NÃO INFORMADO;;;PESSOA FÍSICA;NÃO SE APLICA - VÍTIMA COMUNIDADE/FAMÍLIA;PESSOA TRANS.TRANSGÊNERO;35 A 39 ANOS;BR | BRASIL;;;;;NÃO;;NÃO;BR | BRASIL;DENUNCIANTE NÃO SOUBE INFORMAR;DENUNCIANTE NÃO SOUBE INFORMAR;OUTROS NÃO LISTADOS;;NÃO SABE;BRANCA;;;;;;;LIBERDADE>DIREITOS INDIVIDUAIS>TRÁFICO DE PESSOAS - INTERNACIONAL
62F379E35286FCC792F096689E33EC6FA4278D0786D2F302B88642BE4077A759;2024-03-27 10:54:36.037;TELEFÔNICO;NÃO;TERCEIRO;AMBIENTE VIRTUAL (NO ÂMBITO DA INTERNET);BR | BRASIL;PE;DENUNCIANTE NÃO SOUBE INFORMAR;DIARIAMENTE;HÁ UM MÊS;1;VIOLÊNCIA CONTRA CRIANÇA OU ADOLESCENTE;;OUTROS;COMUNIDADE/FAMÍLIA;;;CRIANÇA/ADOLESCENTE IDADE NÃO INFORMADA;BR | BRASIL;;;;;;;;BR | BRASIL;PE;DENUNCIANTE NÃO SOUBE INFORMAR;;;;NÃO INFORMADO;;;PESSOA FÍSICA;NÃO SE APLICA - VÍTIMA COMUNIDADE/FAMÍLIA;NÃO;;BR | BRASIL;;;;;NÃO;;;BR | BRASIL;SP;3550308 | SÃO PAULO;;;;;;;;;;;LIBERDADE>DIREITOS INDIVIDUAIS>TRÁFICO DE CRIANÇAS - NACIONAL
62F379E35286FCC792F096689E33EC6FA4278D0786D2F302B88642BE4077A759;2024-03-27 10:54:36.037;TELEFÔNICO;NÃO;TERCEIRO;AMBIENTE VIRTUAL (NO ÂMBITO DA INTERNET);BR | BRASIL;PE;DENUNCIANTE NÃO SOUBE INFORMAR;DIARIAMENTE;HÁ UM MÊS;1;VIOLÊNCIA CONTRA CRIANÇA OU ADOLESCENTE;OUTRO(S) ELEMENTO(S);OUTROS;COMUNIDADE/FAMÍLIA;;;CRIANÇA/ADOLESCENTE IDADE NÃO INFORMADA;BR | BRASIL;;;;;;;;BR | BRASIL;PE;DENUNCIANTE NÃO SOUBE INFORMAR;;;;NÃO INFORMADO;;;PESSOA FÍSICA;NÃO SE APLICA - VÍTIMA COMUNIDADE/FAMÍLIA;NÃO;;BR | BRASIL;;;;NÃO;NÃO;;;BR | BRASIL;SP;3550308 | SÃO PAULO;;;;;;;;;;;LIBERDADE>DIREITOS INDIVIDUAIS>TRÁFICO DE CRIANÇAS - INTERNACIONAL
74C0267C7692B84CE2178B13E3F3C6DD39FE8E1322ABBDDC744EDD97D0382DF5;2024-03-27 22:10:43.607;TELEFÔNICO;NÃO;TERCEIRO;AMBIENTE VIRTUAL (NO ÂMBITO DA INTERNET);BR | BRASIL;SP;3550308 | SÃO PAULO;DIARIAMENTE;HÁ MAIS DE CINCO ANOS;1;VIOLÊNCIA CONTRA PESSOA IDOSA;;NAMORADO(A);PESSOA FÍSICA;FEMININO;NÃO;60 A 64 ANOS;BR | BRASIL;;;;;NÃO;;NÃO;BR | BRASIL;SP;3550308 | SÃO PAULO;;ANALFABETO/SEM INSTRUÇÃO;;PRETA;;;PESSOA FÍSICA;MASCULINO;NÃO;;BR | BRASIL;;;;;NÃO;;;BR | BRASIL;SP;3550308 | SÃO PAULO;;;;;;;;;;;LIBERDADE>DIREITOS INDIVIDUAIS>TRÁFICO DE MULHERES - INTERNACIONAL
DF08CA87B151BBFE94D4223423E50BF9E7D47C18D261A2CA4B3F7B1EE37628B1;2024-04-02 15:18:53.263;TELEFÔNICO;NÃO;TERCEIRO;CASA ONDE RESIDE A VÍTIMA E O SUSPEITO;BR | BRASIL;RJ;3304557 | RIO DE JANEIRO;DIARIAMENTE;HÁ MAIS DE DEZ ANOS;1;VIOLÊNCIA CONTRA CRIANÇA OU ADOLESCENTE;;MÃE;COMUNIDADE/FAMÍLIA;;;06 ANOS;BR | BRASIL;;;;;;;;BR | BRASIL;RJ;3304557 | RIO DE JANEIRO;;;;NÃO INFORMADO;;;PESSOA FÍSICA;FEMININO;NÃO;;BR | BRASIL;;;;;NÃO;;;BR | BRASIL;RJ;3304557 | RIO DE JANEIRO;;;;;;;;;;;LIBERDADE>DIREITOS INDIVIDUAIS>TRÁFICO DE CRIANÇAS - NACIONAL
3CE641F9554751BD08927E42C7BFF31A847DA497FBC616958D03FF399795D6C9;2024-04-04 11:44:03.013;TELEFÔNICO;NÃO;TERCEIRO;CASA ONDE RESIDE A VÍTIMA E O SUSPEITO;BR | BRASIL;SP;3525508 | JOANÓPOLIS;DIARIAMENTE;HÁ UM MÊS;1;VIOLÊNCIA CONTRA CRIANÇA OU ADOLESCENTE;;MÃE;PESSOA FÍSICA;FEMININO;;11 ANOS;BR | BRASIL;;;;;NÃO;;;BR | BRASIL;SP;3525508 | JOANÓPOLIS;;;;BRANCA;;;PESSOA FÍSICA;FEMININO;NÃO;40 A 44 ANOS;BR | BRASIL;;;;;NÃO;;NÃO;BR | BRASIL;SP;3525508 | JOANÓPOLIS;NÃO SABE INFORMAR;;;BRANCA;;;;;;;LIBERDADE>DIREITOS INDIVIDUAIS>TRÁFICO DE PESSOAS - NACIONAL
3CE641F9554751BD08927E42C7BFF31A847DA497FBC616958D03FF399795D6C9;2024-04-04 11:44:03.013;TELEFÔNICO;NÃO;TERCEIRO;CASA ONDE RESIDE A VÍTIMA E O SUSPEITO;BR | BRASIL;SP;3525508 | JOANÓPOLIS;DIARIAMENTE;HÁ UM MÊS;1;VIOLÊNCIA CONTRA CRIANÇA OU ADOLESCENTE;;MÃE;PESSOA FÍSICA;FEMININO;;11 ANOS;BR | BRASIL;;;;;NÃO;;;BR | BRASIL;SP;3525508 | JOANÓPOLIS;;;;BRANCA;;;PESSOA FÍSICA;FEMININO;NÃO;40 A 44 ANOS;BR | BRASIL;;;;;NÃO;;NÃO;BR | BRASIL;SP;3525508 | JOANÓPOLIS;NÃO SABE INFORMAR;;;BRANCA;;;;;;;LIBERDADE>DIREITOS INDIVIDUAIS>TRÁFICO DE CRIANÇAS - NACIONAL
2BCEDCE2FDA82419711C2D2F14F6D0A63ED7C669FBF3EE79FE29DE4EEA28EBC0;2024-04-04 11:44:03.013;TELEFÔNICO;NÃO;TERCEIRO;CASA ONDE RESIDE A VÍTIMA E O SUSPEITO;BR | BRASIL;SP;3525508 | JOANÓPOLIS;DIARIAMENTE;HÁ UM MÊS;1;VIOLÊNCIA CONTRA CRIANÇA OU ADOLESCENTE;;MÃE;PESSOA FÍSICA;FEMININO;;11 ANOS;BR | BRASIL;;;;;NÃO;;;BR | BRASIL;SP;3525508 | JOANÓPOLIS;;;;BRANCA;;;PESSOA FÍSICA;MASCULINO;NÃO;25 A 29 ANOS;BR | BRASIL;;;;;NÃO;;NÃO;BR | BRASIL;SP;3538600 | PIRACAIA;TRABALHADOR DO SETOR PRIMÁRIO (AGRICULTURA, PECUÁRIA, MINERAÇÃO, EXTRATIVISMO);;;BRANCA;;;;;;;LIBERDADE>DIREITOS INDIVIDUAIS>TRÁFICO DE PESSOAS - NACIONAL
2BCEDCE2FDA82419711C2D2F14F6D0A63ED7C669FBF3EE79FE29DE4EEA28EBC0;2024-04-04 11:44:03.013;TELEFÔNICO;NÃO;TERCEIRO;CASA ONDE RESIDE A VÍTIMA E O SUSPEITO;BR | BRASIL;SP;3525508 | JOANÓPOLIS;DIARIAMENTE;HÁ UM MÊS;1;VIOLÊNCIA CONTRA CRIANÇA OU ADOLESCENTE;;MÃE;PESSOA FÍSICA;FEMININO;;11 ANOS;BR | BRASIL;;;;;NÃO;;;BR | BRASIL;SP;3525508 | JOANÓPOLIS;;;;BRANCA;;;PESSOA FÍSICA;MASCULINO;NÃO;25 A 29 ANOS;BR | BRASIL;;;;;NÃO;;NÃO;BR | BRASIL;SP;3538600 | PIRACAIA;TRABALHADOR DO SETOR PRIMÁRIO (AGRICULTURA, PECUÁRIA, MINERAÇÃO, EXTRATIVISMO);;;BRANCA;;;;;;;LIBERDADE>DIREITOS INDIVIDUAIS>TRÁFICO DE CRIANÇAS - NACIONAL
4B089790E6C58F94012A84932DFDD4D035B7C7465B8C7741A88DF7585C44FDB5;2024-04-05 12:20:59.783;TELEFÔNICO;NÃO;TERCEIRO;CASA ONDE RESIDE A VÍTIMA E O SUSPEITO;BR | BRASIL;SP;3516200 | FRANCA;DIARIAMENTE;HÁ MAIS DE UM ANO;2;VIOLÊNCIA CONTRA CRIANÇA OU ADOLESCENTE;;NÃO SABE INFORMAR;COMUNIDADE/FAMÍLIA;;;05 ANOS;VE | VENEZUELA;;;;;;;;BR | BRASIL;SP;3516200 | FRANCA;;;;NÃO INFORMADO;;;PESSOA FÍSICA;NÃO INFORMADO;NÃO;;BR | BRASIL;;;;;NÃO;;;BR | BRASIL;SP;3516200 | FRANCA;;;;;;;;;;;LIBERDADE>DIREITOS INDIVIDUAIS>TRÁFICO DE CRIANÇAS - INTERNACIONAL
E49E76CF0C7E9F08FDD0827E46FCB628E714C20E054F25D13AEB72F8C3764B7A;2024-04-08 12:46:17.807;WHATSAPP;SITUAÇÃO FLAGRANTE - ATÉ 24H DA OCORRÊNCIA - SEM FREQUÊNCIA;TERCEIRO;OUTROS;SR | SURINAME;DENUNCIANTE NÃO SOUBE INFORMAR;DENUNCIANTE NÃO SOUBE INFORMAR;NÃO SABE INFORMAR;NÃO SABE INFORMAR;1;VIOLÊNCIA CONTRA CRIANÇA OU ADOLESCENTE;;DESCONHECIDO(A);PESSOA FÍSICA;FEMININO;;09 ANOS;BR | BRASIL;;;;;NÃO;;;BR | BRASIL;AM;1300706 | BOCA DO ACRE;;;;BRANCA;;;PESSOA FÍSICA;NÃO INFORMADO;NÃO;NÃO INFORMADO;BR | BRASIL;;;;;NÃO;;NÃO INFORMADO;BR | BRASIL;DENUNCIANTE NÃO SOUBE INFORMAR;DENUNCIANTE NÃO SOUBE INFORMAR;NÃO SABE INFORMAR;;;;;;;;;;LIBERDADE>DIREITOS INDIVIDUAIS>TRÁFICO DE CRIANÇAS - INTERNACIONAL
F6AEFF57CE18973C878C528340C04E49916E99C9CC3F473B2C886CCB0391B988;2024-04-15 01:19:05.847;TELEFÔNICO;NÃO;TERCEIRO;CASA DA VÍTIMA;BR | BRASIL;RN;2412005 | SÃO GONÇALO DO AMARANTE;DIARIAMENTE;HÁ MAIS DE DEZ ANOS;1;VIOLÊNCIA CONTRA CRIANÇA OU ADOLESCENTE;AGRAVANTE.COM FINS CORRETIVOS;OUTROS;PESSOA FÍSICA;NÃO INFORMADO;NÃO;03 ANOS;BR | BRASIL;;;;NÃO;NÃO;;NÃO;BR | BRASIL;RN;2412005 | SÃO GONÇALO DO AMARANTE;;;;NÃO INFORMADO;;;PESSOA FÍSICA;MASCULINO;NÃO;20 A 24 ANOS;BR | BRASIL;;;;NÃO;NÃO;;NÃO INFORMADO;BR | BRASIL;RN;2412005 | SÃO GONÇALO DO AMARANTE;NÃO SABE INFORMAR;;;NÃO INFORMADO;;;;;;;LIBERDADE>DIREITOS INDIVIDUAIS>TRÁFICO DE CRIANÇAS - NACIONAL
ADB1BABBD1D53109419A7BA6EBBA5FA1D824B2515C5B6393F86931B8C0C8B8E4;2024-04-19 07:27:09.507;WHATSAPP;NÃO;A PRÓPRIA VÍTIMA;CASA ONDE RESIDE A VÍTIMA E O SUSPEITO;CN | CHINA;;;DIARIAMENTE;HÁ MAIS DE SEIS MESES;1;VIOLÊNCIA CONTRA CIDADÃO, FAMÍLIA OU COMUNIDADE;;EMPREGADO (HIERARQUICAMENTE INFERIOR);PESSOA FÍSICA;MASCULINO;NÃO;30 A 34 ANOS;BR | BRASIL;;;;;NÃO;;NÃO;CN | CHINA;;;;SUPERIOR INCOMPLETO;;BRANCA;;;PESSOA JURÍDICA DE DIREITO PRIVADO;;;;BR | BRASIL;;;;;;;;CN | CHINA;;;;;;;;;;OUTRAS ATIVIDADES DE SERVIÇOS;;;LIBERDADE>DIREITOS INDIVIDUAIS>TRÁFICO DE PESSOAS - NACIONAL
FFA88056CD459EC96B47BEF133E366C64CC20CCACBFF0A24C79E62E9AF06885E;2024-04-25 15:10:32.683;TELEFÔNICO;NÃO;TERCEIRO;CASA ONDE RESIDE A VÍTIMA E O SUSPEITO;BR | BRASIL;SP;3550308 | SÃO PAULO;DIARIAMENTE;HÁ MAIS DE UM ANO;1;VIOLÊNCIA CONTRA CIDADÃO, FAMÍLIA OU COMUNIDADE;;OUTROS;COMUNIDADE/FAMÍLIA;;;25 A 29 ANOS;BR | BRASIL;;;;;;;;BR | BRASIL;SP;3550308 | SÃO PAULO;;;;NÃO INFORMADO;;;PESSOA JURÍDICA DE DIREITO PRIVADO;;;;BR | BRASIL;;;;;;;;BR | BRASIL;SP;3550308 | SÃO PAULO;;;;;;;;TRANSPORTE, ARMAZENAGEM E CORREIO;;;LIBERDADE>DIREITOS INDIVIDUAIS>TRÁFICO DE CRIANÇAS - INTERNACIONAL
FFA88056CD459EC96B47BEF133E366C64CC20CCACBFF0A24C79E62E9AF06885E;2024-04-25 15:10:32.683;TELEFÔNICO;NÃO;TERCEIRO;CASA ONDE RESIDE A VÍTIMA E O SUSPEITO;BR | BRASIL;SP;3550308 | SÃO PAULO;DIARIAMENTE;HÁ MAIS DE UM ANO;1;VIOLÊNCIA CONTRA CIDADÃO, FAMÍLIA OU COMUNIDADE;;OUTROS;COMUNIDADE/FAMÍLIA;;;25 A 29 ANOS;BR | BRASIL;;;;;;;;BR | BRASIL;SP;3550308 | SÃO PAULO;;;;NÃO INFORMADO;;;PESSOA JURÍDICA DE DIREITO PRIVADO;;;;BR | BRASIL;;;;;;;;BR | BRASIL;SP;3550308 | SÃO PAULO;;;;;;;;TRANSPORTE, ARMAZENAGEM E CORREIO;;;LIBERDADE>DIREITOS INDIVIDUAIS>TRÁFICO DE MULHERES - INTERNACIONAL
157C65D8B9F153466FE52E872325A97ABE429165B1AF29149C5BA871EE4A4FA4;2024-04-26 11:15:07.317;TELEFÔNICO;NÃO;TERCEIRO;CASA ONDE RESIDE A VÍTIMA E O SUSPEITO;BR | BRASIL;AC;1200138 | BUJARI;DIARIAMENTE;HÁ UM MÊS;1;VIOLÊNCIA CONTRA CRIANÇA OU ADOLESCENTE;;MÃE;PESSOA FÍSICA;FEMININO;;MENOS DE 01 ANO;BR | BRASIL;;;;;NÃO;;;BR | BRASIL;AC;1200138 | BUJARI;;;;PARDA;;;PESSOA FÍSICA;MASCULINO;NÃO;45 A 49 ANOS;BR | BRASIL;;;;;NÃO;;NÃO;BR | BRASIL;AC;1200138 | BUJARI;OUTROS NÃO LISTADOS;;;BRANCA;;;;;;;LIBERDADE>DIREITOS INDIVIDUAIS>TRÁFICO DE CRIANÇAS - NACIONAL
15E24005DC4468DB0AE967CC132000C3141AF2E67641653A8A3C158E8E68EB73;2024-04-26 11:15:07.317;TELEFÔNICO;NÃO;TERCEIRO;CASA ONDE RESIDE A VÍTIMA E O SUSPEITO;BR | BRASIL;AC;1200138 | BUJARI;DIARIAMENTE;HÁ UM MÊS;1;VIOLÊNCIA CONTRA CRIANÇA OU ADOLESCENTE;;MÃE;PESSOA FÍSICA;FEMININO;;MENOS DE 01 ANO;BR | BRASIL;;;;;NÃO;;;BR | BRASIL;AC;1200138 | BUJARI;;;;PARDA;;;PESSOA FÍSICA;FEMININO;NÃO;40 A 44 ANOS;BR | BRASIL;;;;;NÃO;;NÃO;BR | BRASIL;AC;1200138 | BUJARI;SERVIDOR PÚBLICO MUNICIPAL;;;BRANCA;;;;;;;LIBERDADE>DIREITOS INDIVIDUAIS>TRÁFICO DE CRIANÇAS - NACIONAL
BF1451736B7BF0281F8E2C3F626FA910F7132611D1A7FE5F74D6AF79F954A4E6;2024-05-01 11:19:26.203;TELEFÔNICO;NÃO;TERCEIRO;OUTROS;BR | BRASIL;RN;2408102 | NATAL;OCASIONALMENTE;HÁ MAIS DE DEZ ANOS;1;VIOLÊNCIA CONTRA CRIANÇA OU ADOLESCENTE;OUTRO(S) ELEMENTO(S);OUTROS;PESSOA FÍSICA;FEMININO;;RECÉM-NASCIDO (ATÉ 28 DIAS);BR | BRASIL;;;;NÃO;NÃO;;;BR | BRASIL;RN;2408102 | NATAL;;;;NÃO INFORMADO;;;PESSOA FÍSICA;NÃO SE APLICA - VÍTIMA COMUNIDADE/FAMÍLIA;NÃO;;BR | BRASIL;;;;NÃO;NÃO;;;BR | BRASIL;RN;2408102 | NATAL;NÃO SABE INFORMAR;;;;;;;;;;LIBERDADE>DIREITOS INDIVIDUAIS>TRÁFICO DE CRIANÇAS - INTERNACIONAL
357037FCBD03D1468574A6FEE0F8126643F1680D75266A597D3595C9BFCD37DB;2024-05-02 15:11:17.720;PROCESSO SEI;NÃO;TERCEIRO;CASA ONDE RESIDE A VÍTIMA E O SUSPEITO;BR | BRASIL;DF;5300108 | BRASÍLIA;OCASIONALMENTE;HÁ MAIS DE UM ANO;1;VIOLÊNCIA CONTRA CRIANÇA OU ADOLESCENTE;;PAI;PESSOA FÍSICA;FEMININO;NÃO;CRIANÇA/ADOLESCENTE IDADE NÃO INFORMADA;BR | BRASIL;;;;;NÃO;;NÃO;BR | BRASIL;DF;5300108 | BRASÍLIA;;;;NÃO INFORMADO;;;PESSOA FÍSICA;MASCULINO;NÃO;NÃO INFORMADO;BR | BRASIL;;;;;NÃO;;NÃO;BR | BRASIL;DF;5300108 | BRASÍLIA;NÃO SABE INFORMAR;;;;;;;;;;LIBERDADE>DIREITOS INDIVIDUAIS>TRÁFICO DE CRIANÇAS - NACIONAL
55677FEB41D3D9B42BE11A2B42B5F44FCC0735B07EF87686E6D88BD235E9084B;2024-05-02 15:11:17.720;PROCESSO SEI;NÃO;TERCEIRO;CASA ONDE RESIDE A VÍTIMA E O SUSPEITO;BR | BRASIL;DF;5300108 | BRASÍLIA;OCASIONALMENTE;NÃO SABE INFORMAR;1;VIOLÊNCIA CONTRA CRIANÇA OU ADOLESCENTE;;PAI;PESSOA FÍSICA;FEMININO;;CRIANÇA/ADOLESCENTE IDADE NÃO INFORMADA;BR | BRASIL;;;;;NÃO;;;BR | BRASIL;DF;5300108 | BRASÍLIA;;;;NÃO INFORMADO;;;PESSOA FÍSICA;MASCULINO;NÃO;NÃO INFORMADO;BR | BRASIL;;;;;NÃO;;NÃO;BR | BRASIL;DF;5300108 | BRASÍLIA;NÃO SABE INFORMAR;;;;;;;;;;LIBERDADE>DIREITOS INDIVIDUAIS>TRÁFICO DE CRIANÇAS - NACIONAL
A214974B8FA06310992AF8BFF6C0BB982D87E5B5CAF9DB9D5BD4F12EBF2395E0;2024-05-02 15:11:17.720;PROCESSO SEI;NÃO;TERCEIRO;CASA ONDE RESIDE A VÍTIMA E O SUSPEITO;BR | BRASIL;DF;5300108 | BRASÍLIA;OCASIONALMENTE;NÃO SABE INFORMAR;1;VIOLÊNCIA CONTRA CRIANÇA OU ADOLESCENTE;;PAI;PESSOA FÍSICA;MASCULINO;;CRIANÇA/ADOLESCENTE IDADE NÃO INFORMADA;BR | BRASIL;;;;;NÃO;;;BR | BRASIL;DF;5300108 | BRASÍLIA;;;;NÃO INFORMADO;;;PESSOA FÍSICA;MASCULINO;NÃO;NÃO INFORMADO;BR | BRASIL;;;;;NÃO;;NÃO;BR | BRASIL;DF;5300108 | BRASÍLIA;NÃO SABE INFORMAR;;;;;;;;;;LIBERDADE>DIREITOS INDIVIDUAIS>TRÁFICO DE CRIANÇAS - NACIONAL
1FD56386DA53EFEC10E1ECCC39E36D2C19C572CE5241878488AD91E0B6864183;2024-05-02 16:03:16.063;WHATSAPP;RISCO IMINENTE DE MORTE DA VÍTIMA;A PRÓPRIA VÍTIMA;AMBIENTE DE LAZER/ESPORTE/ENTRETENIMENTO;BR | BRASIL;RJ;3304557 | RIO DE JANEIRO;NÃO SABE INFORMAR;NÃO SABE INFORMAR;1;VIOLÊNCIA CONTRA CIDADÃO, FAMÍLIA OU COMUNIDADE;;DESCONHECIDO(A);PESSOA FÍSICA;MASCULINO;NÃO;40 A 44 ANOS;BR | BRASIL;;;;;NÃO;;NÃO;BR | BRASIL;RJ;3303500 | NOVA IGUAÇU;;;;NÃO INFORMADO;;;PESSOA FÍSICA;FEMININO;NÃO;35 A 39 ANOS;BR | BRASIL;;;;;NÃO;;NÃO;BR | BRASIL;RJ;3304557 | RIO DE JANEIRO;OUTROS NÃO LISTADOS;;NÃO SABE;BRANCA;;;;;;;LIBERDADE>DIREITOS INDIVIDUAIS>TRÁFICO DE PESSOAS - INTERNACIONAL
64F2E6AB1618C7B43C32A743693393654582BF2A59DDEAB0384BD04BCA9D5379;2024-05-09 12:27:18.327;TELEFÔNICO;NÃO;TERCEIRO;ESTABELECIMENTO COMERCIAL;BR | BRASIL;ES;3201209 | CACHOEIRO DE ITAPEMIRIM;DIARIAMENTE;HÁ MAIS DE DEZ ANOS;1;VIOLÊNCIA CONTRA CRIANÇA OU ADOLESCENTE;;DESCONHECIDO(A);COMUNIDADE/FAMÍLIA;;NÃO;CRIANÇA/ADOLESCENTE IDADE NÃO INFORMADA;BR | BRASIL;;;;;;;NÃO;BR | BRASIL;ES;3201209 | CACHOEIRO DE ITAPEMIRIM;;;;NÃO INFORMADO;;;PESSOA FÍSICA;FEMININO;NÃO;50 A 54 ANOS;BR | BRASIL;;;;;NÃO;;NÃO;BR | BRASIL;ES;3201209 | CACHOEIRO DE ITAPEMIRIM;OUTROS NÃO LISTADOS;;;NÃO INFORMADO;;;;;;;LIBERDADE>DIREITOS INDIVIDUAIS>TRÁFICO DE CRIANÇAS - NACIONAL
0E4420CDAE9D23EB138F1DF7ECC94FB72B93E32A5145E2208684E7E454F48AC2;2024-05-15 22:22:34.000;TELEFÔNICO;NÃO;TERCEIRO;CASA ONDE RESIDE A VÍTIMA E O SUSPEITO;GB | REINO UNIDO;DENUNCIANTE NÃO SOUBE INFORMAR;DENUNCIANTE NÃO SOUBE INFORMAR;NÃO SABE INFORMAR;NÃO SABE INFORMAR;1;VIOLÊNCIA CONTRA CIDADÃO, FAMÍLIA OU COMUNIDADE;;PAI;PESSOA FÍSICA;MASCULINO;HOMOSSEXUAL.GAY;20 A 24 ANOS;BR | BRASIL;;;;;NÃO;;NÃO;GB | REINO UNIDO;DENUNCIANTE NÃO SOUBE INFORMAR;DENUNCIANTE NÃO SOUBE INFORMAR;;;;BRANCA;;;PESSOA FÍSICA;MASCULINO;NÃO;;BR | BRASIL;;;;;NÃO;;;GB | REINO UNIDO;DENUNCIANTE NÃO SOUBE INFORMAR;DENUNCIANTE NÃO SOUBE INFORMAR;;;;;;;;;;;LIBERDADE>DIREITOS INDIVIDUAIS>TRÁFICO DE PESSOAS - INTERNACIONAL
0E4420CDAE9D23EB138F1DF7ECC94FB72B93E32A5145E2208684E7E454F48AC2;2024-05-15 22:22:34.000;TELEFÔNICO;NÃO;TERCEIRO;CASA ONDE RESIDE A VÍTIMA E O SUSPEITO;GB | REINO UNIDO;DENUNCIANTE NÃO SOUBE INFORMAR;DENUNCIANTE NÃO SOUBE INFORMAR;NÃO SABE INFORMAR;NÃO SABE INFORMAR;1;VIOLÊNCIA CONTRA POPULAÇÃO LGBTQIA+;;PAI;PESSOA FÍSICA;MASCULINO;HOMOSSEXUAL.GAY;20 A 24 ANOS;BR | BRASIL;;;;;NÃO;;NÃO;GB | REINO UNIDO;DENUNCIANTE NÃO SOUBE INFORMAR;DENUNCIANTE NÃO SOUBE INFORMAR;;;;BRANCA;;;PESSOA FÍSICA;MASCULINO;NÃO;;BR | BRASIL;;;;;NÃO;;;GB | REINO UNIDO;DENUNCIANTE NÃO SOUBE INFORMAR;DENUNCIANTE NÃO SOUBE INFORMAR;;;;;;;;;;;LIBERDADE>DIREITOS INDIVIDUAIS>TRÁFICO DE PESSOAS - INTERNACIONAL
289ADF6991BC1367EAE29F93A9714F7CF152DCD11EB77374E91E07A43093704B;2024-05-21 18:19:44.453;TELEFÔNICO;NÃO;TERCEIRO;CASA DO SUSPEITO;BR | BRASIL;ES;3203320 | MARATAÍZES;SEMANALMENTE;HÁ MAIS DE UM ANO;1;VIOLÊNCIA CONTRA CRIANÇA OU ADOLESCENTE;;DESCONHECIDO(A);COMUNIDADE/FAMÍLIA;;;CRIANÇA/ADOLESCENTE IDADE NÃO INFORMADA;BR | BRASIL;;;;;;;;BR | BRASIL;DENUNCIANTE NÃO SOUBE INFORMAR;DENUNCIANTE NÃO SOUBE INFORMAR;;;;NÃO INFORMADO;;;PESSOA FÍSICA;FEMININO;NÃO;60 A 64 ANOS;BR | BRASIL;;;;;NÃO;;NÃO;BR | BRASIL;ES;3203320 | MARATAÍZES;NÃO SABE INFORMAR;;;BRANCA;;;;;;;LIBERDADE>DIREITOS INDIVIDUAIS>TRÁFICO DE CRIANÇAS - NACIONAL
E6CE70DE10A86079CB2EC9B8C5C424608C2E5B5DE110E2A90EE92323ACC60239;2024-05-21 18:19:44.453;TELEFÔNICO;NÃO;TERCEIRO;CASA DO SUSPEITO;BR | BRASIL;ES;3203320 | MARATAÍZES;SEMANALMENTE;HÁ MAIS DE UM ANO;1;VIOLÊNCIA CONTRA CRIANÇA OU ADOLESCENTE;;DESCONHECIDO(A);COMUNIDADE/FAMÍLIA;;;CRIANÇA/ADOLESCENTE IDADE NÃO INFORMADA;BR | BRASIL;;;;;;;;BR | BRASIL;DENUNCIANTE NÃO SOUBE INFORMAR;DENUNCIANTE NÃO SOUBE INFORMAR;;;;NÃO INFORMADO;;;PESSOA FÍSICA;MASCULINO;NÃO;60 A 64 ANOS;BR | BRASIL;;;;;NÃO;;NÃO;BR | BRASIL;ES;3203320 | MARATAÍZES;NÃO SABE INFORMAR;;;PARDA;;;;;;;LIBERDADE>DIREITOS INDIVIDUAIS>TRÁFICO DE CRIANÇAS - NACIONAL
289ADF6991BC1367EAE29F93A9714F7CF152DCD11EB77374E91E07A43093704B;2024-05-21 18:19:44.453;TELEFÔNICO;NÃO;TERCEIRO;CASA DO SUSPEITO;BR | BRASIL;ES;3203320 | MARATAÍZES;SEMANALMENTE;HÁ MAIS DE UM ANO;1;VIOLÊNCIA CONTRA CRIANÇA OU ADOLESCENTE;;DESCONHECIDO(A);COMUNIDADE/FAMÍLIA;;;CRIANÇA/ADOLESCENTE IDADE NÃO INFORMADA;BR | BRASIL;;;;;;;;BR | BRASIL;DENUNCIANTE NÃO SOUBE INFORMAR;DENUNCIANTE NÃO SOUBE INFORMAR;;;;NÃO INFORMADO;;;PESSOA FÍSICA;FEMININO;NÃO;60 A 64 ANOS;BR | BRASIL;;;;;NÃO;;NÃO;BR | BRASIL;ES;3203320 | MARATAÍZES;NÃO SABE INFORMAR;;;BRANCA;;;;;;;LIBERDADE>DIREITOS INDIVIDUAIS>TRÁFICO DE PESSOAS - NACIONAL
E6CE70DE10A86079CB2EC9B8C5C424608C2E5B5DE110E2A90EE92323ACC60239;2024-05-21 18:19:44.453;TELEFÔNICO;NÃO;TERCEIRO;CASA DO SUSPEITO;BR | BRASIL;ES;3203320 | MARATAÍZES;SEMANALMENTE;HÁ MAIS DE UM ANO;1;VIOLÊNCIA CONTRA CRIANÇA OU ADOLESCENTE;;DESCONHECIDO(A);COMUNIDADE/FAMÍLIA;;;CRIANÇA/ADOLESCENTE IDADE NÃO INFORMADA;BR | BRASIL;;;;;;;;BR | BRASIL;DENUNCIANTE NÃO SOUBE INFORMAR;DENUNCIANTE NÃO SOUBE INFORMAR;;;;NÃO INFORMADO;;;PESSOA FÍSICA;MASCULINO;NÃO;60 A 64 ANOS;BR | BRASIL;;;;;NÃO;;NÃO;BR | BRASIL;ES;3203320 | MARATAÍZES;NÃO SABE INFORMAR;;;PARDA;;;;;;;LIBERDADE>DIREITOS INDIVIDUAIS>TRÁFICO DE PESSOAS - NACIONAL
EA491F3FBB8E3BA27B315D586FCCE0506E2750F837422CDBAC3D263C328B3199;2024-05-21 21:16:06.337;TELEFÔNICO;NÃO;TERCEIRO;AMBIENTE VIRTUAL (NO ÂMBITO DA INTERNET);BR | BRASIL;SP;3550308 | SÃO PAULO;DIARIAMENTE;HÁ MAIS DE CINCO ANOS;1;VIOLÊNCIA CONTRA CRIANÇA OU ADOLESCENTE;OUTRO(S) ELEMENTO(S);EX-NAMORADO(A);COMUNIDADE/FAMÍLIA;;;CRIANÇA/ADOLESCENTE IDADE NÃO INFORMADA;BR | BRASIL;;;;NÃO;;;;BR | BRASIL;DENUNCIANTE NÃO SOUBE INFORMAR;DENUNCIANTE NÃO SOUBE INFORMAR;;;;NÃO INFORMADO;;;PESSOA FÍSICA;FEMININO;NÃO;25 A 29 ANOS;BR | BRASIL;;;;NÃO;NÃO;;NÃO INFORMADO;BR | BRASIL;DENUNCIANTE NÃO SOUBE INFORMAR;DENUNCIANTE NÃO SOUBE INFORMAR;NÃO SABE INFORMAR;;;BRANCA;;;;;;;LIBERDADE>DIREITOS INDIVIDUAIS>TRÁFICO DE PESSOAS - NACIONAL
D6BE15FF2874B5E34A46D7E55C9DCE81E6390B18C19B72A47183EF616CC9B158;2024-05-28 09:05:14.440;TELEFÔNICO;NÃO;TERCEIRO;CASA DO SUSPEITO;BR | BRASIL;RJ;3304557 | RIO DE JANEIRO;DIARIAMENTE;HÁ MAIS DE UM ANO;1;VIOLÊNCIA CONTRA CRIANÇA OU ADOLESCENTE;;OUTROS;COMUNIDADE/FAMÍLIA;;;CRIANÇA/ADOLESCENTE IDADE NÃO INFORMADA;BR | BRASIL;;;;;;;;BR | BRASIL;DENUNCIANTE NÃO SOUBE INFORMAR;DENUNCIANTE NÃO SOUBE INFORMAR;;;;NÃO INFORMADO;;;PESSOA FÍSICA;MASCULINO;NÃO;;BR | BRASIL;;;;;NÃO;;;BR | BRASIL;RJ;3304557 | RIO DE JANEIRO;;;;;;;;;;;LIBERDADE>DIREITOS INDIVIDUAIS>TRÁFICO DE CRIANÇAS - INTERNACIONAL
D6BE15FF2874B5E34A46D7E55C9DCE81E6390B18C19B72A47183EF616CC9B158;2024-05-28 09:05:14.440;TELEFÔNICO;NÃO;TERCEIRO;CASA DO SUSPEITO;BR | BRASIL;RJ;3304557 | RIO DE JANEIRO;DIARIAMENTE;HÁ MAIS DE UM ANO;1;VIOLÊNCIA CONTRA CRIANÇA OU ADOLESCENTE;;OUTROS;COMUNIDADE/FAMÍLIA;;;CRIANÇA/ADOLESCENTE IDADE NÃO INFORMADA;BR | BRASIL;;;;;;;;BR | BRASIL;DENUNCIANTE NÃO SOUBE INFORMAR;DENUNCIANTE NÃO SOUBE INFORMAR;;;;NÃO INFORMADO;;;PESSOA FÍSICA;MASCULINO;NÃO;;BR | BRASIL;;;;;NÃO;;;BR | BRASIL;RJ;3304557 | RIO DE JANEIRO;;;;;;;;;;;LIBERDADE>DIREITOS INDIVIDUAIS>TRÁFICO DE CRIANÇAS - NACIONAL
294AB811C463C2B1AD400006D9AE8242ADE68C13F8ECE7600BF6102BEF9BC573;2024-05-28 09:05:14.440;TELEFÔNICO;NÃO;TERCEIRO;CASA DO SUSPEITO;BR | BRASIL;RJ;3304557 | RIO DE JANEIRO;DIARIAMENTE;HÁ MAIS DE UM ANO;1;VIOLÊNCIA CONTRA CRIANÇA OU ADOLESCENTE;;OUTROS;COMUNIDADE/FAMÍLIA;;;CRIANÇA/ADOLESCENTE IDADE NÃO INFORMADA;BR | BRASIL;;;;;;;;BR | BRASIL;DENUNCIANTE NÃO SOUBE INFORMAR;DENUNCIANTE NÃO SOUBE INFORMAR;;;;NÃO INFORMADO;;;PESSOA FÍSICA;MASCULINO;NÃO;;BR | BRASIL;;;;;NÃO;;;BR | BRASIL;RJ;3304557 | RIO DE JANEIRO;;;;;;;;;;;LIBERDADE>DIREITOS INDIVIDUAIS>TRÁFICO DE CRIANÇAS - INTERNACIONAL
294AB811C463C2B1AD400006D9AE8242ADE68C13F8ECE7600BF6102BEF9BC573;2024-05-28 09:05:14.440;TELEFÔNICO;NÃO;TERCEIRO;CASA DO SUSPEITO;BR | BRASIL;RJ;3304557 | RIO DE JANEIRO;DIARIAMENTE;HÁ MAIS DE UM ANO;1;VIOLÊNCIA CONTRA CRIANÇA OU ADOLESCENTE;;OUTROS;COMUNIDADE/FAMÍLIA;;;CRIANÇA/ADOLESCENTE IDADE NÃO INFORMADA;BR | BRASIL;;;;;;;;BR | BRASIL;DENUNCIANTE NÃO SOUBE INFORMAR;DENUNCIANTE NÃO SOUBE INFORMAR;;;;NÃO INFORMADO;;;PESSOA FÍSICA;MASCULINO;NÃO;;BR | BRASIL;;;;;NÃO;;;BR | BRASIL;RJ;3304557 | RIO DE JANEIRO;;;;;;;;;;;LIBERDADE>DIREITOS INDIVIDUAIS>TRÁFICO DE CRIANÇAS - NACIONAL
1BE7417E83B675C272218F165F396D19E0E93CEAA09B54301126166C9230917C;2024-06-01 13:41:44.043;TELEFÔNICO;NÃO;TERCEIRO;EVENTO PÚBLICO;BR | BRASIL;RN;2408102 | NATAL;NÃO SABE INFORMAR;HÁ MAIS DE DEZ ANOS;1;VIOLÊNCIA CONTRA CRIANÇA OU ADOLESCENTE;;OUTROS;PESSOA FÍSICA;NÃO INFORMADO;;CRIANÇA/ADOLESCENTE IDADE NÃO INFORMADA;BR | BRASIL;;;;;NÃO;;;BR | BRASIL;RN;2408102 | NATAL;;ENSINO FUNDAMENTAL COMPLETO;;NÃO INFORMADO;;;PESSOA FÍSICA;MASCULINO;NÃO;30 A 34 ANOS;BR | BRASIL;;;;;NÃO;;NÃO;BR | BRASIL;RN;2407104 | MACAÍBA;OUTROS PROFISSIONAIS LIBERAIS;;;PRETA;;;;;;;LIBERDADE>DIREITOS INDIVIDUAIS>TRÁFICO DE CRIANÇAS - NACIONAL
4503280B269C2A094EA8053799DF38BF714675F0A2F36B44B08EC299716A4BD5;2024-06-01 13:41:44.043;TELEFÔNICO;NÃO;TERCEIRO;EVENTO PÚBLICO;BR | BRASIL;RN;2408102 | NATAL;NÃO SABE INFORMAR;HÁ MAIS DE DEZ ANOS;1;VIOLÊNCIA CONTRA CRIANÇA OU ADOLESCENTE;;OUTROS;PESSOA FÍSICA;NÃO INFORMADO;;CRIANÇA/ADOLESCENTE IDADE NÃO INFORMADA;BR | BRASIL;;;;;NÃO;;;BR | BRASIL;RN;2408102 | NATAL;;ENSINO FUNDAMENTAL COMPLETO;;NÃO INFORMADO;;;PESSOA FÍSICA;FEMININO;NÃO;45 A 49 ANOS;BR | BRASIL;;;;;NÃO;;NÃO;BR | BRASIL;RN;2408102 | NATAL;ADMINISTRADOR;;;BRANCA;;;;;;;LIBERDADE>DIREITOS INDIVIDUAIS>TRÁFICO DE MULHERES - NACIONAL
1BE7417E83B675C272218F165F396D19E0E93CEAA09B54301126166C9230917C;2024-06-01 13:41:44.043;TELEFÔNICO;NÃO;TERCEIRO;EVENTO PÚBLICO;BR | BRASIL;RN;2408102 | NATAL;NÃO SABE INFORMAR;HÁ MAIS DE DEZ ANOS;1;VIOLÊNCIA CONTRA CRIANÇA OU ADOLESCENTE;;OUTROS;PESSOA FÍSICA;NÃO INFORMADO;;CRIANÇA/ADOLESCENTE IDADE NÃO INFORMADA;BR | BRASIL;;;;;NÃO;;;BR | BRASIL;RN;2408102 | NATAL;;ENSINO FUNDAMENTAL COMPLETO;;NÃO INFORMADO;;;PESSOA FÍSICA;MASCULINO;NÃO;30 A 34 ANOS;BR | BRASIL;;;;;NÃO;;NÃO;BR | BRASIL;RN;2407104 | MACAÍBA;OUTROS PROFISSIONAIS LIBERAIS;;;PRETA;;;;;;;LIBERDADE>DIREITOS INDIVIDUAIS>TRÁFICO DE MULHERES - NACIONAL
9FB1F6A6CCDBC5C274F6744F3EFEA00121ABDF1E7F1AEE5A8EC1749F3E5982CA;2024-06-01 13:41:44.043;TELEFÔNICO;NÃO;TERCEIRO;EVENTO PÚBLICO;BR | BRASIL;RN;2408102 | NATAL;NÃO SABE INFORMAR;HÁ MAIS DE DEZ ANOS;1;VIOLÊNCIA CONTRA CRIANÇA OU ADOLESCENTE;;OUTROS;PESSOA FÍSICA;NÃO INFORMADO;;CRIANÇA/ADOLESCENTE IDADE NÃO INFORMADA;BR | BRASIL;;;;;NÃO;;;BR | BRASIL;RN;2408102 | NATAL;;ENSINO FUNDAMENTAL COMPLETO;;NÃO INFORMADO;;;PESSOA FÍSICA;MASCULINO;NÃO;65 A 69 ANOS;BR | BRASIL;;;;;NÃO;;NÃO;BR | BRASIL;RN;2403608 | EXTREMOZ;NÃO SABE INFORMAR;;;BRANCA;;;;;;;LIBERDADE>DIREITOS INDIVIDUAIS>TRÁFICO DE PESSOAS - NACIONAL
1BE7417E83B675C272218F165F396D19E0E93CEAA09B54301126166C9230917C;2024-06-01 13:41:44.043;TELEFÔNICO;NÃO;TERCEIRO;EVENTO PÚBLICO;BR | BRASIL;RN;2408102 | NATAL;NÃO SABE INFORMAR;HÁ MAIS DE DEZ ANOS;1;VIOLÊNCIA CONTRA CRIANÇA OU ADOLESCENTE;;OUTROS;PESSOA FÍSICA;NÃO INFORMADO;;CRIANÇA/ADOLESCENTE IDADE NÃO INFORMADA;BR | BRASIL;;;;;NÃO;;;BR | BRASIL;RN;2408102 | NATAL;;ENSINO FUNDAMENTAL COMPLETO;;NÃO INFORMADO;;;PESSOA FÍSICA;MASCULINO;NÃO;30 A 34 ANOS;BR | BRASIL;;;;;NÃO;;NÃO;BR | BRASIL;RN;2407104 | MACAÍBA;OUTROS PROFISSIONAIS LIBERAIS;;;PRETA;;;;;;;LIBERDADE>DIREITOS INDIVIDUAIS>TRÁFICO DE PESSOAS - NACIONAL
37A235806F88CE8190EC3647C432A9A509AC37C7D82588802EA8B53104A6A3FB;2024-06-01 13:41:44.043;TELEFÔNICO;NÃO;TERCEIRO;EVENTO PÚBLICO;BR | BRASIL;RN;2408102 | NATAL;NÃO SABE INFORMAR;HÁ MAIS DE DEZ ANOS;1;VIOLÊNCIA CONTRA CRIANÇA OU ADOLESCENTE;;OUTROS;PESSOA FÍSICA;NÃO INFORMADO;;CRIANÇA/ADOLESCENTE IDADE NÃO INFORMADA;BR | BRASIL;;;;;NÃO;;;BR | BRASIL;RN;2408102 | NATAL;;ENSINO FUNDAMENTAL COMPLETO;;NÃO INFORMADO;;;PESSOA FÍSICA;MASCULINO;NÃO;35 A 39 ANOS;BR | BRASIL;;;;;NÃO;;NÃO;BR | BRASIL;RN;2412005 | SÃO GONÇALO DO AMARANTE;OUTROS NÃO LISTADOS;;;PRETA;;;;;;;LIBERDADE>DIREITOS INDIVIDUAIS>TRÁFICO DE PESSOAS - NACIONAL
37A235806F88CE8190EC3647C432A9A509AC37C7D82588802EA8B53104A6A3FB;2024-06-01 13:41:44.043;TELEFÔNICO;NÃO;TERCEIRO;EVENTO PÚBLICO;BR | BRASIL;RN;2408102 | NATAL;NÃO SABE INFORMAR;HÁ MAIS DE DEZ ANOS;1;VIOLÊNCIA CONTRA CRIANÇA OU ADOLESCENTE;;OUTROS;PESSOA FÍSICA;NÃO INFORMADO;;CRIANÇA/ADOLESCENTE IDADE NÃO INFORMADA;BR | BRASIL;;;;;NÃO;;;BR | BRASIL;RN;2408102 | NATAL;;ENSINO FUNDAMENTAL COMPLETO;;NÃO INFORMADO;;;PESSOA FÍSICA;MASCULINO;NÃO;35 A 39 ANOS;BR | BRASIL;;;;;NÃO;;NÃO;BR | BRASIL;RN;2412005 | SÃO GONÇALO DO AMARANTE;OUTROS NÃO LISTADOS;;;PRETA;;;;;;;LIBERDADE>DIREITOS INDIVIDUAIS>TRÁFICO DE CRIANÇAS - NACIONAL
4503280B269C2A094EA8053799DF38BF714675F0A2F36B44B08EC299716A4BD5;2024-06-01 13:41:44.043;TELEFÔNICO;NÃO;TERCEIRO;EVENTO PÚBLICO;BR | BRASIL;RN;2408102 | NATAL;NÃO SABE INFORMAR;HÁ MAIS DE DEZ ANOS;1;VIOLÊNCIA CONTRA CRIANÇA OU ADOLESCENTE;;OUTROS;PESSOA FÍSICA;NÃO INFORMADO;;CRIANÇA/ADOLESCENTE IDADE NÃO INFORMADA;BR | BRASIL;;;;;NÃO;;;BR | BRASIL;RN;2408102 | NATAL;;ENSINO FUNDAMENTAL COMPLETO;;NÃO INFORMADO;;;PESSOA FÍSICA;FEMININO;NÃO;45 A 49 ANOS;BR | BRASIL;;;;;NÃO;;NÃO;BR | BRASIL;RN;2408102 | NATAL;ADMINISTRADOR;;;BRANCA;;;;;;;LIBERDADE>DIREITOS INDIVIDUAIS>TRÁFICO DE CRIANÇAS - NACIONAL
DE6A209416EB6B123D63E9FF61C4423E409FAC10CFBC2D9A598A04390D7742FB;2024-06-01 13:41:44.043;TELEFÔNICO;NÃO;TERCEIRO;EVENTO PÚBLICO;BR | BRASIL;RN;2408102 | NATAL;NÃO SABE INFORMAR;HÁ MAIS DE DEZ ANOS;1;VIOLÊNCIA CONTRA CRIANÇA OU ADOLESCENTE;;OUTROS;PESSOA FÍSICA;NÃO INFORMADO;;CRIANÇA/ADOLESCENTE IDADE NÃO INFORMADA;BR | BRASIL;;;;;NÃO;;;BR | BRASIL;RN;2408102 | NATAL;;ENSINO FUNDAMENTAL COMPLETO;;NÃO INFORMADO;;;PESSOA FÍSICA;MASCULINO;NÃO;60 A 64 ANOS;BR | BRASIL;;;;;NÃO;;NÃO;BR | BRASIL;RN;2412005 | SÃO GONÇALO DO AMARANTE;POLICIAL CIVIL;;;PRETA;;;;;;;LIBERDADE>DIREITOS INDIVIDUAIS>TRÁFICO DE PESSOAS - NACIONAL
9FB1F6A6CCDBC5C274F6744F3EFEA00121ABDF1E7F1AEE5A8EC1749F3E5982CA;2024-06-01 13:41:44.043;TELEFÔNICO;NÃO;TERCEIRO;EVENTO PÚBLICO;BR | BRASIL;RN;2408102 | NATAL;NÃO SABE INFORMAR;HÁ MAIS DE DEZ ANOS;1;VIOLÊNCIA CONTRA CRIANÇA OU ADOLESCENTE;;OUTROS;PESSOA FÍSICA;NÃO INFORMADO;;CRIANÇA/ADOLESCENTE IDADE NÃO INFORMADA;BR | BRASIL;;;;;NÃO;;;BR | BRASIL;RN;2408102 | NATAL;;ENSINO FUNDAMENTAL COMPLETO;;NÃO INFORMADO;;;PESSOA FÍSICA;MASCULINO;NÃO;65 A 69 ANOS;BR | BRASIL;;;;;NÃO;;NÃO;BR | BRASIL;RN;2403608 | EXTREMOZ;NÃO SABE INFORMAR;;;BRANCA;;;;;;;LIBERDADE>DIREITOS INDIVIDUAIS>TRÁFICO DE MULHERES - NACIONAL
4503280B269C2A094EA8053799DF38BF714675F0A2F36B44B08EC299716A4BD5;2024-06-01 13:41:44.043;TELEFÔNICO;NÃO;TERCEIRO;EVENTO PÚBLICO;BR | BRASIL;RN;2408102 | NATAL;NÃO SABE INFORMAR;HÁ MAIS DE DEZ ANOS;1;VIOLÊNCIA CONTRA CRIANÇA OU ADOLESCENTE;;OUTROS;PESSOA FÍSICA;NÃO INFORMADO;;CRIANÇA/ADOLESCENTE IDADE NÃO INFORMADA;BR | BRASIL;;;;;NÃO;;;BR | BRASIL;RN;2408102 | NATAL;;ENSINO FUNDAMENTAL COMPLETO;;NÃO INFORMADO;;;PESSOA FÍSICA;FEMININO;NÃO;45 A 49 ANOS;BR | BRASIL;;;;;NÃO;;NÃO;BR | BRASIL;RN;2408102 | NATAL;ADMINISTRADOR;;;BRANCA;;;;;;;LIBERDADE>DIREITOS INDIVIDUAIS>TRÁFICO DE PESSOAS - NACIONAL
37A235806F88CE8190EC3647C432A9A509AC37C7D82588802EA8B53104A6A3FB;2024-06-01 13:41:44.043;TELEFÔNICO;NÃO;TERCEIRO;EVENTO PÚBLICO;BR | BRASIL;RN;2408102 | NATAL;NÃO SABE INFORMAR;HÁ MAIS DE DEZ ANOS;1;VIOLÊNCIA CONTRA CRIANÇA OU ADOLESCENTE;;OUTROS;PESSOA FÍSICA;NÃO INFORMADO;;CRIANÇA/ADOLESCENTE IDADE NÃO INFORMADA;BR | BRASIL;;;;;NÃO;;;BR | BRASIL;RN;2408102 | NATAL;;ENSINO FUNDAMENTAL COMPLETO;;NÃO INFORMADO;;;PESSOA FÍSICA;MASCULINO;NÃO;35 A 39 ANOS;BR | BRASIL;;;;;NÃO;;NÃO;BR | BRASIL;RN;2412005 | SÃO GONÇALO DO AMARANTE;OUTROS NÃO LISTADOS;;;PRETA;;;;;;;LIBERDADE>DIREITOS INDIVIDUAIS>TRÁFICO DE MULHERES - NACIONAL
9FB1F6A6CCDBC5C274F6744F3EFEA00121ABDF1E7F1AEE5A8EC1749F3E5982CA;2024-06-01 13:41:44.043;TELEFÔNICO;NÃO;TERCEIRO;EVENTO PÚBLICO;BR | BRASIL;RN;2408102 | NATAL;NÃO SABE INFORMAR;HÁ MAIS DE DEZ ANOS;1;VIOLÊNCIA CONTRA CRIANÇA OU ADOLESCENTE;;OUTROS;PESSOA FÍSICA;NÃO INFORMADO;;CRIANÇA/ADOLESCENTE IDADE NÃO INFORMADA;BR | BRASIL;;;;;NÃO;;;BR | BRASIL;RN;2408102 | NATAL;;ENSINO FUNDAMENTAL COMPLETO;;NÃO INFORMADO;;;PESSOA FÍSICA;MASCULINO;NÃO;65 A 69 ANOS;BR | BRASIL;;;;;NÃO;;NÃO;BR | BRASIL;RN;2403608 | EXTREMOZ;NÃO SABE INFORMAR;;;BRANCA;;;;;;;LIBERDADE>DIREITOS INDIVIDUAIS>TRÁFICO DE CRIANÇAS - NACIONAL
A82A4A3DB5A9D4DFACA115715B8327BC995EA315D6B899E8C9185C77CACBF55A;2024-06-01 13:41:44.043;TELEFÔNICO;NÃO;TERCEIRO;EVENTO PÚBLICO;BR | BRASIL;RN;2408102 | NATAL;NÃO SABE INFORMAR;HÁ MAIS DE DEZ ANOS;1;VIOLÊNCIA CONTRA CRIANÇA OU ADOLESCENTE;;OUTROS;PESSOA FÍSICA;NÃO INFORMADO;;CRIANÇA/ADOLESCENTE IDADE NÃO INFORMADA;BR | BRASIL;;;;;NÃO;;;BR | BRASIL;RN;2408102 | NATAL;;ENSINO FUNDAMENTAL COMPLETO;;NÃO INFORMADO;;;PESSOA FÍSICA;FEMININO;NÃO;40 A 44 ANOS;BR | BRASIL;;;;;NÃO;;NÃO;BR | BRASIL;RN;2412005 | SÃO GONÇALO DO AMARANTE;DOMÉSTICO/FAXINEIRO;;;BRANCA;;;;;;;LIBERDADE>DIREITOS INDIVIDUAIS>TRÁFICO DE CRIANÇAS - NACIONAL
A82A4A3DB5A9D4DFACA115715B8327BC995EA315D6B899E8C9185C77CACBF55A;2024-06-01 13:41:44.043;TELEFÔNICO;NÃO;TERCEIRO;EVENTO PÚBLICO;BR | BRASIL;RN;2408102 | NATAL;NÃO SABE INFORMAR;HÁ MAIS DE DEZ ANOS;1;VIOLÊNCIA CONTRA CRIANÇA OU ADOLESCENTE;;OUTROS;PESSOA FÍSICA;NÃO INFORMADO;;CRIANÇA/ADOLESCENTE IDADE NÃO INFORMADA;BR | BRASIL;;;;;NÃO;;;BR | BRASIL;RN;2408102 | NATAL;;ENSINO FUNDAMENTAL COMPLETO;;NÃO INFORMADO;;;PESSOA FÍSICA;FEMININO;NÃO;40 A 44 ANOS;BR | BRASIL;;;;;NÃO;;NÃO;BR | BRASIL;RN;2412005 | SÃO GONÇALO DO AMARANTE;DOMÉSTICO/FAXINEIRO;;;BRANCA;;;;;;;LIBERDADE>DIREITOS INDIVIDUAIS>TRÁFICO DE PESSOAS - NACIONAL
9CA5ADA97DA46527ACD0889C7F691A00CC22F1F629CD8FF40431D92CCE99D3B7;2024-06-01 13:41:44.043;TELEFÔNICO;NÃO;TERCEIRO;EVENTO PÚBLICO;BR | BRASIL;RN;2408102 | NATAL;NÃO SABE INFORMAR;HÁ MAIS DE DEZ ANOS;1;VIOLÊNCIA CONTRA CRIANÇA OU ADOLESCENTE;;OUTROS;PESSOA FÍSICA;NÃO INFORMADO;;CRIANÇA/ADOLESCENTE IDADE NÃO INFORMADA;BR | BRASIL;;;;;NÃO;;;BR | BRASIL;RN;2408102 | NATAL;;ENSINO FUNDAMENTAL COMPLETO;;NÃO INFORMADO;;;PESSOA FÍSICA;MASCULINO;NÃO;45 A 49 ANOS;BR | BRASIL;;;;;NÃO;;NÃO;BR | BRASIL;RN;2412005 | SÃO GONÇALO DO AMARANTE;MÉDICO;;;BRANCA;;;;;;;LIBERDADE>DIREITOS INDIVIDUAIS>TRÁFICO DE PESSOAS - NACIONAL
DE6A209416EB6B123D63E9FF61C4423E409FAC10CFBC2D9A598A04390D7742FB;2024-06-01 13:41:44.043;TELEFÔNICO;NÃO;TERCEIRO;EVENTO PÚBLICO;BR | BRASIL;RN;2408102 | NATAL;NÃO SABE INFORMAR;HÁ MAIS DE DEZ ANOS;1;VIOLÊNCIA CONTRA CRIANÇA OU ADOLESCENTE;;OUTROS;PESSOA FÍSICA;NÃO INFORMADO;;CRIANÇA/ADOLESCENTE IDADE NÃO INFORMADA;BR | BRASIL;;;;;NÃO;;;BR | BRASIL;RN;2408102 | NATAL;;ENSINO FUNDAMENTAL COMPLETO;;NÃO INFORMADO;;;PESSOA FÍSICA;MASCULINO;NÃO;60 A 64 ANOS;BR | BRASIL;;;;;NÃO;;NÃO;BR | BRASIL;RN;2412005 | SÃO GONÇALO DO AMARANTE;POLICIAL CIVIL;;;PRETA;;;;;;;LIBERDADE>DIREITOS INDIVIDUAIS>TRÁFICO DE MULHERES - NACIONAL
9CA5ADA97DA46527ACD0889C7F691A00CC22F1F629CD8FF40431D92CCE99D3B7;2024-06-01 13:41:44.043;TELEFÔNICO;NÃO;TERCEIRO;EVENTO PÚBLICO;BR | BRASIL;RN;2408102 | NATAL;NÃO SABE INFORMAR;HÁ MAIS DE DEZ ANOS;1;VIOLÊNCIA CONTRA CRIANÇA OU ADOLESCENTE;;OUTROS;PESSOA FÍSICA;NÃO INFORMADO;;CRIANÇA/ADOLESCENTE IDADE NÃO INFORMADA;BR | BRASIL;;;;;NÃO;;;BR | BRASIL;RN;2408102 | NATAL;;ENSINO FUNDAMENTAL COMPLETO;;NÃO INFORMADO;;;PESSOA FÍSICA;MASCULINO;NÃO;45 A 49 ANOS;BR | BRASIL;;;;;NÃO;;NÃO;BR | BRASIL;RN;2412005 | SÃO GONÇALO DO AMARANTE;MÉDICO;;;BRANCA;;;;;;;LIBERDADE>DIREITOS INDIVIDUAIS>TRÁFICO DE CRIANÇAS - NACIONAL
A82A4A3DB5A9D4DFACA115715B8327BC995EA315D6B899E8C9185C77CACBF55A;2024-06-01 13:41:44.043;TELEFÔNICO;NÃO;TERCEIRO;EVENTO PÚBLICO;BR | BRASIL;RN;2408102 | NATAL;NÃO SABE INFORMAR;HÁ MAIS DE DEZ ANOS;1;VIOLÊNCIA CONTRA CRIANÇA OU ADOLESCENTE;;OUTROS;PESSOA FÍSICA;NÃO INFORMADO;;CRIANÇA/ADOLESCENTE IDADE NÃO INFORMADA;BR | BRASIL;;;;;NÃO;;;BR | BRASIL;RN;2408102 | NATAL;;ENSINO FUNDAMENTAL COMPLETO;;NÃO INFORMADO;;;PESSOA FÍSICA;FEMININO;NÃO;40 A 44 ANOS;BR | BRASIL;;;;;NÃO;;NÃO;BR | BRASIL;RN;2412005 | SÃO GONÇALO DO AMARANTE;DOMÉSTICO/FAXINEIRO;;;BRANCA;;;;;;;LIBERDADE>DIREITOS INDIVIDUAIS>TRÁFICO DE MULHERES - NACIONAL
9CA5ADA97DA46527ACD0889C7F691A00CC22F1F629CD8FF40431D92CCE99D3B7;2024-06-01 13:41:44.043;TELEFÔNICO;NÃO;TERCEIRO;EVENTO PÚBLICO;BR | BRASIL;RN;2408102 | NATAL;NÃO SABE INFORMAR;HÁ MAIS DE DEZ ANOS;1;VIOLÊNCIA CONTRA CRIANÇA OU ADOLESCENTE;;OUTROS;PESSOA FÍSICA;NÃO INFORMADO;;CRIANÇA/ADOLESCENTE IDADE NÃO INFORMADA;BR | BRASIL;;;;;NÃO;;;BR | BRASIL;RN;2408102 | NATAL;;ENSINO FUNDAMENTAL COMPLETO;;NÃO INFORMADO;;;PESSOA FÍSICA;MASCULINO;NÃO;45 A 49 ANOS;BR | BRASIL;;;;;NÃO;;NÃO;BR | BRASIL;RN;2412005 | SÃO GONÇALO DO AMARANTE;MÉDICO;;;BRANCA;;;;;;;LIBERDADE>DIREITOS INDIVIDUAIS>TRÁFICO DE MULHERES - NACIONAL
DE6A209416EB6B123D63E9FF61C4423E409FAC10CFBC2D9A598A04390D7742FB;2024-06-01 13:41:44.043;TELEFÔNICO;NÃO;TERCEIRO;EVENTO PÚBLICO;BR | BRASIL;RN;2408102 | NATAL;NÃO SABE INFORMAR;HÁ MAIS DE DEZ ANOS;1;VIOLÊNCIA CONTRA CRIANÇA OU ADOLESCENTE;;OUTROS;PESSOA FÍSICA;NÃO INFORMADO;;CRIANÇA/ADOLESCENTE IDADE NÃO INFORMADA;BR | BRASIL;;;;;NÃO;;;BR | BRASIL;RN;2408102 | NATAL;;ENSINO FUNDAMENTAL COMPLETO;;NÃO INFORMADO;;;PESSOA FÍSICA;MASCULINO;NÃO;60 A 64 ANOS;BR | BRASIL;;;;;NÃO;;NÃO;BR | BRASIL;RN;2412005 | SÃO GONÇALO DO AMARANTE;POLICIAL CIVIL;;;PRETA;;;;;;;LIBERDADE>DIREITOS INDIVIDUAIS>TRÁFICO DE CRIANÇAS - NACIONAL
39E9E8BAEE5B44D335741574623E6C40F00B522836716FC1196E235ED60C103C;2024-06-04 11:03:29.907;TELEFÔNICO;NÃO;TERCEIRO;CASA ONDE RESIDE A VÍTIMA E O SUSPEITO;BR | BRASIL;GO;5201306 | ANICUNS;DIARIAMENTE;HÁ UM MÊS;1;VIOLÊNCIA CONTRA CRIANÇA OU ADOLESCENTE;;MÃE;PESSOA FÍSICA;MASCULINO;NÃO;MENOS DE 01 ANO;BR | BRASIL;;;;;NÃO;;NÃO;BR | BRASIL;GO;5201306 | ANICUNS;;;;BRANCA;;;PESSOA FÍSICA;FEMININO;HOMOSSEXUAL.LÉSBICA;30 A 34 ANOS;BR | BRASIL;;;;;NÃO;;NÃO;BR | BRASIL;GO;5201306 | ANICUNS;NÃO SABE INFORMAR;;;BRANCA;;;;;;;LIBERDADE>DIREITOS INDIVIDUAIS>TRÁFICO DE CRIANÇAS - NACIONAL
AB3606439868F83215BBFF242B9455CF0B4ECC1C8A909A379E878B79BF6D21DF;2024-06-05 11:19:51.430;PROCESSO SEI;NÃO;TERCEIRO;OUTROS;BR | BRASIL;ES;3202405 | GUARAPARI;NÃO SABE INFORMAR;NÃO SABE INFORMAR;1;VIOLÊNCIA CONTRA CRIANÇA OU ADOLESCENTE;;FUNCIONÁRIO, VOLUNTÁRIO OU PRESTADOR DE SERVIÇO PARA INSTITUIÇÃO;PESSOA FÍSICA;FEMININO;NÃO;15 ANOS;BR | BRASIL;;;;;NÃO;;NÃO;BR | BRASIL;ES;3202405 | GUARAPARI;;;;PRETA;;;ÓRGÃO PÚBLICO;;;;BR | BRASIL;;;;;;;;BR | BRASIL;ES;3202405 | GUARAPARI;;;;;;;;PODER EXECUTIVO EM GERAL ? ESTADUAL/DISTRITO FEDERAL;;;LIBERDADE>DIREITOS INDIVIDUAIS>TRÁFICO DE MULHERES - NACIONAL
861A085A3E7E190512F7A0C8E380A2DFE74D9A235772E60C825199635C300F99;2024-06-05 11:19:51.430;PROCESSO SEI;NÃO;TERCEIRO;OUTROS;BR | BRASIL;ES;3202405 | GUARAPARI;NÃO SABE INFORMAR;NÃO SABE INFORMAR;1;VIOLÊNCIA CONTRA CIDADÃO, FAMÍLIA OU COMUNIDADE;;FUNCIONÁRIO, VOLUNTÁRIO OU PRESTADOR DE SERVIÇO PARA INSTITUIÇÃO;PESSOA FÍSICA;NÃO INFORMADO;NÃO;30 A 34 ANOS;BR | BRASIL;;;;;NÃO;;NÃO;BR | BRASIL;RJ;3304557 | RIO DE JANEIRO;;;;NÃO INFORMADO;;;ÓRGÃO PÚBLICO;;;;BR | BRASIL;;;;;;;;BR | BRASIL;ES;3202405 | GUARAPARI;;;;;;;;PODER EXECUTIVO EM GERAL ? ESTADUAL/DISTRITO FEDERAL;;;LIBERDADE>DIREITOS INDIVIDUAIS>TRÁFICO DE PESSOAS - NACIONAL
CDA5F3F0D3751559A20B11B480B1839DC4EB87D8181D54F91D96AAB603EC6AA3;2024-06-10 07:20:11.603;TELEFÔNICO;NÃO;TERCEIRO;CASA DO SUSPEITO;BR | BRASIL;ES;3205002 | SERRA;DIARIAMENTE;HÁ MAIS DE UM ANO;1;VIOLÊNCIA CONTRA CRIANÇA OU ADOLESCENTE;;OUTROS;PESSOA FÍSICA;FEMININO;NÃO;15 ANOS;BR | BRASIL;;;;;NÃO;;NÃO;BR | BRASIL;DENUNCIANTE NÃO SOUBE INFORMAR;DENUNCIANTE NÃO SOUBE INFORMAR;ESTUDANTE;;;BRANCA;;;PESSOA FÍSICA;MASCULINO;NÃO;65 A 69 ANOS;BR | BRASIL;;;;;NÃO;;NÃO;BR | BRASIL;ES;3205002 | SERRA;NÃO SABE INFORMAR;;;PRETA;;;;;;;LIBERDADE>DIREITOS INDIVIDUAIS>TRÁFICO DE CRIANÇAS - NACIONAL
2FC18FEE451BFA1F503E3836B808429E4F7090D8577C4B02250784E6C193992F;2024-06-10 07:20:11.603;TELEFÔNICO;NÃO;TERCEIRO;CASA DO SUSPEITO;BR | BRASIL;ES;3205002 | SERRA;DIARIAMENTE;HÁ MAIS DE UM ANO;1;VIOLÊNCIA CONTRA CRIANÇA OU ADOLESCENTE;;OUTROS;PESSOA FÍSICA;FEMININO;NÃO;15 ANOS;BR | BRASIL;;;;;NÃO;;NÃO;BR | BRASIL;DENUNCIANTE NÃO SOUBE INFORMAR;DENUNCIANTE NÃO SOUBE INFORMAR;ESTUDANTE;;;BRANCA;;;PESSOA FÍSICA;MASCULINO;NÃO;45 A 49 ANOS;BR | BRASIL;;;;;NÃO;;NÃO;BR | BRASIL;DENUNCIANTE NÃO SOUBE INFORMAR;DENUNCIANTE NÃO SOUBE INFORMAR;NÃO SABE INFORMAR;;;PRETA;;;;;;;LIBERDADE>DIREITOS INDIVIDUAIS>TRÁFICO DE CRIANÇAS - NACIONAL
C5830C22E35CE3C1C326B787AE073A7B57A711B77BEBFB84714FF0DCF3E52954;2024-06-10 07:20:11.603;TELEFÔNICO;NÃO;TERCEIRO;CASA DO SUSPEITO;BR | BRASIL;ES;3205002 | SERRA;DIARIAMENTE;HÁ MAIS DE UM ANO;1;VIOLÊNCIA CONTRA CRIANÇA OU ADOLESCENTE;;OUTROS;PESSOA FÍSICA;FEMININO;NÃO;15 ANOS;BR | BRASIL;;;;;NÃO;;NÃO;BR | BRASIL;DENUNCIANTE NÃO SOUBE INFORMAR;DENUNCIANTE NÃO SOUBE INFORMAR;ESTUDANTE;;;BRANCA;;;PESSOA FÍSICA;FEMININO;NÃO;55 A 59 ANOS;BR | BRASIL;;;;;NÃO;;NÃO;BR | BRASIL;DENUNCIANTE NÃO SOUBE INFORMAR;DENUNCIANTE NÃO SOUBE INFORMAR;NÃO SABE INFORMAR;;;PARDA;;;;;;;LIBERDADE>DIREITOS INDIVIDUAIS>TRÁFICO DE CRIANÇAS - NACIONAL
4D013630740D04027E0D6ED5DB54D9DF2B2C475676C89601B768E57D30BBE1C8;2024-06-10 07:20:11.603;TELEFÔNICO;NÃO;TERCEIRO;CASA DO SUSPEITO;BR | BRASIL;ES;3205002 | SERRA;DIARIAMENTE;HÁ MAIS DE UM ANO;1;VIOLÊNCIA CONTRA CRIANÇA OU ADOLESCENTE;;OUTROS;PESSOA FÍSICA;FEMININO;NÃO;15 ANOS;BR | BRASIL;;;;;NÃO;;NÃO;BR | BRASIL;DENUNCIANTE NÃO SOUBE INFORMAR;DENUNCIANTE NÃO SOUBE INFORMAR;ESTUDANTE;;;BRANCA;;;PESSOA FÍSICA;FEMININO;NÃO;55 A 59 ANOS;BR | BRASIL;;;;;NÃO;;NÃO;BR | BRASIL;DENUNCIANTE NÃO SOUBE INFORMAR;DENUNCIANTE NÃO SOUBE INFORMAR;CONSELHEIRO TUTELAR;;;BRANCA;;;;;;;LIBERDADE>DIREITOS INDIVIDUAIS>TRÁFICO DE CRIANÇAS - NACIONAL
BDF279E59BFCB036C0FFEB8B42960F8526DAFC0F144ECD798D40F73AEE9B038F;2024-06-10 07:20:11.603;TELEFÔNICO;NÃO;TERCEIRO;CASA DO SUSPEITO;BR | BRASIL;ES;3205002 | SERRA;DIARIAMENTE;HÁ MAIS DE UM ANO;1;VIOLÊNCIA CONTRA CRIANÇA OU ADOLESCENTE;;OUTROS;PESSOA FÍSICA;FEMININO;NÃO;15 ANOS;BR | BRASIL;;;;;NÃO;;NÃO;BR | BRASIL;DENUNCIANTE NÃO SOUBE INFORMAR;DENUNCIANTE NÃO SOUBE INFORMAR;ESTUDANTE;;;BRANCA;;;PESSOA FÍSICA;FEMININO;NÃO;55 A 59 ANOS;BR | BRASIL;;;;;NÃO;;NÃO;BR | BRASIL;ES;3205002 | SERRA;NÃO SABE INFORMAR;;;PARDA;;;;;;;LIBERDADE>DIREITOS INDIVIDUAIS>TRÁFICO DE CRIANÇAS - NACIONAL
0461D26F447CCA7BD428A6E560B78F9C0D9B46BF3643437DF6DE5C4D61D25887;2024-06-14 14:00:00.420;TELEFÔNICO;NÃO;TERCEIRO;AMBIENTE VIRTUAL (NO ÂMBITO DA INTERNET);BR | BRASIL;DENUNCIANTE NÃO SOUBE INFORMAR;DENUNCIANTE NÃO SOUBE INFORMAR;ÚNICA OCORRÊNCIA;NÃO SE APLICA;1;VIOLÊNCIA CONTRA CRIANÇA OU ADOLESCENTE;;MÃE;PESSOA FÍSICA;FEMININO;;RECÉM-NASCIDO (ATÉ 28 DIAS);BR | BRASIL;;;;;NÃO;;;BR | BRASIL;DENUNCIANTE NÃO SOUBE INFORMAR;DENUNCIANTE NÃO SOUBE INFORMAR;;;;PARDA;;;PESSOA FÍSICA;FEMININO;NÃO;20 A 24 ANOS;BR | BRASIL;;;;;NÃO;;NÃO;BR | BRASIL;DENUNCIANTE NÃO SOUBE INFORMAR;DENUNCIANTE NÃO SOUBE INFORMAR;NÃO SABE INFORMAR;;;PRETA;;;;;;;LIBERDADE>DIREITOS INDIVIDUAIS>TRÁFICO DE CRIANÇAS - NACIONAL
18430442CA14EB65892507DA9EBF5A39645EC2D5799D6BD84AA0BF4897DEC819;2024-06-14 14:00:00.420;TELEFÔNICO;NÃO;TERCEIRO;AMBIENTE VIRTUAL (NO ÂMBITO DA INTERNET);BR | BRASIL;DENUNCIANTE NÃO SOUBE INFORMAR;DENUNCIANTE NÃO SOUBE INFORMAR;ÚNICA OCORRÊNCIA;NÃO SE APLICA;1;VIOLÊNCIA CONTRA CRIANÇA OU ADOLESCENTE;;MÃE;PESSOA FÍSICA;FEMININO;;RECÉM-NASCIDO (ATÉ 28 DIAS);BR | BRASIL;;;;;NÃO;;;BR | BRASIL;DENUNCIANTE NÃO SOUBE INFORMAR;DENUNCIANTE NÃO SOUBE INFORMAR;;;;PARDA;;;PESSOA FÍSICA;FEMININO;NÃO;NÃO INFORMADO;BR | BRASIL;;;;;NÃO;;NÃO;BR | BRASIL;DENUNCIANTE NÃO SOUBE INFORMAR;DENUNCIANTE NÃO SOUBE INFORMAR;NÃO SABE INFORMAR;;;;;;;;;;LIBERDADE>DIREITOS INDIVIDUAIS>TRÁFICO DE CRIANÇAS - NACIONAL
8C4C7D3F944153DB2CB17221AF975EF604ADB4D9A649F5DA35CFB2E7250AF3B2;2024-06-20 20:41:07.593;WHATSAPP;NÃO;TERCEIRO;ESTABELECIMENTO DE SAÚDE;BR | BRASIL;SP;3550308 | SÃO PAULO;NÃO SABE INFORMAR;NÃO SABE INFORMAR;1;VIOLÊNCIA CONTRA CRIANÇA OU ADOLESCENTE;;OUTROS;PESSOA FÍSICA;FEMININO;NÃO;16 ANOS;BR | BRASIL;;;;;NÃO;;NÃO;BR | BRASIL;DENUNCIANTE NÃO SOUBE INFORMAR;DENUNCIANTE NÃO SOUBE INFORMAR;;;;NÃO INFORMADO;;;PESSOA JURÍDICA DE DIREITO PRIVADO;;;;BR | BRASIL;;;;;;;;BR | BRASIL;SP;3550308 | SÃO PAULO;;;;;;;;SAÚDE HUMANA E SERVIÇOS SOCIAIS;;;LIBERDADE>DIREITOS INDIVIDUAIS>TRÁFICO DE CRIANÇAS - INTERNACIONAL
6BCA4C630707A5E0118C6576EE17EF1BEB496769B532117153253E0A13285EDD;2024-06-21 16:00:26.953;PROCESSO SEI;NÃO;TERCEIRO;OUTROS;BR | BRASIL;AP;1600105 | AMAPÁ;DIARIAMENTE;NÃO SABE INFORMAR;1;VIOLÊNCIA CONTRA CRIANÇA OU ADOLESCENTE;;FUNCIONÁRIO, VOLUNTÁRIO OU PRESTADOR DE SERVIÇO PARA INSTITUIÇÃO;COMUNIDADE/FAMÍLIA;;;CRIANÇA/ADOLESCENTE IDADE NÃO INFORMADA;BR | BRASIL;;;;;;;;BR | BRASIL;AP;1600105 | AMAPÁ;;;;NÃO INFORMADO;;;ÓRGÃO PÚBLICO;;;;BR | BRASIL;;;;;;;;BR | BRASIL;AP;1600105 | AMAPÁ;;;;;;;;SEGURANÇA PÚBLICA, FORÇAS ARMADAS, DEFESA CIVIL, BOMBEIROS E ASSEMELHADOS ? ESTADUAL/DISTRITO FEDERAL;;;LIBERDADE>DIREITOS INDIVIDUAIS>TRÁFICO DE CRIANÇAS - INTERNACIONAL
6BCA4C630707A5E0118C6576EE17EF1BEB496769B532117153253E0A13285EDD;2024-06-21 16:00:26.953;PROCESSO SEI;NÃO;TERCEIRO;OUTROS;BR | BRASIL;AP;1600105 | AMAPÁ;DIARIAMENTE;NÃO SABE INFORMAR;1;VIOLÊNCIA CONTRA CRIANÇA OU ADOLESCENTE;;FUNCIONÁRIO, VOLUNTÁRIO OU PRESTADOR DE SERVIÇO PARA INSTITUIÇÃO;COMUNIDADE/FAMÍLIA;;;CRIANÇA/ADOLESCENTE IDADE NÃO INFORMADA;BR | BRASIL;;;;;;;;BR | BRASIL;AP;1600105 | AMAPÁ;;;;NÃO INFORMADO;;;ÓRGÃO PÚBLICO;;;;BR | BRASIL;;;;;;;;BR | BRASIL;AP;1600105 | AMAPÁ;;;;;;;;SEGURANÇA PÚBLICA, FORÇAS ARMADAS, DEFESA CIVIL, BOMBEIROS E ASSEMELHADOS ? ESTADUAL/DISTRITO FEDERAL;;;LIBERDADE>DIREITOS INDIVIDUAIS>TRÁFICO DE CRIANÇAS - NACIONAL
0C142B5DEBA7CC6FACAC86309C5467A20DD929C3F1A5E0ED57A63C10694FECAC;2024-06-21 21:44:25.733;TELEFÔNICO;NÃO;A PRÓPRIA VÍTIMA;CASA DA VÍTIMA;BR | BRASIL;BA;2905701 | CAMAÇARI;DIARIAMENTE;HÁ MAIS DE UM ANO;1;VIOLÊNCIA CONTRA CIDADÃO, FAMÍLIA OU COMUNIDADE;;OUTROS;PESSOA FÍSICA;MASCULINO;NÃO;20 A 24 ANOS;BR | BRASIL;;;;;NÃO;;NÃO;BR | BRASIL;BA;2905701 | CAMAÇARI;NÃO SABE INFORMAR;SUPERIOR COMPLETO;;BRANCA;;;ÓRGÃO PÚBLICO;;;;BR | BRASIL;;;;;;;;BR | BRASIL;SP;3554102 | TAUBATÉ;;;;;;;;SEGURANÇA PÚBLICA, FORÇAS ARMADAS, DEFESA CIVIL, BOMBEIROS E ASSEMELHADOS ? ESTADUAL/DISTRITO FEDERAL;;;LIBERDADE>DIREITOS INDIVIDUAIS>TRÁFICO DE PESSOAS - NACIONAL
56115E06605A841F311FA37967E1E9C333E8438ABA6C6253B15578E0F07329EB;2024-06-25 10:23:12.680;TELEFÔNICO;NÃO;TERCEIRO;LOCAL DE TRABALHO DA VÍTIMA;BR | BRASIL;MS;5007703 | SETE QUEDAS;DIARIAMENTE;HÁ UM MÊS;1;VIOLÊNCIA CONTRA CIDADÃO, FAMÍLIA OU COMUNIDADE;;EMPREGADOR/PATRÃO (HIERARQUICAMENTE SUPERIOR);PESSOA FÍSICA;NÃO INFORMADO;NÃO;25 A 29 ANOS;BR | BRASIL;;;;;NÃO;;NÃO;BR | BRASIL;MS;5007703 | SETE QUEDAS;;;;NÃO INFORMADO;;;PESSOA JURÍDICA DE DIREITO PRIVADO;;;;BR | BRASIL;;;;;;;;BR | BRASIL;MS;5007703 | SETE QUEDAS;;;;;;;;OUTRAS ATIVIDADES DE SERVIÇOS;;;LIBERDADE>DIREITOS INDIVIDUAIS>TRÁFICO DE PESSOAS - INTERNACIONAL
