hash;data_de_cadastro;canal_de_atendimento;denuncia_emergencial;denunciante;cenario_da_violacao;pais;uf;municipio;frequencia;inicio_das_violacoes;sl_quantidade_vitimas;grupo_vulneravel;motivacao;relacao_vitima_suspeito;sl_vitima_cadastro;genero_da_vitima;orientacao_sexual_da_vitima;faixa_etaria_da_vitima;nacionalidade_da_vitima;sl_vitima_naturalidade;sl_vitima_naturalizado_uf;sl_vitima_naturalizado_municipio;deficiencia_da_vitima;doenca_rara_da_vitima;deficiencia_relacionada_a_doenca_rara;vitima_preso_a;pais_da_vitima;uf_da_vitima;municipio_da_vitima;profissao_da_vitima;grau_de_instrucao_da_vitima;religiao_da_vitima;raca_cor_da_vitima;etnia_da_vitima;faixa_de_renda_da_vitima;natureza_juridica_do_suspeito;genero_do_suspeito;orientacao_sexual_do_suspeito;faixa_etaria_do_suspeito;suspeito_nacionalidade;sl_suspeito_naturalidade;sl_suspeito_naturalizado_uf;sl_suspeito_naturalizado_municipio;deficiencia_do_suspeito;doenca_rara_do_suspeito;deficiencia_relacionada_a_doenca_rara_suspeito;suspeito_preso;pais_do_suspeito;uf_do_suspeito;sl_suspeito_municipio;profissao_do_suspeito;grau_de_instrucao_do_suspeito;religiao_do_suspeito;raca_cor_do_suspeito;suspeito_etnia;faixa_de_renda_do_suspeito;vinculo_orgao_pj_do_suspeito;sl_suspeito_ramo;suspeito_especificacao_etnia;vitima_especificacao_etnia;violacao
C92C4E7C0847DA0DDC6422EDF667E5B9CCF7C044246C64504CBF0DC36061903A;2025-07-02 13:51:57.783;TELEFÔNICO;NÃO;TERCEIRO;LOCAL DE TRABALHO DO AGRESSOR;CL | CHILE;DENUNCIANTE NÃO SOUBE INFORMAR;DENUNCIANTE NÃO SOUBE INFORMAR;DIARIAMENTE;HÁ MAIS DE UM ANO;1;VIOLÊNCIA CONTRA CIDADÃO, FAMÍLIA OU COMUNIDADE;;OUTROS;COMUNIDADE/FAMÍLIA;;;30 A 34 ANOS;BR | BRASIL;;;;;;;;BO | BOLÍVIA;DENUNCIANTE NÃO SOUBE INFORMAR;DENUNCIANTE NÃO SOUBE INFORMAR;;;;NÃO INFORMADO;;;PESSOA JURÍDICA DE DIREITO PRIVADO;;;;BR | BRASIL;;;;;;;;CL | CHILE;DENUNCIANTE NÃO SOUBE INFORMAR;DENUNCIANTE NÃO SOUBE INFORMAR;;;;;;;;OUTRAS ATIVIDADES DE SERVIÇOS;;;LIBERDADE>DIREITOS INDIVIDUAIS>TRÁFICO DE PESSOAS - INTERNACIONAL
433A7D1BEB88B2BC66FA548554A2D08F68DB022CA24F183A3E426FF512F066F3;2025-07-03 20:27:36.717;TELEFÔNICO;NÃO;TERCEIRO;CASA DA VÍTIMA;BQ | PAÍSES BAIXOS CARIBENHOS;;;DIARIAMENTE;HÁ UM MÊS;1;VIOLÊNCIA CONTRA CRIANÇA OU ADOLESCENTE;;AMIGO(A);PESSOA FÍSICA;MASCULINO;;10 ANOS;BR | BRASIL;;;;;NÃO;;;BQ | PAÍSES BAIXOS CARIBENHOS;;;;;;BRANCA;;;PESSOA FÍSICA;MASCULINO;NÃO;40 A 44 ANOS;IT | ITÁLIA;;;;;NÃO;;NÃO;BQ | PAÍSES BAIXOS CARIBENHOS;;;OUTROS NÃO LISTADOS;;;BRANCA;;;;;;;LIBERDADE>DIREITOS INDIVIDUAIS>TRÁFICO DE CRIANÇAS - INTERNACIONAL
140B54BE76137CFB2A3BE2AFD72695694B032243C780D619E8AD9B4D93C8F5DB;2025-07-03 20:27:36.717;TELEFÔNICO;NÃO;TERCEIRO;CASA DA VÍTIMA;BQ | PAÍSES BAIXOS CARIBENHOS;;;DIARIAMENTE;HÁ UM MÊS;1;VIOLÊNCIA CONTRA CIDADÃO, FAMÍLIA OU COMUNIDADE;;AMIGO(A);PESSOA FÍSICA;MASCULINO;NÃO;25 A 29 ANOS;BR | BRASIL;;;;;NÃO;;NÃO;BQ | PAÍSES BAIXOS CARIBENHOS;;;;;;PRETA;;;PESSOA FÍSICA;MASCULINO;NÃO;40 A 44 ANOS;IT | ITÁLIA;;;;;NÃO;;NÃO;BQ | PAÍSES BAIXOS CARIBENHOS;;;OUTROS NÃO LISTADOS;;;BRANCA;;;;;;;LIBERDADE>DIREITOS INDIVIDUAIS>TRÁFICO DE PESSOAS - INTERNACIONAL
46CF68BF1ABF5D3A8E0D56ED24F5FF46EFBC944066A198676069D89E23370DD3;2025-07-03 20:27:36.717;TELEFÔNICO;NÃO;TERCEIRO;CASA DA VÍTIMA;BQ | PAÍSES BAIXOS CARIBENHOS;DENUNCIANTE NÃO SOUBE INFORMAR;DENUNCIANTE NÃO SOUBE INFORMAR;DIARIAMENTE;HÁ UM MÊS;1;VIOLÊNCIA CONTRA A MULHER;;AMIGO(A);PESSOA FÍSICA;FEMININO;NÃO;25 A 29 ANOS;BR | BRASIL;;;;;NÃO;;NÃO;BQ | PAÍSES BAIXOS CARIBENHOS;DENUNCIANTE NÃO SOUBE INFORMAR;DENUNCIANTE NÃO SOUBE INFORMAR;;;;BRANCA;;;PESSOA FÍSICA;MASCULINO;NÃO;45 A 49 ANOS;IT | ITÁLIA;;;;;NÃO;;NÃO;BQ | PAÍSES BAIXOS CARIBENHOS;DENUNCIANTE NÃO SOUBE INFORMAR;DENUNCIANTE NÃO SOUBE INFORMAR;OUTROS NÃO LISTADOS;;;BRANCA;;;;;;;LIBERDADE>DIREITOS INDIVIDUAIS>TRÁFICO DE MULHERES - INTERNACIONAL
433A7D1BEB88B2BC66FA548554A2D08F68DB022CA24F183A3E426FF512F066F3;2025-07-03 20:27:36.717;TELEFÔNICO;NÃO;TERCEIRO;CASA DA VÍTIMA;BQ | PAÍSES BAIXOS CARIBENHOS;;;DIARIAMENTE;HÁ UM MÊS;1;VIOLÊNCIA CONTRA CRIANÇA OU ADOLESCENTE;;AMIGO(A);PESSOA FÍSICA;MASCULINO;;10 ANOS;BR | BRASIL;;;;;NÃO;;;BQ | PAÍSES BAIXOS CARIBENHOS;;;;;;BRANCA;;;PESSOA FÍSICA;MASCULINO;NÃO;40 A 44 ANOS;IT | ITÁLIA;;;;;NÃO;;NÃO;BQ | PAÍSES BAIXOS CARIBENHOS;;;OUTROS NÃO LISTADOS;;;BRANCA;;;;;;;LIBERDADE>DIREITOS INDIVIDUAIS>TRÁFICO DE PESSOAS - INTERNACIONAL
C504A23D4367F1DCE09F86F222B8FCF89E9D16D8EA4F07ED49F99ED70C99F4E7;2025-07-03 20:27:36.717;TELEFÔNICO;NÃO;TERCEIRO;CASA DA VÍTIMA;BQ | PAÍSES BAIXOS CARIBENHOS;DENUNCIANTE NÃO SOUBE INFORMAR;DENUNCIANTE NÃO SOUBE INFORMAR;DIARIAMENTE;HÁ UM MÊS;1;VIOLÊNCIA CONTRA A MULHER;;AMIGO(A);PESSOA FÍSICA;FEMININO;NÃO;25 A 29 ANOS;BR | BRASIL;;;;;NÃO;;NÃO;BQ | PAÍSES BAIXOS CARIBENHOS;DENUNCIANTE NÃO SOUBE INFORMAR;DENUNCIANTE NÃO SOUBE INFORMAR;;;;BRANCA;;;PESSOA FÍSICA;MASCULINO;NÃO;40 A 44 ANOS;IT | ITÁLIA;;;;;NÃO;;NÃO;BQ | PAÍSES BAIXOS CARIBENHOS;;;OUTROS NÃO LISTADOS;;;BRANCA;;;;;;;LIBERDADE>DIREITOS INDIVIDUAIS>TRÁFICO DE MULHERES - INTERNACIONAL
C504A23D4367F1DCE09F86F222B8FCF89E9D16D8EA4F07ED49F99ED70C99F4E7;2025-07-03 20:27:36.717;TELEFÔNICO;NÃO;TERCEIRO;CASA DA VÍTIMA;BQ | PAÍSES BAIXOS CARIBENHOS;DENUNCIANTE NÃO SOUBE INFORMAR;DENUNCIANTE NÃO SOUBE INFORMAR;DIARIAMENTE;HÁ UM MÊS;1;VIOLÊNCIA CONTRA A MULHER;;AMIGO(A);PESSOA FÍSICA;FEMININO;NÃO;25 A 29 ANOS;BR | BRASIL;;;;;NÃO;;NÃO;BQ | PAÍSES BAIXOS CARIBENHOS;DENUNCIANTE NÃO SOUBE INFORMAR;DENUNCIANTE NÃO SOUBE INFORMAR;;;;BRANCA;;;PESSOA FÍSICA;MASCULINO;NÃO;40 A 44 ANOS;IT | ITÁLIA;;;;;NÃO;;NÃO;BQ | PAÍSES BAIXOS CARIBENHOS;;;OUTROS NÃO LISTADOS;;;BRANCA;;;;;;;LIBERDADE>DIREITOS INDIVIDUAIS>TRÁFICO DE PESSOAS - INTERNACIONAL
BC6BA827DD4CFF6E9B9AE1AC00831B455700EA7EAE10CC3C4418EBB6A91EB0C8;2025-07-03 20:27:36.717;TELEFÔNICO;NÃO;TERCEIRO;CASA DA VÍTIMA;BQ | PAÍSES BAIXOS CARIBENHOS;;;DIARIAMENTE;HÁ UM MÊS;1;VIOLÊNCIA CONTRA CRIANÇA OU ADOLESCENTE;;AMIGO(A);PESSOA FÍSICA;MASCULINO;;10 ANOS;BR | BRASIL;;;;;NÃO;;;BQ | PAÍSES BAIXOS CARIBENHOS;;;;;;BRANCA;;;PESSOA FÍSICA;MASCULINO;NÃO;45 A 49 ANOS;IT | ITÁLIA;;;;;NÃO;;NÃO;BQ | PAÍSES BAIXOS CARIBENHOS;DENUNCIANTE NÃO SOUBE INFORMAR;DENUNCIANTE NÃO SOUBE INFORMAR;OUTROS NÃO LISTADOS;;;BRANCA;;;;;;;LIBERDADE>DIREITOS INDIVIDUAIS>TRÁFICO DE CRIANÇAS - INTERNACIONAL
46CF68BF1ABF5D3A8E0D56ED24F5FF46EFBC944066A198676069D89E23370DD3;2025-07-03 20:27:36.717;TELEFÔNICO;NÃO;TERCEIRO;CASA DA VÍTIMA;BQ | PAÍSES BAIXOS CARIBENHOS;DENUNCIANTE NÃO SOUBE INFORMAR;DENUNCIANTE NÃO SOUBE INFORMAR;DIARIAMENTE;HÁ UM MÊS;1;VIOLÊNCIA CONTRA A MULHER;;AMIGO(A);PESSOA FÍSICA;FEMININO;NÃO;25 A 29 ANOS;BR | BRASIL;;;;;NÃO;;NÃO;BQ | PAÍSES BAIXOS CARIBENHOS;DENUNCIANTE NÃO SOUBE INFORMAR;DENUNCIANTE NÃO SOUBE INFORMAR;;;;BRANCA;;;PESSOA FÍSICA;MASCULINO;NÃO;45 A 49 ANOS;IT | ITÁLIA;;;;;NÃO;;NÃO;BQ | PAÍSES BAIXOS CARIBENHOS;DENUNCIANTE NÃO SOUBE INFORMAR;DENUNCIANTE NÃO SOUBE INFORMAR;OUTROS NÃO LISTADOS;;;BRANCA;;;;;;;LIBERDADE>DIREITOS INDIVIDUAIS>TRÁFICO DE PESSOAS - INTERNACIONAL
BC6BA827DD4CFF6E9B9AE1AC00831B455700EA7EAE10CC3C4418EBB6A91EB0C8;2025-07-03 20:27:36.717;TELEFÔNICO;NÃO;TERCEIRO;CASA DA VÍTIMA;BQ | PAÍSES BAIXOS CARIBENHOS;;;DIARIAMENTE;HÁ UM MÊS;1;VIOLÊNCIA CONTRA CRIANÇA OU ADOLESCENTE;;AMIGO(A);PESSOA FÍSICA;MASCULINO;;10 ANOS;BR | BRASIL;;;;;NÃO;;;BQ | PAÍSES BAIXOS CARIBENHOS;;;;;;BRANCA;;;PESSOA FÍSICA;MASCULINO;NÃO;45 A 49 ANOS;IT | ITÁLIA;;;;;NÃO;;NÃO;BQ | PAÍSES BAIXOS CARIBENHOS;DENUNCIANTE NÃO SOUBE INFORMAR;DENUNCIANTE NÃO SOUBE INFORMAR;OUTROS NÃO LISTADOS;;;BRANCA;;;;;;;LIBERDADE>DIREITOS INDIVIDUAIS>TRÁFICO DE PESSOAS - INTERNACIONAL
B98A72F09D8C93DA177557CF36A0039AA0539ABE6D3E0CBB221487674031766D;2025-07-03 20:27:36.717;TELEFÔNICO;NÃO;TERCEIRO;CASA DA VÍTIMA;BQ | PAÍSES BAIXOS CARIBENHOS;;;DIARIAMENTE;HÁ UM MÊS;1;VIOLÊNCIA CONTRA CIDADÃO, FAMÍLIA OU COMUNIDADE;;AMIGO(A);PESSOA FÍSICA;MASCULINO;NÃO;25 A 29 ANOS;BR | BRASIL;;;;;NÃO;;NÃO;BQ | PAÍSES BAIXOS CARIBENHOS;;;;;;PRETA;;;PESSOA FÍSICA;MASCULINO;NÃO;45 A 49 ANOS;IT | ITÁLIA;;;;;NÃO;;NÃO;BQ | PAÍSES BAIXOS CARIBENHOS;DENUNCIANTE NÃO SOUBE INFORMAR;DENUNCIANTE NÃO SOUBE INFORMAR;OUTROS NÃO LISTADOS;;;BRANCA;;;;;;;LIBERDADE>DIREITOS INDIVIDUAIS>TRÁFICO DE PESSOAS - INTERNACIONAL
CB828D36E2BE185E92E39F9F5DFA2124B067463D61416C2F78B90E0E579FBB40;2025-07-04 11:46:42.233;WHATSAPP;RISCO IMINENTE DE MORTE DA VÍTIMA;TERCEIRO;UNIDADE PRISIONAL;AE | EMIRADOS ÁRABES UNIDOS;DENUNCIANTE NÃO SOUBE INFORMAR;DENUNCIANTE NÃO SOUBE INFORMAR;DIARIAMENTE;HÁ UM MÊS;1;VIOLÊNCIA CONTRA A MULHER;;OUTROS;PESSOA FÍSICA;FEMININO;NÃO;35 A 39 ANOS;BR | BRASIL;;;;;NÃO;;NÃO;BR | BRASIL;MG;3106705 | BETIM;;ENSINO FUNDAMENTAL INCOMPLETO;;PARDA;;;ÓRGÃO PÚBLICO;;;;BR | BRASIL;;;;;;;;AE | EMIRADOS ÁRABES UNIDOS;DENUNCIANTE NÃO SOUBE INFORMAR;DENUNCIANTE NÃO SOUBE INFORMAR;;;;;;;;SEGURANÇA PÚBLICA, FORÇAS ARMADAS, DEFESA CIVIL, BOMBEIROS E ASSEMELHADOS ? FEDERAL;;;LIBERDADE>DIREITOS INDIVIDUAIS>TRÁFICO DE MULHERES - INTERNACIONAL
A25FA38FBA68A6DBFB5A330B4B6549452F2452A63A2AD88B23541BF83B8458E3;2025-07-08 02:55:59.580;TELEFÔNICO;NÃO;TERCEIRO;CASA DA VÍTIMA;BR | BRASIL;ES;3202454 | IBATIBA;OCASIONALMENTE;NÃO SABE INFORMAR;1;VIOLÊNCIA CONTRA A MULHER;;DESCONHECIDO(A);PESSOA FÍSICA;FEMININO;NÃO;25 A 29 ANOS;BR | BRASIL;;;;;NÃO;;NÃO;BR | BRASIL;ES;3202454 | IBATIBA;;ENSINO MÉDIO INCOMPLETO;CATÓLICA APOSTÓLICA ROMANA;BRANCA;;;PESSOA FÍSICA;NÃO SE APLICA - VÍTIMA COMUNIDADE/FAMÍLIA;NÃO;NÃO INFORMADO;BR | BRASIL;;;;;NÃO;;NÃO INFORMADO;BR | BRASIL;SP;3550308 | SÃO PAULO;OUTROS NÃO LISTADOS;;;;;;;;;;LIBERDADE>DIREITOS INDIVIDUAIS>TRÁFICO DE MULHERES - INTERNACIONAL
FD2E083B13A5E1232AD6085748C4443FAC1B48C0BA6EF5A14A2A91C3F750CE7F;2025-07-10 13:39:38.567;TELEFÔNICO;NÃO;TERCEIRO;CASA ONDE RESIDE A VÍTIMA E O SUSPEITO;BR | BRASIL;MG;3169307 | TRÊS CORAÇÕES;NÃO SABE INFORMAR;HÁ UM MÊS;1;VIOLÊNCIA CONTRA CRIANÇA OU ADOLESCENTE;;PADRASTO/MADRASTA;PESSOA FÍSICA;FEMININO;NÃO;08 ANOS;BR | BRASIL;;;;;NÃO;;NÃO;BR | BRASIL;MG;3169307 | TRÊS CORAÇÕES;;ENSINO FUNDAMENTAL INCOMPLETO;;PRETA;;;PESSOA FÍSICA;MASCULINO;NÃO;;BR | BRASIL;;;;;NÃO;;;BR | BRASIL;MG;3169307 | TRÊS CORAÇÕES;NÃO SABE INFORMAR;;;PARDA;;;;;;;LIBERDADE>DIREITOS INDIVIDUAIS>TRÁFICO DE CRIANÇAS - NACIONAL
6F20583166F559B9DC0E25D9BEC08A0B7559BA7F0F2838DBFE0E17089AC6F69F;2025-07-11 11:47:17.710;TELEFÔNICO;NÃO;TERCEIRO;LOCAL DE TRABALHO DO AGRESSOR;BR | BRASIL;SC;4204608 | CRICIÚMA;NÃO SABE INFORMAR;NÃO SABE INFORMAR;1;VIOLÊNCIA CONTRA CRIANÇA OU ADOLESCENTE;;OUTROS;PESSOA FÍSICA;FEMININO;;04 ANOS;BR | BRASIL;;;;;NÃO;;;BR | BRASIL;SC;4204608 | CRICIÚMA;;;;NÃO INFORMADO;;;PESSOA FÍSICA;FEMININO;NÃO;40 A 44 ANOS;BR | BRASIL;;;;;NÃO;;NÃO;BR | BRASIL;SC;4204608 | CRICIÚMA;NÃO SABE INFORMAR;;;PARDA;;;;;;;LIBERDADE>DIREITOS INDIVIDUAIS>TRÁFICO DE CRIANÇAS - INTERNACIONAL
6F20583166F559B9DC0E25D9BEC08A0B7559BA7F0F2838DBFE0E17089AC6F69F;2025-07-11 11:47:17.710;TELEFÔNICO;NÃO;TERCEIRO;LOCAL DE TRABALHO DO AGRESSOR;BR | BRASIL;SC;4204608 | CRICIÚMA;NÃO SABE INFORMAR;NÃO SABE INFORMAR;1;VIOLÊNCIA CONTRA CRIANÇA OU ADOLESCENTE;;OUTROS;PESSOA FÍSICA;FEMININO;;04 ANOS;BR | BRASIL;;;;;NÃO;;;BR | BRASIL;SC;4204608 | CRICIÚMA;;;;NÃO INFORMADO;;;PESSOA FÍSICA;FEMININO;NÃO;40 A 44 ANOS;BR | BRASIL;;;;;NÃO;;NÃO;BR | BRASIL;SC;4204608 | CRICIÚMA;NÃO SABE INFORMAR;;;PARDA;;;;;;;LIBERDADE>DIREITOS INDIVIDUAIS>TRÁFICO DE CRIANÇAS - NACIONAL
D8A514E44FA8704EA96A7AD6C55C3A69C2F1811F669A8CF9F01C53BEB767FF19;2025-07-11 11:47:17.710;TELEFÔNICO;NÃO;TERCEIRO;LOCAL DE TRABALHO DO AGRESSOR;BR | BRASIL;SC;4204608 | CRICIÚMA;NÃO SABE INFORMAR;NÃO SABE INFORMAR;1;VIOLÊNCIA CONTRA CRIANÇA OU ADOLESCENTE;;OUTROS;PESSOA FÍSICA;FEMININO;;04 ANOS;BR | BRASIL;;;;;NÃO;;;BR | BRASIL;SC;4204608 | CRICIÚMA;;;;NÃO INFORMADO;;;PESSOA FÍSICA;FEMININO;NÃO;25 A 29 ANOS;BR | BRASIL;;;;;NÃO;;NÃO;BR | BRASIL;PA;1502202 | CAPANEMA;NÃO SABE INFORMAR;;;;;;;;;;LIBERDADE>DIREITOS INDIVIDUAIS>TRÁFICO DE CRIANÇAS - INTERNACIONAL
D8A514E44FA8704EA96A7AD6C55C3A69C2F1811F669A8CF9F01C53BEB767FF19;2025-07-11 11:47:17.710;TELEFÔNICO;NÃO;TERCEIRO;LOCAL DE TRABALHO DO AGRESSOR;BR | BRASIL;SC;4204608 | CRICIÚMA;NÃO SABE INFORMAR;NÃO SABE INFORMAR;1;VIOLÊNCIA CONTRA CRIANÇA OU ADOLESCENTE;;OUTROS;PESSOA FÍSICA;FEMININO;;04 ANOS;BR | BRASIL;;;;;NÃO;;;BR | BRASIL;SC;4204608 | CRICIÚMA;;;;NÃO INFORMADO;;;PESSOA FÍSICA;FEMININO;NÃO;25 A 29 ANOS;BR | BRASIL;;;;;NÃO;;NÃO;BR | BRASIL;PA;1502202 | CAPANEMA;NÃO SABE INFORMAR;;;;;;;;;;LIBERDADE>DIREITOS INDIVIDUAIS>TRÁFICO DE CRIANÇAS - NACIONAL
999CBF2DFB70AE10A9DA108AA440A37052064FAB18C616723F669CF0312A7D19;2025-07-13 19:32:46.757;TELEFÔNICO;NÃO;TERCEIRO;CASA DA VÍTIMA;BR | BRASIL;PR;4119905 | PONTA GROSSA;DIARIAMENTE;HÁ MAIS DE UM ANO;1;VIOLÊNCIA CONTRA CRIANÇA OU ADOLESCENTE;;DESCONHECIDO(A);PESSOA FÍSICA;FEMININO;NÃO;17 ANOS;BR | BRASIL;;;;;NÃO;;NÃO;BR | BRASIL;PR;4119905 | PONTA GROSSA;;;;BRANCA;;;PESSOA FÍSICA;FEMININO;NÃO;50 A 54 ANOS;BR | BRASIL;;;;;NÃO;;NÃO;BR | BRASIL;DENUNCIANTE NÃO SOUBE INFORMAR;DENUNCIANTE NÃO SOUBE INFORMAR;OUTROS NÃO LISTADOS;;;;;;;;;;LIBERDADE>DIREITOS INDIVIDUAIS>TRÁFICO DE CRIANÇAS - NACIONAL
177E524E37E8A3EA731BB0AB7094D4F4DE60CB42CB416F6453406F9715BA2614;2025-07-13 19:32:46.757;TELEFÔNICO;NÃO;TERCEIRO;CASA DA VÍTIMA;BR | BRASIL;PR;4119905 | PONTA GROSSA;DIARIAMENTE;HÁ MAIS DE UM ANO;1;VIOLÊNCIA CONTRA CRIANÇA OU ADOLESCENTE;;OUTROS;COMUNIDADE/FAMÍLIA;;;02 ANOS;BR | BRASIL;;;;;;;;BR | BRASIL;PR;4119905 | PONTA GROSSA;;;;NÃO INFORMADO;;;PESSOA FÍSICA;FEMININO;NÃO;50 A 54 ANOS;BR | BRASIL;;;;;NÃO;;NÃO;BR | BRASIL;DENUNCIANTE NÃO SOUBE INFORMAR;DENUNCIANTE NÃO SOUBE INFORMAR;OUTROS NÃO LISTADOS;;;;;;;;;;LIBERDADE>DIREITOS INDIVIDUAIS>TRÁFICO DE CRIANÇAS - NACIONAL
2944011701D74149ABFC71DCD4E09CCFF47E47EE5FAA08471D2C7DF0490D1417;2025-07-13 19:32:46.757;TELEFÔNICO;NÃO;TERCEIRO;CASA DA VÍTIMA;BR | BRASIL;PR;4119905 | PONTA GROSSA;DIARIAMENTE;HÁ MAIS DE UM ANO;1;VIOLÊNCIA CONTRA CRIANÇA OU ADOLESCENTE;;DESCONHECIDO(A);PESSOA FÍSICA;FEMININO;NÃO;17 ANOS;BR | BRASIL;;;;;NÃO;;NÃO;BR | BRASIL;PR;4119905 | PONTA GROSSA;;;;BRANCA;;;PESSOA FÍSICA;FEMININO;NÃO;50 A 54 ANOS;BR | BRASIL;;;;;NÃO;;NÃO;BR | BRASIL;DENUNCIANTE NÃO SOUBE INFORMAR;DENUNCIANTE NÃO SOUBE INFORMAR;OUTROS NÃO LISTADOS;;;PRETA;;;;;;;LIBERDADE>DIREITOS INDIVIDUAIS>TRÁFICO DE CRIANÇAS - NACIONAL
44D9C3EF272F53FA581CBE843069FD5FA229EC646BBC439B8CE0B607CCF16020;2025-07-13 19:32:46.757;TELEFÔNICO;NÃO;TERCEIRO;CASA DA VÍTIMA;BR | BRASIL;PR;4119905 | PONTA GROSSA;DIARIAMENTE;HÁ MAIS DE UM ANO;1;VIOLÊNCIA CONTRA CRIANÇA OU ADOLESCENTE;;DESCONHECIDO(A);PESSOA FÍSICA;FEMININO;NÃO;17 ANOS;BR | BRASIL;;;;;NÃO;;NÃO;BR | BRASIL;PR;4119905 | PONTA GROSSA;;;;BRANCA;;;PESSOA FÍSICA;FEMININO;NÃO;;BR | BRASIL;;;;;NÃO;;;BR | BRASIL;DENUNCIANTE NÃO SOUBE INFORMAR;DENUNCIANTE NÃO SOUBE INFORMAR;OUTROS NÃO LISTADOS;;;;;;;;;;LIBERDADE>DIREITOS INDIVIDUAIS>TRÁFICO DE CRIANÇAS - NACIONAL
5AF0F998E2B25FA8C2B95EAA3464F07FDA2F350D8B74A3E4E77EE5B62305283F;2025-07-13 19:32:46.757;TELEFÔNICO;NÃO;TERCEIRO;CASA DA VÍTIMA;BR | BRASIL;PR;4119905 | PONTA GROSSA;DIARIAMENTE;HÁ MAIS DE UM ANO;1;VIOLÊNCIA CONTRA CRIANÇA OU ADOLESCENTE;;DESCONHECIDO(A);PESSOA FÍSICA;FEMININO;NÃO;17 ANOS;BR | BRASIL;;;;;NÃO;;NÃO;BR | BRASIL;PR;4119905 | PONTA GROSSA;;;;BRANCA;;;PESSOA FÍSICA;FEMININO;NÃO;30 A 34 ANOS;BR | BRASIL;;;;;NÃO;;NÃO;BR | BRASIL;DENUNCIANTE NÃO SOUBE INFORMAR;DENUNCIANTE NÃO SOUBE INFORMAR;OUTROS NÃO LISTADOS;;;;;;;;;;LIBERDADE>DIREITOS INDIVIDUAIS>TRÁFICO DE CRIANÇAS - NACIONAL
3BD1B14DD9B59833E49E119D49984ED50378C2563E45F30B9EA4825E6C0E1F9B;2025-07-13 19:32:46.757;TELEFÔNICO;NÃO;TERCEIRO;CASA DA VÍTIMA;BR | BRASIL;PR;4119905 | PONTA GROSSA;DIARIAMENTE;HÁ MAIS DE UM ANO;1;VIOLÊNCIA CONTRA CRIANÇA OU ADOLESCENTE;;OUTROS;COMUNIDADE/FAMÍLIA;;;02 ANOS;BR | BRASIL;;;;;;;;BR | BRASIL;PR;4119905 | PONTA GROSSA;;;;NÃO INFORMADO;;;PESSOA FÍSICA;FEMININO;NÃO;30 A 34 ANOS;BR | BRASIL;;;;;NÃO;;NÃO;BR | BRASIL;DENUNCIANTE NÃO SOUBE INFORMAR;DENUNCIANTE NÃO SOUBE INFORMAR;OUTROS NÃO LISTADOS;;;;;;;;;;LIBERDADE>DIREITOS INDIVIDUAIS>TRÁFICO DE CRIANÇAS - NACIONAL
E961CD6E1172F6C9A62F5036045DF4E9AD70BEE6AB795CEDE9A6A0806CE550A2;2025-07-13 19:32:46.757;TELEFÔNICO;NÃO;TERCEIRO;CASA DA VÍTIMA;BR | BRASIL;PR;4119905 | PONTA GROSSA;DIARIAMENTE;HÁ MAIS DE UM ANO;1;VIOLÊNCIA CONTRA CRIANÇA OU ADOLESCENTE;;OUTROS;COMUNIDADE/FAMÍLIA;;;02 ANOS;BR | BRASIL;;;;;;;;BR | BRASIL;PR;4119905 | PONTA GROSSA;;;;NÃO INFORMADO;;;PESSOA FÍSICA;FEMININO;NÃO;;BR | BRASIL;;;;;NÃO;;;BR | BRASIL;DENUNCIANTE NÃO SOUBE INFORMAR;DENUNCIANTE NÃO SOUBE INFORMAR;OUTROS NÃO LISTADOS;;;;;;;;;;LIBERDADE>DIREITOS INDIVIDUAIS>TRÁFICO DE CRIANÇAS - NACIONAL
41F822028C29420DF71DC50E26B3EEF1461417EB1BD45387BD5153EBF29BF8A1;2025-07-13 19:32:46.757;TELEFÔNICO;NÃO;TERCEIRO;CASA DA VÍTIMA;BR | BRASIL;PR;4119905 | PONTA GROSSA;DIARIAMENTE;HÁ MAIS DE UM ANO;1;VIOLÊNCIA CONTRA CRIANÇA OU ADOLESCENTE;;OUTROS;COMUNIDADE/FAMÍLIA;;;02 ANOS;BR | BRASIL;;;;;;;;BR | BRASIL;PR;4119905 | PONTA GROSSA;;;;NÃO INFORMADO;;;PESSOA FÍSICA;FEMININO;NÃO;;BR | BRASIL;;;;;NÃO;;;BR | BRASIL;PR;4119905 | PONTA GROSSA;OUTROS NÃO LISTADOS;;;;;;;;;;LIBERDADE>DIREITOS INDIVIDUAIS>TRÁFICO DE CRIANÇAS - NACIONAL
4D323573865A6E69C87AD2796693A8B1844E5DD451E29F7D1457662BD636A33E;2025-07-13 19:32:46.757;TELEFÔNICO;NÃO;TERCEIRO;CASA DA VÍTIMA;BR | BRASIL;PR;4119905 | PONTA GROSSA;DIARIAMENTE;HÁ MAIS DE UM ANO;1;VIOLÊNCIA CONTRA CRIANÇA OU ADOLESCENTE;;DESCONHECIDO(A);PESSOA FÍSICA;FEMININO;NÃO;17 ANOS;BR | BRASIL;;;;;NÃO;;NÃO;BR | BRASIL;PR;4119905 | PONTA GROSSA;;;;BRANCA;;;PESSOA FÍSICA;FEMININO;NÃO;;BR | BRASIL;;;;;NÃO;;;BR | BRASIL;PR;4119905 | PONTA GROSSA;OUTROS NÃO LISTADOS;;;;;;;;;;LIBERDADE>DIREITOS INDIVIDUAIS>TRÁFICO DE CRIANÇAS - NACIONAL
A9BA23F70CDEE18BEAEFCCC0760FBC9C36029A97E5B09616CCECC568E98D0124;2025-07-13 19:32:46.757;TELEFÔNICO;NÃO;TERCEIRO;CASA DA VÍTIMA;BR | BRASIL;PR;4119905 | PONTA GROSSA;DIARIAMENTE;HÁ MAIS DE UM ANO;1;VIOLÊNCIA CONTRA CRIANÇA OU ADOLESCENTE;;OUTROS;COMUNIDADE/FAMÍLIA;;;02 ANOS;BR | BRASIL;;;;;;;;BR | BRASIL;PR;4119905 | PONTA GROSSA;;;;NÃO INFORMADO;;;PESSOA FÍSICA;FEMININO;NÃO;50 A 54 ANOS;BR | BRASIL;;;;;NÃO;;NÃO;BR | BRASIL;DENUNCIANTE NÃO SOUBE INFORMAR;DENUNCIANTE NÃO SOUBE INFORMAR;OUTROS NÃO LISTADOS;;;PRETA;;;;;;;LIBERDADE>DIREITOS INDIVIDUAIS>TRÁFICO DE CRIANÇAS - NACIONAL
4B9C1BD91636C5D28336FA1E5DF4A0E5D9C315FAF766CF25672866016EEB9914;2025-07-16 19:02:55.987;TELEFÔNICO;NÃO;TERCEIRO;VIA PÚBLICA;BR | BRASIL;SP;3550308 | SÃO PAULO;MENSALMENTE;NÃO SE APLICA;1;VIOLÊNCIA CONTRA A MULHER;;NÃO SE APLICA;PESSOA FÍSICA;FEMININO;NÃO;25 A 29 ANOS;BR | BRASIL;;;;;NÃO;;NÃO;BR | BRASIL;SP;3550308 | SÃO PAULO;;;;PARDA;;;PESSOA FÍSICA;FEMININO;NÃO;30 A 34 ANOS;BR | BRASIL;;;;;NÃO;;NÃO;BR | BRASIL;SP;3550308 | SÃO PAULO;OUTROS NÃO LISTADOS;;;BRANCA;;;;;;;LIBERDADE>DIREITOS INDIVIDUAIS>TRÁFICO DE MULHERES - INTERNACIONAL
68D8E89AA3DA286A56EF3B47BC7459EC12E2D426592F2DBD0215F00A87737FE1;2025-07-19 15:21:48.920;TELEFÔNICO;NÃO;TERCEIRO;CASA DO SUSPEITO;BR | BRASIL;MG;3136702 | JUIZ DE FORA;DIARIAMENTE;HÁ MAIS DE UM ANO;1;VIOLÊNCIA CONTRA CRIANÇA OU ADOLESCENTE;;OUTROS;COMUNIDADE/FAMÍLIA;;NÃO;06 ANOS;BR | BRASIL;;;;;;;NÃO;BR | BRASIL;MG;3136702 | JUIZ DE FORA;;;;NÃO INFORMADO;;;PESSOA FÍSICA;MASCULINO;NÃO;;BR | BRASIL;;;;;NÃO;;;BR | BRASIL;MG;3136702 | JUIZ DE FORA;;;;;;;;;;;LIBERDADE>DIREITOS INDIVIDUAIS>TRÁFICO DE CRIANÇAS - NACIONAL
A62B51883EAE8BCBD6E04D7E4CCA447BCB09656CA9C687CD4B3D699AE4039786;2025-07-19 15:21:48.920;TELEFÔNICO;NÃO;TERCEIRO;CASA DO SUSPEITO;BR | BRASIL;MG;3136702 | JUIZ DE FORA;DIARIAMENTE;HÁ MAIS DE UM ANO;1;VIOLÊNCIA CONTRA CRIANÇA OU ADOLESCENTE;;OUTROS;COMUNIDADE/FAMÍLIA;;NÃO;06 ANOS;BR | BRASIL;;;;;;;NÃO;BR | BRASIL;MG;3136702 | JUIZ DE FORA;;;;NÃO INFORMADO;;;PESSOA FÍSICA;FEMININO;NÃO;;BR | BRASIL;;;;;NÃO;;;BR | BRASIL;MG;3136702 | JUIZ DE FORA;;;;;;;;;;;LIBERDADE>DIREITOS INDIVIDUAIS>TRÁFICO DE CRIANÇAS - INTERNACIONAL
033D16F04F3E1650B66C1665E236CFFF7F77F9081FF1951E2F23F33FCF9B3414;2025-07-19 15:21:48.920;TELEFÔNICO;NÃO;TERCEIRO;CASA DO SUSPEITO;BR | BRASIL;MG;3136702 | JUIZ DE FORA;DIARIAMENTE;HÁ MAIS DE UM ANO;1;VIOLÊNCIA CONTRA CRIANÇA OU ADOLESCENTE;;OUTROS;COMUNIDADE/FAMÍLIA;;NÃO;06 ANOS;BR | BRASIL;;;;;;;NÃO;BR | BRASIL;MG;3136702 | JUIZ DE FORA;;;;NÃO INFORMADO;;;PESSOA FÍSICA;FEMININO;NÃO;;BR | BRASIL;;;;;NÃO;;;BR | BRASIL;MG;3136702 | JUIZ DE FORA;;;;;;;;;;;LIBERDADE>DIREITOS INDIVIDUAIS>TRÁFICO DE CRIANÇAS - NACIONAL
033D16F04F3E1650B66C1665E236CFFF7F77F9081FF1951E2F23F33FCF9B3414;2025-07-19 15:21:48.920;TELEFÔNICO;NÃO;TERCEIRO;CASA DO SUSPEITO;BR | BRASIL;MG;3136702 | JUIZ DE FORA;DIARIAMENTE;HÁ MAIS DE UM ANO;1;VIOLÊNCIA CONTRA CRIANÇA OU ADOLESCENTE;;OUTROS;COMUNIDADE/FAMÍLIA;;NÃO;06 ANOS;BR | BRASIL;;;;;;;NÃO;BR | BRASIL;MG;3136702 | JUIZ DE FORA;;;;NÃO INFORMADO;;;PESSOA FÍSICA;FEMININO;NÃO;;BR | BRASIL;;;;;NÃO;;;BR | BRASIL;MG;3136702 | JUIZ DE FORA;;;;;;;;;;;LIBERDADE>DIREITOS INDIVIDUAIS>TRÁFICO DE CRIANÇAS - INTERNACIONAL
A62B51883EAE8BCBD6E04D7E4CCA447BCB09656CA9C687CD4B3D699AE4039786;2025-07-19 15:21:48.920;TELEFÔNICO;NÃO;TERCEIRO;CASA DO SUSPEITO;BR | BRASIL;MG;3136702 | JUIZ DE FORA;DIARIAMENTE;HÁ MAIS DE UM ANO;1;VIOLÊNCIA CONTRA CRIANÇA OU ADOLESCENTE;;OUTROS;COMUNIDADE/FAMÍLIA;;NÃO;06 ANOS;BR | BRASIL;;;;;;;NÃO;BR | BRASIL;MG;3136702 | JUIZ DE FORA;;;;NÃO INFORMADO;;;PESSOA FÍSICA;FEMININO;NÃO;;BR | BRASIL;;;;;NÃO;;;BR | BRASIL;MG;3136702 | JUIZ DE FORA;;;;;;;;;;;LIBERDADE>DIREITOS INDIVIDUAIS>TRÁFICO DE CRIANÇAS - NACIONAL
D6201C3DC90E56C4B4C3B98F13F5BD6C82723463CA8076682C1630071E2D7BCB;2025-07-19 15:21:48.920;TELEFÔNICO;NÃO;TERCEIRO;CASA DO SUSPEITO;BR | BRASIL;MG;3136702 | JUIZ DE FORA;DIARIAMENTE;HÁ MAIS DE UM ANO;1;VIOLÊNCIA CONTRA CRIANÇA OU ADOLESCENTE;;OUTROS;COMUNIDADE/FAMÍLIA;;NÃO;06 ANOS;BR | BRASIL;;;;;;;NÃO;BR | BRASIL;MG;3136702 | JUIZ DE FORA;;;;NÃO INFORMADO;;;PESSOA FÍSICA;FEMININO;NÃO;;BR | BRASIL;;;;;NÃO;;;BR | BRASIL;MG;3136702 | JUIZ DE FORA;;;;;;;;;;;LIBERDADE>DIREITOS INDIVIDUAIS>TRÁFICO DE CRIANÇAS - INTERNACIONAL
68D8E89AA3DA286A56EF3B47BC7459EC12E2D426592F2DBD0215F00A87737FE1;2025-07-19 15:21:48.920;TELEFÔNICO;NÃO;TERCEIRO;CASA DO SUSPEITO;BR | BRASIL;MG;3136702 | JUIZ DE FORA;DIARIAMENTE;HÁ MAIS DE UM ANO;1;VIOLÊNCIA CONTRA CRIANÇA OU ADOLESCENTE;;OUTROS;COMUNIDADE/FAMÍLIA;;NÃO;06 ANOS;BR | BRASIL;;;;;;;NÃO;BR | BRASIL;MG;3136702 | JUIZ DE FORA;;;;NÃO INFORMADO;;;PESSOA FÍSICA;MASCULINO;NÃO;;BR | BRASIL;;;;;NÃO;;;BR | BRASIL;MG;3136702 | JUIZ DE FORA;;;;;;;;;;;LIBERDADE>DIREITOS INDIVIDUAIS>TRÁFICO DE CRIANÇAS - INTERNACIONAL
D6201C3DC90E56C4B4C3B98F13F5BD6C82723463CA8076682C1630071E2D7BCB;2025-07-19 15:21:48.920;TELEFÔNICO;NÃO;TERCEIRO;CASA DO SUSPEITO;BR | BRASIL;MG;3136702 | JUIZ DE FORA;DIARIAMENTE;HÁ MAIS DE UM ANO;1;VIOLÊNCIA CONTRA CRIANÇA OU ADOLESCENTE;;OUTROS;COMUNIDADE/FAMÍLIA;;NÃO;06 ANOS;BR | BRASIL;;;;;;;NÃO;BR | BRASIL;MG;3136702 | JUIZ DE FORA;;;;NÃO INFORMADO;;;PESSOA FÍSICA;FEMININO;NÃO;;BR | BRASIL;;;;;NÃO;;;BR | BRASIL;MG;3136702 | JUIZ DE FORA;;;;;;;;;;;LIBERDADE>DIREITOS INDIVIDUAIS>TRÁFICO DE CRIANÇAS - NACIONAL
10E367FEC97CD6F45EC106AA8A340B83146C59D0C824973FC6819DDA9E202FA7;2025-07-20 18:47:24.913;WHATSAPP;NÃO;A PRÓPRIA VÍTIMA;OUTROS;BR | BRASIL;MG;3170206 | UBERLÂNDIA;ÚNICA OCORRÊNCIA;NÃO SE APLICA;2;VIOLÊNCIA CONTRA CRIANÇA OU ADOLESCENTE;;OUTROS;PESSOA FÍSICA;MASCULINO;NÃO;15 ANOS;BR | BRASIL;;;;;NÃO;;NÃO;BR | BRASIL;MG;3170206 | UBERLÂNDIA;;;;BRANCA;;;ÓRGÃO PÚBLICO;;;;BR | BRASIL;;;;;;;;BR | BRASIL;MG;3170206 | UBERLÂNDIA;;;;;;;;PODER EXECUTIVO EM GERAL - MUNICIPAL;;;LIBERDADE>DIREITOS INDIVIDUAIS>TRÁFICO DE CRIANÇAS - NACIONAL
10E367FEC97CD6F45EC106AA8A340B83146C59D0C824973FC6819DDA9E202FA7;2025-07-20 18:47:24.913;WHATSAPP;NÃO;A PRÓPRIA VÍTIMA;OUTROS;BR | BRASIL;MG;3170206 | UBERLÂNDIA;ÚNICA OCORRÊNCIA;NÃO SE APLICA;2;VIOLÊNCIA CONTRA CRIANÇA OU ADOLESCENTE;;OUTROS;PESSOA FÍSICA;MASCULINO;NÃO;15 ANOS;BR | BRASIL;;;;;NÃO;;NÃO;BR | BRASIL;MG;3170206 | UBERLÂNDIA;;;;BRANCA;;;ÓRGÃO PÚBLICO;;;;BR | BRASIL;;;;;;;;BR | BRASIL;MG;3170206 | UBERLÂNDIA;;;;;;;;PODER EXECUTIVO EM GERAL - MUNICIPAL;;;LIBERDADE>DIREITOS INDIVIDUAIS>TRÁFICO DE CRIANÇAS - INTERNACIONAL
0FF1BAD1B4D4AE7A60B3EF063E82846434EADFC76833E19E0A9389E366CE3DFC;2025-07-20 18:47:24.913;WHATSAPP;NÃO;A PRÓPRIA VÍTIMA;OUTROS;BR | BRASIL;MG;3170206 | UBERLÂNDIA;ÚNICA OCORRÊNCIA;NÃO SE APLICA;2;VIOLÊNCIA CONTRA CRIANÇA OU ADOLESCENTE;;OUTROS;PESSOA FÍSICA;MASCULINO;NÃO;15 ANOS;BR | BRASIL;;;;;NÃO;;NÃO;BR | BRASIL;MG;3170206 | UBERLÂNDIA;;;;BRANCA;;;ÓRGÃO PÚBLICO;;;;BR | BRASIL;;;;;;;;BR | BRASIL;MG;3170206 | UBERLÂNDIA;;;;;;;;PODER EXECUTIVO EM GERAL - MUNICIPAL;;;LIBERDADE>DIREITOS INDIVIDUAIS>TRÁFICO DE CRIANÇAS - INTERNACIONAL
1CF24B1E4140FA40DEC20C993E4EDDD1DA213AD39F6C083BB3530C421F522760;2025-07-20 18:47:24.913;WHATSAPP;NÃO;A PRÓPRIA VÍTIMA;CASA ONDE RESIDE A VÍTIMA E O SUSPEITO;BR | BRASIL;MG;3170206 | UBERLÂNDIA;DIARIAMENTE;HÁ MAIS DE DEZ ANOS;2;VIOLÊNCIA CONTRA CIDADÃO, FAMÍLIA OU COMUNIDADE;;OUTROS;COMUNIDADE/FAMÍLIA;;;18 A 19 ANOS;BR | BRASIL;;;;;;;;BR | BRASIL;MG;3170206 | UBERLÂNDIA;;;;NÃO INFORMADO;;;ÓRGÃO PÚBLICO;;;;BR | BRASIL;;;;;;;;BR | BRASIL;MG;3170206 | UBERLÂNDIA;;;;;;;;DEFENSORIA PÚBLICA - FEDERAL;;;LIBERDADE>DIREITOS INDIVIDUAIS>TRÁFICO DE PESSOAS - NACIONAL
1A9B71DC64CC6D9BF43A2D135A43F1F850922D298988F9A80424E1344F6AACCC;2025-07-20 18:47:24.913;WHATSAPP;NÃO;A PRÓPRIA VÍTIMA;CASA ONDE RESIDE A VÍTIMA E O SUSPEITO;BR | BRASIL;MG;3170206 | UBERLÂNDIA;DIARIAMENTE;HÁ MAIS DE DEZ ANOS;2;VIOLÊNCIA CONTRA CIDADÃO, FAMÍLIA OU COMUNIDADE;;OUTROS;COMUNIDADE/FAMÍLIA;;;18 A 19 ANOS;BR | BRASIL;;;;;;;;BR | BRASIL;MG;3170206 | UBERLÂNDIA;;;;NÃO INFORMADO;;;ÓRGÃO PÚBLICO;;;;BR | BRASIL;;;;;;;;BR | BRASIL;MG;3170206 | UBERLÂNDIA;;;;;;;;PODER EXECUTIVO EM GERAL - MUNICIPAL;;;LIBERDADE>DIREITOS INDIVIDUAIS>TRÁFICO DE PESSOAS - INTERNACIONAL
30EF882D8CC18561BFE028399F73663A8A084585E99614608414835F4E7DED16;2025-07-20 18:47:24.913;WHATSAPP;NÃO;A PRÓPRIA VÍTIMA;OUTROS;BR | BRASIL;MG;3170206 | UBERLÂNDIA;DIARIAMENTE;HÁ MAIS DE DEZ ANOS;2;VIOLÊNCIA CONTRA CRIANÇA OU ADOLESCENTE;;OUTROS;COMUNIDADE/FAMÍLIA;;;CRIANÇA/ADOLESCENTE IDADE NÃO INFORMADA;BR | BRASIL;;;;;;;;BR | BRASIL;MG;3170206 | UBERLÂNDIA;;;;NÃO INFORMADO;;;ÓRGÃO PÚBLICO;;;;BR | BRASIL;;;;;;;;BR | BRASIL;MG;3170206 | UBERLÂNDIA;;;;;;;;PODER EXECUTIVO EM GERAL - MUNICIPAL;;;LIBERDADE>DIREITOS INDIVIDUAIS>TRÁFICO DE CRIANÇAS - NACIONAL
0FF1BAD1B4D4AE7A60B3EF063E82846434EADFC76833E19E0A9389E366CE3DFC;2025-07-20 18:47:24.913;WHATSAPP;NÃO;A PRÓPRIA VÍTIMA;OUTROS;BR | BRASIL;MG;3170206 | UBERLÂNDIA;ÚNICA OCORRÊNCIA;NÃO SE APLICA;2;VIOLÊNCIA CONTRA CRIANÇA OU ADOLESCENTE;;OUTROS;PESSOA FÍSICA;MASCULINO;NÃO;15 ANOS;BR | BRASIL;;;;;NÃO;;NÃO;BR | BRASIL;MG;3170206 | UBERLÂNDIA;;;;BRANCA;;;ÓRGÃO PÚBLICO;;;;BR | BRASIL;;;;;;;;BR | BRASIL;MG;3170206 | UBERLÂNDIA;;;;;;;;PODER EXECUTIVO EM GERAL - MUNICIPAL;;;LIBERDADE>DIREITOS INDIVIDUAIS>TRÁFICO DE CRIANÇAS - NACIONAL
1CF24B1E4140FA40DEC20C993E4EDDD1DA213AD39F6C083BB3530C421F522760;2025-07-20 18:47:24.913;WHATSAPP;NÃO;A PRÓPRIA VÍTIMA;CASA ONDE RESIDE A VÍTIMA E O SUSPEITO;BR | BRASIL;MG;3170206 | UBERLÂNDIA;DIARIAMENTE;HÁ MAIS DE DEZ ANOS;2;VIOLÊNCIA CONTRA CIDADÃO, FAMÍLIA OU COMUNIDADE;;OUTROS;COMUNIDADE/FAMÍLIA;;;18 A 19 ANOS;BR | BRASIL;;;;;;;;BR | BRASIL;MG;3170206 | UBERLÂNDIA;;;;NÃO INFORMADO;;;ÓRGÃO PÚBLICO;;;;BR | BRASIL;;;;;;;;BR | BRASIL;MG;3170206 | UBERLÂNDIA;;;;;;;;DEFENSORIA PÚBLICA - FEDERAL;;;LIBERDADE>DIREITOS INDIVIDUAIS>TRÁFICO DE PESSOAS - INTERNACIONAL
1A9B71DC64CC6D9BF43A2D135A43F1F850922D298988F9A80424E1344F6AACCC;2025-07-20 18:47:24.913;WHATSAPP;NÃO;A PRÓPRIA VÍTIMA;CASA ONDE RESIDE A VÍTIMA E O SUSPEITO;BR | BRASIL;MG;3170206 | UBERLÂNDIA;DIARIAMENTE;HÁ MAIS DE DEZ ANOS;2;VIOLÊNCIA CONTRA CIDADÃO, FAMÍLIA OU COMUNIDADE;;OUTROS;COMUNIDADE/FAMÍLIA;;;18 A 19 ANOS;BR | BRASIL;;;;;;;;BR | BRASIL;MG;3170206 | UBERLÂNDIA;;;;NÃO INFORMADO;;;ÓRGÃO PÚBLICO;;;;BR | BRASIL;;;;;;;;BR | BRASIL;MG;3170206 | UBERLÂNDIA;;;;;;;;PODER EXECUTIVO EM GERAL - MUNICIPAL;;;LIBERDADE>DIREITOS INDIVIDUAIS>TRÁFICO DE PESSOAS - NACIONAL
2EF13905777E41059F96EFFC7F2D2685D53E96782322952551F39EFB62753784;2025-07-20 18:47:24.913;WHATSAPP;NÃO;A PRÓPRIA VÍTIMA;OUTROS;BR | BRASIL;MG;3170206 | UBERLÂNDIA;ÚNICA OCORRÊNCIA;NÃO SE APLICA;2;VIOLÊNCIA CONTRA CRIANÇA OU ADOLESCENTE;;OUTROS;PESSOA FÍSICA;MASCULINO;NÃO;15 ANOS;BR | BRASIL;;;;;NÃO;;NÃO;BR | BRASIL;MG;3170206 | UBERLÂNDIA;;;;BRANCA;;;ÓRGÃO PÚBLICO;;;;BR | BRASIL;;;;;;;;BR | BRASIL;MG;3170206 | UBERLÂNDIA;;;;;;;;PODER EXECUTIVO EM GERAL ? ESTADUAL/DISTRITO FEDERAL;;;LIBERDADE>DIREITOS INDIVIDUAIS>TRÁFICO DE CRIANÇAS - NACIONAL
27E634CE49EB9CCAB40BF3A7876C7F8BEDCD2D79D648275AB8653A001B9415A0;2025-07-20 18:47:24.913;WHATSAPP;NÃO;A PRÓPRIA VÍTIMA;OUTROS;BR | BRASIL;MG;3170206 | UBERLÂNDIA;DIARIAMENTE;HÁ MAIS DE DEZ ANOS;2;VIOLÊNCIA CONTRA CRIANÇA OU ADOLESCENTE;;OUTROS;COMUNIDADE/FAMÍLIA;;;CRIANÇA/ADOLESCENTE IDADE NÃO INFORMADA;BR | BRASIL;;;;;;;;BR | BRASIL;MG;3170206 | UBERLÂNDIA;;;;NÃO INFORMADO;;;ÓRGÃO PÚBLICO;;;;BR | BRASIL;;;;;;;;BR | BRASIL;MG;3170206 | UBERLÂNDIA;;;;;;;;PODER EXECUTIVO EM GERAL - MUNICIPAL;;;LIBERDADE>DIREITOS INDIVIDUAIS>TRÁFICO DE CRIANÇAS - NACIONAL
30EF882D8CC18561BFE028399F73663A8A084585E99614608414835F4E7DED16;2025-07-20 18:47:24.913;WHATSAPP;NÃO;A PRÓPRIA VÍTIMA;OUTROS;BR | BRASIL;MG;3170206 | UBERLÂNDIA;DIARIAMENTE;HÁ MAIS DE DEZ ANOS;2;VIOLÊNCIA CONTRA CRIANÇA OU ADOLESCENTE;;OUTROS;COMUNIDADE/FAMÍLIA;;;CRIANÇA/ADOLESCENTE IDADE NÃO INFORMADA;BR | BRASIL;;;;;;;;BR | BRASIL;MG;3170206 | UBERLÂNDIA;;;;NÃO INFORMADO;;;ÓRGÃO PÚBLICO;;;;BR | BRASIL;;;;;;;;BR | BRASIL;MG;3170206 | UBERLÂNDIA;;;;;;;;PODER EXECUTIVO EM GERAL - MUNICIPAL;;;LIBERDADE>DIREITOS INDIVIDUAIS>TRÁFICO DE CRIANÇAS - INTERNACIONAL
27E634CE49EB9CCAB40BF3A7876C7F8BEDCD2D79D648275AB8653A001B9415A0;2025-07-20 18:47:24.913;WHATSAPP;NÃO;A PRÓPRIA VÍTIMA;OUTROS;BR | BRASIL;MG;3170206 | UBERLÂNDIA;DIARIAMENTE;HÁ MAIS DE DEZ ANOS;2;VIOLÊNCIA CONTRA CRIANÇA OU ADOLESCENTE;;OUTROS;COMUNIDADE/FAMÍLIA;;;CRIANÇA/ADOLESCENTE IDADE NÃO INFORMADA;BR | BRASIL;;;;;;;;BR | BRASIL;MG;3170206 | UBERLÂNDIA;;;;NÃO INFORMADO;;;ÓRGÃO PÚBLICO;;;;BR | BRASIL;;;;;;;;BR | BRASIL;MG;3170206 | UBERLÂNDIA;;;;;;;;PODER EXECUTIVO EM GERAL - MUNICIPAL;;;LIBERDADE>DIREITOS INDIVIDUAIS>TRÁFICO DE CRIANÇAS - INTERNACIONAL
2EF13905777E41059F96EFFC7F2D2685D53E96782322952551F39EFB62753784;2025-07-20 18:47:24.913;WHATSAPP;NÃO;A PRÓPRIA VÍTIMA;OUTROS;BR | BRASIL;MG;3170206 | UBERLÂNDIA;ÚNICA OCORRÊNCIA;NÃO SE APLICA;2;VIOLÊNCIA CONTRA CRIANÇA OU ADOLESCENTE;;OUTROS;PESSOA FÍSICA;MASCULINO;NÃO;15 ANOS;BR | BRASIL;;;;;NÃO;;NÃO;BR | BRASIL;MG;3170206 | UBERLÂNDIA;;;;BRANCA;;;ÓRGÃO PÚBLICO;;;;BR | BRASIL;;;;;;;;BR | BRASIL;MG;3170206 | UBERLÂNDIA;;;;;;;;PODER EXECUTIVO EM GERAL ? ESTADUAL/DISTRITO FEDERAL;;;LIBERDADE>DIREITOS INDIVIDUAIS>TRÁFICO DE CRIANÇAS - INTERNACIONAL
5CF9349B1840ABA393ABC5EDA6F2C777929B7ED3D84799D9168672B136DCEF13;2025-07-20 18:47:24.913;WHATSAPP;NÃO;A PRÓPRIA VÍTIMA;OUTROS;BR | BRASIL;MG;3170206 | UBERLÂNDIA;DIARIAMENTE;HÁ MAIS DE DEZ ANOS;2;VIOLÊNCIA CONTRA CRIANÇA OU ADOLESCENTE;;OUTROS;COMUNIDADE/FAMÍLIA;;;CRIANÇA/ADOLESCENTE IDADE NÃO INFORMADA;BR | BRASIL;;;;;;;;BR | BRASIL;MG;3170206 | UBERLÂNDIA;;;;NÃO INFORMADO;;;ÓRGÃO PÚBLICO;;;;BR | BRASIL;;;;;;;;BR | BRASIL;MG;3170206 | UBERLÂNDIA;;;;;;;;PODER EXECUTIVO EM GERAL - MUNICIPAL;;;LIBERDADE>DIREITOS INDIVIDUAIS>TRÁFICO DE CRIANÇAS - INTERNACIONAL
697333773F3FDFBD8695F97A7A57BB5F157735234B66213A78BF028675CB485F;2025-07-20 18:47:24.913;WHATSAPP;NÃO;A PRÓPRIA VÍTIMA;OUTROS;BR | BRASIL;MG;3170206 | UBERLÂNDIA;ÚNICA OCORRÊNCIA;NÃO SE APLICA;2;VIOLÊNCIA CONTRA CRIANÇA OU ADOLESCENTE;;OUTROS;PESSOA FÍSICA;MASCULINO;NÃO;15 ANOS;BR | BRASIL;;;;;NÃO;;NÃO;BR | BRASIL;MG;3170206 | UBERLÂNDIA;;;;BRANCA;;;ÓRGÃO PÚBLICO;;;;BR | BRASIL;;;;;;;;BR | BRASIL;MG;3170206 | UBERLÂNDIA;;;;;;;;PODER EXECUTIVO EM GERAL - MUNICIPAL;;;LIBERDADE>DIREITOS INDIVIDUAIS>TRÁFICO DE CRIANÇAS - INTERNACIONAL
A87B3C98C757AFB285E2CC0A0C6DF1E7EB7F0C0B12787971A1FD32F5C0CD6678;2025-07-20 18:47:24.913;WHATSAPP;NÃO;A PRÓPRIA VÍTIMA;CASA ONDE RESIDE A VÍTIMA E O SUSPEITO;BR | BRASIL;MG;3170206 | UBERLÂNDIA;DIARIAMENTE;HÁ MAIS DE DEZ ANOS;2;VIOLÊNCIA CONTRA CIDADÃO, FAMÍLIA OU COMUNIDADE;;OUTROS;COMUNIDADE/FAMÍLIA;;;18 A 19 ANOS;BR | BRASIL;;;;;;;;BR | BRASIL;MG;3170206 | UBERLÂNDIA;;;;NÃO INFORMADO;;;ÓRGÃO PÚBLICO;;;;BR | BRASIL;;;;;;;;BR | BRASIL;MG;3170206 | UBERLÂNDIA;;;;;;;;PODER EXECUTIVO EM GERAL - MUNICIPAL;;;LIBERDADE>DIREITOS INDIVIDUAIS>TRÁFICO DE PESSOAS - NACIONAL
5F0B1837F3D8A2C71615FC29F0D5B302C6BF640861EC50CF764B75E91E4A2A79;2025-07-20 18:47:24.913;WHATSAPP;NÃO;A PRÓPRIA VÍTIMA;OUTROS;BR | BRASIL;MG;3170206 | UBERLÂNDIA;ÚNICA OCORRÊNCIA;NÃO SE APLICA;2;VIOLÊNCIA CONTRA CRIANÇA OU ADOLESCENTE;;OUTROS;PESSOA FÍSICA;MASCULINO;NÃO;15 ANOS;BR | BRASIL;;;;;NÃO;;NÃO;BR | BRASIL;MG;3170206 | UBERLÂNDIA;;;;BRANCA;;;ÓRGÃO PÚBLICO;;;;BR | BRASIL;;;;;;;;BR | BRASIL;MG;3170206 | UBERLÂNDIA;;;;;;;;MINISTÉRIO PÚBLICO - ESTADUAL;;;LIBERDADE>DIREITOS INDIVIDUAIS>TRÁFICO DE CRIANÇAS - NACIONAL
5F0B1837F3D8A2C71615FC29F0D5B302C6BF640861EC50CF764B75E91E4A2A79;2025-07-20 18:47:24.913;WHATSAPP;NÃO;A PRÓPRIA VÍTIMA;OUTROS;BR | BRASIL;MG;3170206 | UBERLÂNDIA;ÚNICA OCORRÊNCIA;NÃO SE APLICA;2;VIOLÊNCIA CONTRA CRIANÇA OU ADOLESCENTE;;OUTROS;PESSOA FÍSICA;MASCULINO;NÃO;15 ANOS;BR | BRASIL;;;;;NÃO;;NÃO;BR | BRASIL;MG;3170206 | UBERLÂNDIA;;;;BRANCA;;;ÓRGÃO PÚBLICO;;;;BR | BRASIL;;;;;;;;BR | BRASIL;MG;3170206 | UBERLÂNDIA;;;;;;;;MINISTÉRIO PÚBLICO - ESTADUAL;;;LIBERDADE>DIREITOS INDIVIDUAIS>TRÁFICO DE CRIANÇAS - INTERNACIONAL
A6DCF9D9C21C6B087A8721B2171B92A1C81EFC980B7022BBEA738627E39823C7;2025-07-20 18:47:24.913;WHATSAPP;NÃO;A PRÓPRIA VÍTIMA;OUTROS;BR | BRASIL;MG;3170206 | UBERLÂNDIA;DIARIAMENTE;HÁ MAIS DE DEZ ANOS;2;VIOLÊNCIA CONTRA CRIANÇA OU ADOLESCENTE;;OUTROS;COMUNIDADE/FAMÍLIA;;;CRIANÇA/ADOLESCENTE IDADE NÃO INFORMADA;BR | BRASIL;;;;;;;;BR | BRASIL;MG;3170206 | UBERLÂNDIA;;;;NÃO INFORMADO;;;ÓRGÃO PÚBLICO;;;;BR | BRASIL;;;;;;;;BR | BRASIL;MG;3170206 | UBERLÂNDIA;;;;;;;;SEGURANÇA PÚBLICA, FORÇAS ARMADAS, DEFESA CIVIL, BOMBEIROS E ASSEMELHADOS ? MUNICIPAL;;;LIBERDADE>DIREITOS INDIVIDUAIS>TRÁFICO DE CRIANÇAS - NACIONAL
88E46F280DDE0886CE9A9720E2D03019D3349C588294DD3D50F353985A223CC0;2025-07-20 18:47:24.913;WHATSAPP;NÃO;A PRÓPRIA VÍTIMA;CASA ONDE RESIDE A VÍTIMA E O SUSPEITO;BR | BRASIL;MG;3170206 | UBERLÂNDIA;DIARIAMENTE;HÁ MAIS DE DEZ ANOS;2;VIOLÊNCIA CONTRA CIDADÃO, FAMÍLIA OU COMUNIDADE;;OUTROS;COMUNIDADE/FAMÍLIA;;;18 A 19 ANOS;BR | BRASIL;;;;;;;;BR | BRASIL;MG;3170206 | UBERLÂNDIA;;;;NÃO INFORMADO;;;ÓRGÃO PÚBLICO;;;;BR | BRASIL;;;;;;;;BR | BRASIL;MG;3170206 | UBERLÂNDIA;;;;;;;;PODER EXECUTIVO EM GERAL - MUNICIPAL;;;LIBERDADE>DIREITOS INDIVIDUAIS>TRÁFICO DE PESSOAS - NACIONAL
88E46F280DDE0886CE9A9720E2D03019D3349C588294DD3D50F353985A223CC0;2025-07-20 18:47:24.913;WHATSAPP;NÃO;A PRÓPRIA VÍTIMA;CASA ONDE RESIDE A VÍTIMA E O SUSPEITO;BR | BRASIL;MG;3170206 | UBERLÂNDIA;DIARIAMENTE;HÁ MAIS DE DEZ ANOS;2;VIOLÊNCIA CONTRA CIDADÃO, FAMÍLIA OU COMUNIDADE;;OUTROS;COMUNIDADE/FAMÍLIA;;;18 A 19 ANOS;BR | BRASIL;;;;;;;;BR | BRASIL;MG;3170206 | UBERLÂNDIA;;;;NÃO INFORMADO;;;ÓRGÃO PÚBLICO;;;;BR | BRASIL;;;;;;;;BR | BRASIL;MG;3170206 | UBERLÂNDIA;;;;;;;;SEGURANÇA PÚBLICA, FORÇAS ARMADAS, DEFESA CIVIL, BOMBEIROS E ASSEMELHADOS ? MUNICIPAL;;;LIBERDADE>DIREITOS INDIVIDUAIS>TRÁFICO DE PESSOAS - NACIONAL
A1963FB10B01F9D16D727E66A10C4E8C19098BA2B6B5C1F23C6E3995CAAF6F9D;2025-07-20 18:47:24.913;WHATSAPP;NÃO;A PRÓPRIA VÍTIMA;OUTROS;BR | BRASIL;MG;3170206 | UBERLÂNDIA;ÚNICA OCORRÊNCIA;NÃO SE APLICA;2;VIOLÊNCIA CONTRA CRIANÇA OU ADOLESCENTE;;OUTROS;PESSOA FÍSICA;MASCULINO;NÃO;15 ANOS;BR | BRASIL;;;;;NÃO;;NÃO;BR | BRASIL;MG;3170206 | UBERLÂNDIA;;;;BRANCA;;;ÓRGÃO PÚBLICO;;;;BR | BRASIL;;;;;;;;BR | BRASIL;MG;3170206 | UBERLÂNDIA;;;;;;;;DEFENSORIA PÚBLICA - FEDERAL;;;LIBERDADE>DIREITOS INDIVIDUAIS>TRÁFICO DE CRIANÇAS - INTERNACIONAL
A87B3C98C757AFB285E2CC0A0C6DF1E7EB7F0C0B12787971A1FD32F5C0CD6678;2025-07-20 18:47:24.913;WHATSAPP;NÃO;A PRÓPRIA VÍTIMA;CASA ONDE RESIDE A VÍTIMA E O SUSPEITO;BR | BRASIL;MG;3170206 | UBERLÂNDIA;DIARIAMENTE;HÁ MAIS DE DEZ ANOS;2;VIOLÊNCIA CONTRA CIDADÃO, FAMÍLIA OU COMUNIDADE;;OUTROS;COMUNIDADE/FAMÍLIA;;;18 A 19 ANOS;BR | BRASIL;;;;;;;;BR | BRASIL;MG;3170206 | UBERLÂNDIA;;;;NÃO INFORMADO;;;ÓRGÃO PÚBLICO;;;;BR | BRASIL;;;;;;;;BR | BRASIL;MG;3170206 | UBERLÂNDIA;;;;;;;;PODER EXECUTIVO EM GERAL - MUNICIPAL;;;LIBERDADE>DIREITOS INDIVIDUAIS>TRÁFICO DE PESSOAS - INTERNACIONAL
A6DCF9D9C21C6B087A8721B2171B92A1C81EFC980B7022BBEA738627E39823C7;2025-07-20 18:47:24.913;WHATSAPP;NÃO;A PRÓPRIA VÍTIMA;OUTROS;BR | BRASIL;MG;3170206 | UBERLÂNDIA;DIARIAMENTE;HÁ MAIS DE DEZ ANOS;2;VIOLÊNCIA CONTRA CRIANÇA OU ADOLESCENTE;;OUTROS;COMUNIDADE/FAMÍLIA;;;CRIANÇA/ADOLESCENTE IDADE NÃO INFORMADA;BR | BRASIL;;;;;;;;BR | BRASIL;MG;3170206 | UBERLÂNDIA;;;;NÃO INFORMADO;;;ÓRGÃO PÚBLICO;;;;BR | BRASIL;;;;;;;;BR | BRASIL;MG;3170206 | UBERLÂNDIA;;;;;;;;PODER EXECUTIVO EM GERAL - MUNICIPAL;;;LIBERDADE>DIREITOS INDIVIDUAIS>TRÁFICO DE CRIANÇAS - NACIONAL
95BF79D71BF723B8805A99D3BB26144D5CC79E964C72B88C8B69BC31861E5A57;2025-07-20 18:47:24.913;WHATSAPP;NÃO;A PRÓPRIA VÍTIMA;OUTROS;BR | BRASIL;MG;3170206 | UBERLÂNDIA;DIARIAMENTE;HÁ MAIS DE DEZ ANOS;2;VIOLÊNCIA CONTRA CRIANÇA OU ADOLESCENTE;;OUTROS;COMUNIDADE/FAMÍLIA;;;CRIANÇA/ADOLESCENTE IDADE NÃO INFORMADA;BR | BRASIL;;;;;;;;BR | BRASIL;MG;3170206 | UBERLÂNDIA;;;;NÃO INFORMADO;;;ÓRGÃO PÚBLICO;;;;BR | BRASIL;;;;;;;;BR | BRASIL;MG;3170206 | UBERLÂNDIA;;;;;;;;MINISTÉRIO PÚBLICO - ESTADUAL;;;LIBERDADE>DIREITOS INDIVIDUAIS>TRÁFICO DE CRIANÇAS - INTERNACIONAL
B1FFA8C072B88821CCC5985E47E65C2D0B6BC4CE0162C968274432990D1EB752;2025-07-20 18:47:24.913;WHATSAPP;NÃO;A PRÓPRIA VÍTIMA;OUTROS;BR | BRASIL;MG;3170206 | UBERLÂNDIA;DIARIAMENTE;HÁ MAIS DE DEZ ANOS;2;VIOLÊNCIA CONTRA CRIANÇA OU ADOLESCENTE;;OUTROS;COMUNIDADE/FAMÍLIA;;;CRIANÇA/ADOLESCENTE IDADE NÃO INFORMADA;BR | BRASIL;;;;;;;;BR | BRASIL;MG;3170206 | UBERLÂNDIA;;;;NÃO INFORMADO;;;ÓRGÃO PÚBLICO;;;;BR | BRASIL;;;;;;;;BR | BRASIL;MG;3170206 | UBERLÂNDIA;;;;;;;;PODER EXECUTIVO EM GERAL - MUNICIPAL;;;LIBERDADE>DIREITOS INDIVIDUAIS>TRÁFICO DE CRIANÇAS - NACIONAL
B399BFA4B298AAA373577F391C1E90C209CC350EE0761EB111DADD852FC145D8;2025-07-20 18:47:24.913;WHATSAPP;NÃO;A PRÓPRIA VÍTIMA;CASA ONDE RESIDE A VÍTIMA E O SUSPEITO;BR | BRASIL;MG;3170206 | UBERLÂNDIA;DIARIAMENTE;HÁ MAIS DE DEZ ANOS;2;VIOLÊNCIA CONTRA CIDADÃO, FAMÍLIA OU COMUNIDADE;;OUTROS;COMUNIDADE/FAMÍLIA;;;18 A 19 ANOS;BR | BRASIL;;;;;;;;BR | BRASIL;MG;3170206 | UBERLÂNDIA;;;;NÃO INFORMADO;;;ÓRGÃO PÚBLICO;;;;BR | BRASIL;;;;;;;;BR | BRASIL;MG;3170206 | UBERLÂNDIA;;;;;;;;PODER EXECUTIVO EM GERAL - MUNICIPAL;;;LIBERDADE>DIREITOS INDIVIDUAIS>TRÁFICO DE PESSOAS - INTERNACIONAL
B399BFA4B298AAA373577F391C1E90C209CC350EE0761EB111DADD852FC145D8;2025-07-20 18:47:24.913;WHATSAPP;NÃO;A PRÓPRIA VÍTIMA;CASA ONDE RESIDE A VÍTIMA E O SUSPEITO;BR | BRASIL;MG;3170206 | UBERLÂNDIA;DIARIAMENTE;HÁ MAIS DE DEZ ANOS;2;VIOLÊNCIA CONTRA CIDADÃO, FAMÍLIA OU COMUNIDADE;;OUTROS;COMUNIDADE/FAMÍLIA;;;18 A 19 ANOS;BR | BRASIL;;;;;;;;BR | BRASIL;MG;3170206 | UBERLÂNDIA;;;;NÃO INFORMADO;;;ÓRGÃO PÚBLICO;;;;BR | BRASIL;;;;;;;;BR | BRASIL;MG;3170206 | UBERLÂNDIA;;;;;;;;PODER EXECUTIVO EM GERAL - MUNICIPAL;;;LIBERDADE>DIREITOS INDIVIDUAIS>TRÁFICO DE PESSOAS - NACIONAL
5CF9349B1840ABA393ABC5EDA6F2C777929B7ED3D84799D9168672B136DCEF13;2025-07-20 18:47:24.913;WHATSAPP;NÃO;A PRÓPRIA VÍTIMA;OUTROS;BR | BRASIL;MG;3170206 | UBERLÂNDIA;DIARIAMENTE;HÁ MAIS DE DEZ ANOS;2;VIOLÊNCIA CONTRA CRIANÇA OU ADOLESCENTE;;OUTROS;COMUNIDADE/FAMÍLIA;;;CRIANÇA/ADOLESCENTE IDADE NÃO INFORMADA;BR | BRASIL;;;;;;;;BR | BRASIL;MG;3170206 | UBERLÂNDIA;;;;NÃO INFORMADO;;;ÓRGÃO PÚBLICO;;;;BR | BRASIL;;;;;;;;BR | BRASIL;MG;3170206 | UBERLÂNDIA;;;;;;;;PODER EXECUTIVO EM GERAL - MUNICIPAL;;;LIBERDADE>DIREITOS INDIVIDUAIS>TRÁFICO DE CRIANÇAS - NACIONAL
FD8BE21DEB4DE1CAF44589F29E7AFF76050B12CD56A7B3068B1B5CEE28F6F462;2025-07-20 18:47:24.913;WHATSAPP;NÃO;A PRÓPRIA VÍTIMA;CASA ONDE RESIDE A VÍTIMA E O SUSPEITO;BR | BRASIL;MG;3170206 | UBERLÂNDIA;DIARIAMENTE;HÁ MAIS DE DEZ ANOS;2;VIOLÊNCIA CONTRA CIDADÃO, FAMÍLIA OU COMUNIDADE;;OUTROS;COMUNIDADE/FAMÍLIA;;;18 A 19 ANOS;BR | BRASIL;;;;;;;;BR | BRASIL;MG;3170206 | UBERLÂNDIA;;;;NÃO INFORMADO;;;ÓRGÃO PÚBLICO;;;;BR | BRASIL;;;;;;;;BR | BRASIL;MG;3170206 | UBERLÂNDIA;;;;;;;;PODER EXECUTIVO EM GERAL - MUNICIPAL;;;LIBERDADE>DIREITOS INDIVIDUAIS>TRÁFICO DE PESSOAS - NACIONAL
D584826760F0BDD3F229AEFFF6B572370F4261E8A88C8626104260C6133686AC;2025-07-20 18:47:24.913;WHATSAPP;NÃO;A PRÓPRIA VÍTIMA;CASA ONDE RESIDE A VÍTIMA E O SUSPEITO;BR | BRASIL;MG;3170206 | UBERLÂNDIA;DIARIAMENTE;HÁ MAIS DE DEZ ANOS;2;VIOLÊNCIA CONTRA CIDADÃO, FAMÍLIA OU COMUNIDADE;;OUTROS;COMUNIDADE/FAMÍLIA;;;18 A 19 ANOS;BR | BRASIL;;;;;;;;BR | BRASIL;MG;3170206 | UBERLÂNDIA;;;;NÃO INFORMADO;;;ÓRGÃO PÚBLICO;;;;BR | BRASIL;;;;;;;;BR | BRASIL;MG;3170206 | UBERLÂNDIA;;;;;;;;MINISTÉRIO PÚBLICO - ESTADUAL;;;LIBERDADE>DIREITOS INDIVIDUAIS>TRÁFICO DE PESSOAS - NACIONAL
77AFFB5B7BB6F3C563B464F2679709ABE7C2178A5D50D5025B07028FFAE593FE;2025-07-20 18:47:24.913;WHATSAPP;NÃO;A PRÓPRIA VÍTIMA;OUTROS;BR | BRASIL;MG;3170206 | UBERLÂNDIA;ÚNICA OCORRÊNCIA;NÃO SE APLICA;2;VIOLÊNCIA CONTRA CRIANÇA OU ADOLESCENTE;;OUTROS;PESSOA FÍSICA;MASCULINO;NÃO;15 ANOS;BR | BRASIL;;;;;NÃO;;NÃO;BR | BRASIL;MG;3170206 | UBERLÂNDIA;;;;BRANCA;;;ÓRGÃO PÚBLICO;;;;BR | BRASIL;;;;;;;;BR | BRASIL;MG;3170206 | UBERLÂNDIA;;;;;;;;PODER EXECUTIVO EM GERAL - MUNICIPAL;;;LIBERDADE>DIREITOS INDIVIDUAIS>TRÁFICO DE CRIANÇAS - INTERNACIONAL
D640AC32ED56B29F6DF93B2554D6BF8DC3FD730208D8110A67D7DA516BF3FE79;2025-07-20 18:47:24.913;WHATSAPP;NÃO;A PRÓPRIA VÍTIMA;CASA ONDE RESIDE A VÍTIMA E O SUSPEITO;BR | BRASIL;MG;3170206 | UBERLÂNDIA;DIARIAMENTE;HÁ MAIS DE DEZ ANOS;2;VIOLÊNCIA CONTRA CIDADÃO, FAMÍLIA OU COMUNIDADE;;OUTROS;COMUNIDADE/FAMÍLIA;;;18 A 19 ANOS;BR | BRASIL;;;;;;;;BR | BRASIL;MG;3170206 | UBERLÂNDIA;;;;NÃO INFORMADO;;;ÓRGÃO PÚBLICO;;;;BR | BRASIL;;;;;;;;BR | BRASIL;MG;3170206 | UBERLÂNDIA;;;;;;;;PODER EXECUTIVO EM GERAL ? ESTADUAL/DISTRITO FEDERAL;;;LIBERDADE>DIREITOS INDIVIDUAIS>TRÁFICO DE PESSOAS - INTERNACIONAL
697333773F3FDFBD8695F97A7A57BB5F157735234B66213A78BF028675CB485F;2025-07-20 18:47:24.913;WHATSAPP;NÃO;A PRÓPRIA VÍTIMA;OUTROS;BR | BRASIL;MG;3170206 | UBERLÂNDIA;ÚNICA OCORRÊNCIA;NÃO SE APLICA;2;VIOLÊNCIA CONTRA CRIANÇA OU ADOLESCENTE;;OUTROS;PESSOA FÍSICA;MASCULINO;NÃO;15 ANOS;BR | BRASIL;;;;;NÃO;;NÃO;BR | BRASIL;MG;3170206 | UBERLÂNDIA;;;;BRANCA;;;ÓRGÃO PÚBLICO;;;;BR | BRASIL;;;;;;;;BR | BRASIL;MG;3170206 | UBERLÂNDIA;;;;;;;;PODER EXECUTIVO EM GERAL - MUNICIPAL;;;LIBERDADE>DIREITOS INDIVIDUAIS>TRÁFICO DE CRIANÇAS - NACIONAL
E6CE7338D84C642DF80807CEE28511585E997C5CFE6DAF0212D833E00445EFFE;2025-07-20 18:47:24.913;WHATSAPP;NÃO;A PRÓPRIA VÍTIMA;OUTROS;BR | BRASIL;MG;3170206 | UBERLÂNDIA;ÚNICA OCORRÊNCIA;NÃO SE APLICA;2;VIOLÊNCIA CONTRA CRIANÇA OU ADOLESCENTE;;OUTROS;PESSOA FÍSICA;MASCULINO;NÃO;15 ANOS;BR | BRASIL;;;;;NÃO;;NÃO;BR | BRASIL;MG;3170206 | UBERLÂNDIA;;;;BRANCA;;;ÓRGÃO PÚBLICO;;;;BR | BRASIL;;;;;;;;BR | BRASIL;MG;3170206 | UBERLÂNDIA;;;;;;;;PODER EXECUTIVO EM GERAL - MUNICIPAL;;;LIBERDADE>DIREITOS INDIVIDUAIS>TRÁFICO DE CRIANÇAS - INTERNACIONAL
E6CE7338D84C642DF80807CEE28511585E997C5CFE6DAF0212D833E00445EFFE;2025-07-20 18:47:24.913;WHATSAPP;NÃO;A PRÓPRIA VÍTIMA;OUTROS;BR | BRASIL;MG;3170206 | UBERLÂNDIA;ÚNICA OCORRÊNCIA;NÃO SE APLICA;2;VIOLÊNCIA CONTRA CRIANÇA OU ADOLESCENTE;;OUTROS;PESSOA FÍSICA;MASCULINO;NÃO;15 ANOS;BR | BRASIL;;;;;NÃO;;NÃO;BR | BRASIL;MG;3170206 | UBERLÂNDIA;;;;BRANCA;;;ÓRGÃO PÚBLICO;;;;BR | BRASIL;;;;;;;;BR | BRASIL;MG;3170206 | UBERLÂNDIA;;;;;;;;PODER EXECUTIVO EM GERAL - MUNICIPAL;;;LIBERDADE>DIREITOS INDIVIDUAIS>TRÁFICO DE CRIANÇAS - NACIONAL
D584826760F0BDD3F229AEFFF6B572370F4261E8A88C8626104260C6133686AC;2025-07-20 18:47:24.913;WHATSAPP;NÃO;A PRÓPRIA VÍTIMA;CASA ONDE RESIDE A VÍTIMA E O SUSPEITO;BR | BRASIL;MG;3170206 | UBERLÂNDIA;DIARIAMENTE;HÁ MAIS DE DEZ ANOS;2;VIOLÊNCIA CONTRA CIDADÃO, FAMÍLIA OU COMUNIDADE;;OUTROS;COMUNIDADE/FAMÍLIA;;;18 A 19 ANOS;BR | BRASIL;;;;;;;;BR | BRASIL;MG;3170206 | UBERLÂNDIA;;;;NÃO INFORMADO;;;ÓRGÃO PÚBLICO;;;;BR | BRASIL;;;;;;;;BR | BRASIL;MG;3170206 | UBERLÂNDIA;;;;;;;;MINISTÉRIO PÚBLICO - ESTADUAL;;;LIBERDADE>DIREITOS INDIVIDUAIS>TRÁFICO DE PESSOAS - INTERNACIONAL
E6CE7338D84C642DF80807CEE28511585E997C5CFE6DAF0212D833E00445EFFE;2025-07-20 18:47:24.913;WHATSAPP;NÃO;A PRÓPRIA VÍTIMA;OUTROS;BR | BRASIL;MG;3170206 | UBERLÂNDIA;ÚNICA OCORRÊNCIA;NÃO SE APLICA;2;VIOLÊNCIA CONTRA CRIANÇA OU ADOLESCENTE;;OUTROS;PESSOA FÍSICA;MASCULINO;NÃO;15 ANOS;BR | BRASIL;;;;;NÃO;;NÃO;BR | BRASIL;MG;3170206 | UBERLÂNDIA;;;;BRANCA;;;ÓRGÃO PÚBLICO;;;;BR | BRASIL;;;;;;;;BR | BRASIL;MG;3170206 | UBERLÂNDIA;;;;;;;;SEGURANÇA PÚBLICA, FORÇAS ARMADAS, DEFESA CIVIL, BOMBEIROS E ASSEMELHADOS ? MUNICIPAL;;;LIBERDADE>DIREITOS INDIVIDUAIS>TRÁFICO DE CRIANÇAS - INTERNACIONAL
88E46F280DDE0886CE9A9720E2D03019D3349C588294DD3D50F353985A223CC0;2025-07-20 18:47:24.913;WHATSAPP;NÃO;A PRÓPRIA VÍTIMA;CASA ONDE RESIDE A VÍTIMA E O SUSPEITO;BR | BRASIL;MG;3170206 | UBERLÂNDIA;DIARIAMENTE;HÁ MAIS DE DEZ ANOS;2;VIOLÊNCIA CONTRA CIDADÃO, FAMÍLIA OU COMUNIDADE;;OUTROS;COMUNIDADE/FAMÍLIA;;;18 A 19 ANOS;BR | BRASIL;;;;;;;;BR | BRASIL;MG;3170206 | UBERLÂNDIA;;;;NÃO INFORMADO;;;ÓRGÃO PÚBLICO;;;;BR | BRASIL;;;;;;;;BR | BRASIL;MG;3170206 | UBERLÂNDIA;;;;;;;;PODER EXECUTIVO EM GERAL - MUNICIPAL;;;LIBERDADE>DIREITOS INDIVIDUAIS>TRÁFICO DE PESSOAS - INTERNACIONAL
E6CE7338D84C642DF80807CEE28511585E997C5CFE6DAF0212D833E00445EFFE;2025-07-20 18:47:24.913;WHATSAPP;NÃO;A PRÓPRIA VÍTIMA;OUTROS;BR | BRASIL;MG;3170206 | UBERLÂNDIA;ÚNICA OCORRÊNCIA;NÃO SE APLICA;2;VIOLÊNCIA CONTRA CRIANÇA OU ADOLESCENTE;;OUTROS;PESSOA FÍSICA;MASCULINO;NÃO;15 ANOS;BR | BRASIL;;;;;NÃO;;NÃO;BR | BRASIL;MG;3170206 | UBERLÂNDIA;;;;BRANCA;;;ÓRGÃO PÚBLICO;;;;BR | BRASIL;;;;;;;;BR | BRASIL;MG;3170206 | UBERLÂNDIA;;;;;;;;SEGURANÇA PÚBLICA, FORÇAS ARMADAS, DEFESA CIVIL, BOMBEIROS E ASSEMELHADOS ? MUNICIPAL;;;LIBERDADE>DIREITOS INDIVIDUAIS>TRÁFICO DE CRIANÇAS - NACIONAL
88E46F280DDE0886CE9A9720E2D03019D3349C588294DD3D50F353985A223CC0;2025-07-20 18:47:24.913;WHATSAPP;NÃO;A PRÓPRIA VÍTIMA;CASA ONDE RESIDE A VÍTIMA E O SUSPEITO;BR | BRASIL;MG;3170206 | UBERLÂNDIA;DIARIAMENTE;HÁ MAIS DE DEZ ANOS;2;VIOLÊNCIA CONTRA CIDADÃO, FAMÍLIA OU COMUNIDADE;;OUTROS;COMUNIDADE/FAMÍLIA;;;18 A 19 ANOS;BR | BRASIL;;;;;;;;BR | BRASIL;MG;3170206 | UBERLÂNDIA;;;;NÃO INFORMADO;;;ÓRGÃO PÚBLICO;;;;BR | BRASIL;;;;;;;;BR | BRASIL;MG;3170206 | UBERLÂNDIA;;;;;;;;SEGURANÇA PÚBLICA, FORÇAS ARMADAS, DEFESA CIVIL, BOMBEIROS E ASSEMELHADOS ? MUNICIPAL;;;LIBERDADE>DIREITOS INDIVIDUAIS>TRÁFICO DE PESSOAS - INTERNACIONAL
FB4F07B2ED9736B06D582FEE4C6DF1B57AA023B411BBD9A8B877516108642037;2025-07-20 18:47:24.913;WHATSAPP;NÃO;A PRÓPRIA VÍTIMA;OUTROS;BR | BRASIL;MG;3170206 | UBERLÂNDIA;DIARIAMENTE;HÁ MAIS DE DEZ ANOS;2;VIOLÊNCIA CONTRA CRIANÇA OU ADOLESCENTE;;OUTROS;COMUNIDADE/FAMÍLIA;;;CRIANÇA/ADOLESCENTE IDADE NÃO INFORMADA;BR | BRASIL;;;;;;;;BR | BRASIL;MG;3170206 | UBERLÂNDIA;;;;NÃO INFORMADO;;;ÓRGÃO PÚBLICO;;;;BR | BRASIL;;;;;;;;BR | BRASIL;MG;3170206 | UBERLÂNDIA;;;;;;;;PODER EXECUTIVO EM GERAL ? ESTADUAL/DISTRITO FEDERAL;;;LIBERDADE>DIREITOS INDIVIDUAIS>TRÁFICO DE CRIANÇAS - NACIONAL
FD8BE21DEB4DE1CAF44589F29E7AFF76050B12CD56A7B3068B1B5CEE28F6F462;2025-07-20 18:47:24.913;WHATSAPP;NÃO;A PRÓPRIA VÍTIMA;CASA ONDE RESIDE A VÍTIMA E O SUSPEITO;BR | BRASIL;MG;3170206 | UBERLÂNDIA;DIARIAMENTE;HÁ MAIS DE DEZ ANOS;2;VIOLÊNCIA CONTRA CIDADÃO, FAMÍLIA OU COMUNIDADE;;OUTROS;COMUNIDADE/FAMÍLIA;;;18 A 19 ANOS;BR | BRASIL;;;;;;;;BR | BRASIL;MG;3170206 | UBERLÂNDIA;;;;NÃO INFORMADO;;;ÓRGÃO PÚBLICO;;;;BR | BRASIL;;;;;;;;BR | BRASIL;MG;3170206 | UBERLÂNDIA;;;;;;;;PODER EXECUTIVO EM GERAL - MUNICIPAL;;;LIBERDADE>DIREITOS INDIVIDUAIS>TRÁFICO DE PESSOAS - INTERNACIONAL
8BED2814DC7FFB8709A0F0E1DEA1827FAB68C0A6CF6D80CD46DCE150B9E08808;2025-07-20 18:47:24.913;WHATSAPP;NÃO;A PRÓPRIA VÍTIMA;OUTROS;BR | BRASIL;MG;3170206 | UBERLÂNDIA;DIARIAMENTE;HÁ MAIS DE DEZ ANOS;2;VIOLÊNCIA CONTRA CRIANÇA OU ADOLESCENTE;;OUTROS;COMUNIDADE/FAMÍLIA;;;CRIANÇA/ADOLESCENTE IDADE NÃO INFORMADA;BR | BRASIL;;;;;;;;BR | BRASIL;MG;3170206 | UBERLÂNDIA;;;;NÃO INFORMADO;;;ÓRGÃO PÚBLICO;;;;BR | BRASIL;;;;;;;;BR | BRASIL;MG;3170206 | UBERLÂNDIA;;;;;;;;DEFENSORIA PÚBLICA - FEDERAL;;;LIBERDADE>DIREITOS INDIVIDUAIS>TRÁFICO DE CRIANÇAS - INTERNACIONAL
8BED2814DC7FFB8709A0F0E1DEA1827FAB68C0A6CF6D80CD46DCE150B9E08808;2025-07-20 18:47:24.913;WHATSAPP;NÃO;A PRÓPRIA VÍTIMA;OUTROS;BR | BRASIL;MG;3170206 | UBERLÂNDIA;DIARIAMENTE;HÁ MAIS DE DEZ ANOS;2;VIOLÊNCIA CONTRA CRIANÇA OU ADOLESCENTE;;OUTROS;COMUNIDADE/FAMÍLIA;;;CRIANÇA/ADOLESCENTE IDADE NÃO INFORMADA;BR | BRASIL;;;;;;;;BR | BRASIL;MG;3170206 | UBERLÂNDIA;;;;NÃO INFORMADO;;;ÓRGÃO PÚBLICO;;;;BR | BRASIL;;;;;;;;BR | BRASIL;MG;3170206 | UBERLÂNDIA;;;;;;;;DEFENSORIA PÚBLICA - FEDERAL;;;LIBERDADE>DIREITOS INDIVIDUAIS>TRÁFICO DE CRIANÇAS - NACIONAL
77AFFB5B7BB6F3C563B464F2679709ABE7C2178A5D50D5025B07028FFAE593FE;2025-07-20 18:47:24.913;WHATSAPP;NÃO;A PRÓPRIA VÍTIMA;OUTROS;BR | BRASIL;MG;3170206 | UBERLÂNDIA;ÚNICA OCORRÊNCIA;NÃO SE APLICA;2;VIOLÊNCIA CONTRA CRIANÇA OU ADOLESCENTE;;OUTROS;PESSOA FÍSICA;MASCULINO;NÃO;15 ANOS;BR | BRASIL;;;;;NÃO;;NÃO;BR | BRASIL;MG;3170206 | UBERLÂNDIA;;;;BRANCA;;;ÓRGÃO PÚBLICO;;;;BR | BRASIL;;;;;;;;BR | BRASIL;MG;3170206 | UBERLÂNDIA;;;;;;;;PODER EXECUTIVO EM GERAL - MUNICIPAL;;;LIBERDADE>DIREITOS INDIVIDUAIS>TRÁFICO DE CRIANÇAS - NACIONAL
95BF79D71BF723B8805A99D3BB26144D5CC79E964C72B88C8B69BC31861E5A57;2025-07-20 18:47:24.913;WHATSAPP;NÃO;A PRÓPRIA VÍTIMA;OUTROS;BR | BRASIL;MG;3170206 | UBERLÂNDIA;DIARIAMENTE;HÁ MAIS DE DEZ ANOS;2;VIOLÊNCIA CONTRA CRIANÇA OU ADOLESCENTE;;OUTROS;COMUNIDADE/FAMÍLIA;;;CRIANÇA/ADOLESCENTE IDADE NÃO INFORMADA;BR | BRASIL;;;;;;;;BR | BRASIL;MG;3170206 | UBERLÂNDIA;;;;NÃO INFORMADO;;;ÓRGÃO PÚBLICO;;;;BR | BRASIL;;;;;;;;BR | BRASIL;MG;3170206 | UBERLÂNDIA;;;;;;;;MINISTÉRIO PÚBLICO - ESTADUAL;;;LIBERDADE>DIREITOS INDIVIDUAIS>TRÁFICO DE CRIANÇAS - NACIONAL
A6DCF9D9C21C6B087A8721B2171B92A1C81EFC980B7022BBEA738627E39823C7;2025-07-20 18:47:24.913;WHATSAPP;NÃO;A PRÓPRIA VÍTIMA;OUTROS;BR | BRASIL;MG;3170206 | UBERLÂNDIA;DIARIAMENTE;HÁ MAIS DE DEZ ANOS;2;VIOLÊNCIA CONTRA CRIANÇA OU ADOLESCENTE;;OUTROS;COMUNIDADE/FAMÍLIA;;;CRIANÇA/ADOLESCENTE IDADE NÃO INFORMADA;BR | BRASIL;;;;;;;;BR | BRASIL;MG;3170206 | UBERLÂNDIA;;;;NÃO INFORMADO;;;ÓRGÃO PÚBLICO;;;;BR | BRASIL;;;;;;;;BR | BRASIL;MG;3170206 | UBERLÂNDIA;;;;;;;;PODER EXECUTIVO EM GERAL - MUNICIPAL;;;LIBERDADE>DIREITOS INDIVIDUAIS>TRÁFICO DE CRIANÇAS - INTERNACIONAL
A1963FB10B01F9D16D727E66A10C4E8C19098BA2B6B5C1F23C6E3995CAAF6F9D;2025-07-20 18:47:24.913;WHATSAPP;NÃO;A PRÓPRIA VÍTIMA;OUTROS;BR | BRASIL;MG;3170206 | UBERLÂNDIA;ÚNICA OCORRÊNCIA;NÃO SE APLICA;2;VIOLÊNCIA CONTRA CRIANÇA OU ADOLESCENTE;;OUTROS;PESSOA FÍSICA;MASCULINO;NÃO;15 ANOS;BR | BRASIL;;;;;NÃO;;NÃO;BR | BRASIL;MG;3170206 | UBERLÂNDIA;;;;BRANCA;;;ÓRGÃO PÚBLICO;;;;BR | BRASIL;;;;;;;;BR | BRASIL;MG;3170206 | UBERLÂNDIA;;;;;;;;DEFENSORIA PÚBLICA - FEDERAL;;;LIBERDADE>DIREITOS INDIVIDUAIS>TRÁFICO DE CRIANÇAS - NACIONAL
A6DCF9D9C21C6B087A8721B2171B92A1C81EFC980B7022BBEA738627E39823C7;2025-07-20 18:47:24.913;WHATSAPP;NÃO;A PRÓPRIA VÍTIMA;OUTROS;BR | BRASIL;MG;3170206 | UBERLÂNDIA;DIARIAMENTE;HÁ MAIS DE DEZ ANOS;2;VIOLÊNCIA CONTRA CRIANÇA OU ADOLESCENTE;;OUTROS;COMUNIDADE/FAMÍLIA;;;CRIANÇA/ADOLESCENTE IDADE NÃO INFORMADA;BR | BRASIL;;;;;;;;BR | BRASIL;MG;3170206 | UBERLÂNDIA;;;;NÃO INFORMADO;;;ÓRGÃO PÚBLICO;;;;BR | BRASIL;;;;;;;;BR | BRASIL;MG;3170206 | UBERLÂNDIA;;;;;;;;SEGURANÇA PÚBLICA, FORÇAS ARMADAS, DEFESA CIVIL, BOMBEIROS E ASSEMELHADOS ? MUNICIPAL;;;LIBERDADE>DIREITOS INDIVIDUAIS>TRÁFICO DE CRIANÇAS - INTERNACIONAL
B1FFA8C072B88821CCC5985E47E65C2D0B6BC4CE0162C968274432990D1EB752;2025-07-20 18:47:24.913;WHATSAPP;NÃO;A PRÓPRIA VÍTIMA;OUTROS;BR | BRASIL;MG;3170206 | UBERLÂNDIA;DIARIAMENTE;HÁ MAIS DE DEZ ANOS;2;VIOLÊNCIA CONTRA CRIANÇA OU ADOLESCENTE;;OUTROS;COMUNIDADE/FAMÍLIA;;;CRIANÇA/ADOLESCENTE IDADE NÃO INFORMADA;BR | BRASIL;;;;;;;;BR | BRASIL;MG;3170206 | UBERLÂNDIA;;;;NÃO INFORMADO;;;ÓRGÃO PÚBLICO;;;;BR | BRASIL;;;;;;;;BR | BRASIL;MG;3170206 | UBERLÂNDIA;;;;;;;;PODER EXECUTIVO EM GERAL - MUNICIPAL;;;LIBERDADE>DIREITOS INDIVIDUAIS>TRÁFICO DE CRIANÇAS - INTERNACIONAL
D640AC32ED56B29F6DF93B2554D6BF8DC3FD730208D8110A67D7DA516BF3FE79;2025-07-20 18:47:24.913;WHATSAPP;NÃO;A PRÓPRIA VÍTIMA;CASA ONDE RESIDE A VÍTIMA E O SUSPEITO;BR | BRASIL;MG;3170206 | UBERLÂNDIA;DIARIAMENTE;HÁ MAIS DE DEZ ANOS;2;VIOLÊNCIA CONTRA CIDADÃO, FAMÍLIA OU COMUNIDADE;;OUTROS;COMUNIDADE/FAMÍLIA;;;18 A 19 ANOS;BR | BRASIL;;;;;;;;BR | BRASIL;MG;3170206 | UBERLÂNDIA;;;;NÃO INFORMADO;;;ÓRGÃO PÚBLICO;;;;BR | BRASIL;;;;;;;;BR | BRASIL;MG;3170206 | UBERLÂNDIA;;;;;;;;PODER EXECUTIVO EM GERAL ? ESTADUAL/DISTRITO FEDERAL;;;LIBERDADE>DIREITOS INDIVIDUAIS>TRÁFICO DE PESSOAS - NACIONAL
FB4F07B2ED9736B06D582FEE4C6DF1B57AA023B411BBD9A8B877516108642037;2025-07-20 18:47:24.913;WHATSAPP;NÃO;A PRÓPRIA VÍTIMA;OUTROS;BR | BRASIL;MG;3170206 | UBERLÂNDIA;DIARIAMENTE;HÁ MAIS DE DEZ ANOS;2;VIOLÊNCIA CONTRA CRIANÇA OU ADOLESCENTE;;OUTROS;COMUNIDADE/FAMÍLIA;;;CRIANÇA/ADOLESCENTE IDADE NÃO INFORMADA;BR | BRASIL;;;;;;;;BR | BRASIL;MG;3170206 | UBERLÂNDIA;;;;NÃO INFORMADO;;;ÓRGÃO PÚBLICO;;;;BR | BRASIL;;;;;;;;BR | BRASIL;MG;3170206 | UBERLÂNDIA;;;;;;;;PODER EXECUTIVO EM GERAL ? ESTADUAL/DISTRITO FEDERAL;;;LIBERDADE>DIREITOS INDIVIDUAIS>TRÁFICO DE CRIANÇAS - INTERNACIONAL
E5BDC9B19425CD1325F57A7DDFBFF9B9754428BD91A6669E251478E8653CFD0D;2025-07-20 19:32:58.927;TELEFÔNICO;NÃO;TERCEIRO;OUTROS;BR | BRASIL;PE;2611606 | RECIFE;DIARIAMENTE;HÁ UM MÊS;1;VIOLÊNCIA CONTRA CIDADÃO, FAMÍLIA OU COMUNIDADE;;NÃO SE APLICA;PESSOA FÍSICA;MASCULINO;NÃO;18 A 19 ANOS;BR | BRASIL;;;;;NÃO;;NÃO;BR | BRASIL;PE;2611606 | RECIFE;;;;PRETA;;;PESSOA FÍSICA;MASCULINO;NÃO;30 A 34 ANOS;BR | BRASIL;;;;;NÃO;;NÃO;BR | BRASIL;DENUNCIANTE NÃO SOUBE INFORMAR;DENUNCIANTE NÃO SOUBE INFORMAR;NÃO SABE INFORMAR;;;;;;;;;;LIBERDADE>DIREITOS INDIVIDUAIS>TRÁFICO DE PESSOAS - INTERNACIONAL
8AF871867A740E1403F39D2AA211FC0673E7C9F49CC6C91D424ACBF66C2C5E62;2025-07-20 19:42:58.727;TELEFÔNICO;NÃO;A PRÓPRIA VÍTIMA;LOCAL DE TRABALHO DO AGRESSOR;BR | BRASIL;SP;3548708 | SÃO BERNARDO DO CAMPO;NÃO SABE INFORMAR;NÃO SABE INFORMAR;2;VIOLÊNCIA CONTRA CRIANÇA OU ADOLESCENTE;;OUTROS;PESSOA FÍSICA;FEMININO;NÃO;16 ANOS;BR | BRASIL;;;;;NÃO;;NÃO;BR | BRASIL;PI;;NÃO SABE INFORMAR;;;BRANCA;;;PESSOA FÍSICA;MASCULINO;NÃO;55 A 59 ANOS;BR | BRASIL;;;;;NÃO;;NÃO;BR | BRASIL;SP;3548708 | SÃO BERNARDO DO CAMPO;POLICIAL CIVIL;;NÃO SABE;BRANCA;;;;;;;LIBERDADE>DIREITOS INDIVIDUAIS>TRÁFICO DE CRIANÇAS - INTERNACIONAL
8AF871867A740E1403F39D2AA211FC0673E7C9F49CC6C91D424ACBF66C2C5E62;2025-07-20 19:42:58.727;TELEFÔNICO;NÃO;A PRÓPRIA VÍTIMA;LOCAL DE TRABALHO DO AGRESSOR;BR | BRASIL;SP;3548708 | SÃO BERNARDO DO CAMPO;NÃO SABE INFORMAR;NÃO SABE INFORMAR;2;VIOLÊNCIA CONTRA CRIANÇA OU ADOLESCENTE;;OUTROS;PESSOA FÍSICA;FEMININO;NÃO;16 ANOS;BR | BRASIL;;;;;NÃO;;NÃO;BR | BRASIL;PI;;NÃO SABE INFORMAR;;;BRANCA;;;PESSOA FÍSICA;MASCULINO;NÃO;55 A 59 ANOS;BR | BRASIL;;;;;NÃO;;NÃO;BR | BRASIL;SP;3548708 | SÃO BERNARDO DO CAMPO;POLICIAL CIVIL;;NÃO SABE;BRANCA;;;;;;;LIBERDADE>DIREITOS INDIVIDUAIS>TRÁFICO DE MULHERES - INTERNACIONAL
EBEF353D62C93BADABF8ECC3793EC8BE19C57899F374F4AF102441E0E4CB5214;2025-07-20 19:42:58.727;TELEFÔNICO;NÃO;A PRÓPRIA VÍTIMA;LOCAL DE TRABALHO DO AGRESSOR;BR | BRASIL;SP;3548708 | SÃO BERNARDO DO CAMPO;NÃO SABE INFORMAR;NÃO SABE INFORMAR;2;VIOLÊNCIA CONTRA CRIANÇA OU ADOLESCENTE;;OUTROS;PESSOA FÍSICA;FEMININO;NÃO;16 ANOS;BR | BRASIL;;;;;NÃO;;NÃO;BR | BRASIL;PI;;NÃO SABE INFORMAR;;;BRANCA;;;PESSOA FÍSICA;MASCULINO;NÃO;30 A 34 ANOS;BR | BRASIL;;;;;NÃO;;NÃO;BR | BRASIL;SP;3548708 | SÃO BERNARDO DO CAMPO;POLICIAL MILITAR;;NÃO SABE;PARDA;;;;;;;LIBERDADE>DIREITOS INDIVIDUAIS>TRÁFICO DE MULHERES - INTERNACIONAL
EBEF353D62C93BADABF8ECC3793EC8BE19C57899F374F4AF102441E0E4CB5214;2025-07-20 19:42:58.727;TELEFÔNICO;NÃO;A PRÓPRIA VÍTIMA;LOCAL DE TRABALHO DO AGRESSOR;BR | BRASIL;SP;3548708 | SÃO BERNARDO DO CAMPO;NÃO SABE INFORMAR;NÃO SABE INFORMAR;2;VIOLÊNCIA CONTRA CRIANÇA OU ADOLESCENTE;;OUTROS;PESSOA FÍSICA;FEMININO;NÃO;16 ANOS;BR | BRASIL;;;;;NÃO;;NÃO;BR | BRASIL;PI;;NÃO SABE INFORMAR;;;BRANCA;;;PESSOA FÍSICA;MASCULINO;NÃO;30 A 34 ANOS;BR | BRASIL;;;;;NÃO;;NÃO;BR | BRASIL;SP;3548708 | SÃO BERNARDO DO CAMPO;POLICIAL MILITAR;;NÃO SABE;PARDA;;;;;;;LIBERDADE>DIREITOS INDIVIDUAIS>TRÁFICO DE PESSOAS - INTERNACIONAL
EBEF353D62C93BADABF8ECC3793EC8BE19C57899F374F4AF102441E0E4CB5214;2025-07-20 19:42:58.727;TELEFÔNICO;NÃO;A PRÓPRIA VÍTIMA;LOCAL DE TRABALHO DO AGRESSOR;BR | BRASIL;SP;3548708 | SÃO BERNARDO DO CAMPO;NÃO SABE INFORMAR;NÃO SABE INFORMAR;2;VIOLÊNCIA CONTRA CRIANÇA OU ADOLESCENTE;;OUTROS;PESSOA FÍSICA;FEMININO;NÃO;16 ANOS;BR | BRASIL;;;;;NÃO;;NÃO;BR | BRASIL;PI;;NÃO SABE INFORMAR;;;BRANCA;;;PESSOA FÍSICA;MASCULINO;NÃO;30 A 34 ANOS;BR | BRASIL;;;;;NÃO;;NÃO;BR | BRASIL;SP;3548708 | SÃO BERNARDO DO CAMPO;POLICIAL MILITAR;;NÃO SABE;PARDA;;;;;;;LIBERDADE>DIREITOS INDIVIDUAIS>TRÁFICO DE CRIANÇAS - INTERNACIONAL
8AF871867A740E1403F39D2AA211FC0673E7C9F49CC6C91D424ACBF66C2C5E62;2025-07-20 19:42:58.727;TELEFÔNICO;NÃO;A PRÓPRIA VÍTIMA;LOCAL DE TRABALHO DO AGRESSOR;BR | BRASIL;SP;3548708 | SÃO BERNARDO DO CAMPO;NÃO SABE INFORMAR;NÃO SABE INFORMAR;2;VIOLÊNCIA CONTRA CRIANÇA OU ADOLESCENTE;;OUTROS;PESSOA FÍSICA;FEMININO;NÃO;16 ANOS;BR | BRASIL;;;;;NÃO;;NÃO;BR | BRASIL;PI;;NÃO SABE INFORMAR;;;BRANCA;;;PESSOA FÍSICA;MASCULINO;NÃO;55 A 59 ANOS;BR | BRASIL;;;;;NÃO;;NÃO;BR | BRASIL;SP;3548708 | SÃO BERNARDO DO CAMPO;POLICIAL CIVIL;;NÃO SABE;BRANCA;;;;;;;LIBERDADE>DIREITOS INDIVIDUAIS>TRÁFICO DE PESSOAS - INTERNACIONAL
F6DEE95FD46EF5EBE40357F47A496E1845BE7E11F438326675444DDA31FB86E0;2025-07-20 19:48:13.740;TELEFÔNICO;NÃO;TERCEIRO;CASA DE TERCEIRO;ZA | ÁFRICA DO SUL;;;DIARIAMENTE;HÁ MAIS DE SEIS MESES;2;VIOLÊNCIA CONTRA CRIANÇA OU ADOLESCENTE;;DESCONHECIDO(A);PESSOA FÍSICA;FEMININO;NÃO;15 ANOS;BR | BRASIL;;;;;NÃO;;NÃO;BR | BRASIL;RJ;;;;;PARDA;;;PESSOA FÍSICA;MASCULINO;NÃO;;BR | BRASIL;;;;;NÃO;;;ZA | ÁFRICA DO SUL;DENUNCIANTE NÃO SOUBE INFORMAR;DENUNCIANTE NÃO SOUBE INFORMAR;;;;;;;;;;;LIBERDADE>DIREITOS INDIVIDUAIS>TRÁFICO DE PESSOAS - INTERNACIONAL
4B3D55532B505AB1420910B9C17426EF7A8FF3C8273FEAC906B926E94F2B6D32;2025-07-21 21:05:25.650;TELEFÔNICO;NÃO;TERCEIRO;VIA PÚBLICA;BR | BRASIL;PE;2610707 | PAULISTA;DIARIAMENTE;HÁ MAIS DE DEZ ANOS;1;VIOLÊNCIA CONTRA CIDADÃO, FAMÍLIA OU COMUNIDADE;;NÃO SE APLICA;PESSOA FÍSICA;MASCULINO;NÃO;20 A 24 ANOS;BR | BRASIL;;;;;NÃO;;NÃO;BR | BRASIL;PE;2610707 | PAULISTA;;;;BRANCA;;;PESSOA FÍSICA;MASCULINO;NÃO;80 A 84 ANOS;BR | BRASIL;;;;;NÃO;;NÃO;BR | BRASIL;PE;2610707 | PAULISTA;OUTROS NÃO LISTADOS;;;;;;;;;;LIBERDADE>DIREITOS INDIVIDUAIS>TRÁFICO DE PESSOAS - NACIONAL
48093F35B11411CBF9CA270AE8254027D33555F671A43D39E416D767EF81240F;2025-07-22 19:46:52.790;TELEFÔNICO;NÃO;TERCEIRO;NÃO SABE INFORMAR;BR | BRASIL;PE;2604106 | CARUARU;DIARIAMENTE;HÁ MAIS DE UM ANO;1;VIOLÊNCIA CONTRA CRIANÇA OU ADOLESCENTE;;DESCONHECIDO(A);PESSOA FÍSICA;FEMININO;;CRIANÇA/ADOLESCENTE IDADE NÃO INFORMADA;BR | BRASIL;;;;;NÃO;;;BR | BRASIL;DENUNCIANTE NÃO SOUBE INFORMAR;DENUNCIANTE NÃO SOUBE INFORMAR;;;;NÃO INFORMADO;;;PESSOA FÍSICA;FEMININO;NÃO;65 A 69 ANOS;BR | BRASIL;;;;;NÃO;;NÃO;BR | BRASIL;PE;2604106 | CARUARU;OUTROS NÃO LISTADOS;;;BRANCA;;;;;;;LIBERDADE>DIREITOS INDIVIDUAIS>TRÁFICO DE CRIANÇAS - INTERNACIONAL
DCD5381277B1366B7069CD1C93381678A106E3759E6B87D5853CECFC591ED9E5;2025-07-22 19:46:52.790;TELEFÔNICO;NÃO;TERCEIRO;NÃO SABE INFORMAR;BR | BRASIL;PE;2604106 | CARUARU;DIARIAMENTE;HÁ MAIS DE UM ANO;1;VIOLÊNCIA CONTRA CRIANÇA OU ADOLESCENTE;;DESCONHECIDO(A);PESSOA FÍSICA;FEMININO;;CRIANÇA/ADOLESCENTE IDADE NÃO INFORMADA;BR | BRASIL;;;;;NÃO;;;BR | BRASIL;DENUNCIANTE NÃO SOUBE INFORMAR;DENUNCIANTE NÃO SOUBE INFORMAR;;;;NÃO INFORMADO;;;PESSOA FÍSICA;FEMININO;NÃO;25 A 29 ANOS;BR | BRASIL;;;;;NÃO;;NÃO;BR | BRASIL;PE;2604106 | CARUARU;ADMINISTRADOR;;;BRANCA;;;;;;;LIBERDADE>DIREITOS INDIVIDUAIS>TRÁFICO DE CRIANÇAS - INTERNACIONAL
4E6D885A20884CF51119CA55C0E844AF0C97F679B4D0C3B474DFE5806CC43AD3;2025-07-22 19:46:52.790;TELEFÔNICO;NÃO;TERCEIRO;NÃO SABE INFORMAR;BR | BRASIL;PE;2604106 | CARUARU;DIARIAMENTE;HÁ MAIS DE UM ANO;1;VIOLÊNCIA CONTRA CRIANÇA OU ADOLESCENTE;;DESCONHECIDO(A);PESSOA FÍSICA;FEMININO;;CRIANÇA/ADOLESCENTE IDADE NÃO INFORMADA;BR | BRASIL;;;;;NÃO;;;BR | BRASIL;DENUNCIANTE NÃO SOUBE INFORMAR;DENUNCIANTE NÃO SOUBE INFORMAR;;;;NÃO INFORMADO;;;PESSOA FÍSICA;FEMININO;NÃO;45 A 49 ANOS;BR | BRASIL;;;;;NÃO;;NÃO;BR | BRASIL;PE;2604106 | CARUARU;COSTUREIRO OU SERVIÇOS DE CONFECÇÃO EM GERAL;;;BRANCA;;;;;;;LIBERDADE>DIREITOS INDIVIDUAIS>TRÁFICO DE CRIANÇAS - INTERNACIONAL
EFBD2A78B0332CCFA04F0D8213F71F1E8BD30C6259200CCDA8DEB70EE7E8135B;2025-07-22 19:46:52.790;TELEFÔNICO;NÃO;TERCEIRO;NÃO SABE INFORMAR;BR | BRASIL;PE;2604106 | CARUARU;DIARIAMENTE;HÁ MAIS DE UM ANO;1;VIOLÊNCIA CONTRA CRIANÇA OU ADOLESCENTE;;DESCONHECIDO(A);PESSOA FÍSICA;FEMININO;;CRIANÇA/ADOLESCENTE IDADE NÃO INFORMADA;BR | BRASIL;;;;;NÃO;;;BR | BRASIL;DENUNCIANTE NÃO SOUBE INFORMAR;DENUNCIANTE NÃO SOUBE INFORMAR;;;;NÃO INFORMADO;;;PESSOA FÍSICA;FEMININO;NÃO;45 A 49 ANOS;BR | BRASIL;;;;;NÃO;;NÃO;BR | BRASIL;PE;2604106 | CARUARU;ADMINISTRADOR;;;BRANCA;;;;;;;LIBERDADE>DIREITOS INDIVIDUAIS>TRÁFICO DE CRIANÇAS - INTERNACIONAL
17D71834236F7FD84907CDAF7BA3947476ABFFED0F3E128CBD42EC2B2D292FA3;2025-07-23 08:36:45.433;E-MAIL;NÃO;TERCEIRO;OUTROS;BE | BÉLGICA;;;DIARIAMENTE;NÃO SABE INFORMAR;2;VIOLÊNCIA CONTRA A MULHER;;OUTROS;PESSOA FÍSICA;FEMININO;NÃO;25 A 29 ANOS;BR | BRASIL;;;;;NÃO;;NÃO;BE | BÉLGICA;;;;;;NÃO INFORMADO;;;PESSOA FÍSICA;FEMININO;NÃO;;BR | BRASIL;;;;;NÃO;;;BR | BRASIL;DENUNCIANTE NÃO SOUBE INFORMAR;DENUNCIANTE NÃO SOUBE INFORMAR;;;;;;;;;;;LIBERDADE>DIREITOS INDIVIDUAIS>TRÁFICO DE MULHERES - INTERNACIONAL
1C6E6BB091BA932D891A6F07851BACDC8338883BF3B3ACFB8BD9AAA588CF52F5;2025-07-23 08:36:45.433;E-MAIL;NÃO;TERCEIRO;OUTROS;BE | BÉLGICA;DENUNCIANTE NÃO SOUBE INFORMAR;DENUNCIANTE NÃO SOUBE INFORMAR;DIARIAMENTE;HÁ UM MÊS;2;VIOLÊNCIA CONTRA A MULHER;;OUTROS;PESSOA FÍSICA;FEMININO;NÃO;20 A 24 ANOS;BR | BRASIL;;;;;NÃO;;NÃO;BE | BÉLGICA;DENUNCIANTE NÃO SOUBE INFORMAR;DENUNCIANTE NÃO SOUBE INFORMAR;;;;NÃO INFORMADO;;;PESSOA FÍSICA;MASCULINO;NÃO;;BR | BRASIL;;;;;NÃO;;;BE | BÉLGICA;;;;;;;;;;;;;LIBERDADE>DIREITOS INDIVIDUAIS>TRÁFICO DE MULHERES - INTERNACIONAL
33A566C112118E107537A4EBEE69EB0B614DBA69FB3196E2016411ADBEFC943C;2025-07-23 08:36:45.433;E-MAIL;NÃO;TERCEIRO;OUTROS;BE | BÉLGICA;;;DIARIAMENTE;NÃO SABE INFORMAR;2;VIOLÊNCIA CONTRA A MULHER;;OUTROS;PESSOA FÍSICA;FEMININO;NÃO;25 A 29 ANOS;BR | BRASIL;;;;;NÃO;;NÃO;BE | BÉLGICA;;;;;;NÃO INFORMADO;;;PESSOA FÍSICA;MASCULINO;NÃO;;BR | BRASIL;;;;;NÃO;;;BE | BÉLGICA;;;;;;;;;;;;;LIBERDADE>DIREITOS INDIVIDUAIS>TRÁFICO DE MULHERES - INTERNACIONAL
4E69C9C72A370106EA8C495E9E841EA07CC38A09F25AAF852A959F7F2BA34802;2025-07-23 08:36:45.433;E-MAIL;NÃO;TERCEIRO;OUTROS;BE | BÉLGICA;;;DIARIAMENTE;NÃO SABE INFORMAR;2;VIOLÊNCIA CONTRA A MULHER;;OUTROS;PESSOA FÍSICA;FEMININO;NÃO;25 A 29 ANOS;BR | BRASIL;;;;;NÃO;;NÃO;BE | BÉLGICA;;;;;;NÃO INFORMADO;;;PESSOA FÍSICA;FEMININO;NÃO;;BR | BRASIL;;;;;NÃO;;;BR | BRASIL;DENUNCIANTE NÃO SOUBE INFORMAR;DENUNCIANTE NÃO SOUBE INFORMAR;;;;;;;;;;;LIBERDADE>DIREITOS INDIVIDUAIS>TRÁFICO DE MULHERES - INTERNACIONAL
5DFEE5155A66424EC79EB3EDC6E0DCD172F95436EE7E602D231AA817838660D9;2025-07-23 08:36:45.433;E-MAIL;NÃO;TERCEIRO;OUTROS;BE | BÉLGICA;DENUNCIANTE NÃO SOUBE INFORMAR;DENUNCIANTE NÃO SOUBE INFORMAR;DIARIAMENTE;HÁ UM MÊS;2;VIOLÊNCIA CONTRA A MULHER;;OUTROS;PESSOA FÍSICA;FEMININO;NÃO;20 A 24 ANOS;BR | BRASIL;;;;;NÃO;;NÃO;BE | BÉLGICA;DENUNCIANTE NÃO SOUBE INFORMAR;DENUNCIANTE NÃO SOUBE INFORMAR;;;;NÃO INFORMADO;;;PESSOA FÍSICA;FEMININO;NÃO;;BR | BRASIL;;;;;NÃO;;;BR | BRASIL;DENUNCIANTE NÃO SOUBE INFORMAR;DENUNCIANTE NÃO SOUBE INFORMAR;;;;;;;;;;;LIBERDADE>DIREITOS INDIVIDUAIS>TRÁFICO DE MULHERES - INTERNACIONAL
9412F2133F3469536493B51B7F067AFDA77F77965DC2C332046B51312C97D740;2025-07-23 08:36:45.433;E-MAIL;NÃO;TERCEIRO;OUTROS;BE | BÉLGICA;;;DIARIAMENTE;NÃO SABE INFORMAR;2;VIOLÊNCIA CONTRA A MULHER;;OUTROS;PESSOA FÍSICA;FEMININO;NÃO;25 A 29 ANOS;BR | BRASIL;;;;;NÃO;;NÃO;BE | BÉLGICA;;;;;;NÃO INFORMADO;;;PESSOA FÍSICA;FEMININO;NÃO;40 A 44 ANOS;BR | BRASIL;;;;;NÃO;;NÃO INFORMADO;BR | BRASIL;SP;3550308 | SÃO PAULO;NÃO SABE INFORMAR;;;;;;;;;;LIBERDADE>DIREITOS INDIVIDUAIS>TRÁFICO DE MULHERES - INTERNACIONAL
52A6A3C44010A3294282FDDB2BB42D84DBDD996E9EC3E4E0655270D82561A10A;2025-07-23 08:36:45.433;E-MAIL;NÃO;TERCEIRO;OUTROS;BE | BÉLGICA;;;DIARIAMENTE;NÃO SABE INFORMAR;2;VIOLÊNCIA CONTRA A MULHER;;OUTROS;PESSOA FÍSICA;FEMININO;NÃO;25 A 29 ANOS;BR | BRASIL;;;;;NÃO;;NÃO;BE | BÉLGICA;;;;;;NÃO INFORMADO;;;PESSOA FÍSICA;FEMININO;NÃO;;BR | BRASIL;;;;;NÃO;;;BR | BRASIL;DENUNCIANTE NÃO SOUBE INFORMAR;DENUNCIANTE NÃO SOUBE INFORMAR;;;;;;;;;;;LIBERDADE>DIREITOS INDIVIDUAIS>TRÁFICO DE MULHERES - INTERNACIONAL
AA278CC6270A8CE5D2648D73E2DD8BF363CAAE4BC6A3388FBDBD441E014B6693;2025-07-23 08:36:45.433;E-MAIL;NÃO;TERCEIRO;OUTROS;BE | BÉLGICA;DENUNCIANTE NÃO SOUBE INFORMAR;DENUNCIANTE NÃO SOUBE INFORMAR;DIARIAMENTE;HÁ UM MÊS;2;VIOLÊNCIA CONTRA A MULHER;;OUTROS;PESSOA FÍSICA;FEMININO;NÃO;20 A 24 ANOS;BR | BRASIL;;;;;NÃO;;NÃO;BE | BÉLGICA;DENUNCIANTE NÃO SOUBE INFORMAR;DENUNCIANTE NÃO SOUBE INFORMAR;;;;NÃO INFORMADO;;;PESSOA FÍSICA;MASCULINO;NÃO;;BR | BRASIL;;;;;NÃO;;;BE | BÉLGICA;;;;;;;;;;;;;LIBERDADE>DIREITOS INDIVIDUAIS>TRÁFICO DE MULHERES - INTERNACIONAL
99BC8B7BE4A6DBC673966CC448FEC4CE9864FB5DAF1B29CE3B0CD969AD4B22B3;2025-07-23 08:36:45.433;E-MAIL;NÃO;TERCEIRO;OUTROS;BE | BÉLGICA;;;NÃO SABE INFORMAR;NÃO SABE INFORMAR;2;VIOLÊNCIA CONTRA A MULHER;;OUTROS;PESSOA FÍSICA;FEMININO;NÃO;25 A 29 ANOS;BR | BRASIL;;;;;NÃO;;NÃO;BE | BÉLGICA;;;;;;NÃO INFORMADO;;;PESSOA FÍSICA;MASCULINO;NÃO;;BR | BRASIL;;;;;NÃO;;;BE | BÉLGICA;;;;;;;;;;;;;LIBERDADE>DIREITOS INDIVIDUAIS>TRÁFICO DE MULHERES - INTERNACIONAL
AC9C796C18D1FD8B800E4241C79551AE9F3001B95C9C256D30E1D5056F21453F;2025-07-23 08:36:45.433;E-MAIL;NÃO;TERCEIRO;OUTROS;BE | BÉLGICA;;;NÃO SABE INFORMAR;NÃO SABE INFORMAR;2;VIOLÊNCIA CONTRA A MULHER;;OUTROS;PESSOA FÍSICA;FEMININO;NÃO;25 A 29 ANOS;BR | BRASIL;;;;;NÃO;;NÃO;BE | BÉLGICA;;;;;;NÃO INFORMADO;;;PESSOA FÍSICA;FEMININO;NÃO;;BR | BRASIL;;;;;NÃO;;;BR | BRASIL;DENUNCIANTE NÃO SOUBE INFORMAR;DENUNCIANTE NÃO SOUBE INFORMAR;;;;;;;;;;;LIBERDADE>DIREITOS INDIVIDUAIS>TRÁFICO DE MULHERES - INTERNACIONAL
5B1A422EF0DDA57456DCF3944FEA2836C080C222DA72A106401E86F42E24BD5C;2025-07-23 08:36:45.433;E-MAIL;NÃO;TERCEIRO;OUTROS;BE | BÉLGICA;;;DIARIAMENTE;NÃO SABE INFORMAR;2;VIOLÊNCIA CONTRA A MULHER;;OUTROS;PESSOA FÍSICA;FEMININO;NÃO;25 A 29 ANOS;BR | BRASIL;;;;;NÃO;;NÃO;BE | BÉLGICA;;;;;;NÃO INFORMADO;;;PESSOA FÍSICA;MASCULINO;NÃO;;BR | BRASIL;;;;;NÃO;;;BE | BÉLGICA;;;;;;;;;;;;;LIBERDADE>DIREITOS INDIVIDUAIS>TRÁFICO DE MULHERES - INTERNACIONAL
CE9D2AEDA683A498D217D311B3B30F8003BFBFF4A549774F6928B4B8DC178C49;2025-07-23 08:36:45.433;E-MAIL;NÃO;TERCEIRO;OUTROS;BE | BÉLGICA;DENUNCIANTE NÃO SOUBE INFORMAR;DENUNCIANTE NÃO SOUBE INFORMAR;DIARIAMENTE;HÁ UM MÊS;2;VIOLÊNCIA CONTRA A MULHER;;OUTROS;PESSOA FÍSICA;FEMININO;NÃO;20 A 24 ANOS;BR | BRASIL;;;;;NÃO;;NÃO;BE | BÉLGICA;DENUNCIANTE NÃO SOUBE INFORMAR;DENUNCIANTE NÃO SOUBE INFORMAR;;;;NÃO INFORMADO;;;PESSOA FÍSICA;FEMININO;NÃO;40 A 44 ANOS;BR | BRASIL;;;;;NÃO;;NÃO INFORMADO;BR | BRASIL;SP;3550308 | SÃO PAULO;NÃO SABE INFORMAR;;;;;;;;;;LIBERDADE>DIREITOS INDIVIDUAIS>TRÁFICO DE MULHERES - INTERNACIONAL
D2FB9EEFAC0BCA7F371278EAC0B9F29B907A77EF7E7D3BBF7DAE70EDCFD697EA;2025-07-23 08:36:45.433;E-MAIL;NÃO;TERCEIRO;OUTROS;BE | BÉLGICA;;;DIARIAMENTE;NÃO SABE INFORMAR;2;VIOLÊNCIA CONTRA A MULHER;;OUTROS;PESSOA FÍSICA;FEMININO;NÃO;25 A 29 ANOS;BR | BRASIL;;;;;NÃO;;NÃO;BE | BÉLGICA;;;;;;NÃO INFORMADO;;;PESSOA FÍSICA;MASCULINO;NÃO;;BR | BRASIL;;;;;NÃO;;;BE | BÉLGICA;;;;;;;;;;;;;LIBERDADE>DIREITOS INDIVIDUAIS>TRÁFICO DE MULHERES - INTERNACIONAL
D4FDF4F52E20367861D0ACAA3CA3E8FC559A89B123AD4180304ECCF997A88C49;2025-07-23 08:36:45.433;E-MAIL;NÃO;TERCEIRO;OUTROS;BE | BÉLGICA;;;NÃO SABE INFORMAR;NÃO SABE INFORMAR;2;VIOLÊNCIA CONTRA A MULHER;;OUTROS;PESSOA FÍSICA;FEMININO;NÃO;25 A 29 ANOS;BR | BRASIL;;;;;NÃO;;NÃO;BE | BÉLGICA;;;;;;NÃO INFORMADO;;;PESSOA FÍSICA;FEMININO;NÃO;40 A 44 ANOS;BR | BRASIL;;;;;NÃO;;NÃO INFORMADO;BR | BRASIL;SP;3550308 | SÃO PAULO;NÃO SABE INFORMAR;;;;;;;;;;LIBERDADE>DIREITOS INDIVIDUAIS>TRÁFICO DE MULHERES - INTERNACIONAL
727B67F9709A8FCC3E874D1686C7854F85E91BF9D85693295598595D30E543E9;2025-07-23 08:36:45.433;E-MAIL;NÃO;TERCEIRO;OUTROS;BE | BÉLGICA;;;DIARIAMENTE;NÃO SABE INFORMAR;2;VIOLÊNCIA CONTRA A MULHER;;OUTROS;PESSOA FÍSICA;FEMININO;NÃO;25 A 29 ANOS;BR | BRASIL;;;;;NÃO;;NÃO;BE | BÉLGICA;;;;;;NÃO INFORMADO;;;PESSOA FÍSICA;FEMININO;NÃO;;BR | BRASIL;;;;;NÃO;;;BR | BRASIL;DENUNCIANTE NÃO SOUBE INFORMAR;DENUNCIANTE NÃO SOUBE INFORMAR;;;;;;;;;;;LIBERDADE>DIREITOS INDIVIDUAIS>TRÁFICO DE MULHERES - INTERNACIONAL
61A6B0A9D134596EF9165162E19E98F1DA5EF3AEF47383D07A7CCD1C206E4BAD;2025-07-23 08:36:45.433;E-MAIL;NÃO;TERCEIRO;OUTROS;BE | BÉLGICA;;;DIARIAMENTE;NÃO SABE INFORMAR;2;VIOLÊNCIA CONTRA A MULHER;;OUTROS;PESSOA FÍSICA;FEMININO;NÃO;25 A 29 ANOS;BR | BRASIL;;;;;NÃO;;NÃO;BE | BÉLGICA;;;;;;NÃO INFORMADO;;;PESSOA FÍSICA;FEMININO;NÃO;40 A 44 ANOS;BR | BRASIL;;;;;NÃO;;NÃO INFORMADO;BR | BRASIL;SP;3550308 | SÃO PAULO;NÃO SABE INFORMAR;;;;;;;;;;LIBERDADE>DIREITOS INDIVIDUAIS>TRÁFICO DE MULHERES - INTERNACIONAL
E04F8C9874D9D1529BCA2859BE17C40064D9A89CE124C711BC2D9F6B97B0AC03;2025-07-23 08:36:45.433;E-MAIL;NÃO;TERCEIRO;OUTROS;BE | BÉLGICA;;;DIARIAMENTE;NÃO SABE INFORMAR;2;VIOLÊNCIA CONTRA A MULHER;;OUTROS;PESSOA FÍSICA;FEMININO;NÃO;25 A 29 ANOS;BR | BRASIL;;;;;NÃO;;NÃO;BE | BÉLGICA;;;;;;NÃO INFORMADO;;;PESSOA FÍSICA;MASCULINO;NÃO;;BR | BRASIL;;;;;NÃO;;;BE | BÉLGICA;;;;;;;;;;;;;LIBERDADE>DIREITOS INDIVIDUAIS>TRÁFICO DE MULHERES - INTERNACIONAL
E249BC769E6FB058271362CA42C17C4A90C137AFB018E8E5B9FE92B1CA27EF0A;2025-07-23 08:36:45.433;E-MAIL;NÃO;TERCEIRO;OUTROS;BE | BÉLGICA;;;NÃO SABE INFORMAR;NÃO SABE INFORMAR;2;VIOLÊNCIA CONTRA A MULHER;;OUTROS;PESSOA FÍSICA;FEMININO;NÃO;25 A 29 ANOS;BR | BRASIL;;;;;NÃO;;NÃO;BE | BÉLGICA;;;;;;NÃO INFORMADO;;;PESSOA FÍSICA;MASCULINO;NÃO;;BR | BRASIL;;;;;NÃO;;;BE | BÉLGICA;;;;;;;;;;;;;LIBERDADE>DIREITOS INDIVIDUAIS>TRÁFICO DE MULHERES - INTERNACIONAL
FBC501347C5D6AE5072E38EFD3E34E9DD9E39AB46386A17CAADA33E88E00FB56;2025-07-23 08:36:45.433;E-MAIL;NÃO;TERCEIRO;OUTROS;BE | BÉLGICA;;;NÃO SABE INFORMAR;NÃO SABE INFORMAR;2;VIOLÊNCIA CONTRA A MULHER;;OUTROS;PESSOA FÍSICA;FEMININO;NÃO;25 A 29 ANOS;BR | BRASIL;;;;;NÃO;;NÃO;BE | BÉLGICA;;;;;;NÃO INFORMADO;;;PESSOA FÍSICA;FEMININO;NÃO;;BR | BRASIL;;;;;NÃO;;;BR | BRASIL;DENUNCIANTE NÃO SOUBE INFORMAR;DENUNCIANTE NÃO SOUBE INFORMAR;;;;;;;;;;;LIBERDADE>DIREITOS INDIVIDUAIS>TRÁFICO DE MULHERES - INTERNACIONAL
C5CC93CFAB088ABCA13984F136537A35BD9480884A3254BBF49A3CF432407296;2025-07-23 08:36:45.433;E-MAIL;NÃO;TERCEIRO;OUTROS;BE | BÉLGICA;DENUNCIANTE NÃO SOUBE INFORMAR;DENUNCIANTE NÃO SOUBE INFORMAR;DIARIAMENTE;HÁ UM MÊS;2;VIOLÊNCIA CONTRA A MULHER;;OUTROS;PESSOA FÍSICA;FEMININO;NÃO;20 A 24 ANOS;BR | BRASIL;;;;;NÃO;;NÃO;BE | BÉLGICA;DENUNCIANTE NÃO SOUBE INFORMAR;DENUNCIANTE NÃO SOUBE INFORMAR;;;;NÃO INFORMADO;;;PESSOA FÍSICA;FEMININO;NÃO;;BR | BRASIL;;;;;NÃO;;;BR | BRASIL;DENUNCIANTE NÃO SOUBE INFORMAR;DENUNCIANTE NÃO SOUBE INFORMAR;;;;;;;;;;;LIBERDADE>DIREITOS INDIVIDUAIS>TRÁFICO DE MULHERES - INTERNACIONAL
C76B1CC437EACD3CF11E7C80710D04EA1E3A8017EAD0C923D9BAB3A5989DFD7C;2025-07-23 11:24:11.837;TELEFÔNICO;NÃO;TERCEIRO;AMBIENTE VIRTUAL (NO ÂMBITO DA INTERNET);ES | ESPANHA;DENUNCIANTE NÃO SOUBE INFORMAR;DENUNCIANTE NÃO SOUBE INFORMAR;DIARIAMENTE;HÁ MAIS DE SEIS MESES;1;VIOLÊNCIA CONTRA CIDADÃO, FAMÍLIA OU COMUNIDADE;OUTRO(S) ELEMENTO(S);DESCONHECIDO(A);COMUNIDADE/FAMÍLIA;NÃO SE APLICA - VÍTIMA COMUNIDADE/FAMÍLIA;;18 A 19 ANOS;BR | BRASIL;;;;NÃO;;;;BR | BRASIL;DENUNCIANTE NÃO SOUBE INFORMAR;DENUNCIANTE NÃO SOUBE INFORMAR;;;;NÃO INFORMADO;;;PESSOA FÍSICA;MASCULINO;NÃO;35 A 39 ANOS;BR | BRASIL;;;;NÃO;NÃO;;NÃO;ES | ESPANHA;DENUNCIANTE NÃO SOUBE INFORMAR;DENUNCIANTE NÃO SOUBE INFORMAR;OUTROS NÃO LISTADOS;;;BRANCA;;;;;;;LIBERDADE>DIREITOS INDIVIDUAIS>TRÁFICO DE MULHERES - INTERNACIONAL
C76B1CC437EACD3CF11E7C80710D04EA1E3A8017EAD0C923D9BAB3A5989DFD7C;2025-07-23 11:24:11.837;TELEFÔNICO;NÃO;TERCEIRO;AMBIENTE VIRTUAL (NO ÂMBITO DA INTERNET);ES | ESPANHA;DENUNCIANTE NÃO SOUBE INFORMAR;DENUNCIANTE NÃO SOUBE INFORMAR;DIARIAMENTE;HÁ MAIS DE SEIS MESES;1;VIOLÊNCIA CONTRA CIDADÃO, FAMÍLIA OU COMUNIDADE;;DESCONHECIDO(A);COMUNIDADE/FAMÍLIA;NÃO SE APLICA - VÍTIMA COMUNIDADE/FAMÍLIA;;18 A 19 ANOS;BR | BRASIL;;;;;;;;BR | BRASIL;DENUNCIANTE NÃO SOUBE INFORMAR;DENUNCIANTE NÃO SOUBE INFORMAR;;;;NÃO INFORMADO;;;PESSOA FÍSICA;MASCULINO;NÃO;35 A 39 ANOS;BR | BRASIL;;;;;NÃO;;NÃO;ES | ESPANHA;DENUNCIANTE NÃO SOUBE INFORMAR;DENUNCIANTE NÃO SOUBE INFORMAR;OUTROS NÃO LISTADOS;;;BRANCA;;;;;;;LIBERDADE>DIREITOS INDIVIDUAIS>TRÁFICO DE MULHERES - NACIONAL
C76B1CC437EACD3CF11E7C80710D04EA1E3A8017EAD0C923D9BAB3A5989DFD7C;2025-07-23 11:24:11.837;TELEFÔNICO;NÃO;TERCEIRO;AMBIENTE VIRTUAL (NO ÂMBITO DA INTERNET);ES | ESPANHA;DENUNCIANTE NÃO SOUBE INFORMAR;DENUNCIANTE NÃO SOUBE INFORMAR;DIARIAMENTE;HÁ MAIS DE SEIS MESES;1;VIOLÊNCIA CONTRA CIDADÃO, FAMÍLIA OU COMUNIDADE;;DESCONHECIDO(A);COMUNIDADE/FAMÍLIA;NÃO SE APLICA - VÍTIMA COMUNIDADE/FAMÍLIA;;18 A 19 ANOS;BR | BRASIL;;;;;;;;BR | BRASIL;DENUNCIANTE NÃO SOUBE INFORMAR;DENUNCIANTE NÃO SOUBE INFORMAR;;;;NÃO INFORMADO;;;PESSOA FÍSICA;MASCULINO;NÃO;35 A 39 ANOS;BR | BRASIL;;;;;NÃO;;NÃO;ES | ESPANHA;DENUNCIANTE NÃO SOUBE INFORMAR;DENUNCIANTE NÃO SOUBE INFORMAR;OUTROS NÃO LISTADOS;;;BRANCA;;;;;;;LIBERDADE>DIREITOS INDIVIDUAIS>TRÁFICO DE PESSOAS - NACIONAL
C76B1CC437EACD3CF11E7C80710D04EA1E3A8017EAD0C923D9BAB3A5989DFD7C;2025-07-23 11:24:11.837;TELEFÔNICO;NÃO;TERCEIRO;AMBIENTE VIRTUAL (NO ÂMBITO DA INTERNET);ES | ESPANHA;DENUNCIANTE NÃO SOUBE INFORMAR;DENUNCIANTE NÃO SOUBE INFORMAR;DIARIAMENTE;HÁ MAIS DE SEIS MESES;1;VIOLÊNCIA CONTRA CIDADÃO, FAMÍLIA OU COMUNIDADE;;DESCONHECIDO(A);COMUNIDADE/FAMÍLIA;NÃO SE APLICA - VÍTIMA COMUNIDADE/FAMÍLIA;;18 A 19 ANOS;BR | BRASIL;;;;;;;;BR | BRASIL;DENUNCIANTE NÃO SOUBE INFORMAR;DENUNCIANTE NÃO SOUBE INFORMAR;;;;NÃO INFORMADO;;;PESSOA FÍSICA;MASCULINO;NÃO;35 A 39 ANOS;BR | BRASIL;;;;;NÃO;;NÃO;ES | ESPANHA;DENUNCIANTE NÃO SOUBE INFORMAR;DENUNCIANTE NÃO SOUBE INFORMAR;OUTROS NÃO LISTADOS;;;BRANCA;;;;;;;LIBERDADE>DIREITOS INDIVIDUAIS>TRÁFICO DE PESSOAS - INTERNACIONAL
984B1446025E40C1D39EDC89688313810266687AB7DAA0EE3CC0DB28CD0AF646;2025-07-24 11:05:10.353;TELEFÔNICO;NÃO;TERCEIRO;CASA DE TERCEIRO;BR | BRASIL;CE;2313203 | TAMBORIL;DIARIAMENTE;HÁ UM MÊS;1;VIOLÊNCIA CONTRA CRIANÇA OU ADOLESCENTE;;AVÔ(Ó);PESSOA FÍSICA;FEMININO;NÃO;01 ANO;BR | BRASIL;;;;;NÃO;;NÃO;BR | BRASIL;DENUNCIANTE NÃO SOUBE INFORMAR;DENUNCIANTE NÃO SOUBE INFORMAR;;;;BRANCA;;;PESSOA FÍSICA;FEMININO;NÃO;45 A 49 ANOS;BR | BRASIL;;;;;NÃO;;NÃO;BR | BRASIL;CE;2313203 | TAMBORIL;NÃO SABE INFORMAR;;;PARDA;;;;;;;LIBERDADE>DIREITOS INDIVIDUAIS>TRÁFICO DE CRIANÇAS - NACIONAL
9610F88F17D6DDA09B8C614B387143619F1A846AF3684861B2134C5AE28ECA1C;2025-07-24 11:05:10.353;TELEFÔNICO;NÃO;TERCEIRO;CASA DE TERCEIRO;BR | BRASIL;DENUNCIANTE NÃO SOUBE INFORMAR;DENUNCIANTE NÃO SOUBE INFORMAR;NÃO SABE INFORMAR;NÃO SABE INFORMAR;1;VIOLÊNCIA CONTRA CRIANÇA OU ADOLESCENTE;;AVÔ(Ó);PESSOA FÍSICA;MASCULINO;;02 ANOS;BR | BRASIL;;;;;NÃO;;;BR | BRASIL;DENUNCIANTE NÃO SOUBE INFORMAR;DENUNCIANTE NÃO SOUBE INFORMAR;;;;PARDA;;;PESSOA FÍSICA;FEMININO;NÃO;45 A 49 ANOS;BR | BRASIL;;;;;NÃO;;NÃO;BR | BRASIL;CE;2313203 | TAMBORIL;NÃO SABE INFORMAR;;;PARDA;;;;;;;LIBERDADE>DIREITOS INDIVIDUAIS>TRÁFICO DE CRIANÇAS - NACIONAL
06EC8E8DA507B7E42F826C82B7B40D732DB1A094C81925A078948EBEE19D2479;2025-07-24 11:05:10.353;TELEFÔNICO;NÃO;TERCEIRO;CASA DE TERCEIRO;BR | BRASIL;DENUNCIANTE NÃO SOUBE INFORMAR;DENUNCIANTE NÃO SOUBE INFORMAR;NÃO SABE INFORMAR;NÃO SABE INFORMAR;1;VIOLÊNCIA CONTRA CRIANÇA OU ADOLESCENTE;;AVÔ(Ó);PESSOA FÍSICA;MASCULINO;;02 ANOS;BR | BRASIL;;;;;NÃO;;;BR | BRASIL;DENUNCIANTE NÃO SOUBE INFORMAR;DENUNCIANTE NÃO SOUBE INFORMAR;;;;PARDA;;;PESSOA FÍSICA;FEMININO;NÃO;45 A 49 ANOS;BR | BRASIL;;;;;NÃO;;NÃO;BR | BRASIL;CE;2304400 | FORTALEZA;NÃO SABE INFORMAR;;;BRANCA;;;;;;;LIBERDADE>DIREITOS INDIVIDUAIS>TRÁFICO DE CRIANÇAS - NACIONAL
C4AEDD6F2961BF8F9DDE0B3386CFEDE971B95B16B3705F4E060BF4FE454EDA97;2025-07-24 11:05:10.353;TELEFÔNICO;NÃO;TERCEIRO;CASA DE TERCEIRO;BR | BRASIL;DENUNCIANTE NÃO SOUBE INFORMAR;DENUNCIANTE NÃO SOUBE INFORMAR;NÃO SABE INFORMAR;NÃO SABE INFORMAR;1;VIOLÊNCIA CONTRA CRIANÇA OU ADOLESCENTE;;AVÔ(Ó);PESSOA FÍSICA;FEMININO;;01 ANO;BR | BRASIL;;;;;NÃO;;;BR | BRASIL;DENUNCIANTE NÃO SOUBE INFORMAR;DENUNCIANTE NÃO SOUBE INFORMAR;;;;PARDA;;;PESSOA FÍSICA;FEMININO;NÃO;45 A 49 ANOS;BR | BRASIL;;;;;NÃO;;NÃO;BR | BRASIL;CE;2304400 | FORTALEZA;NÃO SABE INFORMAR;;;BRANCA;;;;;;;LIBERDADE>DIREITOS INDIVIDUAIS>TRÁFICO DE CRIANÇAS - NACIONAL
9B869C08B7E28CC3BF9E86421B176BE3368199904BABD2C3AE0845C3EEBFA57C;2025-07-24 11:05:10.353;TELEFÔNICO;NÃO;TERCEIRO;CASA DE TERCEIRO;BR | BRASIL;DENUNCIANTE NÃO SOUBE INFORMAR;DENUNCIANTE NÃO SOUBE INFORMAR;NÃO SABE INFORMAR;NÃO SABE INFORMAR;1;VIOLÊNCIA CONTRA CRIANÇA OU ADOLESCENTE;;AVÔ(Ó);PESSOA FÍSICA;FEMININO;;01 ANO;BR | BRASIL;;;;;NÃO;;;BR | BRASIL;DENUNCIANTE NÃO SOUBE INFORMAR;DENUNCIANTE NÃO SOUBE INFORMAR;;;;PARDA;;;PESSOA FÍSICA;FEMININO;NÃO;45 A 49 ANOS;BR | BRASIL;;;;;NÃO;;NÃO;BR | BRASIL;CE;2313203 | TAMBORIL;NÃO SABE INFORMAR;;;PARDA;;;;;;;LIBERDADE>DIREITOS INDIVIDUAIS>TRÁFICO DE CRIANÇAS - NACIONAL
B22E8E66909A4CD6D1C2A408AA7EB588F30C05E9F81D73209964414C229784C2;2025-07-24 11:05:10.353;TELEFÔNICO;NÃO;TERCEIRO;CASA DE TERCEIRO;BR | BRASIL;CE;2313203 | TAMBORIL;DIARIAMENTE;HÁ UM MÊS;1;VIOLÊNCIA CONTRA CRIANÇA OU ADOLESCENTE;;AVÔ(Ó);PESSOA FÍSICA;FEMININO;NÃO;01 ANO;BR | BRASIL;;;;;NÃO;;NÃO;BR | BRASIL;DENUNCIANTE NÃO SOUBE INFORMAR;DENUNCIANTE NÃO SOUBE INFORMAR;;;;BRANCA;;;PESSOA FÍSICA;FEMININO;NÃO;45 A 49 ANOS;BR | BRASIL;;;;;NÃO;;NÃO;BR | BRASIL;CE;2304400 | FORTALEZA;NÃO SABE INFORMAR;;;BRANCA;;;;;;;LIBERDADE>DIREITOS INDIVIDUAIS>TRÁFICO DE CRIANÇAS - NACIONAL
91607350A66D113531D69029371F8F5C87F5CE2059DAFF41925E5688FA1C89EA;2025-07-28 15:16:37.943;E-MAIL;NÃO;TERCEIRO;CASA DO SUSPEITO;BR | BRASIL;RR;1400100 | BOA VISTA;NÃO SABE INFORMAR;NÃO SABE INFORMAR;1;VIOLÊNCIA CONTRA CRIANÇA OU ADOLESCENTE;;NÃO SABE INFORMAR;COMUNIDADE/FAMÍLIA;;;CRIANÇA/ADOLESCENTE IDADE NÃO INFORMADA;VE | VENEZUELA;;;;;;;;BR | BRASIL;DENUNCIANTE NÃO SOUBE INFORMAR;DENUNCIANTE NÃO SOUBE INFORMAR;;;;NÃO INFORMADO;;;PESSOA FÍSICA;MASCULINO;NÃO;70 A 74 ANOS;BR | BRASIL;;;;;NÃO;;NÃO INFORMADO;BR | BRASIL;RR;1400100 | BOA VISTA;NÃO SABE INFORMAR;;;;;;;;;;LIBERDADE>DIREITOS INDIVIDUAIS>TRÁFICO DE CRIANÇAS - INTERNACIONAL
99870C9B7CC5B47715693A3C5DFB416C6B5D125C4184DF09257A532C8E77EAEE;2025-07-30 01:33:22.167;WHATSAPP;NÃO;A PRÓPRIA VÍTIMA;CASA DA VÍTIMA;BR | BRASIL;BA;2927408 | SALVADOR;OCASIONALMENTE;HÁ MAIS DE UM ANO;2;VIOLÊNCIA CONTRA A MULHER;OUTRO(S) ELEMENTO(S);AMIGO(A);PESSOA FÍSICA;FEMININO;NÃO;18 A 19 ANOS;BR | BRASIL;;;;MENTAL/INTELECTUAL;NÃO;;NÃO;BR | BRASIL;BA;2927408 | SALVADOR;;ENSINO FUNDAMENTAL COMPLETO;NÃO SABE;PARDA;;;PESSOA FÍSICA;FEMININO;NÃO;25 A 29 ANOS;BR | BRASIL;;;;NÃO;NÃO;;NÃO;BR | BRASIL;BA;2927408 | SALVADOR;NÃO SABE INFORMAR;;NÃO SABE;BRANCA;;;;;;;LIBERDADE>DIREITOS INDIVIDUAIS>TRÁFICO DE MULHERES - INTERNACIONAL
B7640734743FB584DB56E7ACE2C9DE232B4775D7E073065A62BCE34F5AD9F156;2025-07-30 01:33:22.167;WHATSAPP;NÃO;A PRÓPRIA VÍTIMA;CASA DA VÍTIMA;BR | BRASIL;BA;2927408 | SALVADOR;OCASIONALMENTE;HÁ MAIS DE UM ANO;2;VIOLÊNCIA CONTRA CRIANÇA OU ADOLESCENTE;OUTRO(S) ELEMENTO(S);AMIGO(A);PESSOA FÍSICA;FEMININO;NÃO;16 ANOS;BR | BRASIL;;;;MENTAL/INTELECTUAL;NÃO;;NÃO;BR | BRASIL;BA;2927408 | SALVADOR;;ENSINO MÉDIO COMPLETO;;BRANCA;;;PESSOA FÍSICA;FEMININO;NÃO;25 A 29 ANOS;BR | BRASIL;;;;NÃO;NÃO;;NÃO;BR | BRASIL;BA;2927408 | SALVADOR;NÃO SABE INFORMAR;;NÃO SABE;BRANCA;;;;;;;LIBERDADE>DIREITOS INDIVIDUAIS>TRÁFICO DE MULHERES - INTERNACIONAL
B7640734743FB584DB56E7ACE2C9DE232B4775D7E073065A62BCE34F5AD9F156;2025-07-30 01:33:22.167;WHATSAPP;NÃO;A PRÓPRIA VÍTIMA;CASA DA VÍTIMA;BR | BRASIL;BA;2927408 | SALVADOR;OCASIONALMENTE;HÁ MAIS DE UM ANO;2;VIOLÊNCIA CONTRA PESSOA COM DEFICIÊNCIA;OUTRO(S) ELEMENTO(S);AMIGO(A);PESSOA FÍSICA;FEMININO;NÃO;16 ANOS;BR | BRASIL;;;;MENTAL/INTELECTUAL;NÃO;;NÃO;BR | BRASIL;BA;2927408 | SALVADOR;;ENSINO MÉDIO COMPLETO;;BRANCA;;;PESSOA FÍSICA;FEMININO;NÃO;25 A 29 ANOS;BR | BRASIL;;;;NÃO;NÃO;;NÃO;BR | BRASIL;BA;2927408 | SALVADOR;NÃO SABE INFORMAR;;NÃO SABE;BRANCA;;;;;;;LIBERDADE>DIREITOS INDIVIDUAIS>TRÁFICO DE MULHERES - INTERNACIONAL
99870C9B7CC5B47715693A3C5DFB416C6B5D125C4184DF09257A532C8E77EAEE;2025-07-30 01:33:22.167;WHATSAPP;NÃO;A PRÓPRIA VÍTIMA;CASA DA VÍTIMA;BR | BRASIL;BA;2927408 | SALVADOR;OCASIONALMENTE;HÁ MAIS DE UM ANO;2;VIOLÊNCIA CONTRA PESSOA COM DEFICIÊNCIA;OUTRO(S) ELEMENTO(S);AMIGO(A);PESSOA FÍSICA;FEMININO;NÃO;18 A 19 ANOS;BR | BRASIL;;;;MENTAL/INTELECTUAL;NÃO;;NÃO;BR | BRASIL;BA;2927408 | SALVADOR;;ENSINO FUNDAMENTAL COMPLETO;NÃO SABE;PARDA;;;PESSOA FÍSICA;FEMININO;NÃO;25 A 29 ANOS;BR | BRASIL;;;;NÃO;NÃO;;NÃO;BR | BRASIL;BA;2927408 | SALVADOR;NÃO SABE INFORMAR;;NÃO SABE;BRANCA;;;;;;;LIBERDADE>DIREITOS INDIVIDUAIS>TRÁFICO DE MULHERES - INTERNACIONAL
B8F19C54E565A83E1FB332F0587A8ADC1AC840C7CF81065B82B51B70D7BEA8EE;2025-07-30 14:20:56.763;TELEFÔNICO;NÃO;TERCEIRO;CASA ONDE RESIDE A VÍTIMA E O SUSPEITO;BR | BRASIL;PA;1501402 | BELÉM;DIARIAMENTE;HÁ UM MÊS;1;VIOLÊNCIA CONTRA CRIANÇA OU ADOLESCENTE;;MÃE;PESSOA FÍSICA;FEMININO;;MENOS DE 01 ANO;BR | BRASIL;;;;;NÃO;;;BR | BRASIL;PA;1501402 | BELÉM;;;;NÃO INFORMADO;;;PESSOA FÍSICA;MASCULINO;NÃO;25 A 29 ANOS;BR | BRASIL;;;;;NÃO;;NÃO;BR | BRASIL;PA;1501402 | BELÉM;OUTROS NÃO LISTADOS;;;;;;;;;;LIBERDADE>DIREITOS INDIVIDUAIS>TRÁFICO DE PESSOAS - NACIONAL
4EC7E9ADDD8BD8852BEE392DB3B2FC153A62FE82637189E88DE09A36895705A8;2025-07-30 14:20:56.763;TELEFÔNICO;NÃO;TERCEIRO;CASA ONDE RESIDE A VÍTIMA E O SUSPEITO;BR | BRASIL;PA;1501402 | BELÉM;DIARIAMENTE;HÁ UM MÊS;1;VIOLÊNCIA CONTRA CRIANÇA OU ADOLESCENTE;;MÃE;PESSOA FÍSICA;FEMININO;;MENOS DE 01 ANO;BR | BRASIL;;;;;NÃO;;;BR | BRASIL;PA;1501402 | BELÉM;;;;NÃO INFORMADO;;;PESSOA FÍSICA;FEMININO;NÃO;25 A 29 ANOS;BR | BRASIL;;;;;NÃO;;NÃO;BR | BRASIL;PA;1503606 | ITAITUBA;OUTROS NÃO LISTADOS;;;PRETA;;;;;;;LIBERDADE>DIREITOS INDIVIDUAIS>TRÁFICO DE PESSOAS - NACIONAL
751A869DF4035301E66CF570258BC5A8CAF952681702ADC05BFED892801EB762;2025-07-30 14:20:56.763;TELEFÔNICO;NÃO;TERCEIRO;CASA ONDE RESIDE A VÍTIMA E O SUSPEITO;BR | BRASIL;PA;1501402 | BELÉM;DIARIAMENTE;HÁ UM MÊS;1;VIOLÊNCIA CONTRA CRIANÇA OU ADOLESCENTE;;MÃE;PESSOA FÍSICA;FEMININO;;MENOS DE 01 ANO;BR | BRASIL;;;;;NÃO;;;BR | BRASIL;PA;1501402 | BELÉM;;;;NÃO INFORMADO;;;PESSOA FÍSICA;FEMININO;NÃO;45 A 49 ANOS;BR | BRASIL;;;;;NÃO;;NÃO;BR | BRASIL;PA;1501402 | BELÉM;OUTROS NÃO LISTADOS;;;;;;;;;;LIBERDADE>DIREITOS INDIVIDUAIS>TRÁFICO DE PESSOAS - NACIONAL
7CEB3EE3A0B77CC0C3CD4CC900B8AEC7542270A18836B9E16E2113E30C5CD451;2025-08-01 16:34:14.660;TELEGRAM;NÃO;TERCEIRO;CASA ONDE RESIDE A VÍTIMA E O SUSPEITO;BR | BRASIL;SP;3512407 | CORDEIRÓPOLIS;NÃO SABE INFORMAR;HÁ MAIS DE UM ANO;1;VIOLÊNCIA CONTRA CRIANÇA OU ADOLESCENTE;;PADRINHO/MADRINHA;PESSOA FÍSICA;FEMININO;NÃO;01 ANO;BR | BRASIL;;;;;NÃO;;NÃO;BR | BRASIL;SP;3512407 | CORDEIRÓPOLIS;;;;PARDA;;;PESSOA FÍSICA;FEMININO;HOMOSSEXUAL.LÉSBICA;40 A 44 ANOS;BR | BRASIL;;;;;NÃO;;NÃO;BR | BRASIL;SP;3512407 | CORDEIRÓPOLIS;SERVIDOR PÚBLICO MUNICIPAL;;;BRANCA;;;;;;;LIBERDADE>DIREITOS INDIVIDUAIS>TRÁFICO DE CRIANÇAS - NACIONAL
11D8A3402E72DC459D854FB46BA3EB6B435E9D43D09D9C8D53340DA7E9E29849;2025-08-06 15:35:02.783;TELEFÔNICO;NÃO;TERCEIRO;CASA DA VÍTIMA;BR | BRASIL;MG;3151602 | PLANURA;DIARIAMENTE;HÁ MAIS DE UM ANO;1;VIOLÊNCIA CONTRA A MULHER;;OUTROS;PESSOA FÍSICA;FEMININO;NÃO;40 A 44 ANOS;BR | BRASIL;;;;;NÃO;;NÃO;BR | BRASIL;MG;3151602 | PLANURA;;;;PARDA;;;PESSOA FÍSICA;FEMININO;NÃO;45 A 49 ANOS;BR | BRASIL;;;;;NÃO;;NÃO;BR | BRASIL;MG;3151602 | PLANURA;NÃO SABE INFORMAR;;;PARDA;;;;;;;LIBERDADE>DIREITOS INDIVIDUAIS>TRÁFICO DE PESSOAS - INTERNACIONAL
57C3946070312F9AAB8DF0BE85A4BE57FA667A3AE0D6E507561817733ED84503;2025-08-12 01:32:29.643;WHATSAPP;NÃO;A PRÓPRIA VÍTIMA;OUTROS;US | ESTADOS UNIDOS;DENUNCIANTE NÃO SOUBE INFORMAR;DENUNCIANTE NÃO SOUBE INFORMAR;DIARIAMENTE;HÁ MAIS DE SEIS MESES;1;VIOLÊNCIA CONTRA A MULHER;;DESCONHECIDO(A);PESSOA FÍSICA;FEMININO;NÃO;35 A 39 ANOS;BR | BRASIL;;;;;NÃO;;NÃO;US | ESTADOS UNIDOS;DENUNCIANTE NÃO SOUBE INFORMAR;DENUNCIANTE NÃO SOUBE INFORMAR;;;;PRETA;;;PESSOA FÍSICA;MASCULINO;NÃO;25 A 29 ANOS;BR | BRASIL;;;;;NÃO;;NÃO INFORMADO;BR | BRASIL;DENUNCIANTE NÃO SOUBE INFORMAR;DENUNCIANTE NÃO SOUBE INFORMAR;OUTROS NÃO LISTADOS;;;BRANCA;;;;;;;LIBERDADE>DIREITOS INDIVIDUAIS>TRÁFICO DE MULHERES - INTERNACIONAL
A98B33F353D436DC6F9CB2086A1736A2F779C08EFE57A3274EA296FE7E08AF12;2025-08-13 18:50:55.763;TELEFÔNICO;NÃO;TERCEIRO;CASA ONDE RESIDE A VÍTIMA E O SUSPEITO;BR | BRASIL;SC;4209102 | JOINVILLE;DIARIAMENTE;HÁ UM MÊS;1;VIOLÊNCIA CONTRA A MULHER;;OUTROS;PESSOA FÍSICA;FEMININO;NÃO;25 A 29 ANOS;BR | BRASIL;;;;;NÃO;;NÃO;BR | BRASIL;SC;4209102 | JOINVILLE;;;;BRANCA;;;PESSOA FÍSICA;FEMININO;NÃO;;BR | BRASIL;;;;;NÃO;;;BR | BRASIL;SC;4209102 | JOINVILLE;;;;;;;;;;;LIBERDADE>DIREITOS INDIVIDUAIS>TRÁFICO DE MULHERES - NACIONAL
ED40AF2E306D5AB248D72E7C412CC40FC29FB1B9A30804246D68BD00E90155C0;2025-08-13 22:33:04.350;TELEFÔNICO;NÃO;TERCEIRO;VIA PÚBLICA;BR | BRASIL;SP;3550308 | SÃO PAULO;OCASIONALMENTE;HÁ UM MÊS;1;VIOLÊNCIA CONTRA CRIANÇA OU ADOLESCENTE;;DESCONHECIDO(A);PESSOA FÍSICA;FEMININO;NÃO;15 ANOS;BR | BRASIL;;;;;NÃO;;NÃO;BR | BRASIL;SP;3550308 | SÃO PAULO;;;;BRANCA;;;PESSOA FÍSICA;MASCULINO;NÃO;30 A 34 ANOS;BR | BRASIL;;;;;NÃO;;NÃO;BR | BRASIL;GO;5208707 | GOIÂNIA;NÃO SABE INFORMAR;;;BRANCA;;;;;;;LIBERDADE>DIREITOS INDIVIDUAIS>TRÁFICO DE PESSOAS - NACIONAL
ED40AF2E306D5AB248D72E7C412CC40FC29FB1B9A30804246D68BD00E90155C0;2025-08-13 22:33:04.350;TELEFÔNICO;NÃO;TERCEIRO;VIA PÚBLICA;BR | BRASIL;SP;3550308 | SÃO PAULO;OCASIONALMENTE;HÁ UM MÊS;1;VIOLÊNCIA CONTRA CRIANÇA OU ADOLESCENTE;;DESCONHECIDO(A);PESSOA FÍSICA;FEMININO;NÃO;15 ANOS;BR | BRASIL;;;;;NÃO;;NÃO;BR | BRASIL;SP;3550308 | SÃO PAULO;;;;BRANCA;;;PESSOA FÍSICA;MASCULINO;NÃO;30 A 34 ANOS;BR | BRASIL;;;;;NÃO;;NÃO;BR | BRASIL;GO;5208707 | GOIÂNIA;NÃO SABE INFORMAR;;;BRANCA;;;;;;;LIBERDADE>DIREITOS INDIVIDUAIS>TRÁFICO DE CRIANÇAS - NACIONAL
ED40AF2E306D5AB248D72E7C412CC40FC29FB1B9A30804246D68BD00E90155C0;2025-08-13 22:33:04.350;TELEFÔNICO;NÃO;TERCEIRO;VIA PÚBLICA;BR | BRASIL;SP;3550308 | SÃO PAULO;OCASIONALMENTE;HÁ UM MÊS;1;VIOLÊNCIA CONTRA PESSOA COM DEFICIÊNCIA;;DESCONHECIDO(A);PESSOA FÍSICA;FEMININO;NÃO;15 ANOS;BR | BRASIL;;;;;NÃO;;NÃO;BR | BRASIL;SP;3550308 | SÃO PAULO;;;;BRANCA;;;PESSOA FÍSICA;MASCULINO;NÃO;30 A 34 ANOS;BR | BRASIL;;;;;NÃO;;NÃO;BR | BRASIL;GO;5208707 | GOIÂNIA;NÃO SABE INFORMAR;;;BRANCA;;;;;;;LIBERDADE>DIREITOS INDIVIDUAIS>TRÁFICO DE CRIANÇAS - NACIONAL
ED40AF2E306D5AB248D72E7C412CC40FC29FB1B9A30804246D68BD00E90155C0;2025-08-13 22:33:04.350;TELEFÔNICO;NÃO;TERCEIRO;VIA PÚBLICA;BR | BRASIL;SP;3550308 | SÃO PAULO;OCASIONALMENTE;HÁ UM MÊS;1;VIOLÊNCIA CONTRA PESSOA COM DEFICIÊNCIA;;DESCONHECIDO(A);PESSOA FÍSICA;FEMININO;NÃO;15 ANOS;BR | BRASIL;;;;;NÃO;;NÃO;BR | BRASIL;SP;3550308 | SÃO PAULO;;;;BRANCA;;;PESSOA FÍSICA;MASCULINO;NÃO;30 A 34 ANOS;BR | BRASIL;;;;;NÃO;;NÃO;BR | BRASIL;GO;5208707 | GOIÂNIA;NÃO SABE INFORMAR;;;BRANCA;;;;;;;LIBERDADE>DIREITOS INDIVIDUAIS>TRÁFICO DE PESSOAS - NACIONAL
37EEDFC7EAC1E4CE01684F7082D71D47A3899F364FB09908FAD54BB755954C4B;2025-08-14 08:42:03.727;TELEFÔNICO;NÃO;TERCEIRO;AMBIENTE VIRTUAL (NO ÂMBITO DA INTERNET);BR | BRASIL;DENUNCIANTE NÃO SOUBE INFORMAR;DENUNCIANTE NÃO SOUBE INFORMAR;NÃO SABE INFORMAR;NÃO SABE INFORMAR;1;VIOLÊNCIA CONTRA A MULHER;OUTRO(S) ELEMENTO(S);OUTROS;PESSOA FÍSICA;FEMININO;NÃO;20 A 24 ANOS;BR | BRASIL;;;;NÃO;NÃO;;NÃO;BR | BRASIL;CE;2304400 | FORTALEZA;;;;PARDA;;;PESSOA FÍSICA;NÃO INFORMADO;NÃO;NÃO INFORMADO;BR | BRASIL;;;;NÃO;NÃO;;NÃO;BR | BRASIL;DENUNCIANTE NÃO SOUBE INFORMAR;DENUNCIANTE NÃO SOUBE INFORMAR;NÃO SABE INFORMAR;;;NÃO INFORMADO;;;;;;;LIBERDADE>DIREITOS INDIVIDUAIS>TRÁFICO DE MULHERES - INTERNACIONAL
BF023B8B9378F094AF0081420D1A3AC5026DEDD2D20546374A840659408E17D5;2025-08-17 22:00:12.927;TELEFÔNICO;NÃO;TERCEIRO;LOCAL DE TRABALHO DA VÍTIMA;BR | BRASIL;DENUNCIANTE NÃO SOUBE INFORMAR;DENUNCIANTE NÃO SOUBE INFORMAR;DIARIAMENTE;HÁ UMA SEMANA;1;VIOLÊNCIA CONTRA CIDADÃO, FAMÍLIA OU COMUNIDADE;OUTRO(S) ELEMENTO(S);OUTROS;PESSOA FÍSICA;MASCULINO;NÃO;20 A 24 ANOS;BR | BRASIL;;;;NÃO;NÃO;;NÃO;BR | BRASIL;DENUNCIANTE NÃO SOUBE INFORMAR;DENUNCIANTE NÃO SOUBE INFORMAR;;;;PARDA;;;PESSOA FÍSICA;MASCULINO;NÃO;;BR | BRASIL;;;;NÃO;NÃO;;;BR | BRASIL;DENUNCIANTE NÃO SOUBE INFORMAR;DENUNCIANTE NÃO SOUBE INFORMAR;;;;;;;;;;;LIBERDADE>DIREITOS INDIVIDUAIS>TRÁFICO DE PESSOAS - INTERNACIONAL
08DECD3BC6736B86385C7FD4FB37E4562016C17C0375F5A727B77B9F7E7B764E;2025-08-19 07:12:35.830;WHATSAPP;NÃO;A PRÓPRIA VÍTIMA;CASA DA VÍTIMA;BR | BRASIL;SP;3530607 | MOGI DAS CRUZES;NÃO SABE INFORMAR;NÃO SABE INFORMAR;1;VIOLÊNCIA CONTRA CIDADÃO, FAMÍLIA OU COMUNIDADE;;OUTROS;PESSOA FÍSICA;MASCULINO;NÃO;45 A 49 ANOS;BR | BRASIL;;;;;NÃO;;NÃO;BR | BRASIL;SP;3530607 | MOGI DAS CRUZES;;;;BRANCA;;;PESSOA FÍSICA;MASCULINO;NÃO;50 A 54 ANOS;BR | BRASIL;;;;;NÃO;;NÃO INFORMADO;BR | BRASIL;DENUNCIANTE NÃO SOUBE INFORMAR;DENUNCIANTE NÃO SOUBE INFORMAR;NÃO SABE INFORMAR;;;NÃO INFORMADO;;;;;;;LIBERDADE>DIREITOS INDIVIDUAIS>TRÁFICO DE CRIANÇAS - NACIONAL
5F158DF3BA7BA0EA6FAA21D0E5833C5C51C8CD1DA888B125E3E30039CC505453;2025-08-19 07:12:35.830;WHATSAPP;NÃO;A PRÓPRIA VÍTIMA;CASA DA VÍTIMA;BR | BRASIL;SP;3530607 | MOGI DAS CRUZES;NÃO SABE INFORMAR;NÃO SABE INFORMAR;1;VIOLÊNCIA CONTRA CIDADÃO, FAMÍLIA OU COMUNIDADE;;OUTROS;PESSOA FÍSICA;MASCULINO;NÃO;45 A 49 ANOS;BR | BRASIL;;;;;NÃO;;NÃO;BR | BRASIL;SP;3530607 | MOGI DAS CRUZES;;;;BRANCA;;;PESSOA FÍSICA;MASCULINO;NÃO;55 A 59 ANOS;BR | BRASIL;;;;;NÃO;;NÃO INFORMADO;BR | BRASIL;DENUNCIANTE NÃO SOUBE INFORMAR;DENUNCIANTE NÃO SOUBE INFORMAR;NÃO SABE INFORMAR;;;BRANCA;;;;;;;LIBERDADE>DIREITOS INDIVIDUAIS>TRÁFICO DE CRIANÇAS - NACIONAL
194393D9BDA10A8435E2BF1492D95BDFF60A9343926C295046861C21DA0F7F5F;2025-08-19 07:12:35.830;WHATSAPP;NÃO;A PRÓPRIA VÍTIMA;CASA DA VÍTIMA;BR | BRASIL;SP;3530607 | MOGI DAS CRUZES;NÃO SABE INFORMAR;NÃO SABE INFORMAR;1;VIOLÊNCIA CONTRA CIDADÃO, FAMÍLIA OU COMUNIDADE;;OUTROS;PESSOA FÍSICA;MASCULINO;NÃO;45 A 49 ANOS;BR | BRASIL;;;;;NÃO;;NÃO;BR | BRASIL;SP;3530607 | MOGI DAS CRUZES;;;;BRANCA;;;PESSOA FÍSICA;MASCULINO;NÃO;70 A 74 ANOS;BR | BRASIL;;;;;NÃO;;NÃO INFORMADO;BR | BRASIL;DENUNCIANTE NÃO SOUBE INFORMAR;DENUNCIANTE NÃO SOUBE INFORMAR;NÃO SABE INFORMAR;;;BRANCA;;;;;;;LIBERDADE>DIREITOS INDIVIDUAIS>TRÁFICO DE CRIANÇAS - NACIONAL
0D06281113F4A2E46BD69F42E9C81BE98345AEF22E5B8694392DC01DD85C2B25;2025-08-19 07:12:35.830;WHATSAPP;NÃO;A PRÓPRIA VÍTIMA;CASA DA VÍTIMA;BR | BRASIL;SP;3530607 | MOGI DAS CRUZES;NÃO SABE INFORMAR;NÃO SABE INFORMAR;1;VIOLÊNCIA CONTRA CIDADÃO, FAMÍLIA OU COMUNIDADE;;OUTROS;PESSOA FÍSICA;MASCULINO;NÃO;45 A 49 ANOS;BR | BRASIL;;;;;NÃO;;NÃO;BR | BRASIL;SP;3530607 | MOGI DAS CRUZES;;;;BRANCA;;;PESSOA FÍSICA;MASCULINO;NÃO;55 A 59 ANOS;BR | BRASIL;;;;;NÃO;;NÃO INFORMADO;BR | BRASIL;ATENDIMENTO INTERROMPIDO;ATENDIMENTO INTERROMPIDO;NÃO SABE INFORMAR;;;BRANCA;;;;;;;LIBERDADE>DIREITOS INDIVIDUAIS>TRÁFICO DE CRIANÇAS - NACIONAL
518894F9C26A2BBF0E94D3B4BF3DF274E1DA78D2C98BD53A9869944EE97D7817;2025-08-19 07:12:35.830;WHATSAPP;NÃO;A PRÓPRIA VÍTIMA;CASA DA VÍTIMA;BR | BRASIL;SP;3530607 | MOGI DAS CRUZES;NÃO SABE INFORMAR;NÃO SABE INFORMAR;1;VIOLÊNCIA CONTRA CIDADÃO, FAMÍLIA OU COMUNIDADE;;OUTROS;PESSOA FÍSICA;MASCULINO;NÃO;45 A 49 ANOS;BR | BRASIL;;;;;NÃO;;NÃO;BR | BRASIL;SP;3530607 | MOGI DAS CRUZES;;;;BRANCA;;;PESSOA FÍSICA;MASCULINO;NÃO;NÃO INFORMADO;BR | BRASIL;;;;;NÃO;;;BR | BRASIL;DENUNCIANTE NÃO SOUBE INFORMAR;DENUNCIANTE NÃO SOUBE INFORMAR;;;;NÃO INFORMADO;;;;;;;LIBERDADE>DIREITOS INDIVIDUAIS>TRÁFICO DE CRIANÇAS - NACIONAL
8C3D39FAAC8769777C1756303CBA25F8BBEE84EFB55F06DFBDA4E8FA0C7624BF;2025-08-19 07:12:35.830;WHATSAPP;NÃO;A PRÓPRIA VÍTIMA;CASA DA VÍTIMA;BR | BRASIL;SP;3530607 | MOGI DAS CRUZES;NÃO SABE INFORMAR;NÃO SABE INFORMAR;1;VIOLÊNCIA CONTRA CIDADÃO, FAMÍLIA OU COMUNIDADE;;OUTROS;PESSOA FÍSICA;MASCULINO;NÃO;45 A 49 ANOS;BR | BRASIL;;;;;NÃO;;NÃO;BR | BRASIL;SP;3530607 | MOGI DAS CRUZES;;;;BRANCA;;;COMUNIDADE/FAMÍLIA;;;;BR | BRASIL;;;;;;;;BR | BRASIL;DENUNCIANTE NÃO SOUBE INFORMAR;DENUNCIANTE NÃO SOUBE INFORMAR;;;;;;;;;;;LIBERDADE>DIREITOS INDIVIDUAIS>TRÁFICO DE CRIANÇAS - NACIONAL
56780CEEDAFE8253158332F1941C8E53D3AE2177F9CB1AA86772D56D94222686;2025-08-19 07:12:35.830;WHATSAPP;NÃO;A PRÓPRIA VÍTIMA;CASA DA VÍTIMA;BR | BRASIL;SP;3530607 | MOGI DAS CRUZES;NÃO SABE INFORMAR;NÃO SABE INFORMAR;1;VIOLÊNCIA CONTRA CIDADÃO, FAMÍLIA OU COMUNIDADE;;OUTROS;PESSOA FÍSICA;MASCULINO;NÃO;45 A 49 ANOS;BR | BRASIL;;;;;NÃO;;NÃO;BR | BRASIL;SP;3530607 | MOGI DAS CRUZES;;;;BRANCA;;;PESSOA FÍSICA;MASCULINO;NÃO;65 A 69 ANOS;BR | BRASIL;;;;;NÃO;;NÃO INFORMADO;BR | BRASIL;DENUNCIANTE NÃO SOUBE INFORMAR;DENUNCIANTE NÃO SOUBE INFORMAR;NÃO SABE INFORMAR;;;NÃO INFORMADO;;;;;;;LIBERDADE>DIREITOS INDIVIDUAIS>TRÁFICO DE CRIANÇAS - NACIONAL
9ADA4F941F80F7D71D2D0FE482704E941BA45173B24151250E3AA5CEFD0BF561;2025-08-19 07:12:35.830;WHATSAPP;NÃO;A PRÓPRIA VÍTIMA;CASA DA VÍTIMA;BR | BRASIL;SP;3530607 | MOGI DAS CRUZES;NÃO SABE INFORMAR;NÃO SABE INFORMAR;1;VIOLÊNCIA CONTRA CIDADÃO, FAMÍLIA OU COMUNIDADE;;OUTROS;PESSOA FÍSICA;MASCULINO;NÃO;45 A 49 ANOS;BR | BRASIL;;;;;NÃO;;NÃO;BR | BRASIL;SP;3530607 | MOGI DAS CRUZES;;;;BRANCA;;;PESSOA FÍSICA;MASCULINO;NÃO;60 A 64 ANOS;BR | BRASIL;;;;;NÃO;;NÃO INFORMADO;BR | BRASIL;ATENDIMENTO INTERROMPIDO;ATENDIMENTO INTERROMPIDO;NÃO SABE INFORMAR;;;BRANCA;;;;;;;LIBERDADE>DIREITOS INDIVIDUAIS>TRÁFICO DE CRIANÇAS - NACIONAL
D49D567D07DAE0B86C86C8DCC4578473959AE92E1F2CE9D6F5B97DFEEC0175CF;2025-08-19 07:12:35.830;WHATSAPP;NÃO;A PRÓPRIA VÍTIMA;CASA DA VÍTIMA;BR | BRASIL;SP;3530607 | MOGI DAS CRUZES;NÃO SABE INFORMAR;NÃO SABE INFORMAR;1;VIOLÊNCIA CONTRA CIDADÃO, FAMÍLIA OU COMUNIDADE;;OUTROS;PESSOA FÍSICA;MASCULINO;NÃO;45 A 49 ANOS;BR | BRASIL;;;;;NÃO;;NÃO;BR | BRASIL;SP;3530607 | MOGI DAS CRUZES;;;;BRANCA;;;PESSOA FÍSICA;MASCULINO;NÃO;60 A 64 ANOS;BR | BRASIL;;;;;NÃO;;NÃO INFORMADO;BR | BRASIL;ATENDIMENTO INTERROMPIDO;ATENDIMENTO INTERROMPIDO;NÃO SABE INFORMAR;;;BRANCA;;;;;;;LIBERDADE>DIREITOS INDIVIDUAIS>TRÁFICO DE CRIANÇAS - NACIONAL
AC020876CBE63E8001DF84436F555BB8547B792C0623839ECBE7FDB1EF322C8F;2025-08-20 20:13:34.800;TELEFÔNICO;NÃO;TERCEIRO;CASA ONDE RESIDE A VÍTIMA E O SUSPEITO;BR | BRASIL;AM;1302603 | MANAUS;DIARIAMENTE;HÁ UMA SEMANA;1;VIOLÊNCIA CONTRA CRIANÇA OU ADOLESCENTE;;OUTROS;PESSOA FÍSICA;FEMININO;;MENOS DE 01 ANO;BR | BRASIL;;;;;NÃO;;;BR | BRASIL;AM;1302603 | MANAUS;;;;BRANCA;;;PESSOA FÍSICA;MASCULINO;PESSOA TRANS.TRANSEXUAL;30 A 34 ANOS;BR | BRASIL;;;;;NÃO;;NÃO;BR | BRASIL;AM;1302603 | MANAUS;OUTROS NÃO LISTADOS;;;BRANCA;;;;;;;LIBERDADE>DIREITOS INDIVIDUAIS>TRÁFICO DE CRIANÇAS - NACIONAL
05BBA229AE6A6BC92C4F65604897F533ECFB406C5B65D8FF1440A632F9B73285;2025-08-20 20:13:34.800;TELEFÔNICO;NÃO;TERCEIRO;CASA ONDE RESIDE A VÍTIMA E O SUSPEITO;BR | BRASIL;AM;1302603 | MANAUS;DIARIAMENTE;HÁ UMA SEMANA;1;VIOLÊNCIA CONTRA CRIANÇA OU ADOLESCENTE;;OUTROS;PESSOA FÍSICA;FEMININO;;MENOS DE 01 ANO;BR | BRASIL;;;;;NÃO;;;BR | BRASIL;AM;1302603 | MANAUS;;;;BRANCA;;;PESSOA FÍSICA;FEMININO;NÃO;35 A 39 ANOS;BR | BRASIL;;;;;NÃO;;NÃO;BR | BRASIL;AM;1302603 | MANAUS;OUTROS NÃO LISTADOS;;;BRANCA;;;;;;;LIBERDADE>DIREITOS INDIVIDUAIS>TRÁFICO DE CRIANÇAS - NACIONAL
BCF472DD4371A7C54D9024CBDC3FBA6C8AC8A347F2945D14AD2507AF8796391C;2025-08-22 14:16:56.697;TELEFÔNICO;NÃO;TERCEIRO;CASA DA VÍTIMA;BR | BRASIL;RJ;3301702 | DUQUE DE CAXIAS;DIARIAMENTE;HÁ MAIS DE CINCO ANOS;1;VIOLÊNCIA CONTRA CRIANÇA OU ADOLESCENTE;;MÃE;PESSOA FÍSICA;NÃO INFORMADO;;CRIANÇA/ADOLESCENTE IDADE NÃO INFORMADA;BR | BRASIL;;;;;NÃO;;;BR | BRASIL;RJ;3301702 | DUQUE DE CAXIAS;;;;NÃO INFORMADO;;;PESSOA FÍSICA;FEMININO;NÃO;45 A 49 ANOS;BR | BRASIL;;;;;NÃO;;NÃO;BR | BRASIL;RJ;3301702 | DUQUE DE CAXIAS;NÃO SABE INFORMAR;;;;;;;;;;LIBERDADE>DIREITOS INDIVIDUAIS>TRÁFICO DE CRIANÇAS - NACIONAL
C22B677810C587B37BA4E356F257D0B08B8DEF000F91D724E3F92751C73B0ECC;2025-08-23 14:29:12.937;TELEFÔNICO;NÃO;TERCEIRO;CASA ONDE RESIDE A VÍTIMA E O SUSPEITO;BR | BRASIL;PB;2507507 | JOÃO PESSOA;NÃO SABE INFORMAR;NÃO SABE INFORMAR;1;VIOLÊNCIA CONTRA CRIANÇA OU ADOLESCENTE;;OUTROS;PESSOA FÍSICA;NÃO INFORMADO;;03 ANOS;BR | BRASIL;;;;;NÃO;;;BR | BRASIL;PB;2507507 | JOÃO PESSOA;;;;NÃO INFORMADO;;;PESSOA FÍSICA;FEMININO;NÃO;55 A 59 ANOS;BR | BRASIL;;;;;NÃO;;NÃO;BR | BRASIL;PB;2507507 | JOÃO PESSOA;OUTROS NÃO LISTADOS;;;BRANCA;;;;;;;LIBERDADE>DIREITOS INDIVIDUAIS>TRÁFICO DE CRIANÇAS - INTERNACIONAL
B6675B7A55C0C7371EF19CA387F80D5A5691C75FD8542BF239E24F6F1FD034AB;2025-08-23 21:30:12.080;TELEFÔNICO;NÃO;TERCEIRO;CASA ONDE RESIDE A VÍTIMA E O SUSPEITO;BR | BRASIL;RJ;3301702 | DUQUE DE CAXIAS;DIARIAMENTE;HÁ UM MÊS;2;VIOLÊNCIA CONTRA CRIANÇA OU ADOLESCENTE;;DESCONHECIDO(A);PESSOA FÍSICA;MASCULINO;NÃO INFORMADO;MENOS DE 01 ANO;BR | BRASIL;;;;;NÃO;;NÃO INFORMADO;BR | BRASIL;RJ;3301702 | DUQUE DE CAXIAS;;;;PARDA;;;PESSOA FÍSICA;FEMININO;NÃO;NÃO INFORMADO;BR | BRASIL;;;;;NÃO;;NÃO INFORMADO;BR | BRASIL;RJ;3301702 | DUQUE DE CAXIAS;OUTROS NÃO LISTADOS;;;NÃO INFORMADO;;;;;;;LIBERDADE>DIREITOS INDIVIDUAIS>TRÁFICO DE CRIANÇAS - NACIONAL
B8BE9BC52634BF7D42D040E81A350ECEBA63FB761D013943150E61B011FC11D8;2025-08-23 21:30:12.080;TELEFÔNICO;NÃO;TERCEIRO;CASA ONDE RESIDE A VÍTIMA E O SUSPEITO;BR | BRASIL;RJ;3301702 | DUQUE DE CAXIAS;DIARIAMENTE;HÁ MAIS DE SEIS MESES;2;VIOLÊNCIA CONTRA CRIANÇA OU ADOLESCENTE;;DESCONHECIDO(A);PESSOA FÍSICA;FEMININO;;MENOS DE 01 ANO;BR | BRASIL;;;;;NÃO;;;BR | BRASIL;RJ;3301702 | DUQUE DE CAXIAS;;;;PARDA;;;PESSOA FÍSICA;FEMININO;NÃO;NÃO INFORMADO;BR | BRASIL;;;;;NÃO;;NÃO INFORMADO;BR | BRASIL;RJ;3301702 | DUQUE DE CAXIAS;OUTROS NÃO LISTADOS;;;NÃO INFORMADO;;;;;;;LIBERDADE>DIREITOS INDIVIDUAIS>TRÁFICO DE CRIANÇAS - NACIONAL
FF1192B836B957148DA76C2A8E9643886921AA0DDB6A18879AFEEF44E3437CFA;2025-08-24 12:35:28.507;TELEFÔNICO;NÃO;TERCEIRO;CASA DO SUSPEITO;BR | BRASIL;MG;3121605 | DIAMANTINA;DIARIAMENTE;HÁ MAIS DE UM ANO;1;VIOLÊNCIA CONTRA CIDADÃO, FAMÍLIA OU COMUNIDADE;;OUTROS;COMUNIDADE/FAMÍLIA;;;20 A 24 ANOS;BR | BRASIL;;;;;;;;BR | BRASIL;MG;3121605 | DIAMANTINA;;;;NÃO INFORMADO;;;PESSOA FÍSICA;FEMININO;NÃO;45 A 49 ANOS;BR | BRASIL;;;;;NÃO;;NÃO;BR | BRASIL;MG;3121605 | DIAMANTINA;OUTROS NÃO LISTADOS;;;PARDA;;;;;;;LIBERDADE>DIREITOS INDIVIDUAIS>TRÁFICO DE MULHERES - INTERNACIONAL
FF1192B836B957148DA76C2A8E9643886921AA0DDB6A18879AFEEF44E3437CFA;2025-08-24 12:35:28.507;TELEFÔNICO;NÃO;TERCEIRO;CASA DO SUSPEITO;BR | BRASIL;MG;3121605 | DIAMANTINA;DIARIAMENTE;HÁ MAIS DE UM ANO;1;VIOLÊNCIA CONTRA CIDADÃO, FAMÍLIA OU COMUNIDADE;;OUTROS;COMUNIDADE/FAMÍLIA;;;20 A 24 ANOS;BR | BRASIL;;;;;;;;BR | BRASIL;MG;3121605 | DIAMANTINA;;;;NÃO INFORMADO;;;PESSOA FÍSICA;FEMININO;NÃO;45 A 49 ANOS;BR | BRASIL;;;;;NÃO;;NÃO;BR | BRASIL;MG;3121605 | DIAMANTINA;OUTROS NÃO LISTADOS;;;PARDA;;;;;;;LIBERDADE>DIREITOS INDIVIDUAIS>TRÁFICO DE PESSOAS - INTERNACIONAL
7F53C1F1AC9AE0D539FFCAC05468759673A007018C7B0764BD172CAAD2D3F647;2025-08-25 13:22:31.980;TELEFÔNICO;NÃO;TERCEIRO;CASA DA VÍTIMA;BR | BRASIL;MA;2105906 | LAGO VERDE;ÚNICA OCORRÊNCIA;NÃO SE APLICA;1;VIOLÊNCIA CONTRA CRIANÇA OU ADOLESCENTE;;OUTROS;PESSOA FÍSICA;FEMININO;NÃO;05 ANOS;BR | BRASIL;;;;;NÃO;;NÃO;BR | BRASIL;MA;2105906 | LAGO VERDE;;;;BRANCA;;;PESSOA FÍSICA;MASCULINO;NÃO;;BR | BRASIL;;;;;NÃO;;;BR | BRASIL;MA;2105906 | LAGO VERDE;OUTROS NÃO LISTADOS;;;;;;;;;;LIBERDADE>DIREITOS INDIVIDUAIS>TRÁFICO DE CRIANÇAS - NACIONAL
0C9E4A8B941A7EFF7DB4434CD846AC9FABB750EBE208213BDB34776303FCEC8B;2025-08-26 00:01:46.253;TELEFÔNICO;NÃO;TERCEIRO;CASA DO SUSPEITO;BR | BRASIL;MG;3106705 | BETIM;DIARIAMENTE;HÁ MAIS DE UM ANO;1;VIOLÊNCIA CONTRA CRIANÇA OU ADOLESCENTE;;OUTROS;COMUNIDADE/FAMÍLIA;NÃO INFORMADO;;MENOS DE 01 ANO;BR | BRASIL;;;;;;;;BR | BRASIL;MG;3106705 | BETIM;;;;NÃO INFORMADO;;;PESSOA FÍSICA;MASCULINO;NÃO;50 A 54 ANOS;BR | BRASIL;;;;;NÃO;;NÃO;BR | BRASIL;MG;3106705 | BETIM;NÃO SABE INFORMAR;;;BRANCA;;;;;;;LIBERDADE>DIREITOS INDIVIDUAIS>TRÁFICO DE CRIANÇAS - NACIONAL
6A37B40432188190B9EC48BD152845A2F1E148732E6E94FB73ABE0A33D7E4677;2025-08-26 00:01:46.253;TELEFÔNICO;NÃO;TERCEIRO;CASA DO SUSPEITO;BR | BRASIL;MG;3106705 | BETIM;DIARIAMENTE;HÁ MAIS DE UM ANO;1;VIOLÊNCIA CONTRA CRIANÇA OU ADOLESCENTE;;OUTROS;COMUNIDADE/FAMÍLIA;NÃO INFORMADO;;MENOS DE 01 ANO;BR | BRASIL;;;;;;;;BR | BRASIL;MG;3106705 | BETIM;;;;NÃO INFORMADO;;;PESSOA FÍSICA;MASCULINO;NÃO;50 A 54 ANOS;BR | BRASIL;;;;;NÃO;;NÃO;BR | BRASIL;MG;3106705 | BETIM;NÃO SABE INFORMAR;;;PARDA;;;;;;;LIBERDADE>DIREITOS INDIVIDUAIS>TRÁFICO DE CRIANÇAS - NACIONAL
2D707D0C37F2F6B35C0E7CFBB416D60A027F70C1225D6B48C2B0A84CB87BBF6B;2025-08-27 11:40:44.577;WHATSAPP;RISCO IMINENTE DE MORTE DA VÍTIMA;A PRÓPRIA VÍTIMA;CASA DA VÍTIMA;BR | BRASIL;MG;3106200 | BELO HORIZONTE;NÃO SABE INFORMAR;NÃO SABE INFORMAR;1;VIOLÊNCIA CONTRA A MULHER;;OUTROS;PESSOA FÍSICA;FEMININO;NÃO;35 A 39 ANOS;BR | BRASIL;;;;;NÃO;;NÃO;BR | BRASIL;MG;3106200 | BELO HORIZONTE;;;;BRANCA;;;PESSOA FÍSICA;MASCULINO;NÃO;50 A 54 ANOS;BR | BRASIL;;;;;NÃO;;NÃO;PT | PORTUGAL;DENUNCIANTE NÃO SOUBE INFORMAR;DENUNCIANTE NÃO SOUBE INFORMAR;OUTROS NÃO LISTADOS;;;BRANCA;;;;;;;LIBERDADE>DIREITOS INDIVIDUAIS>TRÁFICO DE MULHERES - INTERNACIONAL
2E4600063802E6643B021C5777AD96CDEAA0E9EDAC1F9E0EF80A16EE5BF2701C;2025-08-28 15:14:46.973;TELEFÔNICO;NÃO;TERCEIRO;NÃO SABE INFORMAR;BR | BRASIL;SP;3516309 | FRANCISCO MORATO;NÃO SABE INFORMAR;NÃO SABE INFORMAR;2;VIOLÊNCIA CONTRA CRIANÇA OU ADOLESCENTE;;OUTROS;PESSOA FÍSICA;FEMININO;NÃO;17 ANOS;BR | BRASIL;;;;;NÃO;;NÃO;BR | BRASIL;SP;3516309 | FRANCISCO MORATO;;;;NÃO INFORMADO;;;PESSOA FÍSICA;MASCULINO;NÃO;;BR | BRASIL;;;;;NÃO;;;BR | BRASIL;SP;3516309 | FRANCISCO MORATO;;;;;;;;;;;LIBERDADE>DIREITOS INDIVIDUAIS>TRÁFICO DE CRIANÇAS - NACIONAL
172E3A2E18BD66B2CC28D2E4D7400DE7A0EAFD914F3BCA91AD4BB580D597B39F;2025-08-28 15:14:46.973;TELEFÔNICO;NÃO;TERCEIRO;NÃO SABE INFORMAR;BR | BRASIL;SP;3516309 | FRANCISCO MORATO;NÃO SABE INFORMAR;NÃO SABE INFORMAR;2;VIOLÊNCIA CONTRA CRIANÇA OU ADOLESCENTE;;OUTROS;PESSOA FÍSICA;FEMININO;NÃO;17 ANOS;BR | BRASIL;;;;;NÃO;;NÃO;BR | BRASIL;SP;3516309 | FRANCISCO MORATO;;;;NÃO INFORMADO;;;PESSOA FÍSICA;MASCULINO;NÃO;;BR | BRASIL;;;;;NÃO;;;BR | BRASIL;SP;3516309 | FRANCISCO MORATO;;;;;;;;;;;LIBERDADE>DIREITOS INDIVIDUAIS>TRÁFICO DE CRIANÇAS - NACIONAL
2E702DFD3788469630C0E6E1E5A913762CD90959A77571FC1D067101EEEFFCA9;2025-08-28 15:14:46.973;TELEFÔNICO;NÃO;TERCEIRO;NÃO SABE INFORMAR;BR | BRASIL;SP;3516309 | FRANCISCO MORATO;NÃO SABE INFORMAR;NÃO SABE INFORMAR;2;VIOLÊNCIA CONTRA CRIANÇA OU ADOLESCENTE;;OUTROS;PESSOA FÍSICA;FEMININO;NÃO;17 ANOS;BR | BRASIL;;;;;NÃO;;NÃO;BR | BRASIL;SP;3516309 | FRANCISCO MORATO;;;;NÃO INFORMADO;;;PESSOA FÍSICA;MASCULINO;NÃO;;BR | BRASIL;;;;;NÃO;;;BR | BRASIL;SP;3516309 | FRANCISCO MORATO;;;;;;;;;;;LIBERDADE>DIREITOS INDIVIDUAIS>TRÁFICO DE CRIANÇAS - NACIONAL
9B10135DADC9978A6506190EA1C63273D54086A4012A55CEF4837DAB6C8C8844;2025-08-28 15:14:46.973;TELEFÔNICO;NÃO;TERCEIRO;NÃO SABE INFORMAR;BR | BRASIL;SP;3516309 | FRANCISCO MORATO;NÃO SABE INFORMAR;NÃO SABE INFORMAR;2;VIOLÊNCIA CONTRA CRIANÇA OU ADOLESCENTE;;OUTROS;PESSOA FÍSICA;FEMININO;NÃO;17 ANOS;BR | BRASIL;;;;;NÃO;;NÃO;BR | BRASIL;SP;3516309 | FRANCISCO MORATO;;;;NÃO INFORMADO;;;PESSOA FÍSICA;MASCULINO;NÃO;;BR | BRASIL;;;;;NÃO;;;BR | BRASIL;SP;3516309 | FRANCISCO MORATO;;;;;;;;;;;LIBERDADE>DIREITOS INDIVIDUAIS>TRÁFICO DE CRIANÇAS - NACIONAL
9BBF851BEEEB7F47F1EA66CB35791A471D136BC80F1D09760FBDFD62F783FB8B;2025-08-28 15:14:46.973;TELEFÔNICO;NÃO;TERCEIRO;NÃO SABE INFORMAR;BR | BRASIL;SP;3516309 | FRANCISCO MORATO;NÃO SABE INFORMAR;NÃO SABE INFORMAR;2;VIOLÊNCIA CONTRA CRIANÇA OU ADOLESCENTE;;OUTROS;PESSOA FÍSICA;FEMININO;NÃO;17 ANOS;BR | BRASIL;;;;;NÃO;;NÃO;BR | BRASIL;SP;3516309 | FRANCISCO MORATO;;;;NÃO INFORMADO;;;PESSOA FÍSICA;MASCULINO;NÃO;;BR | BRASIL;;;;;NÃO;;;BR | BRASIL;SP;3516309 | FRANCISCO MORATO;;;;;;;;;;;LIBERDADE>DIREITOS INDIVIDUAIS>TRÁFICO DE CRIANÇAS - NACIONAL
2CAC6C4A1FC62A103B0602AD6A28491860D14CF58D9522548BF61112645052FE;2025-08-28 15:14:46.973;TELEFÔNICO;NÃO;TERCEIRO;NÃO SABE INFORMAR;BR | BRASIL;SP;3516309 | FRANCISCO MORATO;NÃO SABE INFORMAR;NÃO SABE INFORMAR;2;VIOLÊNCIA CONTRA CRIANÇA OU ADOLESCENTE;;OUTROS;PESSOA FÍSICA;FEMININO;NÃO;17 ANOS;BR | BRASIL;;;;;NÃO;;NÃO;BR | BRASIL;SP;3516309 | FRANCISCO MORATO;;;;NÃO INFORMADO;;;ÓRGÃO PÚBLICO;;;;BR | BRASIL;;;;;;;;BR | BRASIL;SP;3516309 | FRANCISCO MORATO;;;;;;;;SEGURANÇA PÚBLICA, FORÇAS ARMADAS, DEFESA CIVIL, BOMBEIROS E ASSEMELHADOS ? MUNICIPAL;;;LIBERDADE>DIREITOS INDIVIDUAIS>TRÁFICO DE CRIANÇAS - NACIONAL
A5194CA0241578EA9670291E4A2F8C4AFDE49EFBCF107E7D3E564A35FE39F4BA;2025-08-28 15:14:46.973;TELEFÔNICO;NÃO;TERCEIRO;NÃO SABE INFORMAR;BR | BRASIL;SP;3516309 | FRANCISCO MORATO;NÃO SABE INFORMAR;NÃO SABE INFORMAR;2;VIOLÊNCIA CONTRA CRIANÇA OU ADOLESCENTE;;OUTROS;PESSOA FÍSICA;FEMININO;NÃO;17 ANOS;BR | BRASIL;;;;;NÃO;;NÃO;BR | BRASIL;SP;3516309 | FRANCISCO MORATO;;;;NÃO INFORMADO;;;PESSOA FÍSICA;MASCULINO;NÃO;;BR | BRASIL;;;;;NÃO;;;BR | BRASIL;SP;3516309 | FRANCISCO MORATO;ADVOGADO;;;;;;;;;;LIBERDADE>DIREITOS INDIVIDUAIS>TRÁFICO DE CRIANÇAS - NACIONAL
F345B05097B9F9135DD08990B28598A547105CB7D09283DE3D4F763AF4B36F50;2025-08-28 15:14:46.973;TELEFÔNICO;NÃO;TERCEIRO;NÃO SABE INFORMAR;BR | BRASIL;SP;3516309 | FRANCISCO MORATO;NÃO SABE INFORMAR;NÃO SABE INFORMAR;2;VIOLÊNCIA CONTRA CRIANÇA OU ADOLESCENTE;;OUTROS;PESSOA FÍSICA;FEMININO;NÃO;17 ANOS;BR | BRASIL;;;;;NÃO;;NÃO;BR | BRASIL;SP;3516309 | FRANCISCO MORATO;;;;NÃO INFORMADO;;;ÓRGÃO PÚBLICO;;;;BR | BRASIL;;;;;;;;BR | BRASIL;SP;3516309 | FRANCISCO MORATO;;;;;;;;MINISTÉRIO PÚBLICO - ESTADUAL;;;LIBERDADE>DIREITOS INDIVIDUAIS>TRÁFICO DE CRIANÇAS - NACIONAL
D0EB69CFC5F14A306895930FD591CE025FDE2A9806D69453E9F74971E73D47A1;2025-08-28 15:14:46.973;TELEFÔNICO;NÃO;TERCEIRO;NÃO SABE INFORMAR;BR | BRASIL;SP;3516309 | FRANCISCO MORATO;NÃO SABE INFORMAR;NÃO SABE INFORMAR;2;VIOLÊNCIA CONTRA CRIANÇA OU ADOLESCENTE;;OUTROS;PESSOA FÍSICA;FEMININO;NÃO;17 ANOS;BR | BRASIL;;;;;NÃO;;NÃO;BR | BRASIL;SP;3516309 | FRANCISCO MORATO;;;;NÃO INFORMADO;;;ÓRGÃO PÚBLICO;;;;BR | BRASIL;;;;;;;;BR | BRASIL;SP;3516309 | FRANCISCO MORATO;;;;;;;;PODER EXECUTIVO EM GERAL - MUNICIPAL;;;LIBERDADE>DIREITOS INDIVIDUAIS>TRÁFICO DE CRIANÇAS - NACIONAL
C541F9A34AC5661212CAC3482D1C82F8484877BDEA4F11E0997E3D37D840E041;2025-08-28 17:46:40.213;TELEFÔNICO;NÃO;A PRÓPRIA VÍTIMA;AMBIENTE VIRTUAL (NO ÂMBITO DA INTERNET);BR | BRASIL;RJ;3304557 | RIO DE JANEIRO;DIARIAMENTE;HÁ MAIS DE CINCO ANOS;1;VIOLÊNCIA CONTRA A MULHER;;OUTROS FAMILIARES;PESSOA FÍSICA;FEMININO;NÃO;35 A 39 ANOS;BR | BRASIL;;;;;NÃO;;NÃO;BR | BRASIL;RJ;3304557 | RIO DE JANEIRO;;;;BRANCA;;;PESSOA FÍSICA;FEMININO;NÃO;NÃO INFORMADO;BR | BRASIL;;;;;NÃO;;NÃO;BR | BRASIL;RJ;3304557 | RIO DE JANEIRO;NÃO SABE INFORMAR;;;BRANCA;;;;;;;LIBERDADE>DIREITOS INDIVIDUAIS>TRÁFICO DE CRIANÇAS - NACIONAL
C541F9A34AC5661212CAC3482D1C82F8484877BDEA4F11E0997E3D37D840E041;2025-08-28 17:46:40.213;TELEFÔNICO;NÃO;A PRÓPRIA VÍTIMA;AMBIENTE VIRTUAL (NO ÂMBITO DA INTERNET);BR | BRASIL;RJ;3304557 | RIO DE JANEIRO;DIARIAMENTE;HÁ MAIS DE CINCO ANOS;1;VIOLÊNCIA CONTRA PESSOA COM DEFICIÊNCIA;;OUTROS FAMILIARES;PESSOA FÍSICA;FEMININO;NÃO;35 A 39 ANOS;BR | BRASIL;;;;;NÃO;;NÃO;BR | BRASIL;RJ;3304557 | RIO DE JANEIRO;;;;BRANCA;;;PESSOA FÍSICA;FEMININO;NÃO;NÃO INFORMADO;BR | BRASIL;;;;;NÃO;;NÃO;BR | BRASIL;RJ;3304557 | RIO DE JANEIRO;NÃO SABE INFORMAR;;;BRANCA;;;;;;;LIBERDADE>DIREITOS INDIVIDUAIS>TRÁFICO DE CRIANÇAS - NACIONAL
B9874FA1B22EFF7CC3E65EAFD4E289C902C703F6243F333D20108D5333CE3F96;2025-08-29 12:31:34.987;TELEFÔNICO;RISCO IMINENTE DE MORTE DA VÍTIMA;TERCEIRO;CASA ONDE RESIDE A VÍTIMA E O SUSPEITO;BR | BRASIL;PR;4125605 | SÃO MATEUS DO SUL;DIARIAMENTE;NÃO SABE INFORMAR;1;VIOLÊNCIA CONTRA A MULHER;;EMPREGADOR/PATRÃO (HIERARQUICAMENTE SUPERIOR);PESSOA FÍSICA;FEMININO;NÃO;25 A 29 ANOS;BR | BRASIL;;;;;NÃO;;NÃO;BR | BRASIL;PR;4125605 | SÃO MATEUS DO SUL;;;;NÃO INFORMADO;;;PESSOA JURÍDICA DE DIREITO PRIVADO;;;;BR | BRASIL;;;;;;;;BR | BRASIL;PR;4125605 | SÃO MATEUS DO SUL;;;;;;;;OUTRAS ATIVIDADES DE SERVIÇOS;;;LIBERDADE>DIREITOS INDIVIDUAIS>TRÁFICO DE MULHERES - NACIONAL
615352F29108AD5CBAAB2537872334F1A281E74263F5427AFAB3071C70EF509F;2025-08-29 19:30:50.010;TELEFÔNICO;NÃO;TERCEIRO;OUTROS;BR | BRASIL;AM;1302603 | MANAUS;ÚNICA OCORRÊNCIA;NÃO SE APLICA;1;VIOLÊNCIA CONTRA A MULHER;;DESCONHECIDO(A);PESSOA FÍSICA;FEMININO;NÃO;20 A 24 ANOS;BR | BRASIL;;;;;NÃO;;NÃO;BR | BRASIL;AM;1301209 | COARI;;;;BRANCA;;;PESSOA FÍSICA;MASCULINO;NÃO;25 A 29 ANOS;BR | BRASIL;;;;;NÃO;;NÃO;BR | BRASIL;DENUNCIANTE NÃO SOUBE INFORMAR;DENUNCIANTE NÃO SOUBE INFORMAR;OUTROS NÃO LISTADOS;;;;;;;;;;LIBERDADE>DIREITOS INDIVIDUAIS>TRÁFICO DE PESSOAS - INTERNACIONAL
3CF128BF76F589BFB13842ECA96B05A3740249260A44244346942F40A6ACCF08;2025-09-01 10:46:17.207;TELEFÔNICO;NÃO;TERCEIRO;ÔNIBUS;BR | BRASIL;SP;3550308 | SÃO PAULO;NÃO SABE INFORMAR;NÃO SABE INFORMAR;1;VIOLÊNCIA CONTRA CRIANÇA OU ADOLESCENTE;;OUTROS;COMUNIDADE/FAMÍLIA;;;CRIANÇA/ADOLESCENTE IDADE NÃO INFORMADA;BR | BRASIL;;;;;;;;BR | BRASIL;DENUNCIANTE NÃO SOUBE INFORMAR;DENUNCIANTE NÃO SOUBE INFORMAR;;;;NÃO INFORMADO;;;PESSOA FÍSICA;FEMININO;NÃO;;BR | BRASIL;;;;;NÃO;;;BR | BRASIL;SP;3550308 | SÃO PAULO;;;;;;;;;;;LIBERDADE>DIREITOS INDIVIDUAIS>TRÁFICO DE CRIANÇAS - NACIONAL
8CC70BD2C90778B450B1562D7D72D6FB3DAD02816C31B63405766096788F8FD8;2025-09-01 15:26:09.320;E-MAIL;NÃO;TERCEIRO;LOCAL DE TRABALHO DA VÍTIMA;BR | BRASIL;MG;3170701 | VARGINHA;DIARIAMENTE;HÁ MAIS DE CINCO ANOS;1;VIOLÊNCIA CONTRA CIDADÃO, FAMÍLIA OU COMUNIDADE;;EMPREGADOR/PATRÃO (HIERARQUICAMENTE SUPERIOR);COMUNIDADE/FAMÍLIA;;;40 A 44 ANOS;BR | BRASIL;;;;;;;;BR | BRASIL;MG;3170701 | VARGINHA;;;;NÃO INFORMADO;;;PESSOA JURÍDICA DE DIREITO PRIVADO;;;;BR | BRASIL;;;;;;;;BR | BRASIL;MG;3170701 | VARGINHA;;;;;;;;AGRICULTURA, PECUÁRIA, PRODUÇÃO FLORESTAL, PESCA E AQUICULTURA;;;LIBERDADE>DIREITOS INDIVIDUAIS>TRÁFICO DE PESSOAS - NACIONAL
18DEBD9225C93311F3744C8134E9756FF1B91D1E01EB573770ED94E9B07B6A26;2025-09-02 17:24:08.827;TELEFÔNICO;NÃO;TERCEIRO;AMBIENTE VIRTUAL (NO ÂMBITO DA INTERNET);BR | BRASIL;RJ;3304557 | RIO DE JANEIRO;DIARIAMENTE;HÁ MAIS DE UM ANO;1;VIOLÊNCIA CONTRA A MULHER;OUTRO(S) ELEMENTO(S);OUTROS;PESSOA FÍSICA;FEMININO;NÃO;18 A 19 ANOS;BR | BRASIL;;;;NÃO;NÃO;;NÃO;BR | BRASIL;RJ;3304557 | RIO DE JANEIRO;;;;NÃO INFORMADO;;;PESSOA FÍSICA;MASCULINO;NÃO;40 A 44 ANOS;BR | BRASIL;;;;NÃO;NÃO;;NÃO;BR | BRASIL;RJ;3304557 | RIO DE JANEIRO;NÃO SABE INFORMAR;;;BRANCA;;;;;;;LIBERDADE>DIREITOS INDIVIDUAIS>TRÁFICO DE MULHERES - NACIONAL
33A2FFEF4E0E268902C05529E9D40A1505575E32A378FFBB90CB67F9C053F1EF;2025-09-02 17:24:08.827;TELEFÔNICO;NÃO;TERCEIRO;AMBIENTE VIRTUAL (NO ÂMBITO DA INTERNET);BR | BRASIL;RJ;3304557 | RIO DE JANEIRO;DIARIAMENTE;HÁ MAIS DE UM ANO;1;VIOLÊNCIA CONTRA A MULHER;OUTRO(S) ELEMENTO(S);OUTROS;PESSOA FÍSICA;FEMININO;NÃO;18 A 19 ANOS;BR | BRASIL;;;;NÃO;NÃO;;NÃO;BR | BRASIL;RJ;3304557 | RIO DE JANEIRO;;;;NÃO INFORMADO;;;PESSOA FÍSICA;MASCULINO;NÃO;NÃO INFORMADO;BR | BRASIL;;;;NÃO;NÃO;;NÃO;BR | BRASIL;RJ;3304557 | RIO DE JANEIRO;NÃO SABE INFORMAR;;;NÃO INFORMADO;;;;;;;LIBERDADE>DIREITOS INDIVIDUAIS>TRÁFICO DE MULHERES - NACIONAL
5446B7AA4908B3E17224D8CE75DEAAFE8F5D6A1C37C2F0564EFFA21F6BDC2843;2025-09-04 16:13:44.110;WHATSAPP;NÃO;TERCEIRO;OUTROS;BR | BRASIL;PA;1507904 | SOURE;DIARIAMENTE;HÁ MAIS DE DEZ ANOS;1;VIOLÊNCIA CONTRA CIDADÃO, FAMÍLIA OU COMUNIDADE;;OUTROS;COMUNIDADE/FAMÍLIA;;;35 A 39 ANOS;BR | BRASIL;;;;;;;;BR | BRASIL;PA;1507904 | SOURE;;;;NÃO INFORMADO;;;ÓRGÃO PÚBLICO;;;;BR | BRASIL;;;;;;;;BR | BRASIL;PA;1507904 | SOURE;;;;;;;;PODER EXECUTIVO EM GERAL ? FEDERAL;;;LIBERDADE>DIREITOS INDIVIDUAIS>TRÁFICO DE CRIANÇAS - NACIONAL
5446B7AA4908B3E17224D8CE75DEAAFE8F5D6A1C37C2F0564EFFA21F6BDC2843;2025-09-04 16:13:44.110;WHATSAPP;NÃO;TERCEIRO;OUTROS;BR | BRASIL;PA;1507904 | SOURE;DIARIAMENTE;HÁ MAIS DE DEZ ANOS;1;VIOLÊNCIA CONTRA CIDADÃO, FAMÍLIA OU COMUNIDADE;;OUTROS;COMUNIDADE/FAMÍLIA;;;35 A 39 ANOS;BR | BRASIL;;;;;;;;BR | BRASIL;PA;1507904 | SOURE;;;;NÃO INFORMADO;;;ÓRGÃO PÚBLICO;;;;BR | BRASIL;;;;;;;;BR | BRASIL;PA;1507904 | SOURE;;;;;;;;PODER EXECUTIVO EM GERAL ? FEDERAL;;;LIBERDADE>DIREITOS INDIVIDUAIS>TRÁFICO DE MULHERES - NACIONAL
57599193C4F21B5851302F34EFDED58FF60D3209D688D1D60F7621B0B5DA1DF7;2025-09-05 14:07:18.757;TELEFÔNICO;NÃO;TERCEIRO;LOCAL DE TRABALHO DA VÍTIMA;BR | BRASIL;SP;3541604 | PROMISSÃO;DIARIAMENTE;HÁ MAIS DE SEIS MESES;1;VIOLÊNCIA CONTRA CIDADÃO, FAMÍLIA OU COMUNIDADE;;EMPREGADOR/PATRÃO (HIERARQUICAMENTE SUPERIOR);COMUNIDADE/FAMÍLIA;;;18 A 19 ANOS;BR | BRASIL;;;;;;;;BR | BRASIL;SP;3541604 | PROMISSÃO;;;;NÃO INFORMADO;;;PESSOA JURÍDICA DE DIREITO PRIVADO;;;;BR | BRASIL;;;;;;;;BR | BRASIL;SP;3541604 | PROMISSÃO;;;;;;;;OUTRAS ATIVIDADES DE SERVIÇOS;;;LIBERDADE>DIREITOS INDIVIDUAIS>TRÁFICO DE PESSOAS - INTERNACIONAL
99EC121A98EC28C3EEEC474C08D32AE98F34109186920E2846A1894B11CEAC2B;2025-09-05 22:19:01.330;WHATSAPP;NÃO;A PRÓPRIA VÍTIMA;CASA DO SUSPEITO;BR | BRASIL;GO;5200258 | ÁGUAS LINDAS DE GOIÁS;NÃO SABE INFORMAR;NÃO SE APLICA;1;VIOLÊNCIA CONTRA CRIANÇA OU ADOLESCENTE;;PAI;PESSOA FÍSICA;MASCULINO;NÃO;RECÉM-NASCIDO (ATÉ 28 DIAS);BR | BRASIL;;;;;NÃO;;NÃO;BR | BRASIL;PR;4106902 | CURITIBA;;;;PARDA;;;PESSOA FÍSICA;MASCULINO;NÃO;75 A 79 ANOS;BR | BRASIL;;;;;NÃO;;NÃO INFORMADO;BR | BRASIL;GO;5200258 | ÁGUAS LINDAS DE GOIÁS;OUTROS NÃO LISTADOS;;;BRANCA;;;;;;;LIBERDADE>DIREITOS INDIVIDUAIS>TRÁFICO DE CRIANÇAS - NACIONAL
082C6C0473B66711EE642C68DF487E14F86209B0C9E07E99DCAFC9555B736EA9;2025-09-06 22:03:21.753;TELEFÔNICO;NÃO;A PRÓPRIA VÍTIMA;CASA ONDE RESIDE A VÍTIMA E O SUSPEITO;BR | BRASIL;SP;3525300 | JAÚ;DIARIAMENTE;HÁ MAIS DE UM ANO;1;VIOLÊNCIA CONTRA CIDADÃO, FAMÍLIA OU COMUNIDADE;;OUTROS FAMILIARES;PESSOA FÍSICA;MASCULINO;NÃO;40 A 44 ANOS;BR | BRASIL;;;;;NÃO;;NÃO;BR | BRASIL;SP;3525300 | JAÚ;;;;PARDA;;;COMUNIDADE/FAMÍLIA;;;;BR | BRASIL;;;;;;;;BR | BRASIL;SP;3525300 | JAÚ;;;;;;;;;;;LIBERDADE>DIREITOS INDIVIDUAIS>TRÁFICO DE PESSOAS - INTERNACIONAL
2B10C0BDDDF2383CCC084BF313E74385D7185EE2C4C83351F0720244E1862507;2025-09-09 18:24:49.127;TELEFÔNICO;NÃO;TERCEIRO;ESTABELECIMENTO DE SAÚDE;BR | BRASIL;RS;4312401 | MONTENEGRO;NÃO SABE INFORMAR;NÃO SABE INFORMAR;1;VIOLÊNCIA CONTRA A MULHER;OUTRO(S) ELEMENTO(S);DESCONHECIDO(A);PESSOA FÍSICA;FEMININO;NÃO;18 A 19 ANOS;BR | BRASIL;;;;NÃO;NÃO;;NÃO;BR | BRASIL;RS;4312401 | MONTENEGRO;;;;NÃO INFORMADO;;;PESSOA FÍSICA;MASCULINO;NÃO;NÃO INFORMADO;BR | BRASIL;;;;NÃO;NÃO;;NÃO;BR | BRASIL;RS;4312401 | MONTENEGRO;OUTRO PROFISSIONAL DA ÁREA DE SAÚDE (FISIOTERAPEUTA, PSICÓLOGO, NUTRICIONISTA, DENTISTA, FARMACÊUTICO, BIOMÉDICO, EDUCADOR FÍSICO ETC);;;NÃO INFORMADO;;;;;;;LIBERDADE>DIREITOS INDIVIDUAIS>TRÁFICO DE MULHERES - NACIONAL
6DB2D6C84ED16800621B414FB5DF2F88339966990B2331D0EDCB5502B24A143C;2025-09-09 18:24:49.127;TELEFÔNICO;NÃO;TERCEIRO;ESTABELECIMENTO DE SAÚDE;BR | BRASIL;RS;4312401 | MONTENEGRO;NÃO SABE INFORMAR;NÃO SABE INFORMAR;1;VIOLÊNCIA CONTRA A MULHER;OUTRO(S) ELEMENTO(S);DESCONHECIDO(A);PESSOA FÍSICA;FEMININO;NÃO;18 A 19 ANOS;BR | BRASIL;;;;NÃO;NÃO;;NÃO;BR | BRASIL;RS;4312401 | MONTENEGRO;;;;NÃO INFORMADO;;;PESSOA FÍSICA;FEMININO;NÃO;NÃO INFORMADO;BR | BRASIL;;;;NÃO;NÃO;;NÃO;BR | BRASIL;RS;4312401 | MONTENEGRO;OUTRO PROFISSIONAL DA ÁREA DE SAÚDE (FISIOTERAPEUTA, PSICÓLOGO, NUTRICIONISTA, DENTISTA, FARMACÊUTICO, BIOMÉDICO, EDUCADOR FÍSICO ETC);;;NÃO INFORMADO;;;;;;;LIBERDADE>DIREITOS INDIVIDUAIS>TRÁFICO DE MULHERES - NACIONAL
A6BD37B66E91E401F09F167FA1D0700E4AC12B8D5062FDA1FA539325C2D85809;2025-09-09 18:24:49.127;TELEFÔNICO;NÃO;TERCEIRO;ESTABELECIMENTO DE SAÚDE;BR | BRASIL;RS;4312401 | MONTENEGRO;NÃO SABE INFORMAR;NÃO SABE INFORMAR;1;VIOLÊNCIA CONTRA A MULHER;OUTRO(S) ELEMENTO(S);DESCONHECIDO(A);PESSOA FÍSICA;FEMININO;NÃO;18 A 19 ANOS;BR | BRASIL;;;;NÃO;NÃO;;NÃO;BR | BRASIL;RS;4312401 | MONTENEGRO;;;;NÃO INFORMADO;;;ÓRGÃO PÚBLICO;;;;BR | BRASIL;;;;;;;;BR | BRASIL;RS;4312401 | MONTENEGRO;;;;;;;;PODER LEGISLATIVO ? MUNICIPAL;;;LIBERDADE>DIREITOS INDIVIDUAIS>TRÁFICO DE MULHERES - NACIONAL
027DAC4270F326D4501A696CC41591CBA2786DB513057D24A12FBD1A165BB956;2025-09-10 17:56:08.510;WHATSAPP;NÃO;A PRÓPRIA VÍTIMA;LOCAL DE TRABALHO DO AGRESSOR;NL | PAÍSES BAIXOS;DENUNCIANTE NÃO SOUBE INFORMAR;DENUNCIANTE NÃO SOUBE INFORMAR;DIARIAMENTE;HÁ MAIS DE UM ANO;1;VIOLÊNCIA CONTRA A MULHER;;DESCONHECIDO(A);PESSOA FÍSICA;FEMININO;NÃO;35 A 39 ANOS;BR | BRASIL;;;;;NÃO;;NÃO;BR | BRASIL;RJ;3304557 | RIO DE JANEIRO;;;;PARDA;;;PESSOA FÍSICA;FEMININO;NÃO;55 A 59 ANOS;BR | BRASIL;;;;;NÃO;;NÃO;NL | PAÍSES BAIXOS;DENUNCIANTE NÃO SOUBE INFORMAR;DENUNCIANTE NÃO SOUBE INFORMAR;NÃO SABE INFORMAR;;;;;;;;;;LIBERDADE>DIREITOS INDIVIDUAIS>TRÁFICO DE MULHERES - INTERNACIONAL
027DAC4270F326D4501A696CC41591CBA2786DB513057D24A12FBD1A165BB956;2025-09-10 17:56:08.510;WHATSAPP;NÃO;A PRÓPRIA VÍTIMA;LOCAL DE TRABALHO DO AGRESSOR;NL | PAÍSES BAIXOS;DENUNCIANTE NÃO SOUBE INFORMAR;DENUNCIANTE NÃO SOUBE INFORMAR;DIARIAMENTE;HÁ MAIS DE UM ANO;1;VIOLÊNCIA CONTRA A MULHER;;DESCONHECIDO(A);PESSOA FÍSICA;FEMININO;NÃO;35 A 39 ANOS;BR | BRASIL;;;;;NÃO;;NÃO;BR | BRASIL;RJ;3304557 | RIO DE JANEIRO;;;;PARDA;;;PESSOA FÍSICA;FEMININO;NÃO;55 A 59 ANOS;BR | BRASIL;;;;;NÃO;;NÃO;NL | PAÍSES BAIXOS;DENUNCIANTE NÃO SOUBE INFORMAR;DENUNCIANTE NÃO SOUBE INFORMAR;NÃO SABE INFORMAR;;;;;;;;;;LIBERDADE>DIREITOS INDIVIDUAIS>TRÁFICO DE PESSOAS - INTERNACIONAL
3F3AE4FEC4FC1C3F54827594E0E5A38075274A340EF4FD9033D4FE50E9FCD1C5;2025-09-10 18:56:54.037;TELEFÔNICO;NÃO;TERCEIRO;CASA ONDE RESIDE A VÍTIMA E O SUSPEITO;BR | BRASIL;SP;3505708 | BARUERI;OCASIONALMENTE;HÁ UM MÊS;2;VIOLÊNCIA CONTRA CRIANÇA OU ADOLESCENTE;;MÃE;PESSOA FÍSICA;FEMININO;NÃO;12 ANOS;BR | BRASIL;;;;;NÃO;;NÃO;BR | BRASIL;SP;3505708 | BARUERI;ESTUDANTE;ENSINO FUNDAMENTAL INCOMPLETO;;PRETA;;;PESSOA FÍSICA;FEMININO;NÃO;50 A 54 ANOS;BR | BRASIL;;;;;NÃO;;NÃO;BR | BRASIL;SP;3505708 | BARUERI;OUTRO PROFISSIONAL DA ÁREA DE SAÚDE (FISIOTERAPEUTA, PSICÓLOGO, NUTRICIONISTA, DENTISTA, FARMACÊUTICO, BIOMÉDICO, EDUCADOR FÍSICO ETC);;;PARDA;;;;;;;LIBERDADE>DIREITOS INDIVIDUAIS>TRÁFICO DE CRIANÇAS - NACIONAL
62A4B14C48B9AF3F0046EB08C1CB1EF58AE6A861A793F41D04C3A8E51F60D2C0;2025-09-10 18:56:54.037;TELEFÔNICO;NÃO;TERCEIRO;CASA ONDE RESIDE A VÍTIMA E O SUSPEITO;BR | BRASIL;SP;3505708 | BARUERI;OCASIONALMENTE;HÁ UM MÊS;2;VIOLÊNCIA CONTRA CRIANÇA OU ADOLESCENTE;;MÃE;PESSOA FÍSICA;FEMININO;NÃO;12 ANOS;BR | BRASIL;;;;;NÃO;;NÃO;BR | BRASIL;SP;3505708 | BARUERI;ESTUDANTE;ENSINO FUNDAMENTAL INCOMPLETO;;PRETA;;;PESSOA FÍSICA;FEMININO;NÃO;50 A 54 ANOS;BR | BRASIL;;;;;NÃO;;NÃO;BR | BRASIL;SP;3505708 | BARUERI;OUTRO PROFISSIONAL DA ÁREA DE SAÚDE (FISIOTERAPEUTA, PSICÓLOGO, NUTRICIONISTA, DENTISTA, FARMACÊUTICO, BIOMÉDICO, EDUCADOR FÍSICO ETC);;;PARDA;;;;;;;LIBERDADE>DIREITOS INDIVIDUAIS>TRÁFICO DE CRIANÇAS - NACIONAL
46418FD4E8DA105996D5A520730E254D8C4F119D63E995DE8D2CA8CDAA82B5B7;2025-09-11 09:01:52.227;WHATSAPP;RISCO IMINENTE DE MORTE DA VÍTIMA;A PRÓPRIA VÍTIMA;LOCAL DE TRABALHO DA VÍTIMA;NL | PAÍSES BAIXOS;DENUNCIANTE NÃO SOUBE INFORMAR;DENUNCIANTE NÃO SOUBE INFORMAR;NÃO SABE INFORMAR;HÁ MAIS DE UM ANO;2;VIOLÊNCIA CONTRA A MULHER;;EMPREGADOR/PATRÃO (HIERARQUICAMENTE SUPERIOR);PESSOA FÍSICA;FEMININO;NÃO;25 A 29 ANOS;BR | BRASIL;;;;;NÃO;;NÃO;BR | BRASIL;DENUNCIANTE NÃO SOUBE INFORMAR;DENUNCIANTE NÃO SOUBE INFORMAR;;;;PARDA;;;PESSOA FÍSICA;FEMININO;NÃO;50 A 54 ANOS;BR | BRASIL;;;;;NÃO;;NÃO;NL | PAÍSES BAIXOS;DENUNCIANTE NÃO SOUBE INFORMAR;DENUNCIANTE NÃO SOUBE INFORMAR;OUTROS NÃO LISTADOS;;;PARDA;;;;;;;LIBERDADE>DIREITOS INDIVIDUAIS>TRÁFICO DE MULHERES - INTERNACIONAL
96CC5575DC3B2E244F3411EC162B1D8149A94BF04026C04D2091879D7D06632C;2025-09-11 09:01:52.227;WHATSAPP;RISCO IMINENTE DE MORTE DA VÍTIMA;A PRÓPRIA VÍTIMA;LOCAL DE TRABALHO DA VÍTIMA;NL | PAÍSES BAIXOS;DENUNCIANTE NÃO SOUBE INFORMAR;DENUNCIANTE NÃO SOUBE INFORMAR;NÃO SABE INFORMAR;HÁ MAIS DE UM ANO;2;VIOLÊNCIA CONTRA A MULHER;;EMPREGADOR/PATRÃO (HIERARQUICAMENTE SUPERIOR);PESSOA FÍSICA;FEMININO;NÃO;25 A 29 ANOS;BR | BRASIL;;;;;NÃO;;NÃO;BR | BRASIL;DENUNCIANTE NÃO SOUBE INFORMAR;DENUNCIANTE NÃO SOUBE INFORMAR;;;;PARDA;;;PESSOA FÍSICA;MASCULINO;NÃO;60 A 64 ANOS;NL | PAÍSES BAIXOS;;;;;NÃO;;NÃO;BR | BRASIL;DENUNCIANTE NÃO SOUBE INFORMAR;DENUNCIANTE NÃO SOUBE INFORMAR;NÃO SABE INFORMAR;;;BRANCA;;;;;;;LIBERDADE>DIREITOS INDIVIDUAIS>TRÁFICO DE MULHERES - INTERNACIONAL
532F0710B6DA9558E4E1E0617F31A15EB35FBE025D59AEF59E778704C3D267F2;2025-09-11 13:17:59.053;TELEFÔNICO;NÃO;TERCEIRO;LOCAL DE TRABALHO DA VÍTIMA;BR | BRASIL;ES;3203205 | LINHARES;DIARIAMENTE;HÁ MAIS DE UM ANO;1;VIOLÊNCIA CONTRA A MULHER;;EMPREGADOR/PATRÃO (HIERARQUICAMENTE SUPERIOR);PESSOA FÍSICA;FEMININO;NÃO;18 A 19 ANOS;BR | BRASIL;;;;;NÃO;;NÃO;BR | BRASIL;ES;3203205 | LINHARES;;;;NÃO INFORMADO;;;PESSOA JURÍDICA DE DIREITO PRIVADO;;;;BR | BRASIL;;;;;;;;BR | BRASIL;ES;3203205 | LINHARES;;;;;;;;AGRICULTURA, PECUÁRIA, PRODUÇÃO FLORESTAL, PESCA E AQUICULTURA;;;LIBERDADE>DIREITOS INDIVIDUAIS>TRÁFICO DE MULHERES - NACIONAL
532F0710B6DA9558E4E1E0617F31A15EB35FBE025D59AEF59E778704C3D267F2;2025-09-11 13:17:59.053;TELEFÔNICO;NÃO;TERCEIRO;LOCAL DE TRABALHO DA VÍTIMA;BR | BRASIL;ES;3203205 | LINHARES;DIARIAMENTE;HÁ MAIS DE UM ANO;1;VIOLÊNCIA CONTRA A MULHER;;EMPREGADOR/PATRÃO (HIERARQUICAMENTE SUPERIOR);PESSOA FÍSICA;FEMININO;NÃO;18 A 19 ANOS;BR | BRASIL;;;;;NÃO;;NÃO;BR | BRASIL;ES;3203205 | LINHARES;;;;NÃO INFORMADO;;;PESSOA JURÍDICA DE DIREITO PRIVADO;;;;BR | BRASIL;;;;;;;;BR | BRASIL;ES;3203205 | LINHARES;;;;;;;;AGRICULTURA, PECUÁRIA, PRODUÇÃO FLORESTAL, PESCA E AQUICULTURA;;;LIBERDADE>DIREITOS INDIVIDUAIS>TRÁFICO DE PESSOAS - NACIONAL
13D016C8D8AA1F5361BBEB7CE1BE7295884BBAA2100E7CD45DC853EA032F7A32;2025-09-12 13:00:27.217;TELEFÔNICO;NÃO;TERCEIRO;CASA DO SUSPEITO;BR | BRASIL;RJ;3303500 | NOVA IGUAÇU;DIARIAMENTE;HÁ UM MÊS;2;VIOLÊNCIA CONTRA CRIANÇA OU ADOLESCENTE;;OUTROS;PESSOA FÍSICA;FEMININO;NÃO;MENOS DE 01 ANO;BR | BRASIL;;;;;NÃO;;NÃO;BR | BRASIL;RJ;3303500 | NOVA IGUAÇU;;;;BRANCA;;;PESSOA FÍSICA;MASCULINO;NÃO;25 A 29 ANOS;BR | BRASIL;;;;;NÃO;;NÃO;BR | BRASIL;RJ;3303500 | NOVA IGUAÇU;NÃO SABE INFORMAR;;;BRANCA;;;;;;;LIBERDADE>DIREITOS INDIVIDUAIS>TRÁFICO DE CRIANÇAS - NACIONAL
BFF7A13A96163626620AA9A05E19B9598471045786AE322BD4152C809E476CDF;2025-09-12 13:00:27.217;TELEFÔNICO;NÃO;TERCEIRO;OUTROS;BR | BRASIL;RJ;3303500 | NOVA IGUAÇU;DIARIAMENTE;HÁ UM MÊS;2;VIOLÊNCIA CONTRA CRIANÇA OU ADOLESCENTE;;OUTROS;PESSOA FÍSICA;MASCULINO;;MENOS DE 01 ANO;BR | BRASIL;;;;;NÃO;;;BR | BRASIL;RJ;3303500 | NOVA IGUAÇU;;;;PARDA;;;PESSOA FÍSICA;FEMININO;NÃO;50 A 54 ANOS;BR | BRASIL;;;;;NÃO;;NÃO;BR | BRASIL;RJ;3303500 | NOVA IGUAÇU;NÃO SABE INFORMAR;;;PRETA;;;;;;;LIBERDADE>DIREITOS INDIVIDUAIS>TRÁFICO DE CRIANÇAS - NACIONAL
FBB12CE5A0DECD27D2B9C8C6AC4C2203E386367BD1F001C4914BD46B3D45A978;2025-09-12 13:00:27.217;TELEFÔNICO;NÃO;TERCEIRO;CASA DO SUSPEITO;BR | BRASIL;RJ;3303500 | NOVA IGUAÇU;DIARIAMENTE;HÁ UM MÊS;2;VIOLÊNCIA CONTRA CRIANÇA OU ADOLESCENTE;;OUTROS;PESSOA FÍSICA;FEMININO;NÃO;MENOS DE 01 ANO;BR | BRASIL;;;;;NÃO;;NÃO;BR | BRASIL;RJ;3303500 | NOVA IGUAÇU;;;;BRANCA;;;PESSOA FÍSICA;FEMININO;NÃO;50 A 54 ANOS;BR | BRASIL;;;;;NÃO;;NÃO;BR | BRASIL;RJ;3303500 | NOVA IGUAÇU;NÃO SABE INFORMAR;;;PRETA;;;;;;;LIBERDADE>DIREITOS INDIVIDUAIS>TRÁFICO DE CRIANÇAS - NACIONAL
C1B8EC875142F2D7DE11A1C107B563A8CB6702F588D65F1DE4C717A7B9C0EFB9;2025-09-12 13:00:27.217;TELEFÔNICO;NÃO;TERCEIRO;OUTROS;BR | BRASIL;RJ;3303500 | NOVA IGUAÇU;DIARIAMENTE;HÁ UM MÊS;2;VIOLÊNCIA CONTRA CRIANÇA OU ADOLESCENTE;;OUTROS;PESSOA FÍSICA;MASCULINO;;MENOS DE 01 ANO;BR | BRASIL;;;;;NÃO;;;BR | BRASIL;RJ;3303500 | NOVA IGUAÇU;;;;PARDA;;;PESSOA FÍSICA;MASCULINO;NÃO;25 A 29 ANOS;BR | BRASIL;;;;;NÃO;;NÃO;BR | BRASIL;RJ;3303500 | NOVA IGUAÇU;NÃO SABE INFORMAR;;;BRANCA;;;;;;;LIBERDADE>DIREITOS INDIVIDUAIS>TRÁFICO DE CRIANÇAS - NACIONAL
11C3C22E473018185049DCC56D9155B0DC7D79DB3AF581BBA2B8B5F49DAE0375;2025-09-15 17:28:54.553;WHATSAPP;NÃO;TERCEIRO;CASA ONDE RESIDE A VÍTIMA E O SUSPEITO;BR | BRASIL;CE;2308005 | MASSAPÊ;NÃO SABE INFORMAR;NÃO SABE INFORMAR;2;VIOLÊNCIA CONTRA CRIANÇA OU ADOLESCENTE;;MÃE;PESSOA FÍSICA;FEMININO;;07 ANOS;BR | BRASIL;;;;;NÃO;;;BR | BRASIL;CE;2308005 | MASSAPÊ;;;;NÃO INFORMADO;;;PESSOA FÍSICA;FEMININO;NÃO;20 A 24 ANOS;BR | BRASIL;;;;;NÃO;;NÃO;BR | BRASIL;CE;2308005 | MASSAPÊ;NÃO SABE INFORMAR;;;;;;;;;;LIBERDADE>DIREITOS INDIVIDUAIS>TRÁFICO DE CRIANÇAS - NACIONAL
346A18A1D5F1757203FCD98EFF127F21C494F472F9CE8F8009BCFB02E0CBFDF0;2025-09-15 17:28:54.553;WHATSAPP;NÃO;TERCEIRO;CENTRO DE REFERÊNCIA;BR | BRASIL;CE;2308005 | MASSAPÊ;NÃO SABE INFORMAR;NÃO SABE INFORMAR;2;VIOLÊNCIA CONTRA CRIANÇA OU ADOLESCENTE;;MÃE;PESSOA FÍSICA;NÃO INFORMADO;;07 ANOS;BR | BRASIL;;;;;NÃO;;;BR | BRASIL;CE;2308005 | MASSAPÊ;;;;NÃO INFORMADO;;;PESSOA FÍSICA;FEMININO;NÃO;20 A 24 ANOS;BR | BRASIL;;;;;NÃO;;NÃO;BR | BRASIL;CE;2308005 | MASSAPÊ;NÃO SABE INFORMAR;;;;;;;;;;LIBERDADE>DIREITOS INDIVIDUAIS>TRÁFICO DE CRIANÇAS - NACIONAL
53FBA5D30269B7F73C638DC56D78F3E711CD3FCCFF5F82075367FF376316DC20;2025-09-16 13:32:41.563;WHATSAPP;NÃO;TERCEIRO;CASA ONDE RESIDE A VÍTIMA E O SUSPEITO;BR | BRASIL;SP;3503208 | ARARAQUARA;DIARIAMENTE;HÁ UMA SEMANA;1;VIOLÊNCIA CONTRA CRIANÇA OU ADOLESCENTE;;MÃE;COMUNIDADE/FAMÍLIA;NÃO INFORMADO;;MENOS DE 01 ANO;BR | BRASIL;;;;;;;;BR | BRASIL;SP;3503208 | ARARAQUARA;;;;NÃO INFORMADO;;;PESSOA FÍSICA;FEMININO;NÃO;30 A 34 ANOS;BR | BRASIL;;;;;NÃO;;NÃO;BR | BRASIL;SP;3503208 | ARARAQUARA;NÃO SABE INFORMAR;;;;;;;;;;LIBERDADE>DIREITOS INDIVIDUAIS>TRÁFICO DE CRIANÇAS - NACIONAL
D903A57288D5ED626DAF0F1436E0319C23A484BA5F385034659EE0830D7BE146;2025-09-16 18:26:58.090;WHATSAPP;NÃO;A PRÓPRIA VÍTIMA;OUTROS;FR | FRANÇA;;;DIARIAMENTE;HÁ MAIS DE SEIS MESES;1;VIOLÊNCIA CONTRA CIDADÃO, FAMÍLIA OU COMUNIDADE;;OUTROS;PESSOA FÍSICA;MASCULINO;PESSOA TRANS.TRANSEXUAL;20 A 24 ANOS;BR | BRASIL;;;;;NÃO;;NÃO;BR | BRASIL;SP;3550308 | SÃO PAULO;;;;NÃO INFORMADO;;;PESSOA FÍSICA;NÃO INFORMADO;NÃO;;BR | BRASIL;;;;;NÃO;;;BR | BRASIL;SP;3550308 | SÃO PAULO;;;;;;;;;;;LIBERDADE>DIREITOS INDIVIDUAIS>TRÁFICO DE PESSOAS - INTERNACIONAL
D903A57288D5ED626DAF0F1436E0319C23A484BA5F385034659EE0830D7BE146;2025-09-16 18:26:58.090;WHATSAPP;NÃO;A PRÓPRIA VÍTIMA;OUTROS;FR | FRANÇA;;;DIARIAMENTE;HÁ MAIS DE SEIS MESES;1;VIOLÊNCIA CONTRA POPULAÇÃO LGBTQIA+;;OUTROS;PESSOA FÍSICA;MASCULINO;PESSOA TRANS.TRANSEXUAL;20 A 24 ANOS;BR | BRASIL;;;;;NÃO;;NÃO;BR | BRASIL;SP;3550308 | SÃO PAULO;;;;NÃO INFORMADO;;;PESSOA FÍSICA;NÃO INFORMADO;NÃO;;BR | BRASIL;;;;;NÃO;;;BR | BRASIL;SP;3550308 | SÃO PAULO;;;;;;;;;;;LIBERDADE>DIREITOS INDIVIDUAIS>TRÁFICO DE PESSOAS - INTERNACIONAL
DF7FD7F87ADF528D8552D62C36B35957FA12B28BF33C4A03995F78D8F2C3C250;2025-09-16 21:23:05.833;TELEFÔNICO;NÃO;TERCEIRO;CASA DA VÍTIMA;BR | BRASIL;MG;3151404 | PITANGUI;DIARIAMENTE;HÁ UMA SEMANA;1;VIOLÊNCIA CONTRA A MULHER;;OUTROS;PESSOA FÍSICA;FEMININO;NÃO;20 A 24 ANOS;BR | BRASIL;;;;;NÃO;;NÃO;BR | BRASIL;MG;3151404 | PITANGUI;;;;PRETA;;;PESSOA FÍSICA;MASCULINO;NÃO;;BR | BRASIL;;;;;NÃO;;;BR | BRASIL;DENUNCIANTE NÃO SOUBE INFORMAR;DENUNCIANTE NÃO SOUBE INFORMAR;;;;;;;;;;;LIBERDADE>DIREITOS INDIVIDUAIS>TRÁFICO DE MULHERES - INTERNACIONAL
6587884CE5D9569CB5EE6E0BE76A4339D3A6504D80FACA1C543ECFF3A129F905;2025-09-17 17:04:43.740;WHATSAPP;NÃO;TERCEIRO;CASA DO SUSPEITO;BR | BRASIL;SC;4205407 | FLORIANÓPOLIS;NÃO SABE INFORMAR;NÃO SABE INFORMAR;1;VIOLÊNCIA CONTRA A MULHER;;NÃO SABE INFORMAR;PESSOA FÍSICA;FEMININO;NÃO;30 A 34 ANOS;BR | BRASIL;;;;;NÃO;;NÃO;BR | BRASIL;DENUNCIANTE NÃO SOUBE INFORMAR;DENUNCIANTE NÃO SOUBE INFORMAR;;;;NÃO INFORMADO;;;PESSOA FÍSICA;FEMININO;NÃO;;BR | BRASIL;;;;;NÃO;;;BR | BRASIL;SC;4205407 | FLORIANÓPOLIS;;;;;;;;;;;LIBERDADE>DIREITOS INDIVIDUAIS>TRÁFICO DE MULHERES - INTERNACIONAL
6587884CE5D9569CB5EE6E0BE76A4339D3A6504D80FACA1C543ECFF3A129F905;2025-09-17 17:04:43.740;WHATSAPP;NÃO;TERCEIRO;CASA DO SUSPEITO;BR | BRASIL;SC;4205407 | FLORIANÓPOLIS;NÃO SABE INFORMAR;NÃO SABE INFORMAR;1;VIOLÊNCIA CONTRA A MULHER;;NÃO SABE INFORMAR;PESSOA FÍSICA;FEMININO;NÃO;30 A 34 ANOS;BR | BRASIL;;;;;NÃO;;NÃO;BR | BRASIL;DENUNCIANTE NÃO SOUBE INFORMAR;DENUNCIANTE NÃO SOUBE INFORMAR;;;;NÃO INFORMADO;;;PESSOA FÍSICA;FEMININO;NÃO;;BR | BRASIL;;;;;NÃO;;;BR | BRASIL;SC;4205407 | FLORIANÓPOLIS;;;;;;;;;;;LIBERDADE>DIREITOS INDIVIDUAIS>TRÁFICO DE PESSOAS - INTERNACIONAL
8A30CA3C48B7DB2792AC47848E172216874CEDB493CD7C675906229264987470;2025-09-20 11:03:33.347;TELEFÔNICO;RISCO IMINENTE DE MORTE DA VÍTIMA;TERCEIRO;CASA ONDE RESIDE A VÍTIMA E O SUSPEITO;BR | BRASIL;SP;3550308 | SÃO PAULO;OCASIONALMENTE;NÃO SABE INFORMAR;1;VIOLÊNCIA CONTRA CRIANÇA OU ADOLESCENTE;;NÃO SABE INFORMAR;PESSOA FÍSICA;MASCULINO;;RECÉM-NASCIDO (ATÉ 28 DIAS);BR | BRASIL;;;;;NÃO;;;BR | BRASIL;SP;3550308 | SÃO PAULO;;;;BRANCA;;;PESSOA FÍSICA;FEMININO;NÃO;25 A 29 ANOS;BR | BRASIL;;;;;NÃO;;NÃO;BR | BRASIL;SP;3550308 | SÃO PAULO;NÃO SABE INFORMAR;;;BRANCA;;;;;;;LIBERDADE>DIREITOS INDIVIDUAIS>TRÁFICO DE CRIANÇAS - NACIONAL
60C8CF83AE5C25AFDCA493C04B7CBF8FE7467945280FF4B011764F37B59023E0;2025-09-23 10:39:53.637;TELEFÔNICO;NÃO;TERCEIRO;NÃO SABE INFORMAR;BR | BRASIL;DENUNCIANTE NÃO SOUBE INFORMAR;DENUNCIANTE NÃO SOUBE INFORMAR;NÃO SABE INFORMAR;NÃO SE APLICA;1;VIOLÊNCIA CONTRA CRIANÇA OU ADOLESCENTE;;MÃE;PESSOA FÍSICA;FEMININO;;04 ANOS;BR | BRASIL;;;;;NÃO;;;BR | BRASIL;DENUNCIANTE NÃO SOUBE INFORMAR;DENUNCIANTE NÃO SOUBE INFORMAR;;;;NÃO INFORMADO;;;PESSOA FÍSICA;FEMININO;NÃO;30 A 34 ANOS;BR | BRASIL;;;;;NÃO;;NÃO;BR | BRASIL;GO;5208707 | GOIÂNIA;NÃO SABE INFORMAR;;;BRANCA;;;;;;;LIBERDADE>DIREITOS INDIVIDUAIS>TRÁFICO DE CRIANÇAS - NACIONAL
1FE5DD2536E158434ED7DC5549A3C84CBD9FA0D03C60C8BD7010A62981273CA3;2025-09-24 09:00:15.217;TELEFÔNICO;NÃO;TERCEIRO;OUTROS;BR | BRASIL;RS;4312401 | MONTENEGRO;DIARIAMENTE;HÁ MAIS DE CINCO ANOS;1;VIOLÊNCIA CONTRA CIDADÃO, FAMÍLIA OU COMUNIDADE;;OUTROS;COMUNIDADE/FAMÍLIA;;;NÃO INFORMADO;BR | BRASIL;;;;;;;;BR | BRASIL;RS;4312401 | MONTENEGRO;;;;NÃO INFORMADO;;;PESSOA FÍSICA;FEMININO;NÃO;30 A 34 ANOS;BR | BRASIL;;;;;NÃO;;NÃO;BR | BRASIL;RS;4312401 | MONTENEGRO;OUTROS NÃO LISTADOS;;;PARDA;;;;;;;LIBERDADE>DIREITOS INDIVIDUAIS>TRÁFICO DE PESSOAS - NACIONAL
583F1E6FF424527104241E4EA8AD34E4071BDEF26256BD0595DB8F5821BCA908;2025-09-24 10:50:14.320;TELEFÔNICO;NÃO;A PRÓPRIA VÍTIMA;CASA DA VÍTIMA;BR | BRASIL;MG;3106200 | BELO HORIZONTE;DIARIAMENTE;HÁ MAIS DE CINCO ANOS;1;VIOLÊNCIA CONTRA A MULHER;;OUTROS;PESSOA FÍSICA;FEMININO;NÃO;20 A 24 ANOS;BR | BRASIL;;;;;NÃO;;NÃO;BR | BRASIL;MG;3106200 | BELO HORIZONTE;;ENSINO MÉDIO COMPLETO;NÃO SABE;NÃO INFORMADO;DEMAIS COMUNIDADES TRADICIONAIS;;PESSOA FÍSICA;MASCULINO;NÃO;30 A 34 ANOS;BR | BRASIL;;;;;NÃO;;NÃO INFORMADO;BR | BRASIL;MG;3106200 | BELO HORIZONTE;OUTROS NÃO LISTADOS;;CANDOMBLÉ;PRETA;;;;;NÃO INFORMADO;;LIBERDADE>DIREITOS INDIVIDUAIS>TRÁFICO DE MULHERES - NACIONAL
F872D9526FB40620085DE7DEAA62EA00B6CCCF7C057687311B20473C89E8193D;2025-09-24 10:50:14.320;TELEFÔNICO;NÃO;A PRÓPRIA VÍTIMA;CASA DA VÍTIMA;BR | BRASIL;MG;3106200 | BELO HORIZONTE;DIARIAMENTE;HÁ MAIS DE CINCO ANOS;1;VIOLÊNCIA CONTRA A MULHER;;OUTROS;PESSOA FÍSICA;FEMININO;NÃO;20 A 24 ANOS;BR | BRASIL;;;;;NÃO;;NÃO;BR | BRASIL;MG;3106200 | BELO HORIZONTE;;ENSINO MÉDIO COMPLETO;NÃO SABE;NÃO INFORMADO;DEMAIS COMUNIDADES TRADICIONAIS;;PESSOA FÍSICA;FEMININO;NÃO;30 A 34 ANOS;BR | BRASIL;;;;;NÃO;;NÃO;BR | BRASIL;MG;3106200 | BELO HORIZONTE;OUTROS NÃO LISTADOS;;NÃO SABE;PARDA;DEMAIS COMUNIDADES TRADICIONAIS;;;;NÃO INFORMADO;NÃO INFORMADO;LIBERDADE>DIREITOS INDIVIDUAIS>TRÁFICO DE MULHERES - NACIONAL
83757477B8E24A3F871F31DEA21A0E02C1C69E27363F607326F61DE6167574D5;2025-09-24 10:50:14.320;TELEFÔNICO;NÃO;A PRÓPRIA VÍTIMA;CASA DA VÍTIMA;BR | BRASIL;MG;3106200 | BELO HORIZONTE;DIARIAMENTE;HÁ MAIS DE CINCO ANOS;1;VIOLÊNCIA CONTRA A MULHER;;OUTROS;PESSOA FÍSICA;FEMININO;NÃO;20 A 24 ANOS;BR | BRASIL;;;;;NÃO;;NÃO;BR | BRASIL;MG;3106200 | BELO HORIZONTE;;ENSINO MÉDIO COMPLETO;NÃO SABE;NÃO INFORMADO;DEMAIS COMUNIDADES TRADICIONAIS;;PESSOA FÍSICA;FEMININO;NÃO;55 A 59 ANOS;BR | BRASIL;;;;;NÃO;;NÃO;BR | BRASIL;MG;3106200 | BELO HORIZONTE;OUTROS NÃO LISTADOS;;NÃO SABE;BRANCA;DEMAIS COMUNIDADES TRADICIONAIS;;;;NÃO INFORMADO;NÃO INFORMADO;LIBERDADE>DIREITOS INDIVIDUAIS>TRÁFICO DE MULHERES - NACIONAL
720E962B4E9FF8FE9EECAE77AA341E3DEE8A351CA968F70572ED63CBEEDD7E53;2025-09-24 10:50:14.320;TELEFÔNICO;NÃO;A PRÓPRIA VÍTIMA;CASA DA VÍTIMA;BR | BRASIL;MG;3106200 | BELO HORIZONTE;DIARIAMENTE;HÁ MAIS DE CINCO ANOS;1;VIOLÊNCIA CONTRA A MULHER;;OUTROS;PESSOA FÍSICA;FEMININO;NÃO;20 A 24 ANOS;BR | BRASIL;;;;;NÃO;;NÃO;BR | BRASIL;MG;3106200 | BELO HORIZONTE;;ENSINO MÉDIO COMPLETO;NÃO SABE;NÃO INFORMADO;DEMAIS COMUNIDADES TRADICIONAIS;;PESSOA FÍSICA;MASCULINO;NÃO;40 A 44 ANOS;BR | BRASIL;;;;;NÃO;;NÃO;BR | BRASIL;MG;3106200 | BELO HORIZONTE;OUTROS NÃO LISTADOS;;NÃO SABE;BRANCA;DEMAIS COMUNIDADES TRADICIONAIS;;;;NÃO INFORMADO;NÃO INFORMADO;LIBERDADE>DIREITOS INDIVIDUAIS>TRÁFICO DE MULHERES - NACIONAL
68470178A2FE712FB0ED6677950F2D76946B90BE276817A2C1D7B8EE0B58A7FC;2025-09-24 11:53:05.093;TELEFÔNICO;NÃO;A PRÓPRIA VÍTIMA;CASA DA VÍTIMA;BR | BRASIL;DF;5300108 | BRASÍLIA;DIARIAMENTE;HÁ UM MÊS;1;VIOLÊNCIA CONTRA CIDADÃO, FAMÍLIA OU COMUNIDADE;;OUTROS;PESSOA FÍSICA;MASCULINO;BISSEXUAL;35 A 39 ANOS;BR | BRASIL;;;;;NÃO;;NÃO;BR | BRASIL;DF;5300108 | BRASÍLIA;;;;PRETA;;;PESSOA FÍSICA;MASCULINO;NÃO;40 A 44 ANOS;BR | BRASIL;;;;;NÃO;;NÃO;RO | ROMÊNIA;;;POLICIAL MILITAR;;;BRANCA;;;;;;;LIBERDADE>DIREITOS INDIVIDUAIS>TRÁFICO DE PESSOAS - INTERNACIONAL
68470178A2FE712FB0ED6677950F2D76946B90BE276817A2C1D7B8EE0B58A7FC;2025-09-24 11:53:05.093;TELEFÔNICO;NÃO;A PRÓPRIA VÍTIMA;CASA DA VÍTIMA;BR | BRASIL;DF;5300108 | BRASÍLIA;DIARIAMENTE;HÁ UM MÊS;1;VIOLÊNCIA CONTRA POPULAÇÃO LGBTQIA+;;OUTROS;PESSOA FÍSICA;MASCULINO;BISSEXUAL;35 A 39 ANOS;BR | BRASIL;;;;;NÃO;;NÃO;BR | BRASIL;DF;5300108 | BRASÍLIA;;;;PRETA;;;PESSOA FÍSICA;MASCULINO;NÃO;40 A 44 ANOS;BR | BRASIL;;;;;NÃO;;NÃO;RO | ROMÊNIA;;;POLICIAL MILITAR;;;BRANCA;;;;;;;LIBERDADE>DIREITOS INDIVIDUAIS>TRÁFICO DE PESSOAS - INTERNACIONAL
EA594148F192B82EE47281D11AA2BB846221CBE2B793FCC54973DFA1C21EEB1A;2025-09-24 11:53:05.093;TELEFÔNICO;NÃO;A PRÓPRIA VÍTIMA;CASA DA VÍTIMA;BR | BRASIL;DF;5300108 | BRASÍLIA;DIARIAMENTE;HÁ UM MÊS;1;VIOLÊNCIA CONTRA CIDADÃO, FAMÍLIA OU COMUNIDADE;;OUTROS;PESSOA FÍSICA;MASCULINO;BISSEXUAL;35 A 39 ANOS;BR | BRASIL;;;;;NÃO;;NÃO;BR | BRASIL;DF;5300108 | BRASÍLIA;;;;PRETA;;;PESSOA FÍSICA;MASCULINO;NÃO;50 A 54 ANOS;BR | BRASIL;;;;;NÃO;;NÃO;RO | ROMÊNIA;DENUNCIANTE NÃO SOUBE INFORMAR;DENUNCIANTE NÃO SOUBE INFORMAR;OUTROS NÃO LISTADOS;;;BRANCA;;;;;;;LIBERDADE>DIREITOS INDIVIDUAIS>TRÁFICO DE PESSOAS - INTERNACIONAL
7528750D6A7F6C03DEFEAAF641AD33464E19D00A0B9FF3C7FDEECD68C28BB088;2025-09-24 11:53:05.093;TELEFÔNICO;NÃO;A PRÓPRIA VÍTIMA;CASA DA VÍTIMA;BR | BRASIL;DF;5300108 | BRASÍLIA;DIARIAMENTE;HÁ UM MÊS;1;VIOLÊNCIA CONTRA CIDADÃO, FAMÍLIA OU COMUNIDADE;;OUTROS;PESSOA FÍSICA;MASCULINO;BISSEXUAL;35 A 39 ANOS;BR | BRASIL;;;;;NÃO;;NÃO;BR | BRASIL;DF;5300108 | BRASÍLIA;;;;PRETA;;;ÓRGÃO PÚBLICO;;;;BR | BRASIL;;;;;;;;BR | BRASIL;DENUNCIANTE NÃO SOUBE INFORMAR;DENUNCIANTE NÃO SOUBE INFORMAR;;;;;;;;MINISTÉRIO PÚBLICO - ESTADUAL;;;LIBERDADE>DIREITOS INDIVIDUAIS>TRÁFICO DE PESSOAS - INTERNACIONAL
7528750D6A7F6C03DEFEAAF641AD33464E19D00A0B9FF3C7FDEECD68C28BB088;2025-09-24 11:53:05.093;TELEFÔNICO;NÃO;A PRÓPRIA VÍTIMA;CASA DA VÍTIMA;BR | BRASIL;DF;5300108 | BRASÍLIA;DIARIAMENTE;HÁ UM MÊS;1;VIOLÊNCIA CONTRA POPULAÇÃO LGBTQIA+;;OUTROS;PESSOA FÍSICA;MASCULINO;BISSEXUAL;35 A 39 ANOS;BR | BRASIL;;;;;NÃO;;NÃO;BR | BRASIL;DF;5300108 | BRASÍLIA;;;;PRETA;;;ÓRGÃO PÚBLICO;;;;BR | BRASIL;;;;;;;;BR | BRASIL;DENUNCIANTE NÃO SOUBE INFORMAR;DENUNCIANTE NÃO SOUBE INFORMAR;;;;;;;;MINISTÉRIO PÚBLICO - ESTADUAL;;;LIBERDADE>DIREITOS INDIVIDUAIS>TRÁFICO DE PESSOAS - INTERNACIONAL
EA594148F192B82EE47281D11AA2BB846221CBE2B793FCC54973DFA1C21EEB1A;2025-09-24 11:53:05.093;TELEFÔNICO;NÃO;A PRÓPRIA VÍTIMA;CASA DA VÍTIMA;BR | BRASIL;DF;5300108 | BRASÍLIA;DIARIAMENTE;HÁ UM MÊS;1;VIOLÊNCIA CONTRA POPULAÇÃO LGBTQIA+;;OUTROS;PESSOA FÍSICA;MASCULINO;BISSEXUAL;35 A 39 ANOS;BR | BRASIL;;;;;NÃO;;NÃO;BR | BRASIL;DF;5300108 | BRASÍLIA;;;;PRETA;;;PESSOA FÍSICA;MASCULINO;NÃO;50 A 54 ANOS;BR | BRASIL;;;;;NÃO;;NÃO;RO | ROMÊNIA;DENUNCIANTE NÃO SOUBE INFORMAR;DENUNCIANTE NÃO SOUBE INFORMAR;OUTROS NÃO LISTADOS;;;BRANCA;;;;;;;LIBERDADE>DIREITOS INDIVIDUAIS>TRÁFICO DE PESSOAS - INTERNACIONAL
83E9BBF74C7A94C3A0E484798245D93777259C725453E8703C144FCE816C0FE4;2025-09-25 09:03:03.483;TELEFÔNICO;NÃO;TERCEIRO;SERVIÇO DE ABRIGAMENTO;BR | BRASIL;BA;2910800 | FEIRA DE SANTANA;DIARIAMENTE;HÁ MAIS DE UM ANO;2;VIOLÊNCIA CONTRA CRIANÇA OU ADOLESCENTE;;OUTROS;PESSOA FÍSICA;MASCULINO;;05 ANOS;BR | BRASIL;;;;;NÃO;;;BR | BRASIL;BA;2910800 | FEIRA DE SANTANA;;;;BRANCA;;;PESSOA JURÍDICA DE DIREITO PRIVADO;;;;BR | BRASIL;;;;;;;;BR | BRASIL;BA;2910800 | FEIRA DE SANTANA;;;;;;;;ALOJAMENTO E ALIMENTAÇÃO;;;LIBERDADE>DIREITOS INDIVIDUAIS>TRÁFICO DE CRIANÇAS - NACIONAL
83E9BBF74C7A94C3A0E484798245D93777259C725453E8703C144FCE816C0FE4;2025-09-25 09:03:03.483;TELEFÔNICO;NÃO;TERCEIRO;SERVIÇO DE ABRIGAMENTO;BR | BRASIL;BA;2910800 | FEIRA DE SANTANA;DIARIAMENTE;HÁ MAIS DE UM ANO;2;VIOLÊNCIA CONTRA CRIANÇA OU ADOLESCENTE;;OUTROS;PESSOA FÍSICA;MASCULINO;;05 ANOS;BR | BRASIL;;;;;NÃO;;;BR | BRASIL;BA;2910800 | FEIRA DE SANTANA;;;;BRANCA;;;PESSOA JURÍDICA DE DIREITO PRIVADO;;;;BR | BRASIL;;;;;;;;BR | BRASIL;BA;2910800 | FEIRA DE SANTANA;;;;;;;;SAÚDE HUMANA E SERVIÇOS SOCIAIS;;;LIBERDADE>DIREITOS INDIVIDUAIS>TRÁFICO DE CRIANÇAS - NACIONAL
83E9BBF74C7A94C3A0E484798245D93777259C725453E8703C144FCE816C0FE4;2025-09-25 09:03:03.483;TELEFÔNICO;NÃO;TERCEIRO;SERVIÇO DE ABRIGAMENTO;BR | BRASIL;BA;2910800 | FEIRA DE SANTANA;DIARIAMENTE;HÁ MAIS DE UM ANO;2;VIOLÊNCIA CONTRA PESSOA COM DEFICIÊNCIA;;OUTROS;PESSOA FÍSICA;MASCULINO;;05 ANOS;BR | BRASIL;;;;;NÃO;;;BR | BRASIL;BA;2910800 | FEIRA DE SANTANA;;;;BRANCA;;;PESSOA JURÍDICA DE DIREITO PRIVADO;;;;BR | BRASIL;;;;;;;;BR | BRASIL;BA;2910800 | FEIRA DE SANTANA;;;;;;;;ALOJAMENTO E ALIMENTAÇÃO;;;LIBERDADE>DIREITOS INDIVIDUAIS>TRÁFICO DE CRIANÇAS - NACIONAL
83E9BBF74C7A94C3A0E484798245D93777259C725453E8703C144FCE816C0FE4;2025-09-25 09:03:03.483;TELEFÔNICO;NÃO;TERCEIRO;SERVIÇO DE ABRIGAMENTO;BR | BRASIL;BA;2910800 | FEIRA DE SANTANA;DIARIAMENTE;HÁ MAIS DE UM ANO;2;VIOLÊNCIA CONTRA PESSOA COM DEFICIÊNCIA;;OUTROS;PESSOA FÍSICA;MASCULINO;;05 ANOS;BR | BRASIL;;;;;NÃO;;;BR | BRASIL;BA;2910800 | FEIRA DE SANTANA;;;;BRANCA;;;PESSOA JURÍDICA DE DIREITO PRIVADO;;;;BR | BRASIL;;;;;;;;BR | BRASIL;BA;2910800 | FEIRA DE SANTANA;;;;;;;;SAÚDE HUMANA E SERVIÇOS SOCIAIS;;;LIBERDADE>DIREITOS INDIVIDUAIS>TRÁFICO DE CRIANÇAS - NACIONAL
467190DB6455CE50CE39AB442D8EE31412048924A00ACF3121D418FDE32B78DC;2025-09-26 14:36:34.373;TELEFÔNICO;NÃO;TERCEIRO;OUTROS;BR | BRASIL;GO;5201405 | APARECIDA DE GOIÂNIA;DIARIAMENTE;HÁ MAIS DE CINCO ANOS;1;VIOLÊNCIA CONTRA CRIANÇA OU ADOLESCENTE;;MÃE;PESSOA FÍSICA;FEMININO;;05 ANOS;BR | BRASIL;;;;;NÃO;;;BR | BRASIL;DF;5300108 | BRASÍLIA;;;;NÃO INFORMADO;;;PESSOA FÍSICA;FEMININO;NÃO;30 A 34 ANOS;BR | BRASIL;;;;;NÃO;;NÃO;BR | BRASIL;GO;5208707 | GOIÂNIA;NÃO SABE INFORMAR;;;BRANCA;;;;;;;LIBERDADE>DIREITOS INDIVIDUAIS>TRÁFICO DE CRIANÇAS - NACIONAL
14529358C4228BAADE34AABBA9FB3CFA5648440B51B131C94F644DAABAD68897;2025-09-26 14:36:34.373;TELEFÔNICO;NÃO;TERCEIRO;OUTROS;BR | BRASIL;GO;5201405 | APARECIDA DE GOIÂNIA;DIARIAMENTE;HÁ MAIS DE CINCO ANOS;1;VIOLÊNCIA CONTRA CRIANÇA OU ADOLESCENTE;;MÃE;PESSOA FÍSICA;FEMININO;;05 ANOS;BR | BRASIL;;;;;NÃO;;;BR | BRASIL;DF;5300108 | BRASÍLIA;;;;NÃO INFORMADO;;;PESSOA FÍSICA;FEMININO;NÃO;55 A 59 ANOS;BR | BRASIL;;;;;NÃO;;NÃO;BR | BRASIL;GO;5208707 | GOIÂNIA;NÃO SABE INFORMAR;;;BRANCA;;;;;;;LIBERDADE>DIREITOS INDIVIDUAIS>TRÁFICO DE CRIANÇAS - NACIONAL
B558059C6A40C00820CBA78D1619943F4995B13539AB21471FA1C2E4499E790F;2025-09-27 10:13:56.697;TELEFÔNICO;NÃO;TERCEIRO;AMBIENTE VIRTUAL (NO ÂMBITO DA INTERNET);BR | BRASIL;MS;5002704 | CAMPO GRANDE;DIARIAMENTE;HÁ UM MÊS;1;VIOLÊNCIA CONTRA A MULHER;;OUTROS;PESSOA FÍSICA;FEMININO;NÃO;18 A 19 ANOS;BR | BRASIL;;;;;NÃO;;NÃO;BR | BRASIL;MS;5002704 | CAMPO GRANDE;;;;PARDA;;;PESSOA FÍSICA;NÃO SE APLICA - VÍTIMA COMUNIDADE/FAMÍLIA;NÃO;;BR | BRASIL;;;;;NÃO;;;BR | BRASIL;SP;DENUNCIANTE NÃO SOUBE INFORMAR;OUTROS NÃO LISTADOS;;;;;;;;;;LIBERDADE>DIREITOS INDIVIDUAIS>TRÁFICO DE MULHERES - INTERNACIONAL
E4E9122C1CA5117231C046E1FE2E5D1FD80872E69EDC4F987E7287E6599E737F;2025-09-27 14:33:55.693;TELEFÔNICO;NÃO;TERCEIRO;CASA DA VÍTIMA;BR | BRASIL;PE;2613909 | SERRA TALHADA;DIARIAMENTE;HÁ UM MÊS;1;VIOLÊNCIA CONTRA CIDADÃO, FAMÍLIA OU COMUNIDADE;OUTRO(S) ELEMENTO(S);AMIGO(A);PESSOA FÍSICA;MASCULINO;NÃO;30 A 34 ANOS;BR | BRASIL;;;;NÃO;NÃO;;NÃO;BR | BRASIL;PE;2613909 | SERRA TALHADA;;;;BRANCA;;;PESSOA FÍSICA;MASCULINO;NÃO;NÃO INFORMADO;BR | BRASIL;;;;NÃO;NÃO;;NÃO;BR | BRASIL;PE;2613909 | SERRA TALHADA;NÃO SABE INFORMAR;;;NÃO INFORMADO;;;;;;;LIBERDADE>DIREITOS INDIVIDUAIS>TRÁFICO DE PESSOAS - INTERNACIONAL
00319EA24D89AC6035B7BE828079576473D1BB2F233C7845740097BEC2F9CE57;2025-09-29 17:22:35.433;TELEFÔNICO;NÃO;TERCEIRO;CASA DE FAMILIARES;BR | BRASIL;GO;5208707 | GOIÂNIA;DIARIAMENTE;HÁ MAIS DE DEZ ANOS;2;VIOLÊNCIA CONTRA CRIANÇA OU ADOLESCENTE;OUTRO(S) ELEMENTO(S);MÃE;PESSOA FÍSICA;MASCULINO;;09 ANOS;BR | BRASIL;;;;NÃO;NÃO;;;BR | BRASIL;GO;5208707 | GOIÂNIA;;ENSINO FUNDAMENTAL INCOMPLETO;NÃO SABE;BRANCA;;;PESSOA FÍSICA;FEMININO;NÃO;30 A 34 ANOS;BR | BRASIL;;;;NÃO;NÃO;;NÃO;BR | BRASIL;GO;5208707 | GOIÂNIA;OUTROS NÃO LISTADOS;;NÃO SABE;BRANCA;;;;;;;LIBERDADE>DIREITOS INDIVIDUAIS>TRÁFICO DE CRIANÇAS - NACIONAL
EA00515D11D6C390EA1A41C0388617EBD4213967816537B99DA023B3095BF727;2025-09-29 17:22:35.433;TELEFÔNICO;NÃO;TERCEIRO;CASA DE FAMILIARES;BR | BRASIL;GO;5208707 | GOIÂNIA;DIARIAMENTE;HÁ MAIS DE DEZ ANOS;2;VIOLÊNCIA CONTRA CRIANÇA OU ADOLESCENTE;OUTRO(S) ELEMENTO(S);MÃE;PESSOA FÍSICA;MASCULINO;;09 ANOS;BR | BRASIL;;;;NÃO;NÃO;;;BR | BRASIL;GO;5208707 | GOIÂNIA;;ENSINO FUNDAMENTAL INCOMPLETO;NÃO SABE;BRANCA;;;PESSOA FÍSICA;FEMININO;NÃO;35 A 39 ANOS;BR | BRASIL;;;;NÃO;NÃO;;NÃO;BR | BRASIL;GO;5201405 | APARECIDA DE GOIÂNIA;OUTROS NÃO LISTADOS;;NÃO SABE;PARDA;;;;;;;LIBERDADE>DIREITOS INDIVIDUAIS>TRÁFICO DE CRIANÇAS - NACIONAL
ACE6829FB4F34F0FF014282C7ABA3DB6B8F5A4B59623B27B39DA0D811EF5FFCE;2025-09-29 17:22:35.433;TELEFÔNICO;NÃO;TERCEIRO;OUTROS;BR | BRASIL;GO;5201405 | APARECIDA DE GOIÂNIA;OCASIONALMENTE;HÁ MAIS DE CINCO ANOS;2;VIOLÊNCIA CONTRA CRIANÇA OU ADOLESCENTE;;MÃE;PESSOA FÍSICA;FEMININO;NÃO;04 ANOS;BR | BRASIL;;;;;NÃO;;NÃO;BR | BRASIL;DENUNCIANTE NÃO SOUBE INFORMAR;DENUNCIANTE NÃO SOUBE INFORMAR;;;NÃO SABE;BRANCA;;;PESSOA FÍSICA;FEMININO;NÃO;30 A 34 ANOS;BR | BRASIL;;;;;NÃO;;NÃO;BR | BRASIL;GO;5208707 | GOIÂNIA;OUTROS NÃO LISTADOS;;NÃO SABE;BRANCA;;;;;;;LIBERDADE>DIREITOS INDIVIDUAIS>TRÁFICO DE CRIANÇAS - NACIONAL
2988927DB6C2B502D1FEA5802E3F41FD45FD2E068EE50C259C6589EAB01D7E32;2025-09-29 17:22:35.433;TELEFÔNICO;NÃO;TERCEIRO;CASA DE FAMILIARES;BR | BRASIL;GO;5208707 | GOIÂNIA;DIARIAMENTE;HÁ MAIS DE DEZ ANOS;2;VIOLÊNCIA CONTRA CRIANÇA OU ADOLESCENTE;OUTRO(S) ELEMENTO(S);MÃE;PESSOA FÍSICA;MASCULINO;;09 ANOS;BR | BRASIL;;;;NÃO;NÃO;;;BR | BRASIL;GO;5208707 | GOIÂNIA;;ENSINO FUNDAMENTAL INCOMPLETO;NÃO SABE;BRANCA;;;PESSOA FÍSICA;FEMININO;NÃO;55 A 59 ANOS;BR | BRASIL;;;;NÃO;NÃO;;NÃO;BR | BRASIL;GO;5208707 | GOIÂNIA;CUIDADOR/BABÁ;;NÃO SABE;BRANCA;;;;;;;LIBERDADE>DIREITOS INDIVIDUAIS>TRÁFICO DE CRIANÇAS - NACIONAL
BC7ED8F5C155C1BD10E155F5705194F33F196B6FD1C4EB8562459B7365C72241;2025-09-29 17:22:35.433;TELEFÔNICO;NÃO;TERCEIRO;OUTROS;BR | BRASIL;GO;5201405 | APARECIDA DE GOIÂNIA;OCASIONALMENTE;HÁ MAIS DE CINCO ANOS;2;VIOLÊNCIA CONTRA CRIANÇA OU ADOLESCENTE;;MÃE;PESSOA FÍSICA;FEMININO;NÃO;04 ANOS;BR | BRASIL;;;;;NÃO;;NÃO;BR | BRASIL;DENUNCIANTE NÃO SOUBE INFORMAR;DENUNCIANTE NÃO SOUBE INFORMAR;;;NÃO SABE;BRANCA;;;PESSOA FÍSICA;FEMININO;NÃO;55 A 59 ANOS;BR | BRASIL;;;;;NÃO;;NÃO;BR | BRASIL;GO;5208707 | GOIÂNIA;CUIDADOR/BABÁ;;NÃO SABE;BRANCA;;;;;;;LIBERDADE>DIREITOS INDIVIDUAIS>TRÁFICO DE CRIANÇAS - NACIONAL
B56E63D8C1496D1658B09041B648501D642EA82B3AE7C9DD485ED5DC41484518;2025-09-29 17:22:35.433;TELEFÔNICO;NÃO;TERCEIRO;OUTROS;BR | BRASIL;GO;5201405 | APARECIDA DE GOIÂNIA;OCASIONALMENTE;HÁ MAIS DE CINCO ANOS;2;VIOLÊNCIA CONTRA CRIANÇA OU ADOLESCENTE;;MÃE;PESSOA FÍSICA;FEMININO;NÃO;04 ANOS;BR | BRASIL;;;;;NÃO;;NÃO;BR | BRASIL;DENUNCIANTE NÃO SOUBE INFORMAR;DENUNCIANTE NÃO SOUBE INFORMAR;;;NÃO SABE;BRANCA;;;PESSOA FÍSICA;FEMININO;NÃO;35 A 39 ANOS;BR | BRASIL;;;;;NÃO;;NÃO;BR | BRASIL;GO;5201405 | APARECIDA DE GOIÂNIA;OUTROS NÃO LISTADOS;;NÃO SABE;PARDA;;;;;;;LIBERDADE>DIREITOS INDIVIDUAIS>TRÁFICO DE CRIANÇAS - NACIONAL
3E5FF126393F6AE3A2E0D1998E7FF4884B223BAF1BD8C3F968A5C9FA6BFA1E78;2025-09-30 16:18:12.987;WHATSAPP;NÃO;TERCEIRO;CASA ONDE RESIDE A VÍTIMA E O SUSPEITO;BR | BRASIL;CE;2305704 | IPAUMIRIM;NÃO SABE INFORMAR;HÁ UM MÊS;1;VIOLÊNCIA CONTRA CRIANÇA OU ADOLESCENTE;;DESCONHECIDO(A);PESSOA FÍSICA;MASCULINO;;MENOS DE 01 ANO;BR | BRASIL;;;;;NÃO;;;BR | BRASIL;CE;2305704 | IPAUMIRIM;;;;PARDA;;;PESSOA FÍSICA;FEMININO;NÃO;;BR | BRASIL;;;;;NÃO;;;BR | BRASIL;CE;2305704 | IPAUMIRIM;NÃO SABE INFORMAR;;;PARDA;;;;;;;LIBERDADE>DIREITOS INDIVIDUAIS>TRÁFICO DE CRIANÇAS - NACIONAL
3ECE2E0E2B5A1B783E4D303EF40F336CFF65F71592C222DF52DBE04DE6C281E0;2025-09-30 23:44:42.277;WHATSAPP;NÃO;A PRÓPRIA VÍTIMA;CASA DO SUSPEITO;BR | BRASIL;RS;4307906 | FARROUPILHA;ÚNICA OCORRÊNCIA;NÃO SE APLICA;1;VIOLÊNCIA CONTRA A MULHER;;DESCONHECIDO(A);PESSOA FÍSICA;FEMININO;NÃO INFORMADO;40 A 44 ANOS;BR | BRASIL;;;;;NÃO;;NÃO;BR | BRASIL;RS;4304606 | CANOAS;;;;BRANCA;;;PESSOA FÍSICA;MASCULINO;NÃO INFORMADO;45 A 49 ANOS;BR | BRASIL;;;;;NÃO;;NÃO INFORMADO;BR | BRASIL;RS;4307906 | FARROUPILHA;NÃO SABE INFORMAR;;;BRANCA;;;;;;;LIBERDADE>DIREITOS INDIVIDUAIS>TRÁFICO DE MULHERES - INTERNACIONAL
20444E556EAF09DA07BD7373560FA3260C61B42A944656ECD2FFC74A1DE0EC86;2025-10-01 04:57:21.693;TELEFÔNICO;NÃO;TERCEIRO;OUTROS;BR | BRASIL;DENUNCIANTE NÃO SOUBE INFORMAR;DENUNCIANTE NÃO SOUBE INFORMAR;DIARIAMENTE;HÁ MAIS DE UM ANO;1;VIOLÊNCIA CONTRA A MULHER;;NÃO SABE INFORMAR;PESSOA FÍSICA;FEMININO;NÃO;35 A 39 ANOS;BR | BRASIL;;;;;NÃO;;NÃO;BR | BRASIL;DENUNCIANTE NÃO SOUBE INFORMAR;DENUNCIANTE NÃO SOUBE INFORMAR;;;;BRANCA;;;PESSOA FÍSICA;MASCULINO;NÃO;;BR | BRASIL;;;;;NÃO;;;BR | BRASIL;DENUNCIANTE NÃO SOUBE INFORMAR;DENUNCIANTE NÃO SOUBE INFORMAR;;;;;;;;;;;LIBERDADE>DIREITOS INDIVIDUAIS>TRÁFICO DE MULHERES - INTERNACIONAL
DFA48104CCA76B8BD8EBE68386F60BE514CA6BF4D9B2911250EBE7651271E3D8;2025-10-01 16:45:10.123;TELEFÔNICO;NÃO;TERCEIRO;CASA ONDE RESIDE A VÍTIMA E O SUSPEITO;BR | BRASIL;SP;3543402 | RIBEIRÃO PRETO;DIARIAMENTE;HÁ MAIS DE UM ANO;1;VIOLÊNCIA CONTRA CRIANÇA OU ADOLESCENTE;;PESSOA COM QUEM MANTÉM/MANTEVE CONVIVÊNCIA FAMILIAR;PESSOA FÍSICA;FEMININO;;02 ANOS;BR | BRASIL;;;;;NÃO;;;BR | BRASIL;SP;3543402 | RIBEIRÃO PRETO;;;;PARDA;;;PESSOA FÍSICA;MASCULINO;NÃO;40 A 44 ANOS;BR | BRASIL;;;;;NÃO;;NÃO;BR | BRASIL;SP;3543402 | RIBEIRÃO PRETO;OUTROS NÃO LISTADOS;;;BRANCA;;;;;;;LIBERDADE>DIREITOS INDIVIDUAIS>TRÁFICO DE CRIANÇAS - NACIONAL
1A9BFB55129883B72CD813F9DA117952A8C410D6BCBF278C034923C27F3FF75E;2025-10-02 12:03:56.473;WHATSAPP;NÃO;A PRÓPRIA VÍTIMA;AMBIENTE VIRTUAL (NO ÂMBITO DA INTERNET);BR | BRASIL;DENUNCIANTE NÃO SOUBE INFORMAR;DENUNCIANTE NÃO SOUBE INFORMAR;ÚNICA OCORRÊNCIA;NÃO SE APLICA;1;VIOLÊNCIA CONTRA A MULHER;;OUTROS;PESSOA FÍSICA;FEMININO;NÃO;20 A 24 ANOS;BR | BRASIL;;;;;NÃO;;NÃO;BR | BRASIL;RN;2408102 | NATAL;;SUPERIOR INCOMPLETO;;BRANCA;;;PESSOA FÍSICA;MASCULINO;NÃO;NÃO INFORMADO;BR | BRASIL;;;;;NÃO;;NÃO INFORMADO;BR | BRASIL;DENUNCIANTE NÃO SOUBE INFORMAR;DENUNCIANTE NÃO SOUBE INFORMAR;NÃO SABE INFORMAR;;;PRETA;;;;;;;LIBERDADE>DIREITOS INDIVIDUAIS>TRÁFICO DE MULHERES - NACIONAL
1A9BFB55129883B72CD813F9DA117952A8C410D6BCBF278C034923C27F3FF75E;2025-10-02 12:03:56.473;WHATSAPP;NÃO;A PRÓPRIA VÍTIMA;AMBIENTE VIRTUAL (NO ÂMBITO DA INTERNET);BR | BRASIL;DENUNCIANTE NÃO SOUBE INFORMAR;DENUNCIANTE NÃO SOUBE INFORMAR;ÚNICA OCORRÊNCIA;NÃO SE APLICA;1;VIOLÊNCIA CONTRA A MULHER;;OUTROS;PESSOA FÍSICA;FEMININO;NÃO;20 A 24 ANOS;BR | BRASIL;;;;;NÃO;;NÃO;BR | BRASIL;RN;2408102 | NATAL;;SUPERIOR INCOMPLETO;;BRANCA;;;PESSOA FÍSICA;MASCULINO;NÃO;NÃO INFORMADO;BR | BRASIL;;;;;NÃO;;NÃO INFORMADO;BR | BRASIL;DENUNCIANTE NÃO SOUBE INFORMAR;DENUNCIANTE NÃO SOUBE INFORMAR;NÃO SABE INFORMAR;;;PRETA;;;;;;;LIBERDADE>DIREITOS INDIVIDUAIS>TRÁFICO DE PESSOAS - INTERNACIONAL
3B41A3B5159267096748C9ACA163BC7D92A1FB5758D4C453A6C6E2F71182C465;2025-10-06 11:59:13.450;TELEFÔNICO;NÃO;TERCEIRO;AMBIENTE VIRTUAL (NO ÂMBITO DA INTERNET);BR | BRASIL;MG;3106200 | BELO HORIZONTE;NÃO SABE INFORMAR;NÃO SABE INFORMAR;1;VIOLÊNCIA CONTRA A MULHER;MOTIVAÇÃO.EM RAZÃO DE SER COMUNICADOR SOCIAL;NÃO SE APLICA;PESSOA FÍSICA;FEMININO;NÃO;18 A 19 ANOS;BR | BRASIL;;;;;NÃO;;NÃO;BR | BRASIL;DENUNCIANTE NÃO SOUBE INFORMAR;DENUNCIANTE NÃO SOUBE INFORMAR;;;;BRANCA;;;PESSOA FÍSICA;FEMININO;NÃO;25 A 29 ANOS;BR | BRASIL;;;;;NÃO;;NÃO;BR | BRASIL;DENUNCIANTE NÃO SOUBE INFORMAR;DENUNCIANTE NÃO SOUBE INFORMAR;INFLUENCIADOR DIGITAL;;;BRANCA;;;;;;;LIBERDADE>DIREITOS INDIVIDUAIS>TRÁFICO DE MULHERES - INTERNACIONAL
AD40DBB9F051F21FE6265F96BCCF08A2D666572A971D1CAD68B05FCEEA70E3C7;2025-10-06 11:59:13.450;TELEFÔNICO;NÃO;TERCEIRO;AMBIENTE VIRTUAL (NO ÂMBITO DA INTERNET);BR | BRASIL;MG;3106200 | BELO HORIZONTE;NÃO SABE INFORMAR;NÃO SABE INFORMAR;1;VIOLÊNCIA CONTRA A MULHER;MOTIVAÇÃO.EM RAZÃO DE SER COMUNICADOR SOCIAL;NÃO SE APLICA;PESSOA FÍSICA;FEMININO;NÃO;18 A 19 ANOS;BR | BRASIL;;;;;NÃO;;NÃO;BR | BRASIL;DENUNCIANTE NÃO SOUBE INFORMAR;DENUNCIANTE NÃO SOUBE INFORMAR;;;;BRANCA;;;PESSOA FÍSICA;FEMININO;NÃO;NÃO INFORMADO;BR | BRASIL;;;;;NÃO;;NÃO;BR | BRASIL;DENUNCIANTE NÃO SOUBE INFORMAR;DENUNCIANTE NÃO SOUBE INFORMAR;INFLUENCIADOR DIGITAL;;;BRANCA;;;;;;;LIBERDADE>DIREITOS INDIVIDUAIS>TRÁFICO DE MULHERES - INTERNACIONAL
1E4B803FEE574F4AE11B6EB193C423F3D992E01848FB78675FC58F3F5606F6D7;2025-10-06 11:59:13.450;TELEFÔNICO;NÃO;TERCEIRO;AMBIENTE VIRTUAL (NO ÂMBITO DA INTERNET);BR | BRASIL;MG;3106200 | BELO HORIZONTE;NÃO SABE INFORMAR;NÃO SABE INFORMAR;1;VIOLÊNCIA CONTRA A MULHER;MOTIVAÇÃO.EM RAZÃO DE SER COMUNICADOR SOCIAL;NÃO SE APLICA;PESSOA FÍSICA;FEMININO;NÃO;18 A 19 ANOS;BR | BRASIL;;;;;NÃO;;NÃO;BR | BRASIL;DENUNCIANTE NÃO SOUBE INFORMAR;DENUNCIANTE NÃO SOUBE INFORMAR;;;;BRANCA;;;PESSOA FÍSICA;FEMININO;NÃO;20 A 24 ANOS;BR | BRASIL;;;;;NÃO;;NÃO;BR | BRASIL;DENUNCIANTE NÃO SOUBE INFORMAR;DENUNCIANTE NÃO SOUBE INFORMAR;INFLUENCIADOR DIGITAL;;;BRANCA;;;;;;;LIBERDADE>DIREITOS INDIVIDUAIS>TRÁFICO DE MULHERES - INTERNACIONAL
6452F107164959CDB542512D165BC1A3264AFF218F05D386F6DA174EAECB2697;2025-10-06 11:59:13.450;TELEFÔNICO;NÃO;TERCEIRO;AMBIENTE VIRTUAL (NO ÂMBITO DA INTERNET);BR | BRASIL;MG;3106200 | BELO HORIZONTE;NÃO SABE INFORMAR;NÃO SABE INFORMAR;1;VIOLÊNCIA CONTRA A MULHER;MOTIVAÇÃO.EM RAZÃO DE SER COMUNICADOR SOCIAL;NÃO SE APLICA;PESSOA FÍSICA;FEMININO;NÃO;18 A 19 ANOS;BR | BRASIL;;;;;NÃO;;NÃO;BR | BRASIL;DENUNCIANTE NÃO SOUBE INFORMAR;DENUNCIANTE NÃO SOUBE INFORMAR;;;;BRANCA;;;PESSOA FÍSICA;FEMININO;NÃO;NÃO INFORMADO;BR | BRASIL;;;;;NÃO;;NÃO;BR | BRASIL;DENUNCIANTE NÃO SOUBE INFORMAR;DENUNCIANTE NÃO SOUBE INFORMAR;INFLUENCIADOR DIGITAL;;;NÃO INFORMADO;;;;;;;LIBERDADE>DIREITOS INDIVIDUAIS>TRÁFICO DE MULHERES - INTERNACIONAL
4C511D4686D05829FFF0649D98B0703CF2C04BB8D49A9A92BF69C0663E60E131;2025-10-06 11:59:13.450;TELEFÔNICO;NÃO;TERCEIRO;AMBIENTE VIRTUAL (NO ÂMBITO DA INTERNET);BR | BRASIL;MG;3106200 | BELO HORIZONTE;NÃO SABE INFORMAR;NÃO SABE INFORMAR;1;VIOLÊNCIA CONTRA A MULHER;MOTIVAÇÃO.EM RAZÃO DE SER COMUNICADOR SOCIAL;NÃO SE APLICA;PESSOA FÍSICA;FEMININO;NÃO;18 A 19 ANOS;BR | BRASIL;;;;;NÃO;;NÃO;BR | BRASIL;DENUNCIANTE NÃO SOUBE INFORMAR;DENUNCIANTE NÃO SOUBE INFORMAR;;;;BRANCA;;;PESSOA FÍSICA;FEMININO;NÃO;25 A 29 ANOS;BR | BRASIL;;;;;NÃO;;NÃO;BR | BRASIL;DENUNCIANTE NÃO SOUBE INFORMAR;DENUNCIANTE NÃO SOUBE INFORMAR;INFLUENCIADOR DIGITAL;;;BRANCA;;;;;;;LIBERDADE>DIREITOS INDIVIDUAIS>TRÁFICO DE MULHERES - INTERNACIONAL
8B0066FDDCFCA4CC65515775B7F58C85D3F33148CA3BDFDD5F73E0D18F2C1D7F;2025-10-07 17:55:40.970;TELEFÔNICO;NÃO;TERCEIRO;CASA DO SUSPEITO;BR | BRASIL;RJ;3304557 | RIO DE JANEIRO;DIARIAMENTE;HÁ MAIS DE UM ANO;1;VIOLÊNCIA CONTRA CRIANÇA OU ADOLESCENTE;;NÃO SABE INFORMAR;COMUNIDADE/FAMÍLIA;;;06 ANOS;BR | BRASIL;;;;;;;;BR | BRASIL;RJ;3304557 | RIO DE JANEIRO;;;;NÃO INFORMADO;;;PESSOA FÍSICA;FEMININO;NÃO;65 A 69 ANOS;BR | BRASIL;;;;;NÃO;;NÃO;BR | BRASIL;RJ;3304557 | RIO DE JANEIRO;OUTROS NÃO LISTADOS;;;PRETA;;;;;;;LIBERDADE>DIREITOS INDIVIDUAIS>TRÁFICO DE CRIANÇAS - NACIONAL
60B7960A9AB1EAA408B2929BF1E15E015FCD9866CB57E7C0AFA5D741F4E63009;2025-10-07 17:55:40.970;TELEFÔNICO;NÃO;TERCEIRO;CASA DO SUSPEITO;BR | BRASIL;RJ;3304557 | RIO DE JANEIRO;DIARIAMENTE;HÁ MAIS DE UM ANO;1;VIOLÊNCIA CONTRA CRIANÇA OU ADOLESCENTE;;NÃO SABE INFORMAR;COMUNIDADE/FAMÍLIA;;;06 ANOS;BR | BRASIL;;;;;;;;BR | BRASIL;RJ;3304557 | RIO DE JANEIRO;;;;NÃO INFORMADO;;;PESSOA FÍSICA;FEMININO;NÃO;70 A 74 ANOS;BR | BRASIL;;;;;NÃO;;NÃO;BR | BRASIL;RJ;3304557 | RIO DE JANEIRO;OUTROS NÃO LISTADOS;;;PRETA;;;;;;;LIBERDADE>DIREITOS INDIVIDUAIS>TRÁFICO DE CRIANÇAS - NACIONAL
87A7E7BA21BF388F926AF2459A5CA63166D6B3D7F75951FBEBDB8184262F5A0E;2025-10-13 11:13:06.300;TELEFÔNICO;NÃO;A PRÓPRIA VÍTIMA;CASA DA VÍTIMA;BR | BRASIL;MG;3106200 | BELO HORIZONTE;DIARIAMENTE;HÁ MAIS DE DEZ ANOS;1;VIOLÊNCIA CONTRA A MULHER;;MÃE;PESSOA FÍSICA;FEMININO;NÃO;45 A 49 ANOS;BR | BRASIL;;;;;NÃO;;NÃO;BR | BRASIL;MG;3106200 | BELO HORIZONTE;;;;BRANCA;;;PESSOA FÍSICA;FEMININO;NÃO;NÃO INFORMADO;BR | BRASIL;;;;;NÃO;;NÃO INFORMADO;BR | BRASIL;MG;3106200 | BELO HORIZONTE;NÃO SABE INFORMAR;;;NÃO INFORMADO;;;;;;;LIBERDADE>DIREITOS INDIVIDUAIS>TRÁFICO DE PESSOAS - INTERNACIONAL
44C05F5986A699E29E316CD493BC86670A442639BDB216B11D83470D797FF9F9;2025-10-18 11:26:46.607;TELEFÔNICO;NÃO;TERCEIRO;CASA DO SUSPEITO;PT | PORTUGAL;;;DIARIAMENTE;HÁ MAIS DE UM ANO;1;VIOLÊNCIA CONTRA CRIANÇA OU ADOLESCENTE;;DESCONHECIDO(A);PESSOA FÍSICA;MASCULINO;;05 ANOS;BR | BRASIL;;;;;NÃO;;;PT | PORTUGAL;;;;;;PARDA;;;PESSOA FÍSICA;FEMININO;NÃO;65 A 69 ANOS;BR | BRASIL;;;;;NÃO;;NÃO INFORMADO;PT | PORTUGAL;DENUNCIANTE NÃO SOUBE INFORMAR;DENUNCIANTE NÃO SOUBE INFORMAR;OUTROS PROFISSIONAIS LIBERAIS;;;PARDA;;;;;;;LIBERDADE>DIREITOS INDIVIDUAIS>TRÁFICO DE CRIANÇAS - INTERNACIONAL
44C05F5986A699E29E316CD493BC86670A442639BDB216B11D83470D797FF9F9;2025-10-18 11:26:46.607;TELEFÔNICO;NÃO;TERCEIRO;CASA DO SUSPEITO;PT | PORTUGAL;;;DIARIAMENTE;HÁ MAIS DE UM ANO;1;VIOLÊNCIA CONTRA CRIANÇA OU ADOLESCENTE;;DESCONHECIDO(A);PESSOA FÍSICA;MASCULINO;;08 ANOS;BR | BRASIL;;;;;NÃO;;;PT | PORTUGAL;;;;;;PARDA;;;PESSOA FÍSICA;FEMININO;NÃO;65 A 69 ANOS;BR | BRASIL;;;;;NÃO;;NÃO INFORMADO;PT | PORTUGAL;DENUNCIANTE NÃO SOUBE INFORMAR;DENUNCIANTE NÃO SOUBE INFORMAR;OUTROS PROFISSIONAIS LIBERAIS;;;PARDA;;;;;;;LIBERDADE>DIREITOS INDIVIDUAIS>TRÁFICO DE CRIANÇAS - INTERNACIONAL
9C0F8C1384E2021032AF00AB09EBCDAF39CC2E19E3B44C481FF3F96538C223D5;2025-10-18 11:26:46.607;TELEFÔNICO;NÃO;TERCEIRO;CASA DO SUSPEITO;PT | PORTUGAL;DENUNCIANTE NÃO SOUBE INFORMAR;DENUNCIANTE NÃO SOUBE INFORMAR;DIARIAMENTE;HÁ MAIS DE UM ANO;1;VIOLÊNCIA CONTRA CIDADÃO, FAMÍLIA OU COMUNIDADE;;DESCONHECIDO(A);COMUNIDADE/FAMÍLIA;;;35 A 39 ANOS;BR | BRASIL;;;;;;;;PT | PORTUGAL;DENUNCIANTE NÃO SOUBE INFORMAR;DENUNCIANTE NÃO SOUBE INFORMAR;;;;NÃO INFORMADO;;;PESSOA FÍSICA;FEMININO;NÃO;65 A 69 ANOS;BR | BRASIL;;;;;NÃO;;NÃO INFORMADO;PT | PORTUGAL;DENUNCIANTE NÃO SOUBE INFORMAR;DENUNCIANTE NÃO SOUBE INFORMAR;OUTROS PROFISSIONAIS LIBERAIS;;;PARDA;;;;;;;LIBERDADE>DIREITOS INDIVIDUAIS>TRÁFICO DE MULHERES - INTERNACIONAL
D834F6DA4A40465168B67BC6B1CA1FB8D8614E720158B55882210B424F16C2C3;2025-10-18 11:26:46.607;TELEFÔNICO;NÃO;TERCEIRO;CASA DO SUSPEITO;PT | PORTUGAL;;;DIARIAMENTE;HÁ MAIS DE UM ANO;1;VIOLÊNCIA CONTRA CRIANÇA OU ADOLESCENTE;;DESCONHECIDO(A);PESSOA FÍSICA;MASCULINO;;05 ANOS;BR | BRASIL;;;;;NÃO;;;PT | PORTUGAL;;;;;;PARDA;;;PESSOA FÍSICA;MASCULINO;NÃO;40 A 44 ANOS;BR | BRASIL;;;;;NÃO;;NÃO INFORMADO;PT | PORTUGAL;;;OUTROS PROFISSIONAIS LIBERAIS;;;PARDA;;;;;;;LIBERDADE>DIREITOS INDIVIDUAIS>TRÁFICO DE CRIANÇAS - INTERNACIONAL
D834F6DA4A40465168B67BC6B1CA1FB8D8614E720158B55882210B424F16C2C3;2025-10-18 11:26:46.607;TELEFÔNICO;NÃO;TERCEIRO;CASA DO SUSPEITO;PT | PORTUGAL;;;DIARIAMENTE;HÁ MAIS DE UM ANO;1;VIOLÊNCIA CONTRA CRIANÇA OU ADOLESCENTE;;DESCONHECIDO(A);PESSOA FÍSICA;MASCULINO;;08 ANOS;BR | BRASIL;;;;;NÃO;;;PT | PORTUGAL;;;;;;PARDA;;;PESSOA FÍSICA;MASCULINO;NÃO;40 A 44 ANOS;BR | BRASIL;;;;;NÃO;;NÃO INFORMADO;PT | PORTUGAL;;;OUTROS PROFISSIONAIS LIBERAIS;;;PARDA;;;;;;;LIBERDADE>DIREITOS INDIVIDUAIS>TRÁFICO DE CRIANÇAS - INTERNACIONAL
EDD245B946EE4359526E79C4E7A18762E80D40657C633BC6CE3EF11149B43F2D;2025-10-18 11:26:46.607;TELEFÔNICO;NÃO;TERCEIRO;CASA DO SUSPEITO;PT | PORTUGAL;DENUNCIANTE NÃO SOUBE INFORMAR;DENUNCIANTE NÃO SOUBE INFORMAR;DIARIAMENTE;HÁ MAIS DE UM ANO;1;VIOLÊNCIA CONTRA CIDADÃO, FAMÍLIA OU COMUNIDADE;;DESCONHECIDO(A);COMUNIDADE/FAMÍLIA;;;35 A 39 ANOS;BR | BRASIL;;;;;;;;PT | PORTUGAL;DENUNCIANTE NÃO SOUBE INFORMAR;DENUNCIANTE NÃO SOUBE INFORMAR;;;;NÃO INFORMADO;;;PESSOA FÍSICA;MASCULINO;NÃO;40 A 44 ANOS;BR | BRASIL;;;;;NÃO;;NÃO INFORMADO;PT | PORTUGAL;;;OUTROS PROFISSIONAIS LIBERAIS;;;PARDA;;;;;;;LIBERDADE>DIREITOS INDIVIDUAIS>TRÁFICO DE MULHERES - INTERNACIONAL
9BF25B14524272069F36FC8FE922554E57223BFEFC084D05FA42FF953375982D;2025-10-20 07:06:03.053;TELEFÔNICO;NÃO;TERCEIRO;OUTROS;BR | BRASIL;MG;3106200 | BELO HORIZONTE;DIARIAMENTE;HÁ MAIS DE UM ANO;1;VIOLÊNCIA CONTRA CIDADÃO, FAMÍLIA OU COMUNIDADE;;OUTROS;COMUNIDADE/FAMÍLIA;;;18 A 19 ANOS;BR | BRASIL;;;;;;;;BR | BRASIL;DENUNCIANTE NÃO SOUBE INFORMAR;DENUNCIANTE NÃO SOUBE INFORMAR;;;;NÃO INFORMADO;;;ÓRGÃO PÚBLICO;;;;BR | BRASIL;;;;;;;;BR | BRASIL;MG;3106200 | BELO HORIZONTE;;;;;;;;PODER EXECUTIVO EM GERAL - MUNICIPAL;;;LIBERDADE>DIREITOS INDIVIDUAIS>TRÁFICO DE PESSOAS - INTERNACIONAL
60966C277754D8A97E7A301F66FA6D4E739A2C4420AD834AE7D7256D690DC750;2025-10-24 08:26:13.610;WHATSAPP;RISCO IMINENTE DE MORTE DA VÍTIMA;TERCEIRO;CASA DA VÍTIMA;BR | BRASIL;SP;3550308 | SÃO PAULO;DIARIAMENTE;HÁ UM MÊS;1;VIOLÊNCIA CONTRA A MULHER;;OUTROS;PESSOA FÍSICA;FEMININO;NÃO;25 A 29 ANOS;BR | BRASIL;;;;;NÃO;;NÃO;BR | BRASIL;SP;3550308 | SÃO PAULO;;;;NÃO INFORMADO;;;PESSOA FÍSICA;MASCULINO;NÃO;;BR | BRASIL;;;;;NÃO;;;BR | BRASIL;SP;DENUNCIANTE NÃO SOUBE INFORMAR;OUTROS NÃO LISTADOS;;;;;;;;;;LIBERDADE>DIREITOS INDIVIDUAIS>TRÁFICO DE MULHERES - NACIONAL
60966C277754D8A97E7A301F66FA6D4E739A2C4420AD834AE7D7256D690DC750;2025-10-24 08:26:13.610;WHATSAPP;RISCO IMINENTE DE MORTE DA VÍTIMA;TERCEIRO;CASA DA VÍTIMA;BR | BRASIL;SP;3550308 | SÃO PAULO;DIARIAMENTE;HÁ UM MÊS;1;VIOLÊNCIA CONTRA A MULHER;;OUTROS;PESSOA FÍSICA;FEMININO;NÃO;25 A 29 ANOS;BR | BRASIL;;;;;NÃO;;NÃO;BR | BRASIL;SP;3550308 | SÃO PAULO;;;;NÃO INFORMADO;;;PESSOA FÍSICA;MASCULINO;NÃO;;BR | BRASIL;;;;;NÃO;;;BR | BRASIL;SP;DENUNCIANTE NÃO SOUBE INFORMAR;OUTROS NÃO LISTADOS;;;;;;;;;;LIBERDADE>DIREITOS INDIVIDUAIS>TRÁFICO DE PESSOAS - INTERNACIONAL
60966C277754D8A97E7A301F66FA6D4E739A2C4420AD834AE7D7256D690DC750;2025-10-24 08:26:13.610;WHATSAPP;RISCO IMINENTE DE MORTE DA VÍTIMA;TERCEIRO;CASA DA VÍTIMA;BR | BRASIL;SP;3550308 | SÃO PAULO;DIARIAMENTE;HÁ UM MÊS;1;VIOLÊNCIA CONTRA A MULHER;OUTRO(S) ELEMENTO(S);OUTROS;PESSOA FÍSICA;FEMININO;NÃO;25 A 29 ANOS;BR | BRASIL;;;;NÃO;NÃO;;NÃO;BR | BRASIL;SP;3550308 | SÃO PAULO;;;;NÃO INFORMADO;;;PESSOA FÍSICA;MASCULINO;NÃO;;BR | BRASIL;;;;NÃO;NÃO;;;BR | BRASIL;SP;DENUNCIANTE NÃO SOUBE INFORMAR;OUTROS NÃO LISTADOS;;;;;;;;;;LIBERDADE>DIREITOS INDIVIDUAIS>TRÁFICO DE MULHERES - INTERNACIONAL
60966C277754D8A97E7A301F66FA6D4E739A2C4420AD834AE7D7256D690DC750;2025-10-24 08:26:13.610;WHATSAPP;RISCO IMINENTE DE MORTE DA VÍTIMA;TERCEIRO;CASA DA VÍTIMA;BR | BRASIL;SP;3550308 | SÃO PAULO;DIARIAMENTE;HÁ UM MÊS;1;VIOLÊNCIA CONTRA A MULHER;;OUTROS;PESSOA FÍSICA;FEMININO;NÃO;25 A 29 ANOS;BR | BRASIL;;;;;NÃO;;NÃO;BR | BRASIL;SP;3550308 | SÃO PAULO;;;;NÃO INFORMADO;;;PESSOA FÍSICA;MASCULINO;NÃO;;BR | BRASIL;;;;;NÃO;;;BR | BRASIL;SP;DENUNCIANTE NÃO SOUBE INFORMAR;OUTROS NÃO LISTADOS;;;;;;;;;;LIBERDADE>DIREITOS INDIVIDUAIS>TRÁFICO DE PESSOAS - NACIONAL
F7AF913C815B30DA0670814EC63966BD6AB5A2A1AEBF01D3B95CC6CF04071899;2025-10-26 23:52:55.963;TELEFÔNICO;NÃO;TERCEIRO;VIA PÚBLICA;BR | BRASIL;MS;5005608 | MIRANDA;OCASIONALMENTE;HÁ MAIS DE SEIS MESES;1;VIOLÊNCIA CONTRA CIDADÃO, FAMÍLIA OU COMUNIDADE;;DESCONHECIDO(A);PESSOA FÍSICA;MASCULINO;NÃO;25 A 29 ANOS;BR | BRASIL;;;;;NÃO;;NÃO;BR | BRASIL;MS;5005608 | MIRANDA;;;;BRANCA;;;PESSOA FÍSICA;MASCULINO;NÃO;NÃO INFORMADO;BR | BRASIL;;;;;NÃO;;NÃO;BR | BRASIL;MS;5005608 | MIRANDA;NÃO SABE INFORMAR;;;NÃO INFORMADO;;;;;;;LIBERDADE>DIREITOS INDIVIDUAIS>TRÁFICO DE PESSOAS - NACIONAL
F7AF913C815B30DA0670814EC63966BD6AB5A2A1AEBF01D3B95CC6CF04071899;2025-10-26 23:52:55.963;TELEFÔNICO;NÃO;TERCEIRO;VIA PÚBLICA;BR | BRASIL;MS;5005608 | MIRANDA;OCASIONALMENTE;HÁ MAIS DE SEIS MESES;1;VIOLÊNCIA CONTRA CIDADÃO, FAMÍLIA OU COMUNIDADE;;DESCONHECIDO(A);PESSOA FÍSICA;MASCULINO;NÃO;25 A 29 ANOS;BR | BRASIL;;;;;NÃO;;NÃO;BR | BRASIL;MS;5005608 | MIRANDA;;;;BRANCA;;;PESSOA FÍSICA;MASCULINO;NÃO;NÃO INFORMADO;BR | BRASIL;;;;;NÃO;;NÃO;BR | BRASIL;MS;5005608 | MIRANDA;NÃO SABE INFORMAR;;;NÃO INFORMADO;;;;;;;LIBERDADE>DIREITOS INDIVIDUAIS>TRÁFICO DE PESSOAS - INTERNACIONAL
3099F7553691B8E7A34DFBF74D483EB2945145C62D4E4DCB61C230B5C2F0A906;2025-10-27 00:35:05.107;TELEFÔNICO;NÃO;TERCEIRO;ESTABELECIMENTO COMERCIAL;BR | BRASIL;MS;5002704 | CAMPO GRANDE;OCASIONALMENTE;HÁ MAIS DE UM ANO;1;VIOLÊNCIA CONTRA CRIANÇA OU ADOLESCENTE;;DESCONHECIDO(A);PESSOA FÍSICA;FEMININO;;CRIANÇA/ADOLESCENTE IDADE NÃO INFORMADA;BR | BRASIL;;;;;NÃO;;;BR | BRASIL;MS;5002704 | CAMPO GRANDE;;;;PARDA;;;ÓRGÃO PÚBLICO;;;;BR | BRASIL;;;;;;;;BR | BRASIL;MS;5002704 | CAMPO GRANDE;;;;;;;;PODER EXECUTIVO EM GERAL - MUNICIPAL;;;LIBERDADE>DIREITOS INDIVIDUAIS>TRÁFICO DE CRIANÇAS - NACIONAL
3099F7553691B8E7A34DFBF74D483EB2945145C62D4E4DCB61C230B5C2F0A906;2025-10-27 00:35:05.107;TELEFÔNICO;NÃO;TERCEIRO;ESTABELECIMENTO COMERCIAL;BR | BRASIL;MS;5002704 | CAMPO GRANDE;OCASIONALMENTE;HÁ MAIS DE UM ANO;1;VIOLÊNCIA CONTRA CRIANÇA OU ADOLESCENTE;;DESCONHECIDO(A);PESSOA FÍSICA;FEMININO;;CRIANÇA/ADOLESCENTE IDADE NÃO INFORMADA;BR | BRASIL;;;;;NÃO;;;BR | BRASIL;MS;5002704 | CAMPO GRANDE;;;;PARDA;;;ÓRGÃO PÚBLICO;;;;BR | BRASIL;;;;;;;;BR | BRASIL;MS;5002704 | CAMPO GRANDE;;;;;;;;PODER EXECUTIVO EM GERAL - MUNICIPAL;;;LIBERDADE>DIREITOS INDIVIDUAIS>TRÁFICO DE MULHERES - NACIONAL
3099F7553691B8E7A34DFBF74D483EB2945145C62D4E4DCB61C230B5C2F0A906;2025-10-27 00:35:05.107;TELEFÔNICO;NÃO;TERCEIRO;ESTABELECIMENTO COMERCIAL;BR | BRASIL;MS;5002704 | CAMPO GRANDE;OCASIONALMENTE;HÁ MAIS DE UM ANO;1;VIOLÊNCIA CONTRA CRIANÇA OU ADOLESCENTE;;DESCONHECIDO(A);PESSOA FÍSICA;FEMININO;;CRIANÇA/ADOLESCENTE IDADE NÃO INFORMADA;BR | BRASIL;;;;;NÃO;;;BR | BRASIL;MS;5002704 | CAMPO GRANDE;;;;PARDA;;;ÓRGÃO PÚBLICO;;;;BR | BRASIL;;;;;;;;BR | BRASIL;MS;5002704 | CAMPO GRANDE;;;;;;;;PODER EXECUTIVO EM GERAL - MUNICIPAL;;;LIBERDADE>DIREITOS INDIVIDUAIS>TRÁFICO DE PESSOAS - NACIONAL
D9A116AB214FAB1EE16A061543E7DE0AD921558A5D4CE0FC0CB800648A5DDAE4;2025-10-27 00:35:05.107;TELEFÔNICO;NÃO;TERCEIRO;ESTABELECIMENTO COMERCIAL;BR | BRASIL;MS;5002704 | CAMPO GRANDE;OCASIONALMENTE;HÁ MAIS DE UM ANO;1;VIOLÊNCIA CONTRA CRIANÇA OU ADOLESCENTE;;DESCONHECIDO(A);PESSOA FÍSICA;FEMININO;;CRIANÇA/ADOLESCENTE IDADE NÃO INFORMADA;BR | BRASIL;;;;;NÃO;;;BR | BRASIL;MS;5002704 | CAMPO GRANDE;;;;PARDA;;;PESSOA JURÍDICA DE DIREITO PRIVADO;;;;BR | BRASIL;;;;;;;;BR | BRASIL;MS;5002704 | CAMPO GRANDE;;;;;;;;ALOJAMENTO E ALIMENTAÇÃO;;;LIBERDADE>DIREITOS INDIVIDUAIS>TRÁFICO DE MULHERES - NACIONAL
EB58DEFC129CA6AC9682910233ACE6B2C3F26133C0F223EA5AF3D82F1AACC0E8;2025-10-27 00:35:05.107;TELEFÔNICO;NÃO;TERCEIRO;ESTABELECIMENTO COMERCIAL;BR | BRASIL;MS;5002704 | CAMPO GRANDE;OCASIONALMENTE;HÁ MAIS DE UM ANO;1;VIOLÊNCIA CONTRA CRIANÇA OU ADOLESCENTE;;DESCONHECIDO(A);PESSOA FÍSICA;FEMININO;;CRIANÇA/ADOLESCENTE IDADE NÃO INFORMADA;BR | BRASIL;;;;;NÃO;;;BR | BRASIL;MS;5002704 | CAMPO GRANDE;;;;PARDA;;;PESSOA JURÍDICA DE DIREITO PRIVADO;;;;BR | BRASIL;;;;;;;;BR | BRASIL;MS;5002704 | CAMPO GRANDE;;;;;;;;ALOJAMENTO E ALIMENTAÇÃO;;;LIBERDADE>DIREITOS INDIVIDUAIS>TRÁFICO DE CRIANÇAS - NACIONAL
D9A116AB214FAB1EE16A061543E7DE0AD921558A5D4CE0FC0CB800648A5DDAE4;2025-10-27 00:35:05.107;TELEFÔNICO;NÃO;TERCEIRO;ESTABELECIMENTO COMERCIAL;BR | BRASIL;MS;5002704 | CAMPO GRANDE;OCASIONALMENTE;HÁ MAIS DE UM ANO;1;VIOLÊNCIA CONTRA CRIANÇA OU ADOLESCENTE;;DESCONHECIDO(A);PESSOA FÍSICA;FEMININO;;CRIANÇA/ADOLESCENTE IDADE NÃO INFORMADA;BR | BRASIL;;;;;NÃO;;;BR | BRASIL;MS;5002704 | CAMPO GRANDE;;;;PARDA;;;PESSOA JURÍDICA DE DIREITO PRIVADO;;;;BR | BRASIL;;;;;;;;BR | BRASIL;MS;5002704 | CAMPO GRANDE;;;;;;;;ALOJAMENTO E ALIMENTAÇÃO;;;LIBERDADE>DIREITOS INDIVIDUAIS>TRÁFICO DE PESSOAS - NACIONAL
EB58DEFC129CA6AC9682910233ACE6B2C3F26133C0F223EA5AF3D82F1AACC0E8;2025-10-27 00:35:05.107;TELEFÔNICO;NÃO;TERCEIRO;ESTABELECIMENTO COMERCIAL;BR | BRASIL;MS;5002704 | CAMPO GRANDE;OCASIONALMENTE;HÁ MAIS DE UM ANO;1;VIOLÊNCIA CONTRA CRIANÇA OU ADOLESCENTE;;DESCONHECIDO(A);PESSOA FÍSICA;FEMININO;;CRIANÇA/ADOLESCENTE IDADE NÃO INFORMADA;BR | BRASIL;;;;;NÃO;;;BR | BRASIL;MS;5002704 | CAMPO GRANDE;;;;PARDA;;;PESSOA JURÍDICA DE DIREITO PRIVADO;;;;BR | BRASIL;;;;;;;;BR | BRASIL;MS;5002704 | CAMPO GRANDE;;;;;;;;ALOJAMENTO E ALIMENTAÇÃO;;;LIBERDADE>DIREITOS INDIVIDUAIS>TRÁFICO DE MULHERES - NACIONAL
D9A116AB214FAB1EE16A061543E7DE0AD921558A5D4CE0FC0CB800648A5DDAE4;2025-10-27 00:35:05.107;TELEFÔNICO;NÃO;TERCEIRO;ESTABELECIMENTO COMERCIAL;BR | BRASIL;MS;5002704 | CAMPO GRANDE;OCASIONALMENTE;HÁ MAIS DE UM ANO;1;VIOLÊNCIA CONTRA CRIANÇA OU ADOLESCENTE;;DESCONHECIDO(A);PESSOA FÍSICA;FEMININO;;CRIANÇA/ADOLESCENTE IDADE NÃO INFORMADA;BR | BRASIL;;;;;NÃO;;;BR | BRASIL;MS;5002704 | CAMPO GRANDE;;;;PARDA;;;PESSOA JURÍDICA DE DIREITO PRIVADO;;;;BR | BRASIL;;;;;;;;BR | BRASIL;MS;5002704 | CAMPO GRANDE;;;;;;;;ALOJAMENTO E ALIMENTAÇÃO;;;LIBERDADE>DIREITOS INDIVIDUAIS>TRÁFICO DE CRIANÇAS - NACIONAL
EB58DEFC129CA6AC9682910233ACE6B2C3F26133C0F223EA5AF3D82F1AACC0E8;2025-10-27 00:35:05.107;TELEFÔNICO;NÃO;TERCEIRO;ESTABELECIMENTO COMERCIAL;BR | BRASIL;MS;5002704 | CAMPO GRANDE;OCASIONALMENTE;HÁ MAIS DE UM ANO;1;VIOLÊNCIA CONTRA CRIANÇA OU ADOLESCENTE;;DESCONHECIDO(A);PESSOA FÍSICA;FEMININO;;CRIANÇA/ADOLESCENTE IDADE NÃO INFORMADA;BR | BRASIL;;;;;NÃO;;;BR | BRASIL;MS;5002704 | CAMPO GRANDE;;;;PARDA;;;PESSOA JURÍDICA DE DIREITO PRIVADO;;;;BR | BRASIL;;;;;;;;BR | BRASIL;MS;5002704 | CAMPO GRANDE;;;;;;;;ALOJAMENTO E ALIMENTAÇÃO;;;LIBERDADE>DIREITOS INDIVIDUAIS>TRÁFICO DE PESSOAS - NACIONAL
1339F06AC71049EADD8E10E148BD181538E60DD455408CB9205373485E863FB0;2025-10-27 03:05:05.797;TELEFÔNICO;NÃO;A PRÓPRIA VÍTIMA;CASA DA VÍTIMA;BR | BRASIL;PR;4103701 | CAMBÉ;DIARIAMENTE;HÁ MAIS DE UM ANO;1;VIOLÊNCIA CONTRA A MULHER;;OUTROS;PESSOA FÍSICA;FEMININO;NÃO;30 A 34 ANOS;BR | BRASIL;;;;;NÃO;;NÃO;BR | BRASIL;PR;4103701 | CAMBÉ;;;;PRETA;;;PESSOA FÍSICA;MASCULINO;NÃO;40 A 44 ANOS;BR | BRASIL;;;;;NÃO;;NÃO;BR | BRASIL;DENUNCIANTE NÃO SOUBE INFORMAR;DENUNCIANTE NÃO SOUBE INFORMAR;DELEGADO;;;;;;;;;;LIBERDADE>DIREITOS INDIVIDUAIS>TRÁFICO DE MULHERES - INTERNACIONAL
62E1C253D29CA5D90917D2A65BCCD5E8E75EFAB46D0E773A37E13245A4D66654;2025-10-27 03:05:05.797;TELEFÔNICO;NÃO;A PRÓPRIA VÍTIMA;CASA DA VÍTIMA;BR | BRASIL;PR;4103701 | CAMBÉ;DIARIAMENTE;HÁ MAIS DE UM ANO;1;VIOLÊNCIA CONTRA A MULHER;;OUTROS;PESSOA FÍSICA;FEMININO;NÃO;30 A 34 ANOS;BR | BRASIL;;;;;NÃO;;NÃO;BR | BRASIL;PR;4103701 | CAMBÉ;;;;PRETA;;;PESSOA FÍSICA;FEMININO;NÃO;;BR | BRASIL;;;;;NÃO;;;BR | BRASIL;DENUNCIANTE NÃO SOUBE INFORMAR;DENUNCIANTE NÃO SOUBE INFORMAR;ARTISTA (ATOR/CANTOR/MODELO/ASSEMELHADOS);;;;;;;;;;LIBERDADE>DIREITOS INDIVIDUAIS>TRÁFICO DE PESSOAS - INTERNACIONAL
62E1C253D29CA5D90917D2A65BCCD5E8E75EFAB46D0E773A37E13245A4D66654;2025-10-27 03:05:05.797;TELEFÔNICO;NÃO;A PRÓPRIA VÍTIMA;CASA DA VÍTIMA;BR | BRASIL;PR;4103701 | CAMBÉ;DIARIAMENTE;HÁ MAIS DE UM ANO;1;VIOLÊNCIA CONTRA A MULHER;;OUTROS;PESSOA FÍSICA;FEMININO;NÃO;30 A 34 ANOS;BR | BRASIL;;;;;NÃO;;NÃO;BR | BRASIL;PR;4103701 | CAMBÉ;;;;PRETA;;;PESSOA FÍSICA;FEMININO;NÃO;;BR | BRASIL;;;;;NÃO;;;BR | BRASIL;DENUNCIANTE NÃO SOUBE INFORMAR;DENUNCIANTE NÃO SOUBE INFORMAR;ARTISTA (ATOR/CANTOR/MODELO/ASSEMELHADOS);;;;;;;;;;LIBERDADE>DIREITOS INDIVIDUAIS>TRÁFICO DE MULHERES - INTERNACIONAL
66B59322E1833AF22FDD3B44332EFA6C5CDB39379E46F0943F52F625FE33FFEC;2025-10-27 03:05:05.797;TELEFÔNICO;NÃO;A PRÓPRIA VÍTIMA;CASA DA VÍTIMA;BR | BRASIL;PR;4103701 | CAMBÉ;DIARIAMENTE;HÁ MAIS DE UM ANO;1;VIOLÊNCIA CONTRA A MULHER;;OUTROS;PESSOA FÍSICA;FEMININO;NÃO;30 A 34 ANOS;BR | BRASIL;;;;;NÃO;;NÃO;BR | BRASIL;PR;4103701 | CAMBÉ;;;;PRETA;;;PESSOA FÍSICA;MASCULINO;NÃO;35 A 39 ANOS;BR | BRASIL;;;;;NÃO;;NÃO;BR | BRASIL;PR;4103701 | CAMBÉ;CABELEIREIRO, MANICURE OU OUTRAS ATIVIDADES DO SETOR DE ESTÉTICA;;;;;;;;;;LIBERDADE>DIREITOS INDIVIDUAIS>TRÁFICO DE PESSOAS - INTERNACIONAL
C69517A4DD0808891A9E0A054F7BB6E2070807EA1F24DFA699541F641E185482;2025-10-27 03:05:05.797;TELEFÔNICO;NÃO;A PRÓPRIA VÍTIMA;CASA DA VÍTIMA;BR | BRASIL;PR;4103701 | CAMBÉ;DIARIAMENTE;HÁ MAIS DE UM ANO;1;VIOLÊNCIA CONTRA A MULHER;;OUTROS;PESSOA FÍSICA;FEMININO;NÃO;30 A 34 ANOS;BR | BRASIL;;;;;NÃO;;NÃO;BR | BRASIL;PR;4103701 | CAMBÉ;;;;PRETA;;;PESSOA FÍSICA;MASCULINO;NÃO;40 A 44 ANOS;BR | BRASIL;;;;;NÃO;;NÃO;BR | BRASIL;PR;4103701 | CAMBÉ;POLICIAL CIVIL;;;;;;;;;;LIBERDADE>DIREITOS INDIVIDUAIS>TRÁFICO DE MULHERES - INTERNACIONAL
66B59322E1833AF22FDD3B44332EFA6C5CDB39379E46F0943F52F625FE33FFEC;2025-10-27 03:05:05.797;TELEFÔNICO;NÃO;A PRÓPRIA VÍTIMA;CASA DA VÍTIMA;BR | BRASIL;PR;4103701 | CAMBÉ;DIARIAMENTE;HÁ MAIS DE UM ANO;1;VIOLÊNCIA CONTRA A MULHER;;OUTROS;PESSOA FÍSICA;FEMININO;NÃO;30 A 34 ANOS;BR | BRASIL;;;;;NÃO;;NÃO;BR | BRASIL;PR;4103701 | CAMBÉ;;;;PRETA;;;PESSOA FÍSICA;MASCULINO;NÃO;35 A 39 ANOS;BR | BRASIL;;;;;NÃO;;NÃO;BR | BRASIL;PR;4103701 | CAMBÉ;CABELEIREIRO, MANICURE OU OUTRAS ATIVIDADES DO SETOR DE ESTÉTICA;;;;;;;;;;LIBERDADE>DIREITOS INDIVIDUAIS>TRÁFICO DE MULHERES - INTERNACIONAL
C69517A4DD0808891A9E0A054F7BB6E2070807EA1F24DFA699541F641E185482;2025-10-27 03:05:05.797;TELEFÔNICO;NÃO;A PRÓPRIA VÍTIMA;CASA DA VÍTIMA;BR | BRASIL;PR;4103701 | CAMBÉ;DIARIAMENTE;HÁ MAIS DE UM ANO;1;VIOLÊNCIA CONTRA A MULHER;;OUTROS;PESSOA FÍSICA;FEMININO;NÃO;30 A 34 ANOS;BR | BRASIL;;;;;NÃO;;NÃO;BR | BRASIL;PR;4103701 | CAMBÉ;;;;PRETA;;;PESSOA FÍSICA;MASCULINO;NÃO;40 A 44 ANOS;BR | BRASIL;;;;;NÃO;;NÃO;BR | BRASIL;PR;4103701 | CAMBÉ;POLICIAL CIVIL;;;;;;;;;;LIBERDADE>DIREITOS INDIVIDUAIS>TRÁFICO DE PESSOAS - INTERNACIONAL
A6735B4ED5BF6F79A3777C11183B2F896CE86B88CA7178A0564502A2508C829C;2025-10-27 03:05:05.797;TELEFÔNICO;NÃO;A PRÓPRIA VÍTIMA;CASA DA VÍTIMA;BR | BRASIL;PR;4103701 | CAMBÉ;DIARIAMENTE;HÁ MAIS DE UM ANO;1;VIOLÊNCIA CONTRA A MULHER;;OUTROS;PESSOA FÍSICA;FEMININO;NÃO;30 A 34 ANOS;BR | BRASIL;;;;;NÃO;;NÃO;BR | BRASIL;PR;4103701 | CAMBÉ;;;;PRETA;;;PESSOA FÍSICA;MASCULINO;NÃO;;BR | BRASIL;;;;;NÃO;;;BR | BRASIL;DENUNCIANTE NÃO SOUBE INFORMAR;DENUNCIANTE NÃO SOUBE INFORMAR;ARTISTA (ATOR/CANTOR/MODELO/ASSEMELHADOS);;;;;;;;;;LIBERDADE>DIREITOS INDIVIDUAIS>TRÁFICO DE MULHERES - INTERNACIONAL
CAA134C0CD30A5C39E3EE261B0B7D4D2D6B8A1D123324FB1B7733DE0BF7CE03F;2025-10-27 03:05:05.797;TELEFÔNICO;NÃO;A PRÓPRIA VÍTIMA;CASA DA VÍTIMA;BR | BRASIL;PR;4103701 | CAMBÉ;DIARIAMENTE;HÁ MAIS DE UM ANO;1;VIOLÊNCIA CONTRA A MULHER;;OUTROS;PESSOA FÍSICA;FEMININO;NÃO;30 A 34 ANOS;BR | BRASIL;;;;;NÃO;;NÃO;BR | BRASIL;PR;4103701 | CAMBÉ;;;;PRETA;;;PESSOA JURÍDICA DE DIREITO PRIVADO;;;;BR | BRASIL;;;;;;;;BR | BRASIL;DENUNCIANTE NÃO SOUBE INFORMAR;DENUNCIANTE NÃO SOUBE INFORMAR;;;;;;;;ARTES, CULTURA, ESPORTE E RECREAÇÃO;;;LIBERDADE>DIREITOS INDIVIDUAIS>TRÁFICO DE PESSOAS - INTERNACIONAL
1339F06AC71049EADD8E10E148BD181538E60DD455408CB9205373485E863FB0;2025-10-27 03:05:05.797;TELEFÔNICO;NÃO;A PRÓPRIA VÍTIMA;CASA DA VÍTIMA;BR | BRASIL;PR;4103701 | CAMBÉ;DIARIAMENTE;HÁ MAIS DE UM ANO;1;VIOLÊNCIA CONTRA A MULHER;;OUTROS;PESSOA FÍSICA;FEMININO;NÃO;30 A 34 ANOS;BR | BRASIL;;;;;NÃO;;NÃO;BR | BRASIL;PR;4103701 | CAMBÉ;;;;PRETA;;;PESSOA FÍSICA;MASCULINO;NÃO;40 A 44 ANOS;BR | BRASIL;;;;;NÃO;;NÃO;BR | BRASIL;DENUNCIANTE NÃO SOUBE INFORMAR;DENUNCIANTE NÃO SOUBE INFORMAR;DELEGADO;;;;;;;;;;LIBERDADE>DIREITOS INDIVIDUAIS>TRÁFICO DE PESSOAS - INTERNACIONAL
A6735B4ED5BF6F79A3777C11183B2F896CE86B88CA7178A0564502A2508C829C;2025-10-27 03:05:05.797;TELEFÔNICO;NÃO;A PRÓPRIA VÍTIMA;CASA DA VÍTIMA;BR | BRASIL;PR;4103701 | CAMBÉ;DIARIAMENTE;HÁ MAIS DE UM ANO;1;VIOLÊNCIA CONTRA A MULHER;;OUTROS;PESSOA FÍSICA;FEMININO;NÃO;30 A 34 ANOS;BR | BRASIL;;;;;NÃO;;NÃO;BR | BRASIL;PR;4103701 | CAMBÉ;;;;PRETA;;;PESSOA FÍSICA;MASCULINO;NÃO;;BR | BRASIL;;;;;NÃO;;;BR | BRASIL;DENUNCIANTE NÃO SOUBE INFORMAR;DENUNCIANTE NÃO SOUBE INFORMAR;ARTISTA (ATOR/CANTOR/MODELO/ASSEMELHADOS);;;;;;;;;;LIBERDADE>DIREITOS INDIVIDUAIS>TRÁFICO DE PESSOAS - INTERNACIONAL
CAA134C0CD30A5C39E3EE261B0B7D4D2D6B8A1D123324FB1B7733DE0BF7CE03F;2025-10-27 03:05:05.797;TELEFÔNICO;NÃO;A PRÓPRIA VÍTIMA;CASA DA VÍTIMA;BR | BRASIL;PR;4103701 | CAMBÉ;DIARIAMENTE;HÁ MAIS DE UM ANO;1;VIOLÊNCIA CONTRA A MULHER;;OUTROS;PESSOA FÍSICA;FEMININO;NÃO;30 A 34 ANOS;BR | BRASIL;;;;;NÃO;;NÃO;BR | BRASIL;PR;4103701 | CAMBÉ;;;;PRETA;;;PESSOA JURÍDICA DE DIREITO PRIVADO;;;;BR | BRASIL;;;;;;;;BR | BRASIL;DENUNCIANTE NÃO SOUBE INFORMAR;DENUNCIANTE NÃO SOUBE INFORMAR;;;;;;;;ARTES, CULTURA, ESPORTE E RECREAÇÃO;;;LIBERDADE>DIREITOS INDIVIDUAIS>TRÁFICO DE MULHERES - INTERNACIONAL
96E7EB51E5C1930789C0F15FB9D4443AC49EA44C813DCDA20D8C06DC257A1A2F;2025-11-05 00:10:22.870;TELEFÔNICO;NÃO;TERCEIRO;LOCAL DE TRABALHO DO AGRESSOR;BR | BRASIL;SC;4207007 | IÇARA;DIARIAMENTE;HÁ MAIS DE UM ANO;1;VIOLÊNCIA CONTRA A MULHER;;EMPREGADOR/PATRÃO (HIERARQUICAMENTE SUPERIOR);PESSOA FÍSICA;FEMININO;NÃO;25 A 29 ANOS;BR | BRASIL;;;;;NÃO;;NÃO;BR | BRASIL;SC;4207007 | IÇARA;;;;NÃO INFORMADO;;;PESSOA JURÍDICA DE DIREITO PRIVADO;;;;BR | BRASIL;;;;;;;;BR | BRASIL;SC;4207007 | IÇARA;;;;;;;;OUTRAS ATIVIDADES DE SERVIÇOS;;;LIBERDADE>DIREITOS INDIVIDUAIS>TRÁFICO DE MULHERES - NACIONAL
96E7EB51E5C1930789C0F15FB9D4443AC49EA44C813DCDA20D8C06DC257A1A2F;2025-11-05 00:10:22.870;TELEFÔNICO;NÃO;TERCEIRO;LOCAL DE TRABALHO DO AGRESSOR;BR | BRASIL;SC;4207007 | IÇARA;DIARIAMENTE;HÁ MAIS DE UM ANO;1;VIOLÊNCIA CONTRA A MULHER;;EMPREGADOR/PATRÃO (HIERARQUICAMENTE SUPERIOR);PESSOA FÍSICA;FEMININO;NÃO;25 A 29 ANOS;BR | BRASIL;;;;;NÃO;;NÃO;BR | BRASIL;SC;4207007 | IÇARA;;;;NÃO INFORMADO;;;PESSOA JURÍDICA DE DIREITO PRIVADO;;;;BR | BRASIL;;;;;;;;BR | BRASIL;SC;4207007 | IÇARA;;;;;;;;OUTRAS ATIVIDADES DE SERVIÇOS;;;LIBERDADE>DIREITOS INDIVIDUAIS>TRÁFICO DE MULHERES - INTERNACIONAL
D46D6875F42A9CD5511EC0DFD627793A3E4A275AFAE7F213910B8E4E676F2F1A;2025-11-20 10:21:30.997;TELEFÔNICO;NÃO;TERCEIRO;CASA DO SUSPEITO;BR | BRASIL;RJ;DENUNCIANTE NÃO SOUBE INFORMAR;DIARIAMENTE;HÁ MAIS DE SEIS MESES;1;VIOLÊNCIA CONTRA CRIANÇA OU ADOLESCENTE;;OUTROS;COMUNIDADE/FAMÍLIA;;NÃO INFORMADO;CRIANÇA/ADOLESCENTE IDADE NÃO INFORMADA;BR | BRASIL;;;;;;;NÃO INFORMADO;PT | PORTUGAL;DENUNCIANTE NÃO SOUBE INFORMAR;DENUNCIANTE NÃO SOUBE INFORMAR;;;;NÃO INFORMADO;;;PESSOA FÍSICA;MASCULINO;NÃO;50 A 54 ANOS;BR | BRASIL;;;;;NÃO;;NÃO;BR | BRASIL;RJ;;NÃO SABE INFORMAR;;;PARDA;;;;;;;LIBERDADE>DIREITOS INDIVIDUAIS>TRÁFICO DE CRIANÇAS - INTERNACIONAL
034193F71164C439D400CB043EAA47EB83C7B6F802B15BFB125CE7B7E5A54AEA;2025-11-20 10:21:30.997;TELEFÔNICO;NÃO;TERCEIRO;CASA DO SUSPEITO;BR | BRASIL;RJ;DENUNCIANTE NÃO SOUBE INFORMAR;DIARIAMENTE;HÁ MAIS DE SEIS MESES;1;VIOLÊNCIA CONTRA CRIANÇA OU ADOLESCENTE;;OUTROS;COMUNIDADE/FAMÍLIA;;NÃO INFORMADO;CRIANÇA/ADOLESCENTE IDADE NÃO INFORMADA;BR | BRASIL;;;;;;;NÃO INFORMADO;PT | PORTUGAL;DENUNCIANTE NÃO SOUBE INFORMAR;DENUNCIANTE NÃO SOUBE INFORMAR;;;;NÃO INFORMADO;;;PESSOA FÍSICA;MASCULINO;NÃO;70 A 74 ANOS;BR | BRASIL;;;;;NÃO;;NÃO;BR | BRASIL;RJ;;OUTROS NÃO LISTADOS;;;PARDA;;;;;;;LIBERDADE>DIREITOS INDIVIDUAIS>TRÁFICO DE CRIANÇAS - INTERNACIONAL
008018753CD35B02EE9F3DCC7C38523BD586F671F8794A0748E157CD8749F1DB;2025-11-20 10:21:30.997;TELEFÔNICO;NÃO;TERCEIRO;CASA DO SUSPEITO;BR | BRASIL;RJ;DENUNCIANTE NÃO SOUBE INFORMAR;DIARIAMENTE;HÁ MAIS DE SEIS MESES;1;VIOLÊNCIA CONTRA CRIANÇA OU ADOLESCENTE;;OUTROS;COMUNIDADE/FAMÍLIA;;NÃO INFORMADO;CRIANÇA/ADOLESCENTE IDADE NÃO INFORMADA;BR | BRASIL;;;;;;;NÃO INFORMADO;PT | PORTUGAL;DENUNCIANTE NÃO SOUBE INFORMAR;DENUNCIANTE NÃO SOUBE INFORMAR;;;;NÃO INFORMADO;;;PESSOA FÍSICA;MASCULINO;NÃO;65 A 69 ANOS;BR | BRASIL;;;;;NÃO;;NÃO;BR | BRASIL;RJ;DENUNCIANTE NÃO SOUBE INFORMAR;OUTROS NÃO LISTADOS;;;BRANCA;;;;;;;LIBERDADE>DIREITOS INDIVIDUAIS>TRÁFICO DE CRIANÇAS - INTERNACIONAL
B26E96AF1A29DE01AA91B5B374D4EE421AB42569696F73EB1B446734B31A1880;2025-11-22 04:00:12.230;TELEFÔNICO;NÃO;TERCEIRO;CASA DA VÍTIMA;BR | BRASIL;RJ;3304557 | RIO DE JANEIRO;DIARIAMENTE;HÁ UM MÊS;2;VIOLÊNCIA CONTRA A MULHER;;DESCONHECIDO(A);PESSOA FÍSICA;FEMININO;NÃO;20 A 24 ANOS;BR | BRASIL;;;;;NÃO;;NÃO;BR | BRASIL;RJ;3304557 | RIO DE JANEIRO;;;;PARDA;;;PESSOA FÍSICA;FEMININO;NÃO;NÃO INFORMADO;BR | BRASIL;;;;;NÃO;;;BR | BRASIL;ATENDIMENTO INTERROMPIDO;ATENDIMENTO INTERROMPIDO;;;;NÃO INFORMADO;;;;;;;LIBERDADE>DIREITOS INDIVIDUAIS>TRÁFICO DE PESSOAS - NACIONAL
A35471D74F88A29235C7CE6672F4752B16D2E6B7CC546882975DCB8806C66AF6;2025-11-22 04:00:12.230;TELEFÔNICO;NÃO;TERCEIRO;CASA DA VÍTIMA;BR | BRASIL;RJ;3304557 | RIO DE JANEIRO;DIARIAMENTE;HÁ UM MÊS;2;VIOLÊNCIA CONTRA A MULHER;;DESCONHECIDO(A);PESSOA FÍSICA;FEMININO;NÃO;20 A 24 ANOS;BR | BRASIL;;;;;NÃO;;NÃO;BR | BRASIL;RJ;3304557 | RIO DE JANEIRO;;;;PARDA;;;PESSOA FÍSICA;FEMININO;NÃO;NÃO INFORMADO;BR | BRASIL;;;;;NÃO;;NÃO INFORMADO;BR | BRASIL;RJ;;NÃO SABE INFORMAR;;;NÃO INFORMADO;;;;;;;LIBERDADE>DIREITOS INDIVIDUAIS>TRÁFICO DE PESSOAS - NACIONAL
3992A25E3918D7E5D894AD1C5273285EB696FD235B33F8D87525FD8732AE6520;2025-11-22 04:00:12.230;TELEFÔNICO;NÃO;TERCEIRO;CASA DA VÍTIMA;BR | BRASIL;RJ;3304557 | RIO DE JANEIRO;NÃO SABE INFORMAR;NÃO SABE INFORMAR;2;VIOLÊNCIA CONTRA CIDADÃO, FAMÍLIA OU COMUNIDADE;;DESCONHECIDO(A);PESSOA FÍSICA;MASCULINO;NÃO;20 A 24 ANOS;BR | BRASIL;;;;;NÃO;;NÃO;BR | BRASIL;RJ;3304557 | RIO DE JANEIRO;;;;PARDA;;;PESSOA FÍSICA;FEMININO;NÃO;NÃO INFORMADO;BR | BRASIL;;;;;NÃO;;NÃO INFORMADO;BR | BRASIL;RJ;;NÃO SABE INFORMAR;;;NÃO INFORMADO;;;;;;;LIBERDADE>DIREITOS INDIVIDUAIS>TRÁFICO DE PESSOAS - NACIONAL
979A5E1608D177FBE7407E049F8183461625D2C82C56AC7A92304F73D4CA5B36;2025-11-22 04:00:12.230;TELEFÔNICO;NÃO;TERCEIRO;CASA DA VÍTIMA;BR | BRASIL;RJ;3304557 | RIO DE JANEIRO;NÃO SABE INFORMAR;NÃO SABE INFORMAR;2;VIOLÊNCIA CONTRA CIDADÃO, FAMÍLIA OU COMUNIDADE;;DESCONHECIDO(A);PESSOA FÍSICA;MASCULINO;NÃO;20 A 24 ANOS;BR | BRASIL;;;;;NÃO;;NÃO;BR | BRASIL;RJ;3304557 | RIO DE JANEIRO;;;;PARDA;;;PESSOA FÍSICA;MASCULINO;NÃO;NÃO INFORMADO;BR | BRASIL;;;;;NÃO;;NÃO INFORMADO;BR | BRASIL;ATENDIMENTO INTERROMPIDO;ATENDIMENTO INTERROMPIDO;NÃO SABE INFORMAR;;;NÃO INFORMADO;;;;;;;LIBERDADE>DIREITOS INDIVIDUAIS>TRÁFICO DE PESSOAS - NACIONAL
EAD60C67E6F695B8EB578F54631EF5AE3EEE23AB1F7FB92CF99BBC4D87F23182;2025-11-22 04:00:12.230;TELEFÔNICO;NÃO;TERCEIRO;CASA DA VÍTIMA;BR | BRASIL;RJ;3304557 | RIO DE JANEIRO;NÃO SABE INFORMAR;NÃO SABE INFORMAR;2;VIOLÊNCIA CONTRA CIDADÃO, FAMÍLIA OU COMUNIDADE;;DESCONHECIDO(A);PESSOA FÍSICA;MASCULINO;NÃO;20 A 24 ANOS;BR | BRASIL;;;;;NÃO;;NÃO;BR | BRASIL;RJ;3304557 | RIO DE JANEIRO;;;;PARDA;;;PESSOA FÍSICA;FEMININO;NÃO;NÃO INFORMADO;BR | BRASIL;;;;;NÃO;;;BR | BRASIL;ATENDIMENTO INTERROMPIDO;ATENDIMENTO INTERROMPIDO;;;;NÃO INFORMADO;;;;;;;LIBERDADE>DIREITOS INDIVIDUAIS>TRÁFICO DE PESSOAS - NACIONAL
FD5F1403C02C28DBF12FF00669D9749A663512F59F51C178932E46318648F38D;2025-11-22 04:00:12.230;TELEFÔNICO;NÃO;TERCEIRO;CASA DA VÍTIMA;BR | BRASIL;RJ;3304557 | RIO DE JANEIRO;DIARIAMENTE;HÁ UM MÊS;2;VIOLÊNCIA CONTRA A MULHER;;DESCONHECIDO(A);PESSOA FÍSICA;FEMININO;NÃO;20 A 24 ANOS;BR | BRASIL;;;;;NÃO;;NÃO;BR | BRASIL;RJ;3304557 | RIO DE JANEIRO;;;;PARDA;;;PESSOA FÍSICA;MASCULINO;NÃO;NÃO INFORMADO;BR | BRASIL;;;;;NÃO;;NÃO INFORMADO;BR | BRASIL;ATENDIMENTO INTERROMPIDO;ATENDIMENTO INTERROMPIDO;NÃO SABE INFORMAR;;;NÃO INFORMADO;;;;;;;LIBERDADE>DIREITOS INDIVIDUAIS>TRÁFICO DE PESSOAS - NACIONAL
D419352F7AF3046E1BA0D0C279ACE3DCB7CFE1E6F7D1E96A6DA50277C45AF47B;2025-11-22 14:33:38.337;TELEFÔNICO;NÃO;TERCEIRO;AMBIENTE VIRTUAL (NO ÂMBITO DA INTERNET);BR | BRASIL;RJ;3304557 | RIO DE JANEIRO;NÃO SABE INFORMAR;NÃO SABE INFORMAR;1;VIOLÊNCIA CONTRA A MULHER;;OUTROS;PESSOA FÍSICA;FEMININO;NÃO;30 A 34 ANOS;BR | BRASIL;;;;;NÃO;;NÃO;BR | BRASIL;RJ;3304557 | RIO DE JANEIRO;;;;NÃO INFORMADO;;;PESSOA FÍSICA;FEMININO;NÃO;;BR | BRASIL;;;;;NÃO;;;BR | BRASIL;RJ;3304557 | RIO DE JANEIRO;;;;;;;;;;;LIBERDADE>DIREITOS INDIVIDUAIS>TRÁFICO DE PESSOAS - INTERNACIONAL
D419352F7AF3046E1BA0D0C279ACE3DCB7CFE1E6F7D1E96A6DA50277C45AF47B;2025-11-22 14:33:38.337;TELEFÔNICO;NÃO;TERCEIRO;AMBIENTE VIRTUAL (NO ÂMBITO DA INTERNET);BR | BRASIL;RJ;3304557 | RIO DE JANEIRO;NÃO SABE INFORMAR;NÃO SABE INFORMAR;1;VIOLÊNCIA CONTRA A MULHER;;OUTROS;PESSOA FÍSICA;FEMININO;NÃO;30 A 34 ANOS;BR | BRASIL;;;;;NÃO;;NÃO;BR | BRASIL;RJ;3304557 | RIO DE JANEIRO;;;;NÃO INFORMADO;;;PESSOA FÍSICA;FEMININO;NÃO;;BR | BRASIL;;;;;NÃO;;;BR | BRASIL;RJ;3304557 | RIO DE JANEIRO;;;;;;;;;;;LIBERDADE>DIREITOS INDIVIDUAIS>TRÁFICO DE MULHERES - INTERNACIONAL
8B4FEC783E6FFB0DF6F796F48E5B4C90D8A69CE13EA38D14EE126CAF23B5E508;2025-11-24 12:22:57.667;TELEFÔNICO;NÃO;TERCEIRO;CASA DO SUSPEITO;BR | BRASIL;SP;3509502 | CAMPINAS;DIARIAMENTE;HÁ UM MÊS;1;VIOLÊNCIA CONTRA CIDADÃO, FAMÍLIA OU COMUNIDADE;;OUTROS;COMUNIDADE/FAMÍLIA;;;18 A 19 ANOS;BR | BRASIL;;;;;;;;BR | BRASIL;SP;3509502 | CAMPINAS;;;;NÃO INFORMADO;;;PESSOA FÍSICA;MASCULINO;NÃO;;BR | BRASIL;;;;;NÃO;;;BR | BRASIL;SP;3509502 | CAMPINAS;;;;;;;;;;;LIBERDADE>DIREITOS INDIVIDUAIS>TRÁFICO DE PESSOAS - INTERNACIONAL
40F5CBD326006C5430C31CE0B6A2434FAA6C27FA32FE63F88B215F8501D0E368;2025-11-26 13:25:30.413;WHATSAPP;NÃO;A PRÓPRIA VÍTIMA;OUTROS;FR | FRANÇA;;;DIARIAMENTE;HÁ UM MÊS;2;VIOLÊNCIA CONTRA PESSOA IDOSA;;OUTROS;PESSOA FÍSICA;FEMININO;NÃO;60 A 64 ANOS;BR | BRASIL;;;;;NÃO;;NÃO;FR | FRANÇA;;;;;;BRANCA;;;PESSOA JURÍDICA DE DIREITO PRIVADO;;;;FR | FRANÇA;;;;;;;;FR | FRANÇA;DENUNCIANTE NÃO SOUBE INFORMAR;DENUNCIANTE NÃO SOUBE INFORMAR;;;;;;;;ORGANISMOS INTERNACIONAIS E OUTRAS INSTITUIÇÕES EXTRATERRITORIAIS;;;LIBERDADE>DIREITOS INDIVIDUAIS>TRÁFICO DE PESSOAS - INTERNACIONAL
40F5CBD326006C5430C31CE0B6A2434FAA6C27FA32FE63F88B215F8501D0E368;2025-11-26 13:25:30.413;WHATSAPP;NÃO;A PRÓPRIA VÍTIMA;OUTROS;FR | FRANÇA;;;DIARIAMENTE;HÁ UM MÊS;2;VIOLÊNCIA CONTRA PESSOA IDOSA;;OUTROS;PESSOA FÍSICA;FEMININO;NÃO;60 A 64 ANOS;BR | BRASIL;;;;;NÃO;;NÃO;FR | FRANÇA;;;;;;BRANCA;;;PESSOA JURÍDICA DE DIREITO PRIVADO;;;;FR | FRANÇA;;;;;;;;FR | FRANÇA;DENUNCIANTE NÃO SOUBE INFORMAR;DENUNCIANTE NÃO SOUBE INFORMAR;;;;;;;;ORGANISMOS INTERNACIONAIS E OUTRAS INSTITUIÇÕES EXTRATERRITORIAIS;;;LIBERDADE>DIREITOS INDIVIDUAIS>TRÁFICO DE MULHERES - INTERNACIONAL
DEF19DEDC0DF94CBFD9DD82854D6FC5A35643029A9FF9E2462914AEEC86DDC67;2025-11-26 13:25:30.413;WHATSAPP;NÃO;A PRÓPRIA VÍTIMA;OUTROS;FR | FRANÇA;DENUNCIANTE NÃO SOUBE INFORMAR;DENUNCIANTE NÃO SOUBE INFORMAR;DIARIAMENTE;HÁ MAIS DE UM ANO;2;VIOLÊNCIA CONTRA A MULHER;;OUTROS;PESSOA FÍSICA;FEMININO;NÃO;25 A 29 ANOS;BR | BRASIL;;;;;NÃO;;NÃO;BR | BRASIL;PB;2504009 | CAMPINA GRANDE;;;;PARDA;;;PESSOA JURÍDICA DE DIREITO PRIVADO;;;;FR | FRANÇA;;;;;;;;FR | FRANÇA;DENUNCIANTE NÃO SOUBE INFORMAR;DENUNCIANTE NÃO SOUBE INFORMAR;;;;;;;;ORGANISMOS INTERNACIONAIS E OUTRAS INSTITUIÇÕES EXTRATERRITORIAIS;;;LIBERDADE>DIREITOS INDIVIDUAIS>TRÁFICO DE PESSOAS - INTERNACIONAL
DEF19DEDC0DF94CBFD9DD82854D6FC5A35643029A9FF9E2462914AEEC86DDC67;2025-11-26 13:25:30.413;WHATSAPP;NÃO;A PRÓPRIA VÍTIMA;OUTROS;FR | FRANÇA;DENUNCIANTE NÃO SOUBE INFORMAR;DENUNCIANTE NÃO SOUBE INFORMAR;DIARIAMENTE;HÁ MAIS DE UM ANO;2;VIOLÊNCIA CONTRA A MULHER;;OUTROS;PESSOA FÍSICA;FEMININO;NÃO;25 A 29 ANOS;BR | BRASIL;;;;;NÃO;;NÃO;BR | BRASIL;PB;2504009 | CAMPINA GRANDE;;;;PARDA;;;PESSOA JURÍDICA DE DIREITO PRIVADO;;;;FR | FRANÇA;;;;;;;;FR | FRANÇA;DENUNCIANTE NÃO SOUBE INFORMAR;DENUNCIANTE NÃO SOUBE INFORMAR;;;;;;;;ORGANISMOS INTERNACIONAIS E OUTRAS INSTITUIÇÕES EXTRATERRITORIAIS;;;LIBERDADE>DIREITOS INDIVIDUAIS>TRÁFICO DE MULHERES - INTERNACIONAL
FEDC2EBF0898751BD4DC714C4D0000AEE230B694F053734CB5D2D2A67C0AF5AD;2025-11-30 11:10:00.957;TELEFÔNICO;NÃO;TERCEIRO;CASA DA VÍTIMA;BR | BRASIL;MG;3136702 | JUIZ DE FORA;DIARIAMENTE;HÁ MAIS DE UM ANO;2;VIOLÊNCIA CONTRA CRIANÇA OU ADOLESCENTE;OUTRO(S) ELEMENTO(S);OUTROS;PESSOA FÍSICA;MASCULINO;;11 ANOS;BR | BRASIL;;;;NÃO;NÃO;;;BR | BRASIL;MG;3136702 | JUIZ DE FORA;;;;PRETA;;;ÓRGÃO PÚBLICO;;;;BR | BRASIL;;;;;;;;BR | BRASIL;MG;3136702 | JUIZ DE FORA;;;;;;;;PODER EXECUTIVO EM GERAL ? ESTADUAL/DISTRITO FEDERAL;;;LIBERDADE>DIREITOS INDIVIDUAIS>TRÁFICO DE CRIANÇAS - NACIONAL
63307F7A5D0F9B1DAA5A84416532A5F7901E8D4D6336D80269C50C4706D39346;2025-11-30 11:10:00.957;TELEFÔNICO;NÃO;TERCEIRO;CASA DA VÍTIMA;BR | BRASIL;MG;3136702 | JUIZ DE FORA;DIARIAMENTE;HÁ MAIS DE UM ANO;2;VIOLÊNCIA CONTRA CRIANÇA OU ADOLESCENTE;OUTRO(S) ELEMENTO(S);OUTROS;PESSOA FÍSICA;MASCULINO;;11 ANOS;BR | BRASIL;;;;NÃO;NÃO;;;BR | BRASIL;MG;3136702 | JUIZ DE FORA;;;;BRANCA;;;ÓRGÃO PÚBLICO;;;;BR | BRASIL;;;;;;;;BR | BRASIL;MG;3136702 | JUIZ DE FORA;;;;;;;;AGÊNCIA REGULADORA ? ESTADUAL/DISTRITO FEDERAL;;;LIBERDADE>DIREITOS INDIVIDUAIS>TRÁFICO DE CRIANÇAS - NACIONAL
7123E5E9F1791B2D48D58A1DD73D66EF4594DB7806C296C6A03AAD1C8BAD7E90;2025-11-30 11:10:00.957;TELEFÔNICO;NÃO;TERCEIRO;CASA DA VÍTIMA;BR | BRASIL;MG;3136702 | JUIZ DE FORA;DIARIAMENTE;HÁ MAIS DE UM ANO;2;VIOLÊNCIA CONTRA CRIANÇA OU ADOLESCENTE;OUTRO(S) ELEMENTO(S);OUTROS;PESSOA FÍSICA;MASCULINO;;11 ANOS;BR | BRASIL;;;;NÃO;NÃO;;;BR | BRASIL;MG;3136702 | JUIZ DE FORA;;;;PRETA;;;PESSOA FÍSICA;FEMININO;NÃO;;BR | BRASIL;;;;NÃO;NÃO;;;BR | BRASIL;MG;3136702 | JUIZ DE FORA;NÃO SABE INFORMAR;;;;;;;;;;LIBERDADE>DIREITOS INDIVIDUAIS>TRÁFICO DE CRIANÇAS - NACIONAL
FEDC2EBF0898751BD4DC714C4D0000AEE230B694F053734CB5D2D2A67C0AF5AD;2025-11-30 11:10:00.957;TELEFÔNICO;NÃO;TERCEIRO;CASA DA VÍTIMA;BR | BRASIL;MG;3136702 | JUIZ DE FORA;DIARIAMENTE;HÁ MAIS DE UM ANO;2;VIOLÊNCIA CONTRA CRIANÇA OU ADOLESCENTE;OUTRO(S) ELEMENTO(S);OUTROS;PESSOA FÍSICA;MASCULINO;;11 ANOS;BR | BRASIL;;;;NÃO;NÃO;;;BR | BRASIL;MG;3136702 | JUIZ DE FORA;;;;PRETA;;;ÓRGÃO PÚBLICO;;;;BR | BRASIL;;;;;;;;BR | BRASIL;MG;3136702 | JUIZ DE FORA;;;;;;;;AGÊNCIA REGULADORA ? ESTADUAL/DISTRITO FEDERAL;;;LIBERDADE>DIREITOS INDIVIDUAIS>TRÁFICO DE CRIANÇAS - NACIONAL
63307F7A5D0F9B1DAA5A84416532A5F7901E8D4D6336D80269C50C4706D39346;2025-11-30 11:10:00.957;TELEFÔNICO;NÃO;TERCEIRO;CASA DA VÍTIMA;BR | BRASIL;MG;3136702 | JUIZ DE FORA;DIARIAMENTE;HÁ MAIS DE UM ANO;2;VIOLÊNCIA CONTRA CRIANÇA OU ADOLESCENTE;OUTRO(S) ELEMENTO(S);OUTROS;PESSOA FÍSICA;MASCULINO;;11 ANOS;BR | BRASIL;;;;NÃO;NÃO;;;BR | BRASIL;MG;3136702 | JUIZ DE FORA;;;;BRANCA;;;ÓRGÃO PÚBLICO;;;;BR | BRASIL;;;;;;;;BR | BRASIL;RJ;3303906 | PETRÓPOLIS;;;;;;;;PODER EXECUTIVO EM GERAL ? ESTADUAL/DISTRITO FEDERAL;;;LIBERDADE>DIREITOS INDIVIDUAIS>TRÁFICO DE CRIANÇAS - NACIONAL
718B3358927BA4B87287BCC98D387CF9B5230AE72B8BC2D5AB4C5375F307D07B;2025-11-30 11:10:00.957;TELEFÔNICO;NÃO;TERCEIRO;CASA DA VÍTIMA;BR | BRASIL;MG;3136702 | JUIZ DE FORA;DIARIAMENTE;HÁ MAIS DE UM ANO;2;VIOLÊNCIA CONTRA CRIANÇA OU ADOLESCENTE;OUTRO(S) ELEMENTO(S);OUTROS;PESSOA FÍSICA;MASCULINO;;11 ANOS;BR | BRASIL;;;;NÃO;NÃO;;;BR | BRASIL;MG;3136702 | JUIZ DE FORA;;;;PRETA;;;ÓRGÃO PÚBLICO;;;;BR | BRASIL;;;;;;;;BR | BRASIL;MG;3136702 | JUIZ DE FORA;;;;;;;;PODER EXECUTIVO EM GERAL ? ESTADUAL/DISTRITO FEDERAL;;;LIBERDADE>DIREITOS INDIVIDUAIS>TRÁFICO DE CRIANÇAS - NACIONAL
0B7F7A28E95E9C8A115F6957981AC3430769FDCF34BAB8A694DF59194260E677;2025-11-30 11:10:00.957;TELEFÔNICO;NÃO;TERCEIRO;CASA DA VÍTIMA;BR | BRASIL;MG;3136702 | JUIZ DE FORA;DIARIAMENTE;HÁ MAIS DE UM ANO;2;VIOLÊNCIA CONTRA CRIANÇA OU ADOLESCENTE;OUTRO(S) ELEMENTO(S);OUTROS;PESSOA FÍSICA;MASCULINO;;11 ANOS;BR | BRASIL;;;;NÃO;NÃO;;;BR | BRASIL;MG;3136702 | JUIZ DE FORA;;;;BRANCA;;;ÓRGÃO PÚBLICO;;;;BR | BRASIL;;;;;;;;BR | BRASIL;MG;3136702 | JUIZ DE FORA;;;;;;;;PODER EXECUTIVO EM GERAL ? ESTADUAL/DISTRITO FEDERAL;;;LIBERDADE>DIREITOS INDIVIDUAIS>TRÁFICO DE CRIANÇAS - NACIONAL
FEDC2EBF0898751BD4DC714C4D0000AEE230B694F053734CB5D2D2A67C0AF5AD;2025-11-30 11:10:00.957;TELEFÔNICO;NÃO;TERCEIRO;CASA DA VÍTIMA;BR | BRASIL;MG;3136702 | JUIZ DE FORA;DIARIAMENTE;HÁ MAIS DE UM ANO;2;VIOLÊNCIA CONTRA CRIANÇA OU ADOLESCENTE;OUTRO(S) ELEMENTO(S);OUTROS;PESSOA FÍSICA;MASCULINO;;11 ANOS;BR | BRASIL;;;;NÃO;NÃO;;;BR | BRASIL;MG;3136702 | JUIZ DE FORA;;;;PRETA;;;ÓRGÃO PÚBLICO;;;;BR | BRASIL;;;;;;;;BR | BRASIL;RJ;3303906 | PETRÓPOLIS;;;;;;;;PODER EXECUTIVO EM GERAL ? ESTADUAL/DISTRITO FEDERAL;;;LIBERDADE>DIREITOS INDIVIDUAIS>TRÁFICO DE CRIANÇAS - NACIONAL
9B56786264AF2E6CCBF25B8A3D4BCB4F1927D793418F8FFDF5CA3F29672E8512;2025-11-30 11:10:00.957;TELEFÔNICO;NÃO;TERCEIRO;CASA DA VÍTIMA;BR | BRASIL;MG;3136702 | JUIZ DE FORA;DIARIAMENTE;HÁ MAIS DE UM ANO;2;VIOLÊNCIA CONTRA CRIANÇA OU ADOLESCENTE;OUTRO(S) ELEMENTO(S);OUTROS;PESSOA FÍSICA;MASCULINO;;11 ANOS;BR | BRASIL;;;;NÃO;NÃO;;;BR | BRASIL;MG;3136702 | JUIZ DE FORA;;;;BRANCA;;;PESSOA FÍSICA;FEMININO;NÃO;;BR | BRASIL;;;;NÃO;NÃO;;;BR | BRASIL;MG;3136702 | JUIZ DE FORA;NÃO SABE INFORMAR;;;;;;;;;;LIBERDADE>DIREITOS INDIVIDUAIS>TRÁFICO DE CRIANÇAS - NACIONAL
DD31BF1FDFF83081183D18A5611361BFA087B21640EA9099A1A51D2B47AD7219;2025-11-30 11:10:00.957;TELEFÔNICO;NÃO;TERCEIRO;CASA DA VÍTIMA;BR | BRASIL;MG;3136702 | JUIZ DE FORA;DIARIAMENTE;HÁ MAIS DE UM ANO;2;VIOLÊNCIA CONTRA CRIANÇA OU ADOLESCENTE;OUTRO(S) ELEMENTO(S);OUTROS;PESSOA FÍSICA;MASCULINO;;11 ANOS;BR | BRASIL;;;;NÃO;NÃO;;;BR | BRASIL;MG;3136702 | JUIZ DE FORA;;;;BRANCA;;;PESSOA FÍSICA;FEMININO;NÃO;;BR | BRASIL;;;;NÃO;NÃO;;;BR | BRASIL;MG;3136702 | JUIZ DE FORA;NÃO SABE INFORMAR;;;;;;;;;;LIBERDADE>DIREITOS INDIVIDUAIS>TRÁFICO DE CRIANÇAS - NACIONAL
5E1CD333C74329282E2F293C4818610A674D049F1533EC3A5CEEB9C8E0CEC50B;2025-11-30 11:10:00.957;TELEFÔNICO;NÃO;TERCEIRO;CASA DA VÍTIMA;BR | BRASIL;MG;3136702 | JUIZ DE FORA;DIARIAMENTE;HÁ MAIS DE UM ANO;2;VIOLÊNCIA CONTRA CRIANÇA OU ADOLESCENTE;OUTRO(S) ELEMENTO(S);OUTROS;PESSOA FÍSICA;MASCULINO;;11 ANOS;BR | BRASIL;;;;NÃO;NÃO;;;BR | BRASIL;MG;3136702 | JUIZ DE FORA;;;;PRETA;;;ÓRGÃO PÚBLICO;;;;BR | BRASIL;;;;;;;;BR | BRASIL;MG;3136702 | JUIZ DE FORA;;;;;;;;PODER EXECUTIVO EM GERAL - MUNICIPAL;;;LIBERDADE>DIREITOS INDIVIDUAIS>TRÁFICO DE CRIANÇAS - NACIONAL
63307F7A5D0F9B1DAA5A84416532A5F7901E8D4D6336D80269C50C4706D39346;2025-11-30 11:10:00.957;TELEFÔNICO;NÃO;TERCEIRO;CASA DA VÍTIMA;BR | BRASIL;MG;3136702 | JUIZ DE FORA;DIARIAMENTE;HÁ MAIS DE UM ANO;2;VIOLÊNCIA CONTRA CRIANÇA OU ADOLESCENTE;OUTRO(S) ELEMENTO(S);OUTROS;PESSOA FÍSICA;MASCULINO;;11 ANOS;BR | BRASIL;;;;NÃO;NÃO;;;BR | BRASIL;MG;3136702 | JUIZ DE FORA;;;;BRANCA;;;ÓRGÃO PÚBLICO;;;;BR | BRASIL;;;;;;;;BR | BRASIL;MG;3136702 | JUIZ DE FORA;;;;;;;;PODER EXECUTIVO EM GERAL ? ESTADUAL/DISTRITO FEDERAL;;;LIBERDADE>DIREITOS INDIVIDUAIS>TRÁFICO DE CRIANÇAS - NACIONAL
7B5BEC8DB8B194D700164022B2DB3DFE561F72A47323AF850C7D3C0BDA37171F;2025-11-30 11:10:00.957;TELEFÔNICO;NÃO;TERCEIRO;CASA DA VÍTIMA;BR | BRASIL;MG;3136702 | JUIZ DE FORA;DIARIAMENTE;HÁ MAIS DE UM ANO;2;VIOLÊNCIA CONTRA CRIANÇA OU ADOLESCENTE;OUTRO(S) ELEMENTO(S);OUTROS;PESSOA FÍSICA;MASCULINO;;11 ANOS;BR | BRASIL;;;;NÃO;NÃO;;;BR | BRASIL;MG;3136702 | JUIZ DE FORA;;;;PRETA;;;PESSOA FÍSICA;FEMININO;NÃO;;BR | BRASIL;;;;NÃO;NÃO;;;BR | BRASIL;MG;3136702 | JUIZ DE FORA;NÃO SABE INFORMAR;;;;;;;;;;LIBERDADE>DIREITOS INDIVIDUAIS>TRÁFICO DE CRIANÇAS - NACIONAL
B9384A14D4CB96D402091C8DAD82DD9789EFBD5B9C1ECDD155A9A4ADFA593F74;2025-11-30 11:10:00.957;TELEFÔNICO;NÃO;TERCEIRO;CASA DA VÍTIMA;BR | BRASIL;MG;3136702 | JUIZ DE FORA;DIARIAMENTE;HÁ MAIS DE UM ANO;2;VIOLÊNCIA CONTRA CRIANÇA OU ADOLESCENTE;OUTRO(S) ELEMENTO(S);OUTROS;PESSOA FÍSICA;MASCULINO;;11 ANOS;BR | BRASIL;;;;NÃO;NÃO;;;BR | BRASIL;MG;3136702 | JUIZ DE FORA;;;;BRANCA;;;ÓRGÃO PÚBLICO;;;;BR | BRASIL;;;;;;;;BR | BRASIL;MG;3136702 | JUIZ DE FORA;;;;;;;;PODER EXECUTIVO EM GERAL - MUNICIPAL;;;LIBERDADE>DIREITOS INDIVIDUAIS>TRÁFICO DE CRIANÇAS - NACIONAL
6B874F29B960A98F05DD90A9474CED8965EB6AA449755608E2F355E580A1A6C1;2025-12-02 11:49:19.127;WHATSAPP;NÃO;TERCEIRO;OUTROS;CH | SUÍÇA;;;DIARIAMENTE;HÁ MAIS DE UM ANO;2;VIOLÊNCIA CONTRA A MULHER;;OUTROS FAMILIARES;PESSOA FÍSICA;FEMININO;NÃO;25 A 29 ANOS;BR | BRASIL;;;;;NÃO;;NÃO;BR | BRASIL;BA;2927408 | SALVADOR;;;;NÃO INFORMADO;;;PESSOA FÍSICA;MASCULINO;NÃO;;BR | BRASIL;;;;;NÃO;;NÃO;BR | BRASIL;GO;5208707 | GOIÂNIA;OUTROS NÃO LISTADOS;;;;;;;;;;LIBERDADE>DIREITOS INDIVIDUAIS>TRÁFICO DE MULHERES - INTERNACIONAL
7FF6FD1CACA243531F393332FCE6FF0937669E5B4119F6BACE6174AD6B51735E;2025-12-02 11:49:19.127;WHATSAPP;NÃO;TERCEIRO;OUTROS;CH | SUÍÇA;;;DIARIAMENTE;HÁ MAIS DE UM ANO;2;VIOLÊNCIA CONTRA A MULHER;;OUTROS FAMILIARES;PESSOA FÍSICA;FEMININO;NÃO;25 A 29 ANOS;BR | BRASIL;;;;;NÃO;;NÃO;BR | BRASIL;BA;2927408 | SALVADOR;;;;NÃO INFORMADO;;;PESSOA FÍSICA;FEMININO;NÃO;30 A 34 ANOS;BR | BRASIL;;;;;NÃO;;NÃO;BR | BRASIL;BA;2927408 | SALVADOR;OUTROS NÃO LISTADOS;;;PRETA;;;;;;;LIBERDADE>DIREITOS INDIVIDUAIS>TRÁFICO DE MULHERES - INTERNACIONAL
8C9A3B8F7AC4E0E8928062BA5E154A0FF27696CC3BFCFF2A1F4E91FC3E57256D;2025-12-02 11:49:19.127;WHATSAPP;NÃO;TERCEIRO;OUTROS;CH | SUÍÇA;;;DIARIAMENTE;HÁ MAIS DE UM ANO;2;VIOLÊNCIA CONTRA A MULHER;;OUTROS FAMILIARES;PESSOA FÍSICA;FEMININO;NÃO;25 A 29 ANOS;BR | BRASIL;;;;;NÃO;;NÃO;BR | BRASIL;BA;2927408 | SALVADOR;;;;NÃO INFORMADO;;;PESSOA FÍSICA;FEMININO;NÃO;50 A 54 ANOS;BR | BRASIL;;;;;NÃO;;NÃO;BR | BRASIL;BA;2927408 | SALVADOR;OUTROS NÃO LISTADOS;;;PRETA;;;;;;;LIBERDADE>DIREITOS INDIVIDUAIS>TRÁFICO DE MULHERES - INTERNACIONAL
0BD51434DBD2F1087DA89AA3CBA61EA0CB590413101D38FA5A7D7C8DCC07AAA4;2025-12-02 15:34:58.190;TELEFÔNICO;NÃO;TERCEIRO;CASA ONDE RESIDE A VÍTIMA E O SUSPEITO;BR | BRASIL;RS;4313409 | NOVO HAMBURGO;ÚNICA OCORRÊNCIA;NÃO SE APLICA;1;VIOLÊNCIA CONTRA CRIANÇA OU ADOLESCENTE;;OUTROS;PESSOA FÍSICA;FEMININO;;RECÉM-NASCIDO (ATÉ 28 DIAS);BR | BRASIL;;;;;NÃO;;;BR | BRASIL;RS;4313409 | NOVO HAMBURGO;;;;BRANCA;;;PESSOA FÍSICA;MASCULINO;NÃO;45 A 49 ANOS;BR | BRASIL;;;;;NÃO;;NÃO;BR | BRASIL;RS;4313409 | NOVO HAMBURGO;OUTROS NÃO LISTADOS;;;PARDA;;;;;;;LIBERDADE>DIREITOS INDIVIDUAIS>TRÁFICO DE CRIANÇAS - NACIONAL
19CE5EFBC00FDCF743FCD25E8E26998CA6B1ECE22B42711ABDB43C69BF905682;2025-12-05 23:23:56.117;TELEFÔNICO;NÃO;TERCEIRO;CASA DA VÍTIMA;BR | BRASIL;RJ;3304557 | RIO DE JANEIRO;DIARIAMENTE;HÁ MAIS DE UM ANO;2;VIOLÊNCIA CONTRA A MULHER;;PRIMO(A);PESSOA FÍSICA;FEMININO;NÃO;20 A 24 ANOS;BR | BRASIL;;;;;NÃO;;NÃO;BR | BRASIL;RJ;3304557 | RIO DE JANEIRO;;;;PARDA;;;PESSOA FÍSICA;FEMININO;NÃO;60 A 64 ANOS;BR | BRASIL;;;;;NÃO;;NÃO;BR | BRASIL;RJ;3304557 | RIO DE JANEIRO;;;;BRANCA;;;;;;;LIBERDADE>DIREITOS INDIVIDUAIS>TRÁFICO DE MULHERES - INTERNACIONAL
11CDAC8AA652BF5BB2C7114F53BADED9405C1BE27784B139EB26F6A40A15F4B9;2025-12-05 23:23:56.117;TELEFÔNICO;NÃO;TERCEIRO;CASA DA VÍTIMA;BR | BRASIL;RJ;3304557 | RIO DE JANEIRO;DIARIAMENTE;HÁ MAIS DE UM ANO;2;VIOLÊNCIA CONTRA CRIANÇA OU ADOLESCENTE;;PRIMO(A);PESSOA FÍSICA;FEMININO;NÃO;12 ANOS;BR | BRASIL;;;;;NÃO;;NÃO;BR | BRASIL;RJ;3304557 | RIO DE JANEIRO;;;;PARDA;;;PESSOA FÍSICA;FEMININO;NÃO;30 A 34 ANOS;BR | BRASIL;;;;;NÃO;;NÃO;BR | BRASIL;RJ;3304557 | RIO DE JANEIRO;OUTROS NÃO LISTADOS;;;PARDA;;;;;;;LIBERDADE>DIREITOS INDIVIDUAIS>TRÁFICO DE MULHERES - INTERNACIONAL
70C44DCF7411C95B5E44B38766715F4B0D742024F86ADAD0A01CBDE7B489B487;2025-12-05 23:23:56.117;TELEFÔNICO;NÃO;TERCEIRO;CASA DA VÍTIMA;BR | BRASIL;RJ;3304557 | RIO DE JANEIRO;DIARIAMENTE;HÁ MAIS DE UM ANO;2;VIOLÊNCIA CONTRA A MULHER;;PRIMO(A);PESSOA FÍSICA;FEMININO;NÃO;20 A 24 ANOS;BR | BRASIL;;;;;NÃO;;NÃO;BR | BRASIL;RJ;3304557 | RIO DE JANEIRO;;;;PARDA;;;PESSOA FÍSICA;FEMININO;NÃO;50 A 54 ANOS;BR | BRASIL;;;;;NÃO;;NÃO;BR | BRASIL;RJ;3304557 | RIO DE JANEIRO;OUTROS NÃO LISTADOS;;;BRANCA;;;;;;;LIBERDADE>DIREITOS INDIVIDUAIS>TRÁFICO DE MULHERES - INTERNACIONAL
19CE5EFBC00FDCF743FCD25E8E26998CA6B1ECE22B42711ABDB43C69BF905682;2025-12-05 23:23:56.117;TELEFÔNICO;NÃO;TERCEIRO;CASA DA VÍTIMA;BR | BRASIL;RJ;3304557 | RIO DE JANEIRO;DIARIAMENTE;HÁ MAIS DE UM ANO;2;VIOLÊNCIA CONTRA A MULHER;;PRIMO(A);PESSOA FÍSICA;FEMININO;NÃO;20 A 24 ANOS;BR | BRASIL;;;;;NÃO;;NÃO;BR | BRASIL;RJ;3304557 | RIO DE JANEIRO;;;;PARDA;;;PESSOA FÍSICA;FEMININO;NÃO;60 A 64 ANOS;BR | BRASIL;;;;;NÃO;;NÃO;BR | BRASIL;RJ;3304557 | RIO DE JANEIRO;;;;BRANCA;;;;;;;LIBERDADE>DIREITOS INDIVIDUAIS>TRÁFICO DE MULHERES - NACIONAL
76E0F608DE8F3A5DA10E0EC7B55D5B1FB780346165EF1946A41EC79DB352EA8D;2025-12-05 23:23:56.117;TELEFÔNICO;NÃO;TERCEIRO;CASA DA VÍTIMA;BR | BRASIL;RJ;3304557 | RIO DE JANEIRO;DIARIAMENTE;HÁ MAIS DE UM ANO;2;VIOLÊNCIA CONTRA CRIANÇA OU ADOLESCENTE;;PRIMO(A);PESSOA FÍSICA;FEMININO;NÃO;12 ANOS;BR | BRASIL;;;;;NÃO;;NÃO;BR | BRASIL;RJ;3304557 | RIO DE JANEIRO;;;;PARDA;;;PESSOA FÍSICA;FEMININO;NÃO;55 A 59 ANOS;BR | BRASIL;;;;;NÃO;;NÃO;BR | BRASIL;RJ;3304557 | RIO DE JANEIRO;DEFENSOR PÚBLICO;;;PARDA;;;;;;;LIBERDADE>DIREITOS INDIVIDUAIS>TRÁFICO DE CRIANÇAS - NACIONAL
76E0F608DE8F3A5DA10E0EC7B55D5B1FB780346165EF1946A41EC79DB352EA8D;2025-12-05 23:23:56.117;TELEFÔNICO;NÃO;TERCEIRO;CASA DA VÍTIMA;BR | BRASIL;RJ;3304557 | RIO DE JANEIRO;DIARIAMENTE;HÁ MAIS DE UM ANO;2;VIOLÊNCIA CONTRA CRIANÇA OU ADOLESCENTE;;PRIMO(A);PESSOA FÍSICA;FEMININO;NÃO;12 ANOS;BR | BRASIL;;;;;NÃO;;NÃO;BR | BRASIL;RJ;3304557 | RIO DE JANEIRO;;;;PARDA;;;PESSOA FÍSICA;FEMININO;NÃO;55 A 59 ANOS;BR | BRASIL;;;;;NÃO;;NÃO;BR | BRASIL;RJ;3304557 | RIO DE JANEIRO;DEFENSOR PÚBLICO;;;PARDA;;;;;;;LIBERDADE>DIREITOS INDIVIDUAIS>TRÁFICO DE MULHERES - INTERNACIONAL
70C44DCF7411C95B5E44B38766715F4B0D742024F86ADAD0A01CBDE7B489B487;2025-12-05 23:23:56.117;TELEFÔNICO;NÃO;TERCEIRO;CASA DA VÍTIMA;BR | BRASIL;RJ;3304557 | RIO DE JANEIRO;DIARIAMENTE;HÁ MAIS DE UM ANO;2;VIOLÊNCIA CONTRA A MULHER;;PRIMO(A);PESSOA FÍSICA;FEMININO;NÃO;20 A 24 ANOS;BR | BRASIL;;;;;NÃO;;NÃO;BR | BRASIL;RJ;3304557 | RIO DE JANEIRO;;;;PARDA;;;PESSOA FÍSICA;FEMININO;NÃO;50 A 54 ANOS;BR | BRASIL;;;;;NÃO;;NÃO;BR | BRASIL;RJ;3304557 | RIO DE JANEIRO;OUTROS NÃO LISTADOS;;;BRANCA;;;;;;;LIBERDADE>DIREITOS INDIVIDUAIS>TRÁFICO DE MULHERES - NACIONAL
11CDAC8AA652BF5BB2C7114F53BADED9405C1BE27784B139EB26F6A40A15F4B9;2025-12-05 23:23:56.117;TELEFÔNICO;NÃO;TERCEIRO;CASA DA VÍTIMA;BR | BRASIL;RJ;3304557 | RIO DE JANEIRO;DIARIAMENTE;HÁ MAIS DE UM ANO;2;VIOLÊNCIA CONTRA CRIANÇA OU ADOLESCENTE;;PRIMO(A);PESSOA FÍSICA;FEMININO;NÃO;12 ANOS;BR | BRASIL;;;;;NÃO;;NÃO;BR | BRASIL;RJ;3304557 | RIO DE JANEIRO;;;;PARDA;;;PESSOA FÍSICA;FEMININO;NÃO;30 A 34 ANOS;BR | BRASIL;;;;;NÃO;;NÃO;BR | BRASIL;RJ;3304557 | RIO DE JANEIRO;OUTROS NÃO LISTADOS;;;PARDA;;;;;;;LIBERDADE>DIREITOS INDIVIDUAIS>TRÁFICO DE CRIANÇAS - NACIONAL
AD829BC088D6E26E344E7EE35C9F1BC077B5435B1B74C010E1F0AEE62D069A58;2025-12-05 23:23:56.117;TELEFÔNICO;NÃO;TERCEIRO;CASA DA VÍTIMA;BR | BRASIL;RJ;3304557 | RIO DE JANEIRO;DIARIAMENTE;HÁ MAIS DE UM ANO;2;VIOLÊNCIA CONTRA CRIANÇA OU ADOLESCENTE;;PRIMO(A);PESSOA FÍSICA;FEMININO;NÃO;12 ANOS;BR | BRASIL;;;;;NÃO;;NÃO;BR | BRASIL;RJ;3304557 | RIO DE JANEIRO;;;;PARDA;;;PESSOA FÍSICA;FEMININO;NÃO;60 A 64 ANOS;BR | BRASIL;;;;;NÃO;;NÃO;BR | BRASIL;RJ;3304557 | RIO DE JANEIRO;;;;BRANCA;;;;;;;LIBERDADE>DIREITOS INDIVIDUAIS>TRÁFICO DE MULHERES - INTERNACIONAL
AD829BC088D6E26E344E7EE35C9F1BC077B5435B1B74C010E1F0AEE62D069A58;2025-12-05 23:23:56.117;TELEFÔNICO;NÃO;TERCEIRO;CASA DA VÍTIMA;BR | BRASIL;RJ;3304557 | RIO DE JANEIRO;DIARIAMENTE;HÁ MAIS DE UM ANO;2;VIOLÊNCIA CONTRA CRIANÇA OU ADOLESCENTE;;PRIMO(A);PESSOA FÍSICA;FEMININO;NÃO;12 ANOS;BR | BRASIL;;;;;NÃO;;NÃO;BR | BRASIL;RJ;3304557 | RIO DE JANEIRO;;;;PARDA;;;PESSOA FÍSICA;FEMININO;NÃO;60 A 64 ANOS;BR | BRASIL;;;;;NÃO;;NÃO;BR | BRASIL;RJ;3304557 | RIO DE JANEIRO;;;;BRANCA;;;;;;;LIBERDADE>DIREITOS INDIVIDUAIS>TRÁFICO DE CRIANÇAS - NACIONAL
AE7FB148BCEA9166F1BC306936A384666FF7D05F5959D5DD15FF1EC7319749E8;2025-12-05 23:23:56.117;TELEFÔNICO;NÃO;TERCEIRO;CASA DA VÍTIMA;BR | BRASIL;RJ;3304557 | RIO DE JANEIRO;DIARIAMENTE;HÁ MAIS DE UM ANO;2;VIOLÊNCIA CONTRA CRIANÇA OU ADOLESCENTE;;PRIMO(A);PESSOA FÍSICA;FEMININO;NÃO;12 ANOS;BR | BRASIL;;;;;NÃO;;NÃO;BR | BRASIL;RJ;3304557 | RIO DE JANEIRO;;;;PARDA;;;PESSOA FÍSICA;FEMININO;NÃO;50 A 54 ANOS;BR | BRASIL;;;;;NÃO;;NÃO;BR | BRASIL;RJ;3304557 | RIO DE JANEIRO;OUTROS NÃO LISTADOS;;;BRANCA;;;;;;;LIBERDADE>DIREITOS INDIVIDUAIS>TRÁFICO DE CRIANÇAS - NACIONAL
6C00153CA991B26E6EDBAA844EDDE81ACBFFB02A76672D2A2A07B20D1DD059DD;2025-12-05 23:23:56.117;TELEFÔNICO;NÃO;TERCEIRO;CASA DA VÍTIMA;BR | BRASIL;RJ;3304557 | RIO DE JANEIRO;DIARIAMENTE;HÁ MAIS DE UM ANO;2;VIOLÊNCIA CONTRA A MULHER;;PRIMO(A);PESSOA FÍSICA;FEMININO;NÃO;20 A 24 ANOS;BR | BRASIL;;;;;NÃO;;NÃO;BR | BRASIL;RJ;3304557 | RIO DE JANEIRO;;;;PARDA;;;PESSOA FÍSICA;FEMININO;NÃO;30 A 34 ANOS;BR | BRASIL;;;;;NÃO;;NÃO;BR | BRASIL;RJ;3304557 | RIO DE JANEIRO;OUTROS NÃO LISTADOS;;;PARDA;;;;;;;LIBERDADE>DIREITOS INDIVIDUAIS>TRÁFICO DE MULHERES - NACIONAL
AE7FB148BCEA9166F1BC306936A384666FF7D05F5959D5DD15FF1EC7319749E8;2025-12-05 23:23:56.117;TELEFÔNICO;NÃO;TERCEIRO;CASA DA VÍTIMA;BR | BRASIL;RJ;3304557 | RIO DE JANEIRO;DIARIAMENTE;HÁ MAIS DE UM ANO;2;VIOLÊNCIA CONTRA CRIANÇA OU ADOLESCENTE;;PRIMO(A);PESSOA FÍSICA;FEMININO;NÃO;12 ANOS;BR | BRASIL;;;;;NÃO;;NÃO;BR | BRASIL;RJ;3304557 | RIO DE JANEIRO;;;;PARDA;;;PESSOA FÍSICA;FEMININO;NÃO;50 A 54 ANOS;BR | BRASIL;;;;;NÃO;;NÃO;BR | BRASIL;RJ;3304557 | RIO DE JANEIRO;OUTROS NÃO LISTADOS;;;BRANCA;;;;;;;LIBERDADE>DIREITOS INDIVIDUAIS>TRÁFICO DE MULHERES - INTERNACIONAL
E39FF4B2B44842F1D68C7817CF4E56F939380A870B40393A5A148D18A4301578;2025-12-05 23:23:56.117;TELEFÔNICO;NÃO;TERCEIRO;CASA DA VÍTIMA;BR | BRASIL;RJ;3304557 | RIO DE JANEIRO;DIARIAMENTE;HÁ MAIS DE UM ANO;2;VIOLÊNCIA CONTRA A MULHER;;PRIMO(A);PESSOA FÍSICA;FEMININO;NÃO;20 A 24 ANOS;BR | BRASIL;;;;;NÃO;;NÃO;BR | BRASIL;RJ;3304557 | RIO DE JANEIRO;;;;PARDA;;;PESSOA FÍSICA;FEMININO;NÃO;55 A 59 ANOS;BR | BRASIL;;;;;NÃO;;NÃO;BR | BRASIL;RJ;3304557 | RIO DE JANEIRO;DEFENSOR PÚBLICO;;;PARDA;;;;;;;LIBERDADE>DIREITOS INDIVIDUAIS>TRÁFICO DE MULHERES - INTERNACIONAL
6C00153CA991B26E6EDBAA844EDDE81ACBFFB02A76672D2A2A07B20D1DD059DD;2025-12-05 23:23:56.117;TELEFÔNICO;NÃO;TERCEIRO;CASA DA VÍTIMA;BR | BRASIL;RJ;3304557 | RIO DE JANEIRO;DIARIAMENTE;HÁ MAIS DE UM ANO;2;VIOLÊNCIA CONTRA A MULHER;;PRIMO(A);PESSOA FÍSICA;FEMININO;NÃO;20 A 24 ANOS;BR | BRASIL;;;;;NÃO;;NÃO;BR | BRASIL;RJ;3304557 | RIO DE JANEIRO;;;;PARDA;;;PESSOA FÍSICA;FEMININO;NÃO;30 A 34 ANOS;BR | BRASIL;;;;;NÃO;;NÃO;BR | BRASIL;RJ;3304557 | RIO DE JANEIRO;OUTROS NÃO LISTADOS;;;PARDA;;;;;;;LIBERDADE>DIREITOS INDIVIDUAIS>TRÁFICO DE MULHERES - INTERNACIONAL
E39FF4B2B44842F1D68C7817CF4E56F939380A870B40393A5A148D18A4301578;2025-12-05 23:23:56.117;TELEFÔNICO;NÃO;TERCEIRO;CASA DA VÍTIMA;BR | BRASIL;RJ;3304557 | RIO DE JANEIRO;DIARIAMENTE;HÁ MAIS DE UM ANO;2;VIOLÊNCIA CONTRA A MULHER;;PRIMO(A);PESSOA FÍSICA;FEMININO;NÃO;20 A 24 ANOS;BR | BRASIL;;;;;NÃO;;NÃO;BR | BRASIL;RJ;3304557 | RIO DE JANEIRO;;;;PARDA;;;PESSOA FÍSICA;FEMININO;NÃO;55 A 59 ANOS;BR | BRASIL;;;;;NÃO;;NÃO;BR | BRASIL;RJ;3304557 | RIO DE JANEIRO;DEFENSOR PÚBLICO;;;PARDA;;;;;;;LIBERDADE>DIREITOS INDIVIDUAIS>TRÁFICO DE MULHERES - NACIONAL
14FA196943254DCEE7558A46FD01F7C03D585E490D6F88EFF0367E2C25A39538;2025-12-11 10:44:47.737;TELEFÔNICO;NÃO;TERCEIRO;CASA DE FAMILIARES;BR | BRASIL;MG;3136702 | JUIZ DE FORA;ÚNICA OCORRÊNCIA;NÃO SE APLICA;2;VIOLÊNCIA CONTRA A MULHER;;CUNHADO(A);PESSOA FÍSICA;FEMININO;NÃO;30 A 34 ANOS;BR | BRASIL;;;;;NÃO;;NÃO;BR | BRASIL;MG;3136702 | JUIZ DE FORA;;;;BRANCA;;;PESSOA FÍSICA;FEMININO;NÃO;30 A 34 ANOS;BR | BRASIL;;;;;NÃO;;NÃO;BR | BRASIL;MG;3136702 | JUIZ DE FORA;CONSELHEIRO TUTELAR;;;NÃO INFORMADO;;;;;;;LIBERDADE>DIREITOS INDIVIDUAIS>TRÁFICO DE CRIANÇAS - NACIONAL
14FA196943254DCEE7558A46FD01F7C03D585E490D6F88EFF0367E2C25A39538;2025-12-11 10:44:47.737;TELEFÔNICO;NÃO;TERCEIRO;CASA DE FAMILIARES;BR | BRASIL;MG;3136702 | JUIZ DE FORA;ÚNICA OCORRÊNCIA;NÃO SE APLICA;2;VIOLÊNCIA CONTRA A MULHER;;CUNHADO(A);PESSOA FÍSICA;FEMININO;NÃO;30 A 34 ANOS;BR | BRASIL;;;;;NÃO;;NÃO;BR | BRASIL;MG;3136702 | JUIZ DE FORA;;;;BRANCA;;;PESSOA FÍSICA;FEMININO;NÃO;30 A 34 ANOS;BR | BRASIL;;;;;NÃO;;NÃO;BR | BRASIL;MG;3136702 | JUIZ DE FORA;OUTROS NÃO LISTADOS;;;NÃO INFORMADO;;;;;;;LIBERDADE>DIREITOS INDIVIDUAIS>TRÁFICO DE CRIANÇAS - NACIONAL
14FA196943254DCEE7558A46FD01F7C03D585E490D6F88EFF0367E2C25A39538;2025-12-11 10:44:47.737;TELEFÔNICO;NÃO;TERCEIRO;CASA DE FAMILIARES;BR | BRASIL;MG;3136702 | JUIZ DE FORA;ÚNICA OCORRÊNCIA;NÃO SE APLICA;2;VIOLÊNCIA CONTRA A MULHER;;CUNHADO(A);PESSOA FÍSICA;FEMININO;NÃO;30 A 34 ANOS;BR | BRASIL;;;;;NÃO;;NÃO;BR | BRASIL;MG;3136702 | JUIZ DE FORA;;;;BRANCA;;;PESSOA FÍSICA;MASCULINO;NÃO;30 A 34 ANOS;BR | BRASIL;;;;;NÃO;;NÃO;BR | BRASIL;MG;3136702 | JUIZ DE FORA;OUTROS NÃO LISTADOS;;;NÃO INFORMADO;;;;;;;LIBERDADE>DIREITOS INDIVIDUAIS>TRÁFICO DE CRIANÇAS - NACIONAL
14FA196943254DCEE7558A46FD01F7C03D585E490D6F88EFF0367E2C25A39538;2025-12-11 10:44:47.737;TELEFÔNICO;NÃO;TERCEIRO;CASA DE FAMILIARES;BR | BRASIL;MG;3136702 | JUIZ DE FORA;ÚNICA OCORRÊNCIA;NÃO SE APLICA;2;VIOLÊNCIA CONTRA A MULHER;;CUNHADO(A);PESSOA FÍSICA;FEMININO;NÃO;30 A 34 ANOS;BR | BRASIL;;;;;NÃO;;NÃO;BR | BRASIL;MG;3136702 | JUIZ DE FORA;;;;BRANCA;;;PESSOA FÍSICA;MASCULINO;NÃO;30 A 34 ANOS;BR | BRASIL;;;;;NÃO;;NÃO;BR | BRASIL;MG;3136702 | JUIZ DE FORA;SERVIDOR PÚBLICO MUNICIPAL;;;NÃO INFORMADO;;;;;;;LIBERDADE>DIREITOS INDIVIDUAIS>TRÁFICO DE CRIANÇAS - NACIONAL
F39589D864EE75CC234AACB1B9B87A03349137241ED1ED109EEDFC94D21672B3;2025-12-11 10:44:47.737;TELEFÔNICO;NÃO;TERCEIRO;CASA DE FAMILIARES;BR | BRASIL;MG;3136702 | JUIZ DE FORA;ÚNICA OCORRÊNCIA;NÃO SE APLICA;2;VIOLÊNCIA CONTRA A MULHER;;CUNHADO(A);PESSOA FÍSICA;FEMININO;NÃO;30 A 34 ANOS;BR | BRASIL;;;;;NÃO;;NÃO;BR | BRASIL;MG;3136702 | JUIZ DE FORA;;;;BRANCA;;;ÓRGÃO PÚBLICO;;;;BR | BRASIL;;;;;;;;BR | BRASIL;MG;3136702 | JUIZ DE FORA;;;;;;;;PODER EXECUTIVO EM GERAL - MUNICIPAL;;;LIBERDADE>DIREITOS INDIVIDUAIS>TRÁFICO DE CRIANÇAS - NACIONAL
563668B0A4B6E04B76491F4B7F0FCC63C7D55B30910A6F493DD9DA00AD855E87;2025-12-16 08:14:38.347;TELEFÔNICO;NÃO;A PRÓPRIA VÍTIMA;ÓRGÃOS PÚBLICOS;BR | BRASIL;SP;3550308 | SÃO PAULO;DIARIAMENTE;HÁ MAIS DE CINCO ANOS;1;VIOLÊNCIA CONTRA A MULHER;;OUTROS;PESSOA FÍSICA;FEMININO;NÃO;30 A 34 ANOS;BR | BRASIL;;;;;NÃO;;NÃO;BR | BRASIL;DENUNCIANTE NÃO SOUBE INFORMAR;DENUNCIANTE NÃO SOUBE INFORMAR;;;;PARDA;;;ÓRGÃO PÚBLICO;;;;BR | BRASIL;;;;;;;;BR | BRASIL;SP;3550308 | SÃO PAULO;;;;;;;;MINISTÉRIO PÚBLICO - ESTADUAL;;;LIBERDADE>DIREITOS INDIVIDUAIS>TRÁFICO DE CRIANÇAS - NACIONAL
EF5DC8A23332461965532DABE743EFA06DE662417CEFEE9F715722781E1D0834;2025-12-16 17:13:00.610;TELEFÔNICO;NÃO;TERCEIRO;NÃO SABE INFORMAR;BR | BRASIL;RN;2412559 | SÃO MIGUEL DO GOSTOSO;NÃO SABE INFORMAR;NÃO SABE INFORMAR;1;VIOLÊNCIA CONTRA A MULHER;OUTRO(S) ELEMENTO(S);OUTROS;PESSOA FÍSICA;FEMININO;NÃO;18 A 19 ANOS;BR | BRASIL;;;;NÃO;NÃO;;NÃO;BR | BRASIL;RN;2412559 | SÃO MIGUEL DO GOSTOSO;;;;NÃO INFORMADO;;;PESSOA FÍSICA;NÃO INFORMADO;NÃO;;BR | BRASIL;;;;NÃO;NÃO;;NÃO;BR | BRASIL;RN;2412559 | SÃO MIGUEL DO GOSTOSO;OUTROS NÃO LISTADOS;;;NÃO INFORMADO;;;;;;;LIBERDADE>DIREITOS INDIVIDUAIS>TRÁFICO DE PESSOAS - NACIONAL
BA1DFE84D155A3BFFFC13CF45265AB3BBA04427926382B4F47CD62B7DE534AFB;2025-12-17 11:01:48.903;TELEFÔNICO;NÃO;TERCEIRO;CASA ONDE RESIDE A VÍTIMA E O SUSPEITO;BR | BRASIL;GO;5201108 | ANÁPOLIS;DIARIAMENTE;HÁ UM MÊS;1;VIOLÊNCIA CONTRA A MULHER;OUTRO(S) ELEMENTO(S);DESCONHECIDO(A);PESSOA FÍSICA;FEMININO;NÃO;45 A 49 ANOS;BR | BRASIL;;;;NÃO;NÃO;;NÃO;BR | BRASIL;GO;5201108 | ANÁPOLIS;;;;NÃO INFORMADO;;;PESSOA FÍSICA;MASCULINO;NÃO;45 A 49 ANOS;BR | BRASIL;;;;NÃO;NÃO;;NÃO INFORMADO;BR | BRASIL;GO;5201108 | ANÁPOLIS;NÃO SABE INFORMAR;;;BRANCA;;;;;;;LIBERDADE>DIREITOS INDIVIDUAIS>TRÁFICO DE MULHERES - INTERNACIONAL
33D8998602C0410993C6FA899C4C69B050FD1705EE82073065BE534C1A823950;2025-12-17 15:03:48.400;WEBCHAT;NÃO;TERCEIRO;OUTROS;IN | ÍNDIA;DENUNCIANTE NÃO SOUBE INFORMAR;DENUNCIANTE NÃO SOUBE INFORMAR;NÃO SABE INFORMAR;NÃO SABE INFORMAR;1;VIOLÊNCIA CONTRA A MULHER;;NÃO SABE INFORMAR;PESSOA FÍSICA;FEMININO;NÃO;35 A 39 ANOS;BR | BRASIL;;;;;NÃO;;NÃO INFORMADO;IN | ÍNDIA;DENUNCIANTE NÃO SOUBE INFORMAR;DENUNCIANTE NÃO SOUBE INFORMAR;;;;PRETA;;;PESSOA FÍSICA;NÃO SE APLICA - VÍTIMA COMUNIDADE/FAMÍLIA;NÃO;NÃO INFORMADO;BR | BRASIL;;;;;NÃO;;NÃO INFORMADO;IN | ÍNDIA;DENUNCIANTE NÃO SOUBE INFORMAR;DENUNCIANTE NÃO SOUBE INFORMAR;NÃO SABE INFORMAR;;;;;;;;;;LIBERDADE>DIREITOS INDIVIDUAIS>TRÁFICO DE PESSOAS - INTERNACIONAL
33D8998602C0410993C6FA899C4C69B050FD1705EE82073065BE534C1A823950;2025-12-17 15:03:48.400;WEBCHAT;NÃO;TERCEIRO;OUTROS;IN | ÍNDIA;DENUNCIANTE NÃO SOUBE INFORMAR;DENUNCIANTE NÃO SOUBE INFORMAR;NÃO SABE INFORMAR;NÃO SABE INFORMAR;1;VIOLÊNCIA CONTRA A MULHER;;NÃO SABE INFORMAR;PESSOA FÍSICA;FEMININO;NÃO;35 A 39 ANOS;BR | BRASIL;;;;;NÃO;;NÃO INFORMADO;IN | ÍNDIA;DENUNCIANTE NÃO SOUBE INFORMAR;DENUNCIANTE NÃO SOUBE INFORMAR;;;;PRETA;;;PESSOA FÍSICA;NÃO SE APLICA - VÍTIMA COMUNIDADE/FAMÍLIA;NÃO;NÃO INFORMADO;BR | BRASIL;;;;;NÃO;;NÃO INFORMADO;IN | ÍNDIA;DENUNCIANTE NÃO SOUBE INFORMAR;DENUNCIANTE NÃO SOUBE INFORMAR;NÃO SABE INFORMAR;;;;;;;;;;LIBERDADE>DIREITOS INDIVIDUAIS>TRÁFICO DE MULHERES - INTERNACIONAL
3B710B4011A1DCCDAB4900D89470CEC2A404A3E47A7A4A793C1AEC8BBE0D962D;2025-12-20 19:31:39.243;WHATSAPP;NÃO;A PRÓPRIA VÍTIMA;OUTROS;BR | BRASIL;DENUNCIANTE NÃO SOUBE INFORMAR;DENUNCIANTE NÃO SOUBE INFORMAR;NÃO SABE INFORMAR;HÁ UM MÊS;1;VIOLÊNCIA CONTRA A MULHER;;OUTROS;PESSOA FÍSICA;FEMININO;NÃO;20 A 24 ANOS;BR | BRASIL;;;;;NÃO;;NÃO;GB | REINO UNIDO;DENUNCIANTE NÃO SOUBE INFORMAR;DENUNCIANTE NÃO SOUBE INFORMAR;;;;INDÍGENA;;;PESSOA FÍSICA;NÃO INFORMADO;NÃO;;BR | BRASIL;;;;;NÃO;;;BR | BRASIL;DENUNCIANTE NÃO SOUBE INFORMAR;DENUNCIANTE NÃO SOUBE INFORMAR;;;;;;;;;;;LIBERDADE>DIREITOS INDIVIDUAIS>TRÁFICO DE MULHERES - INTERNACIONAL
3B710B4011A1DCCDAB4900D89470CEC2A404A3E47A7A4A793C1AEC8BBE0D962D;2025-12-20 19:31:39.243;WHATSAPP;NÃO;A PRÓPRIA VÍTIMA;OUTROS;BR | BRASIL;DENUNCIANTE NÃO SOUBE INFORMAR;DENUNCIANTE NÃO SOUBE INFORMAR;NÃO SABE INFORMAR;HÁ UM MÊS;1;VIOLÊNCIA CONTRA A MULHER;;OUTROS;PESSOA FÍSICA;FEMININO;NÃO;20 A 24 ANOS;BR | BRASIL;;;;;NÃO;;NÃO;GB | REINO UNIDO;DENUNCIANTE NÃO SOUBE INFORMAR;DENUNCIANTE NÃO SOUBE INFORMAR;;;;INDÍGENA;;;PESSOA FÍSICA;NÃO INFORMADO;NÃO;;BR | BRASIL;;;;;NÃO;;;BR | BRASIL;DENUNCIANTE NÃO SOUBE INFORMAR;DENUNCIANTE NÃO SOUBE INFORMAR;;;;;;;;;;;LIBERDADE>DIREITOS INDIVIDUAIS>TRÁFICO DE MULHERES - NACIONAL
6E8B348E68DE2D21B6775CF390AEC9D254898A1A98E70A41DDD7730E975F1CAA;2025-12-20 19:31:39.243;WHATSAPP;NÃO;A PRÓPRIA VÍTIMA;OUTROS;BR | BRASIL;DENUNCIANTE NÃO SOUBE INFORMAR;DENUNCIANTE NÃO SOUBE INFORMAR;NÃO SABE INFORMAR;HÁ UM MÊS;1;VIOLÊNCIA CONTRA A MULHER;;OUTROS;PESSOA FÍSICA;FEMININO;NÃO;20 A 24 ANOS;BR | BRASIL;;;;;NÃO;;NÃO;GB | REINO UNIDO;DENUNCIANTE NÃO SOUBE INFORMAR;DENUNCIANTE NÃO SOUBE INFORMAR;;;;INDÍGENA;;;PESSOA FÍSICA;NÃO INFORMADO;NÃO;;BR | BRASIL;;;;;NÃO;;;BR | BRASIL;DENUNCIANTE NÃO SOUBE INFORMAR;DENUNCIANTE NÃO SOUBE INFORMAR;;;;;;;;;;;LIBERDADE>DIREITOS INDIVIDUAIS>TRÁFICO DE MULHERES - INTERNACIONAL
6E8B348E68DE2D21B6775CF390AEC9D254898A1A98E70A41DDD7730E975F1CAA;2025-12-20 19:31:39.243;WHATSAPP;NÃO;A PRÓPRIA VÍTIMA;OUTROS;BR | BRASIL;DENUNCIANTE NÃO SOUBE INFORMAR;DENUNCIANTE NÃO SOUBE INFORMAR;NÃO SABE INFORMAR;HÁ UM MÊS;1;VIOLÊNCIA CONTRA A MULHER;;OUTROS;PESSOA FÍSICA;FEMININO;NÃO;20 A 24 ANOS;BR | BRASIL;;;;;NÃO;;NÃO;GB | REINO UNIDO;DENUNCIANTE NÃO SOUBE INFORMAR;DENUNCIANTE NÃO SOUBE INFORMAR;;;;INDÍGENA;;;PESSOA FÍSICA;NÃO INFORMADO;NÃO;;BR | BRASIL;;;;;NÃO;;;BR | BRASIL;DENUNCIANTE NÃO SOUBE INFORMAR;DENUNCIANTE NÃO SOUBE INFORMAR;;;;;;;;;;;LIBERDADE>DIREITOS INDIVIDUAIS>TRÁFICO DE MULHERES - NACIONAL
B1C99E9E98D5EF1D31B6C664E584463486BD97CCCE78AA65C9D778AE1ED550A5;2025-12-20 19:31:39.243;WHATSAPP;NÃO;A PRÓPRIA VÍTIMA;OUTROS;BR | BRASIL;DENUNCIANTE NÃO SOUBE INFORMAR;DENUNCIANTE NÃO SOUBE INFORMAR;NÃO SABE INFORMAR;HÁ UM MÊS;1;VIOLÊNCIA CONTRA A MULHER;;OUTROS;PESSOA FÍSICA;FEMININO;NÃO;20 A 24 ANOS;BR | BRASIL;;;;;NÃO;;NÃO;GB | REINO UNIDO;DENUNCIANTE NÃO SOUBE INFORMAR;DENUNCIANTE NÃO SOUBE INFORMAR;;;;INDÍGENA;;;PESSOA FÍSICA;FEMININO;NÃO;NÃO INFORMADO;BR | BRASIL;;;;;NÃO;;NÃO INFORMADO;BR | BRASIL;DENUNCIANTE NÃO SOUBE INFORMAR;DENUNCIANTE NÃO SOUBE INFORMAR;OUTROS NÃO LISTADOS;;;;;;;;;;LIBERDADE>DIREITOS INDIVIDUAIS>TRÁFICO DE MULHERES - NACIONAL
B1C99E9E98D5EF1D31B6C664E584463486BD97CCCE78AA65C9D778AE1ED550A5;2025-12-20 19:31:39.243;WHATSAPP;NÃO;A PRÓPRIA VÍTIMA;OUTROS;BR | BRASIL;DENUNCIANTE NÃO SOUBE INFORMAR;DENUNCIANTE NÃO SOUBE INFORMAR;NÃO SABE INFORMAR;HÁ UM MÊS;1;VIOLÊNCIA CONTRA A MULHER;;OUTROS;PESSOA FÍSICA;FEMININO;NÃO;20 A 24 ANOS;BR | BRASIL;;;;;NÃO;;NÃO;GB | REINO UNIDO;DENUNCIANTE NÃO SOUBE INFORMAR;DENUNCIANTE NÃO SOUBE INFORMAR;;;;INDÍGENA;;;PESSOA FÍSICA;FEMININO;NÃO;NÃO INFORMADO;BR | BRASIL;;;;;NÃO;;NÃO INFORMADO;BR | BRASIL;DENUNCIANTE NÃO SOUBE INFORMAR;DENUNCIANTE NÃO SOUBE INFORMAR;OUTROS NÃO LISTADOS;;;;;;;;;;LIBERDADE>DIREITOS INDIVIDUAIS>TRÁFICO DE MULHERES - INTERNACIONAL
E5121D90A2C1C5D1693E92FED2B47BB3FBD2F6511FA64273F84C4FFBA9A0D103;2025-12-20 19:31:39.243;WHATSAPP;NÃO;A PRÓPRIA VÍTIMA;OUTROS;BR | BRASIL;DENUNCIANTE NÃO SOUBE INFORMAR;DENUNCIANTE NÃO SOUBE INFORMAR;NÃO SABE INFORMAR;HÁ UM MÊS;1;VIOLÊNCIA CONTRA A MULHER;;OUTROS;PESSOA FÍSICA;FEMININO;NÃO;20 A 24 ANOS;BR | BRASIL;;;;;NÃO;;NÃO;GB | REINO UNIDO;DENUNCIANTE NÃO SOUBE INFORMAR;DENUNCIANTE NÃO SOUBE INFORMAR;;;;INDÍGENA;;;PESSOA JURÍDICA DE DIREITO PRIVADO;;;;BR | BRASIL;;;;;;;;BR | BRASIL;GO;5208707 | GOIÂNIA;;;;;;;;OUTRAS ATIVIDADES DE SERVIÇOS;;;LIBERDADE>DIREITOS INDIVIDUAIS>TRÁFICO DE MULHERES - INTERNACIONAL
E5121D90A2C1C5D1693E92FED2B47BB3FBD2F6511FA64273F84C4FFBA9A0D103;2025-12-20 19:31:39.243;WHATSAPP;NÃO;A PRÓPRIA VÍTIMA;OUTROS;BR | BRASIL;DENUNCIANTE NÃO SOUBE INFORMAR;DENUNCIANTE NÃO SOUBE INFORMAR;NÃO SABE INFORMAR;HÁ UM MÊS;1;VIOLÊNCIA CONTRA A MULHER;;OUTROS;PESSOA FÍSICA;FEMININO;NÃO;20 A 24 ANOS;BR | BRASIL;;;;;NÃO;;NÃO;GB | REINO UNIDO;DENUNCIANTE NÃO SOUBE INFORMAR;DENUNCIANTE NÃO SOUBE INFORMAR;;;;INDÍGENA;;;PESSOA JURÍDICA DE DIREITO PRIVADO;;;;BR | BRASIL;;;;;;;;BR | BRASIL;GO;5208707 | GOIÂNIA;;;;;;;;OUTRAS ATIVIDADES DE SERVIÇOS;;;LIBERDADE>DIREITOS INDIVIDUAIS>TRÁFICO DE MULHERES - NACIONAL
2B0FBA4434BC4A92AB23B2A9AB54CD8D034F686155CB198471D7A6703E2A9648;2025-12-22 10:45:06.237;TELEFÔNICO;NÃO;TERCEIRO;CASA ONDE RESIDE A VÍTIMA E O SUSPEITO;BR | BRASIL;PR;4106902 | CURITIBA;ÚNICA OCORRÊNCIA;NÃO SE APLICA;1;VIOLÊNCIA CONTRA CRIANÇA OU ADOLESCENTE;;DESCONHECIDO(A);PESSOA FÍSICA;FEMININO;NÃO;04 ANOS;BR | BRASIL;;;;;NÃO;;NÃO;BR | BRASIL;PR;4106902 | CURITIBA;;;;BRANCA;;;PESSOA FÍSICA;FEMININO;NÃO;35 A 39 ANOS;BR | BRASIL;;;;;NÃO;;NÃO;BR | BRASIL;PR;4106902 | CURITIBA;OUTROS NÃO LISTADOS;;;PARDA;;;;;;;LIBERDADE>DIREITOS INDIVIDUAIS>TRÁFICO DE CRIANÇAS - NACIONAL
F547BD2E9D51CBDAE85B1598E7ED86A2C0A84E6A9152F885EF24499D263C9014;2025-12-22 10:45:06.237;TELEFÔNICO;NÃO;TERCEIRO;CASA ONDE RESIDE A VÍTIMA E O SUSPEITO;BR | BRASIL;PR;4106902 | CURITIBA;ÚNICA OCORRÊNCIA;NÃO SE APLICA;1;VIOLÊNCIA CONTRA CRIANÇA OU ADOLESCENTE;;DESCONHECIDO(A);PESSOA FÍSICA;FEMININO;NÃO;04 ANOS;BR | BRASIL;;;;;NÃO;;NÃO;BR | BRASIL;PR;4106902 | CURITIBA;;;;BRANCA;;;PESSOA FÍSICA;MASCULINO;NÃO;30 A 34 ANOS;BR | BRASIL;;;;;NÃO;;PREVENTIVA;BR | BRASIL;PR;4106902 | CURITIBA;OUTROS NÃO LISTADOS;;;BRANCA;;;;;;;LIBERDADE>DIREITOS INDIVIDUAIS>TRÁFICO DE CRIANÇAS - NACIONAL
F46BB5312B445A49BC6B163E1E7B7DC39C23FA198EBC941FA87A94AED3474096;2025-12-22 10:45:06.237;TELEFÔNICO;NÃO;TERCEIRO;CASA ONDE RESIDE A VÍTIMA E O SUSPEITO;BR | BRASIL;PR;4106902 | CURITIBA;ÚNICA OCORRÊNCIA;NÃO SE APLICA;1;VIOLÊNCIA CONTRA CRIANÇA OU ADOLESCENTE;;DESCONHECIDO(A);PESSOA FÍSICA;FEMININO;NÃO;04 ANOS;BR | BRASIL;;;;;NÃO;;NÃO;BR | BRASIL;PR;4106902 | CURITIBA;;;;BRANCA;;;PESSOA FÍSICA;FEMININO;NÃO;60 A 64 ANOS;BR | BRASIL;;;;;NÃO;;NÃO;BR | BRASIL;PR;4106902 | CURITIBA;OUTROS NÃO LISTADOS;;;BRANCA;;;;;;;LIBERDADE>DIREITOS INDIVIDUAIS>TRÁFICO DE CRIANÇAS - NACIONAL
F4860AB6BDB19189CFBDDD135390F5B13A54B501F96C04247CC808C0F3520EAA;2025-12-28 14:53:31.487;TELEFÔNICO;NÃO;TERCEIRO;LOCAL DE TRABALHO DA VÍTIMA;BR | BRASIL;SP;3547304 | SANTANA DE PARNAÍBA;DIARIAMENTE;HÁ MAIS DE DEZ ANOS;1;VIOLÊNCIA CONTRA A MULHER;;OUTROS;PESSOA FÍSICA;FEMININO;NÃO;18 A 19 ANOS;BR | BRASIL;;;;;NÃO;;NÃO;BR | BRASIL;SP;3547304 | SANTANA DE PARNAÍBA;;;;NÃO INFORMADO;;;PESSOA FÍSICA;FEMININO;NÃO;40 A 44 ANOS;BR | BRASIL;;;;;NÃO;;NÃO;BR | BRASIL;SP;3547304 | SANTANA DE PARNAÍBA;OUTROS NÃO LISTADOS;;;PRETA;;;;;;;LIBERDADE>DIREITOS INDIVIDUAIS>TRÁFICO DE MULHERES - NACIONAL
4B7FDF48CC4EFD828AED3C6B9F7F6A1AF155301685DF1F2FA8E6AD419CBB4DA3;2025-12-30 15:31:58.197;WHATSAPP;NÃO;TERCEIRO;CASA ONDE RESIDE A VÍTIMA E O SUSPEITO;BR | BRASIL;RS;4306106 | CRUZ ALTA;DIARIAMENTE;HÁ UMA SEMANA;1;VIOLÊNCIA CONTRA CRIANÇA OU ADOLESCENTE;;CUIDADOR(A);PESSOA FÍSICA;FEMININO;;MENOS DE 01 ANO;BR | BRASIL;;;;;NÃO;;;BR | BRASIL;RS;4306106 | CRUZ ALTA;;;;BRANCA;;;PESSOA FÍSICA;FEMININO;NÃO;45 A 49 ANOS;BR | BRASIL;;;;;NÃO;;NÃO;BR | BRASIL;RS;4306106 | CRUZ ALTA;CUIDADOR/BABÁ;;;NÃO INFORMADO;;;;;;;LIBERDADE>DIREITOS INDIVIDUAIS>TRÁFICO DE CRIANÇAS - NACIONAL
