hash;data_de_cadastro;canal_de_atendimento;denuncia_emergencial;denunciante;cenario_da_violacao;pais;uf;municipio;frequencia;inicio_das_violacoes;sl_quantidade_vitimas;grupo_vulneravel;motivacao;relacao_vitima_suspeito;sl_vitima_cadastro;genero_da_vitima;orientacao_sexual_da_vitima;faixa_etaria_da_vitima;nacionalidade_da_vitima;sl_vitima_naturalidade;sl_vitima_naturalizado_uf;sl_vitima_naturalizado_municipio;deficiencia_da_vitima;doenca_rara_da_vitima;deficiencia_relacionada_a_doenca_rara;vitima_preso_a;pais_da_vitima;uf_da_vitima;municipio_da_vitima;profissao_da_vitima;grau_de_instrucao_da_vitima;religiao_da_vitima;raca_cor_da_vitima;etnia_da_vitima;faixa_de_renda_da_vitima;natureza_juridica_do_suspeito;genero_do_suspeito;orientacao_sexual_do_suspeito;faixa_etaria_do_suspeito;suspeito_nacionalidade;sl_suspeito_naturalidade;sl_suspeito_naturalizado_uf;sl_suspeito_naturalizado_municipio;deficiencia_do_suspeito;doenca_rara_do_suspeito;deficiencia_relacionada_a_doenca_rara_suspeito;suspeito_preso;pais_do_suspeito;uf_do_suspeito;sl_suspeito_municipio;profissao_do_suspeito;grau_de_instrucao_do_suspeito;religiao_do_suspeito;raca_cor_do_suspeito;suspeito_etnia;faixa_de_renda_do_suspeito;vinculo_orgao_pj_do_suspeito;sl_suspeito_ramo;suspeito_especificacao_etnia;vitima_especificacao_etnia;violacao
9A076286BC1E7FF6BB476DBD1E06EEAAD046344AFB4E0FE43C7152E071C4604D;2024-07-02 18:21:28.150;TELEFÔNICO;NÃO;TERCEIRO;CASA ONDE RESIDE A VÍTIMA E O SUSPEITO;BR | BRASIL;SP;3525904 | JUNDIAÍ;DIARIAMENTE;HÁ UM MÊS;1;VIOLÊNCIA CONTRA CRIANÇA OU ADOLESCENTE;;MÃE;PESSOA FÍSICA;MASCULINO;;MENOS DE 01 ANO;BR | BRASIL;;;;;NÃO;;;BR | BRASIL;SP;3525904 | JUNDIAÍ;;;;PARDA;;;PESSOA FÍSICA;FEMININO;NÃO;35 A 39 ANOS;BR | BRASIL;;;;;NÃO;;NÃO;BR | BRASIL;SP;3525904 | JUNDIAÍ;OUTROS NÃO LISTADOS;;;PARDA;;;;;;;LIBERDADE>DIREITOS INDIVIDUAIS>TRÁFICO DE CRIANÇAS - NACIONAL
9A076286BC1E7FF6BB476DBD1E06EEAAD046344AFB4E0FE43C7152E071C4604D;2024-07-02 18:21:28.150;TELEFÔNICO;NÃO;TERCEIRO;CASA ONDE RESIDE A VÍTIMA E O SUSPEITO;BR | BRASIL;SP;3525904 | JUNDIAÍ;DIARIAMENTE;HÁ UM MÊS;1;VIOLÊNCIA CONTRA PESSOA COM DEFICIÊNCIA;;MÃE;PESSOA FÍSICA;MASCULINO;;MENOS DE 01 ANO;BR | BRASIL;;;;;NÃO;;;BR | BRASIL;SP;3525904 | JUNDIAÍ;;;;PARDA;;;PESSOA FÍSICA;FEMININO;NÃO;35 A 39 ANOS;BR | BRASIL;;;;;NÃO;;NÃO;BR | BRASIL;SP;3525904 | JUNDIAÍ;OUTROS NÃO LISTADOS;;;PARDA;;;;;;;LIBERDADE>DIREITOS INDIVIDUAIS>TRÁFICO DE CRIANÇAS - NACIONAL
161E588ACE5DA18A26AE7AE227A43322FE2345CE63EC2EC92849691100030118;2024-07-03 16:53:35.847;TELEFÔNICO;RISCO IMINENTE DE MORTE DA VÍTIMA;TERCEIRO;CASA ONDE RESIDE A VÍTIMA E O SUSPEITO;BR | BRASIL;TO;1713809 | PALMEIRAS DO TOCANTINS;DIARIAMENTE;HÁ MAIS DE UM ANO;1;VIOLÊNCIA CONTRA CRIANÇA OU ADOLESCENTE;;IRMÃO(Ã);PESSOA FÍSICA;FEMININO;;10 ANOS;BR | BRASIL;;;;;NÃO;;;BR | BRASIL;TO;1713809 | PALMEIRAS DO TOCANTINS;;;;BRANCA;;;PESSOA FÍSICA;FEMININO;NÃO;45 A 49 ANOS;BR | BRASIL;;;;;NÃO;;FLAGRANTE;BR | BRASIL;TO;1713809 | PALMEIRAS DO TOCANTINS;OUTROS NÃO LISTADOS;;;BRANCA;;;;;;;LIBERDADE>DIREITOS INDIVIDUAIS>TRÁFICO DE CRIANÇAS - NACIONAL
D8DAF1284AE373CB33583F6C57775B05F405730300141332FCA8BCBC9A267EA8;2024-07-03 16:53:35.847;TELEFÔNICO;RISCO IMINENTE DE MORTE DA VÍTIMA;TERCEIRO;CASA ONDE RESIDE A VÍTIMA E O SUSPEITO;BR | BRASIL;TO;1713809 | PALMEIRAS DO TOCANTINS;DIARIAMENTE;HÁ MAIS DE UM ANO;1;VIOLÊNCIA CONTRA CRIANÇA OU ADOLESCENTE;;IRMÃO(Ã);PESSOA FÍSICA;FEMININO;;10 ANOS;BR | BRASIL;;;;;NÃO;;;BR | BRASIL;TO;1713809 | PALMEIRAS DO TOCANTINS;;;;BRANCA;;;PESSOA FÍSICA;MASCULINO;NÃO;70 A 74 ANOS;BR | BRASIL;;;;;NÃO;;FLAGRANTE;BR | BRASIL;TO;1713809 | PALMEIRAS DO TOCANTINS;MÉDICO;;;BRANCA;;;;;;;LIBERDADE>DIREITOS INDIVIDUAIS>TRÁFICO DE CRIANÇAS - NACIONAL
C5AB2EED1CCC99397D819B4365816725F675B6963A2A90ADA3E6CCFCB6D490BA;2024-07-06 10:16:23.367;TELEFÔNICO;NÃO;O PRÓPRIO AGRESSOR;CASA DO SUSPEITO;BR | BRASIL;MG;3106200 | BELO HORIZONTE;DIARIAMENTE;HÁ UMA SEMANA;1;VIOLÊNCIA CONTRA CRIANÇA OU ADOLESCENTE;;MÃE;PESSOA FÍSICA;FEMININO;NÃO;RECÉM-NASCIDO (ATÉ 28 DIAS);BR | BRASIL;;;;;NÃO;;NÃO;BR | BRASIL;MG;3106200 | BELO HORIZONTE;;;;PARDA;;;PESSOA FÍSICA;FEMININO;NÃO;30 A 34 ANOS;BR | BRASIL;;;;;NÃO;;NÃO;BR | BRASIL;MG;3106200 | BELO HORIZONTE;OUTROS NÃO LISTADOS;;;PARDA;;;;;;;LIBERDADE>DIREITOS INDIVIDUAIS>TRÁFICO DE CRIANÇAS - NACIONAL
EFAA252EBC901758545A0086431693AC250A235498884A47C96932D90FBDD362;2024-07-11 12:26:45.760;WHATSAPP;NÃO;TERCEIRO;CASA DA VÍTIMA;BR | BRASIL;SP;3505609 | BARRINHA;DIARIAMENTE;HÁ MAIS DE CINCO ANOS;1;VIOLÊNCIA CONTRA CRIANÇA OU ADOLESCENTE;;OUTROS;PESSOA FÍSICA;NÃO INFORMADO;NÃO;07 ANOS;BR | BRASIL;;;;;NÃO;;NÃO;BR | BRASIL;SP;3505609 | BARRINHA;;;;NÃO INFORMADO;;;PESSOA FÍSICA;FEMININO;NÃO;;BR | BRASIL;;;;;NÃO;;;BR | BRASIL;SP;3505609 | BARRINHA;;;;;;;;;;;LIBERDADE>DIREITOS INDIVIDUAIS>TRÁFICO DE CRIANÇAS - INTERNACIONAL
3273450A273C1372493BA2DEBEAA21D6473565271FD2EFE091242A943F4F8368;2024-07-11 12:26:45.760;WHATSAPP;NÃO;TERCEIRO;CASA DA VÍTIMA;BR | BRASIL;SP;3505609 | BARRINHA;DIARIAMENTE;HÁ MAIS DE CINCO ANOS;1;VIOLÊNCIA CONTRA CRIANÇA OU ADOLESCENTE;;OUTROS;PESSOA FÍSICA;NÃO INFORMADO;NÃO;07 ANOS;BR | BRASIL;;;;;NÃO;;NÃO;BR | BRASIL;SP;3505609 | BARRINHA;;;;NÃO INFORMADO;;;PESSOA FÍSICA;FEMININO;NÃO;;BR | BRASIL;;;;;NÃO;;;BR | BRASIL;SP;3505609 | BARRINHA;;;;;;;;;;;LIBERDADE>DIREITOS INDIVIDUAIS>TRÁFICO DE CRIANÇAS - INTERNACIONAL
BF531213005D20409FD13DBE1EF394F7020FD1BA8A8033E5707905755A47CF30;2024-07-11 21:01:04.650;TELEFÔNICO;NÃO;TERCEIRO;CASA DO SUSPEITO;BR | BRASIL;SP;3547809 | SANTO ANDRÉ;NÃO SABE INFORMAR;NÃO SABE INFORMAR;1;VIOLÊNCIA CONTRA CRIANÇA OU ADOLESCENTE;;OUTROS;COMUNIDADE/FAMÍLIA;;;CRIANÇA/ADOLESCENTE IDADE NÃO INFORMADA;BR | BRASIL;;;;;;;;BR | BRASIL;DENUNCIANTE NÃO SOUBE INFORMAR;DENUNCIANTE NÃO SOUBE INFORMAR;;;;NÃO INFORMADO;;;PESSOA FÍSICA;MASCULINO;NÃO;35 A 39 ANOS;BR | BRASIL;;;;;NÃO;;NÃO INFORMADO;BR | BRASIL;SP;3547809 | SANTO ANDRÉ;OUTROS NÃO LISTADOS;;;PRETA;;;;;;;LIBERDADE>DIREITOS INDIVIDUAIS>TRÁFICO DE CRIANÇAS - INTERNACIONAL
481183EFE5B763C548358E9676B78E33AC29AF1143E8DA9396B0475A65804116;2024-07-13 19:31:55.933;TELEFÔNICO;NÃO;TERCEIRO;VIA PÚBLICA;BR | BRASIL;RJ;3304904 | SÃO GONÇALO;NÃO SABE INFORMAR;NÃO SABE INFORMAR;1;VIOLÊNCIA CONTRA CIDADÃO, FAMÍLIA OU COMUNIDADE;;OUTROS;COMUNIDADE/FAMÍLIA;;;30 A 34 ANOS;BR | BRASIL;;;;;;;;BR | BRASIL;RJ;3304904 | SÃO GONÇALO;;;;NÃO INFORMADO;;;PESSOA FÍSICA;MASCULINO;NÃO;;BR | BRASIL;;;;;NÃO;;;BR | BRASIL;RJ;3304904 | SÃO GONÇALO;OUTROS NÃO LISTADOS;;;;;;;;;;LIBERDADE>DIREITOS INDIVIDUAIS>TRÁFICO DE MULHERES - NACIONAL
F06CA4043E90FE47EDFB089710DB99339C8E453FA5B579C516AD40636D84C529;2024-07-14 12:29:17.377;TELEFÔNICO;RISCO IMINENTE DE MORTE DA VÍTIMA;TERCEIRO;OUTROS;MX | MÉXICO;DENUNCIANTE NÃO SOUBE INFORMAR;DENUNCIANTE NÃO SOUBE INFORMAR;ÚNICA OCORRÊNCIA;NÃO SE APLICA;1;VIOLÊNCIA CONTRA CIDADÃO, FAMÍLIA OU COMUNIDADE;;DESCONHECIDO(A);PESSOA FÍSICA;MASCULINO;NÃO;20 A 24 ANOS;BR | BRASIL;;;;;NÃO;;NÃO;MX | MÉXICO;DENUNCIANTE NÃO SOUBE INFORMAR;DENUNCIANTE NÃO SOUBE INFORMAR;;;;PARDA;;;PESSOA FÍSICA;NÃO INFORMADO;NÃO;NÃO INFORMADO;BR | BRASIL;;;;;NÃO;;NÃO INFORMADO;MX | MÉXICO;DENUNCIANTE NÃO SOUBE INFORMAR;DENUNCIANTE NÃO SOUBE INFORMAR;NÃO SABE INFORMAR;;;NÃO INFORMADO;;;;;;;LIBERDADE>DIREITOS INDIVIDUAIS>TRÁFICO DE PESSOAS - INTERNACIONAL
0255A0278E4D8AE3FFB82261C23FE1E8D44B94B8C06D4B4BE07E93FC927F3329;2024-07-15 13:28:03.387;WHATSAPP;NÃO;TERCEIRO;OUTROS;BR | BRASIL;CE;2301604 | ASSARÉ;NÃO SABE INFORMAR;HÁ MAIS DE DEZ ANOS;1;VIOLÊNCIA CONTRA CRIANÇA OU ADOLESCENTE;;OUTROS;PESSOA FÍSICA;FEMININO;NÃO;14 ANOS;BR | BRASIL;;;;;NÃO;;NÃO;BR | BRASIL;DENUNCIANTE NÃO SOUBE INFORMAR;DENUNCIANTE NÃO SOUBE INFORMAR;;;NÃO SABE;AMARELA;;;ÓRGÃO PÚBLICO;;;;BR | BRASIL;;;;;;;;BR | BRASIL;CE;2304202 | CRATO;;;;;;;;PODER EXECUTIVO EM GERAL - MUNICIPAL;;;LIBERDADE>DIREITOS INDIVIDUAIS>TRÁFICO DE CRIANÇAS - NACIONAL
14B9F1D9F1C34D62D36F6C72210FC1793FF7EA771677CA3EE457393006372616;2024-07-15 13:28:03.387;WHATSAPP;NÃO;TERCEIRO;OUTROS;BR | BRASIL;CE;2301604 | ASSARÉ;NÃO SABE INFORMAR;HÁ MAIS DE DEZ ANOS;1;VIOLÊNCIA CONTRA CRIANÇA OU ADOLESCENTE;;OUTROS;PESSOA FÍSICA;FEMININO;NÃO;14 ANOS;BR | BRASIL;;;;;NÃO;;NÃO;BR | BRASIL;DENUNCIANTE NÃO SOUBE INFORMAR;DENUNCIANTE NÃO SOUBE INFORMAR;;;NÃO SABE;AMARELA;;;ÓRGÃO PÚBLICO;;;;BR | BRASIL;;;;;;;;BR | BRASIL;CE;2304202 | CRATO;;;;;;;;PODER LEGISLATIVO ? MUNICIPAL;;;LIBERDADE>DIREITOS INDIVIDUAIS>TRÁFICO DE CRIANÇAS - NACIONAL
0CA51A0507788547FFC577BA6EC11060548655ED35E364E6159B49B00EF47955;2024-07-15 13:28:03.387;WHATSAPP;NÃO;TERCEIRO;OUTROS;BR | BRASIL;CE;2301604 | ASSARÉ;NÃO SABE INFORMAR;HÁ MAIS DE DEZ ANOS;1;VIOLÊNCIA CONTRA CRIANÇA OU ADOLESCENTE;;OUTROS;PESSOA FÍSICA;FEMININO;NÃO;15 ANOS;BR | BRASIL;;;;;NÃO;;NÃO;BR | BRASIL;DENUNCIANTE NÃO SOUBE INFORMAR;DENUNCIANTE NÃO SOUBE INFORMAR;;;NÃO SABE;AMARELA;;;ÓRGÃO PÚBLICO;;;;BR | BRASIL;;;;;;;;BR | BRASIL;CE;2304202 | CRATO;;;;;;;;PODER EXECUTIVO EM GERAL - MUNICIPAL;;;LIBERDADE>DIREITOS INDIVIDUAIS>TRÁFICO DE CRIANÇAS - NACIONAL
824B0120DFF90DAD88B1476CEC5589F9F8EFAEC2F32DCA820109BDB123D829B6;2024-07-15 13:28:03.387;WHATSAPP;NÃO;TERCEIRO;OUTROS;BR | BRASIL;CE;2301604 | ASSARÉ;NÃO SABE INFORMAR;HÁ MAIS DE DEZ ANOS;1;VIOLÊNCIA CONTRA CRIANÇA OU ADOLESCENTE;;OUTROS;PESSOA FÍSICA;FEMININO;NÃO;14 ANOS;BR | BRASIL;;;;;NÃO;;NÃO;BR | BRASIL;DENUNCIANTE NÃO SOUBE INFORMAR;DENUNCIANTE NÃO SOUBE INFORMAR;;;NÃO SABE;AMARELA;;;PESSOA FÍSICA;FEMININO;NÃO;;BR | BRASIL;;;;;NÃO;;;BR | BRASIL;CE;2304202 | CRATO;;;;;;;;;;;LIBERDADE>DIREITOS INDIVIDUAIS>TRÁFICO DE CRIANÇAS - NACIONAL
93033262DB3C00B0EC5B0CE710BE1085D6974668A43E8421D664FA833EDEDFCE;2024-07-15 13:28:03.387;WHATSAPP;NÃO;TERCEIRO;OUTROS;BR | BRASIL;CE;2301604 | ASSARÉ;NÃO SABE INFORMAR;HÁ MAIS DE DEZ ANOS;1;VIOLÊNCIA CONTRA CRIANÇA OU ADOLESCENTE;;OUTROS;PESSOA FÍSICA;FEMININO;NÃO;14 ANOS;BR | BRASIL;;;;;NÃO;;NÃO;BR | BRASIL;DENUNCIANTE NÃO SOUBE INFORMAR;DENUNCIANTE NÃO SOUBE INFORMAR;;;NÃO SABE;AMARELA;;;ÓRGÃO PÚBLICO;;;;BR | BRASIL;;;;;;;;BR | BRASIL;CE;2304202 | CRATO;;;;;;;;AGÊNCIA REGULADORA ? MUNICIPAL;;;LIBERDADE>DIREITOS INDIVIDUAIS>TRÁFICO DE CRIANÇAS - NACIONAL
92529FE78C5B8671E9402469077188AD0B497148AD0DB68C171CF67A70EE7CB0;2024-07-15 13:28:03.387;WHATSAPP;NÃO;TERCEIRO;OUTROS;BR | BRASIL;CE;2301604 | ASSARÉ;NÃO SABE INFORMAR;HÁ MAIS DE DEZ ANOS;1;VIOLÊNCIA CONTRA CRIANÇA OU ADOLESCENTE;;OUTROS;PESSOA FÍSICA;FEMININO;NÃO;15 ANOS;BR | BRASIL;;;;;NÃO;;NÃO;BR | BRASIL;DENUNCIANTE NÃO SOUBE INFORMAR;DENUNCIANTE NÃO SOUBE INFORMAR;;;NÃO SABE;AMARELA;;;PESSOA JURÍDICA DE DIREITO PRIVADO;;;;BR | BRASIL;;;;;;;;BR | BRASIL;CE;2304202 | CRATO;;;;;;;;ATIVIDADES PROFISSIONAIS, CIENTÍFICAS E TÉCNICAS;;;LIBERDADE>DIREITOS INDIVIDUAIS>TRÁFICO DE CRIANÇAS - NACIONAL
C872BF169BF5B9B64A1CA949C1A17C3E681E2D2E8C841A07B3D984718832E8AF;2024-07-15 13:28:03.387;WHATSAPP;NÃO;TERCEIRO;OUTROS;BR | BRASIL;CE;2301604 | ASSARÉ;NÃO SABE INFORMAR;HÁ MAIS DE DEZ ANOS;1;VIOLÊNCIA CONTRA CRIANÇA OU ADOLESCENTE;;OUTROS;PESSOA FÍSICA;FEMININO;NÃO;15 ANOS;BR | BRASIL;;;;;NÃO;;NÃO;BR | BRASIL;DENUNCIANTE NÃO SOUBE INFORMAR;DENUNCIANTE NÃO SOUBE INFORMAR;;;NÃO SABE;AMARELA;;;ÓRGÃO PÚBLICO;;;;BR | BRASIL;;;;;;;;BR | BRASIL;CE;2304202 | CRATO;;;;;;;;AGÊNCIA REGULADORA ? MUNICIPAL;;;LIBERDADE>DIREITOS INDIVIDUAIS>TRÁFICO DE CRIANÇAS - NACIONAL
CB001E828AA4C622C9F7107D45BCB1A250069857C56B56CAE21560925D0ECAAD;2024-07-15 13:28:03.387;WHATSAPP;NÃO;TERCEIRO;OUTROS;BR | BRASIL;CE;2301604 | ASSARÉ;NÃO SABE INFORMAR;HÁ MAIS DE DEZ ANOS;1;VIOLÊNCIA CONTRA CRIANÇA OU ADOLESCENTE;;OUTROS;PESSOA FÍSICA;FEMININO;NÃO;15 ANOS;BR | BRASIL;;;;;NÃO;;NÃO;BR | BRASIL;DENUNCIANTE NÃO SOUBE INFORMAR;DENUNCIANTE NÃO SOUBE INFORMAR;;;NÃO SABE;AMARELA;;;ÓRGÃO PÚBLICO;;;;BR | BRASIL;;;;;;;;BR | BRASIL;CE;2301604 | ASSARÉ;;;;;;;;PODER EXECUTIVO EM GERAL - MUNICIPAL;;;LIBERDADE>DIREITOS INDIVIDUAIS>TRÁFICO DE CRIANÇAS - NACIONAL
93033262DB3C00B0EC5B0CE710BE1085D6974668A43E8421D664FA833EDEDFCE;2024-07-15 13:28:03.387;WHATSAPP;NÃO;TERCEIRO;OUTROS;BR | BRASIL;CE;2301604 | ASSARÉ;NÃO SABE INFORMAR;HÁ MAIS DE DEZ ANOS;1;VIOLÊNCIA CONTRA CRIANÇA OU ADOLESCENTE;;OUTROS;PESSOA FÍSICA;FEMININO;NÃO;14 ANOS;BR | BRASIL;;;;;NÃO;;NÃO;BR | BRASIL;DENUNCIANTE NÃO SOUBE INFORMAR;DENUNCIANTE NÃO SOUBE INFORMAR;;;NÃO SABE;AMARELA;;;ÓRGÃO PÚBLICO;;;;BR | BRASIL;;;;;;;;BR | BRASIL;CE;2304202 | CRATO;;;;;;;;SEGURANÇA PÚBLICA, FORÇAS ARMADAS, DEFESA CIVIL, BOMBEIROS E ASSEMELHADOS ? MUNICIPAL;;;LIBERDADE>DIREITOS INDIVIDUAIS>TRÁFICO DE CRIANÇAS - NACIONAL
EA1117155FD4E6281AEEC13A121B566A1459FA3F0F7988B249261E5552E070EF;2024-07-15 13:28:03.387;WHATSAPP;NÃO;TERCEIRO;OUTROS;BR | BRASIL;CE;2301604 | ASSARÉ;NÃO SABE INFORMAR;HÁ MAIS DE DEZ ANOS;1;VIOLÊNCIA CONTRA CRIANÇA OU ADOLESCENTE;;OUTROS;PESSOA FÍSICA;FEMININO;NÃO;15 ANOS;BR | BRASIL;;;;;NÃO;;NÃO;BR | BRASIL;DENUNCIANTE NÃO SOUBE INFORMAR;DENUNCIANTE NÃO SOUBE INFORMAR;;;NÃO SABE;AMARELA;;;ÓRGÃO PÚBLICO;;;;BR | BRASIL;;;;;;;;BR | BRASIL;CE;2304202 | CRATO;;;;;;;;AGÊNCIA REGULADORA ? MUNICIPAL;;;LIBERDADE>DIREITOS INDIVIDUAIS>TRÁFICO DE CRIANÇAS - NACIONAL
B1AE3D031CA308F664704232F757A8E69B80ECA3CB7C845B6254F48966249F84;2024-07-15 13:28:03.387;WHATSAPP;NÃO;TERCEIRO;OUTROS;BR | BRASIL;CE;2301604 | ASSARÉ;NÃO SABE INFORMAR;HÁ MAIS DE DEZ ANOS;1;VIOLÊNCIA CONTRA CRIANÇA OU ADOLESCENTE;;OUTROS;PESSOA FÍSICA;FEMININO;NÃO;14 ANOS;BR | BRASIL;;;;;NÃO;;NÃO;BR | BRASIL;DENUNCIANTE NÃO SOUBE INFORMAR;DENUNCIANTE NÃO SOUBE INFORMAR;;;NÃO SABE;AMARELA;;;PESSOA JURÍDICA DE DIREITO PRIVADO;;;;BR | BRASIL;;;;;;;;BR | BRASIL;CE;2304202 | CRATO;;;;;;;;ATIVIDADES PROFISSIONAIS, CIENTÍFICAS E TÉCNICAS;;;LIBERDADE>DIREITOS INDIVIDUAIS>TRÁFICO DE CRIANÇAS - NACIONAL
A5E474BDE243129383BE4AA53586B77313D2933FE71A83630EEABF3AB2DDD7EE;2024-07-15 13:28:03.387;WHATSAPP;NÃO;TERCEIRO;OUTROS;BR | BRASIL;CE;2301604 | ASSARÉ;NÃO SABE INFORMAR;HÁ MAIS DE DEZ ANOS;1;VIOLÊNCIA CONTRA CRIANÇA OU ADOLESCENTE;;OUTROS;PESSOA FÍSICA;FEMININO;NÃO;14 ANOS;BR | BRASIL;;;;;NÃO;;NÃO;BR | BRASIL;DENUNCIANTE NÃO SOUBE INFORMAR;DENUNCIANTE NÃO SOUBE INFORMAR;;;NÃO SABE;AMARELA;;;ÓRGÃO PÚBLICO;;;;BR | BRASIL;;;;;;;;BR | BRASIL;CE;2304202 | CRATO;;;;;;;;AGÊNCIA REGULADORA ? MUNICIPAL;;;LIBERDADE>DIREITOS INDIVIDUAIS>TRÁFICO DE CRIANÇAS - NACIONAL
A9140FED16BB282EACCFE8A7E075D08FFCC1A0FAA85E6B6DD3D06B2584EA9759;2024-07-15 13:28:03.387;WHATSAPP;NÃO;TERCEIRO;OUTROS;BR | BRASIL;CE;2301604 | ASSARÉ;NÃO SABE INFORMAR;HÁ MAIS DE DEZ ANOS;1;VIOLÊNCIA CONTRA CRIANÇA OU ADOLESCENTE;;OUTROS;PESSOA FÍSICA;FEMININO;NÃO;15 ANOS;BR | BRASIL;;;;;NÃO;;NÃO;BR | BRASIL;DENUNCIANTE NÃO SOUBE INFORMAR;DENUNCIANTE NÃO SOUBE INFORMAR;;;NÃO SABE;AMARELA;;;ÓRGÃO PÚBLICO;;;;BR | BRASIL;;;;;;;;BR | BRASIL;CE;2304202 | CRATO;;;;;;;;AGÊNCIA REGULADORA ? MUNICIPAL;;;LIBERDADE>DIREITOS INDIVIDUAIS>TRÁFICO DE CRIANÇAS - NACIONAL
CFD15DF32D5995656A918EE54D0760AA31A70C24F36C176B5D4F346024203460;2024-07-15 13:28:03.387;WHATSAPP;NÃO;TERCEIRO;OUTROS;BR | BRASIL;CE;2301604 | ASSARÉ;NÃO SABE INFORMAR;HÁ MAIS DE DEZ ANOS;1;VIOLÊNCIA CONTRA CRIANÇA OU ADOLESCENTE;;OUTROS;PESSOA FÍSICA;FEMININO;NÃO;15 ANOS;BR | BRASIL;;;;;NÃO;;NÃO;BR | BRASIL;DENUNCIANTE NÃO SOUBE INFORMAR;DENUNCIANTE NÃO SOUBE INFORMAR;;;NÃO SABE;AMARELA;;;PESSOA FÍSICA;FEMININO;NÃO;;BR | BRASIL;;;;;NÃO;;;BR | BRASIL;CE;2304202 | CRATO;;;;;;;;;;;LIBERDADE>DIREITOS INDIVIDUAIS>TRÁFICO DE CRIANÇAS - NACIONAL
D295C46300D7A280A3970A434224D416D75808B0866631362D74194DFC315D3F;2024-07-15 13:28:03.387;WHATSAPP;NÃO;TERCEIRO;OUTROS;BR | BRASIL;CE;2301604 | ASSARÉ;NÃO SABE INFORMAR;HÁ MAIS DE DEZ ANOS;1;VIOLÊNCIA CONTRA CRIANÇA OU ADOLESCENTE;;OUTROS;PESSOA FÍSICA;FEMININO;NÃO;14 ANOS;BR | BRASIL;;;;;NÃO;;NÃO;BR | BRASIL;DENUNCIANTE NÃO SOUBE INFORMAR;DENUNCIANTE NÃO SOUBE INFORMAR;;;NÃO SABE;AMARELA;;;ÓRGÃO PÚBLICO;;;;BR | BRASIL;;;;;;;;BR | BRASIL;CE;2304202 | CRATO;;;;;;;;AGÊNCIA REGULADORA ? MUNICIPAL;;;LIBERDADE>DIREITOS INDIVIDUAIS>TRÁFICO DE CRIANÇAS - NACIONAL
C872BF169BF5B9B64A1CA949C1A17C3E681E2D2E8C841A07B3D984718832E8AF;2024-07-15 13:28:03.387;WHATSAPP;NÃO;TERCEIRO;OUTROS;BR | BRASIL;CE;2301604 | ASSARÉ;NÃO SABE INFORMAR;HÁ MAIS DE DEZ ANOS;1;VIOLÊNCIA CONTRA CRIANÇA OU ADOLESCENTE;;OUTROS;PESSOA FÍSICA;FEMININO;NÃO;15 ANOS;BR | BRASIL;;;;;NÃO;;NÃO;BR | BRASIL;DENUNCIANTE NÃO SOUBE INFORMAR;DENUNCIANTE NÃO SOUBE INFORMAR;;;NÃO SABE;AMARELA;;;ÓRGÃO PÚBLICO;;;;BR | BRASIL;;;;;;;;BR | BRASIL;CE;2304202 | CRATO;;;;;;;;SEGURANÇA PÚBLICA, FORÇAS ARMADAS, DEFESA CIVIL, BOMBEIROS E ASSEMELHADOS ? MUNICIPAL;;;LIBERDADE>DIREITOS INDIVIDUAIS>TRÁFICO DE CRIANÇAS - NACIONAL
EF26F0ED9C255618767071F12A6AC1046E41BD8AE9E5D043B368E4F04AD618E3;2024-07-15 13:28:03.387;WHATSAPP;NÃO;TERCEIRO;OUTROS;BR | BRASIL;CE;2301604 | ASSARÉ;NÃO SABE INFORMAR;HÁ MAIS DE DEZ ANOS;1;VIOLÊNCIA CONTRA CRIANÇA OU ADOLESCENTE;;OUTROS;PESSOA FÍSICA;FEMININO;NÃO;14 ANOS;BR | BRASIL;;;;;NÃO;;NÃO;BR | BRASIL;DENUNCIANTE NÃO SOUBE INFORMAR;DENUNCIANTE NÃO SOUBE INFORMAR;;;NÃO SABE;AMARELA;;;ÓRGÃO PÚBLICO;;;;BR | BRASIL;;;;;;;;BR | BRASIL;CE;2301604 | ASSARÉ;;;;;;;;PODER EXECUTIVO EM GERAL - MUNICIPAL;;;LIBERDADE>DIREITOS INDIVIDUAIS>TRÁFICO DE CRIANÇAS - NACIONAL
FAEDC8328FF56F8B024897F85404832F7E0405888896A980B348AF7246647213;2024-07-15 13:28:03.387;WHATSAPP;NÃO;TERCEIRO;OUTROS;BR | BRASIL;CE;2301604 | ASSARÉ;NÃO SABE INFORMAR;HÁ MAIS DE DEZ ANOS;1;VIOLÊNCIA CONTRA CRIANÇA OU ADOLESCENTE;;OUTROS;PESSOA FÍSICA;FEMININO;NÃO;15 ANOS;BR | BRASIL;;;;;NÃO;;NÃO;BR | BRASIL;DENUNCIANTE NÃO SOUBE INFORMAR;DENUNCIANTE NÃO SOUBE INFORMAR;;;NÃO SABE;AMARELA;;;ÓRGÃO PÚBLICO;;;;BR | BRASIL;;;;;;;;BR | BRASIL;CE;2304202 | CRATO;;;;;;;;PODER LEGISLATIVO ? MUNICIPAL;;;LIBERDADE>DIREITOS INDIVIDUAIS>TRÁFICO DE CRIANÇAS - NACIONAL
F214614863943E9B497AC0AC83351BABB27AA78BB8D7CADBCF32BF10312F4021;2024-07-18 16:33:59.887;TELEFÔNICO;RISCO IMINENTE DE MORTE DA VÍTIMA;TERCEIRO;CASA DA VÍTIMA;BR | BRASIL;SP;3550308 | SÃO PAULO;ÚNICA OCORRÊNCIA;NÃO SE APLICA;1;VIOLÊNCIA CONTRA CRIANÇA OU ADOLESCENTE;;OUTROS;PESSOA FÍSICA;MASCULINO;NÃO;10 ANOS;BR | BRASIL;;;;;NÃO;;NÃO;BR | BRASIL;SP;3550308 | SÃO PAULO;;;;PARDA;;;PESSOA FÍSICA;MASCULINO;NÃO;20 A 24 ANOS;BR | BRASIL;;;;;NÃO;;NÃO;BR | BRASIL;DENUNCIANTE NÃO SOUBE INFORMAR;DENUNCIANTE NÃO SOUBE INFORMAR;OUTROS NÃO LISTADOS;;;PRETA;;;;;;;LIBERDADE>DIREITOS INDIVIDUAIS>TRÁFICO DE CRIANÇAS - NACIONAL
F214614863943E9B497AC0AC83351BABB27AA78BB8D7CADBCF32BF10312F4021;2024-07-18 16:33:59.887;TELEFÔNICO;RISCO IMINENTE DE MORTE DA VÍTIMA;TERCEIRO;CASA DA VÍTIMA;BR | BRASIL;SP;3550308 | SÃO PAULO;ÚNICA OCORRÊNCIA;NÃO SE APLICA;1;VIOLÊNCIA CONTRA CRIANÇA OU ADOLESCENTE;;OUTROS;PESSOA FÍSICA;MASCULINO;NÃO;10 ANOS;BR | BRASIL;;;;;NÃO;;NÃO;BR | BRASIL;SP;3550308 | SÃO PAULO;;;;PARDA;;;PESSOA FÍSICA;MASCULINO;NÃO;20 A 24 ANOS;BR | BRASIL;;;;;NÃO;;NÃO;BR | BRASIL;DENUNCIANTE NÃO SOUBE INFORMAR;DENUNCIANTE NÃO SOUBE INFORMAR;OUTROS NÃO LISTADOS;;;PRETA;;;;;;;LIBERDADE>DIREITOS INDIVIDUAIS>TRÁFICO DE PESSOAS - NACIONAL
962CFE3C6E01FE42CDDEAEB4340A0F6BFEDD054B4571EA88A2211E1AD53BF4A6;2024-07-25 15:52:52.637;TELEFÔNICO;NÃO;TERCEIRO;CASA DA VÍTIMA;PT | PORTUGAL;DENUNCIANTE NÃO SOUBE INFORMAR;DENUNCIANTE NÃO SOUBE INFORMAR;SEMANALMENTE;HÁ MAIS DE UM ANO;1;VIOLÊNCIA CONTRA POPULAÇÃO LGBTQIA+;;EX-NAMORADO(A);PESSOA FÍSICA;MASCULINO;HOMOSSEXUAL.GAY;25 A 29 ANOS;BR | BRASIL;;;;;NÃO;;NÃO;BR | BRASIL;DENUNCIANTE NÃO SOUBE INFORMAR;DENUNCIANTE NÃO SOUBE INFORMAR;;;;NÃO INFORMADO;;;PESSOA FÍSICA;MASCULINO;NÃO;20 A 24 ANOS;BR | BRASIL;;;;;NÃO;;NÃO;PT | PORTUGAL;DENUNCIANTE NÃO SOUBE INFORMAR;DENUNCIANTE NÃO SOUBE INFORMAR;OUTROS NÃO LISTADOS;;;BRANCA;;;;;;;LIBERDADE>DIREITOS INDIVIDUAIS>TRÁFICO DE PESSOAS - INTERNACIONAL
1A80F9BD404EA8F09A8E57A1C80F325EB4F8302E2EFCE921A27635BDA1FF3A94;2024-07-25 15:52:52.637;TELEFÔNICO;NÃO;TERCEIRO;CASA DA VÍTIMA;PT | PORTUGAL;DENUNCIANTE NÃO SOUBE INFORMAR;DENUNCIANTE NÃO SOUBE INFORMAR;SEMANALMENTE;HÁ MAIS DE UM ANO;1;VIOLÊNCIA CONTRA CIDADÃO, FAMÍLIA OU COMUNIDADE;;EX-NAMORADO(A);PESSOA FÍSICA;MASCULINO;HOMOSSEXUAL.GAY;25 A 29 ANOS;BR | BRASIL;;;;;NÃO;;NÃO;BR | BRASIL;DENUNCIANTE NÃO SOUBE INFORMAR;DENUNCIANTE NÃO SOUBE INFORMAR;;;;NÃO INFORMADO;;;PESSOA FÍSICA;FEMININO;NÃO;40 A 44 ANOS;BR | BRASIL;;;;;NÃO;;NÃO;PT | PORTUGAL;;;CABELEIREIRO, MANICURE OU OUTRAS ATIVIDADES DO SETOR DE ESTÉTICA;;;PARDA;;;;;;;LIBERDADE>DIREITOS INDIVIDUAIS>TRÁFICO DE PESSOAS - INTERNACIONAL
962CFE3C6E01FE42CDDEAEB4340A0F6BFEDD054B4571EA88A2211E1AD53BF4A6;2024-07-25 15:52:52.637;TELEFÔNICO;NÃO;TERCEIRO;CASA DA VÍTIMA;PT | PORTUGAL;DENUNCIANTE NÃO SOUBE INFORMAR;DENUNCIANTE NÃO SOUBE INFORMAR;SEMANALMENTE;HÁ MAIS DE UM ANO;1;VIOLÊNCIA CONTRA CIDADÃO, FAMÍLIA OU COMUNIDADE;;EX-NAMORADO(A);PESSOA FÍSICA;MASCULINO;HOMOSSEXUAL.GAY;25 A 29 ANOS;BR | BRASIL;;;;;NÃO;;NÃO;BR | BRASIL;DENUNCIANTE NÃO SOUBE INFORMAR;DENUNCIANTE NÃO SOUBE INFORMAR;;;;NÃO INFORMADO;;;PESSOA FÍSICA;MASCULINO;NÃO;20 A 24 ANOS;BR | BRASIL;;;;;NÃO;;NÃO;PT | PORTUGAL;DENUNCIANTE NÃO SOUBE INFORMAR;DENUNCIANTE NÃO SOUBE INFORMAR;OUTROS NÃO LISTADOS;;;BRANCA;;;;;;;LIBERDADE>DIREITOS INDIVIDUAIS>TRÁFICO DE PESSOAS - INTERNACIONAL
1A80F9BD404EA8F09A8E57A1C80F325EB4F8302E2EFCE921A27635BDA1FF3A94;2024-07-25 15:52:52.637;TELEFÔNICO;NÃO;TERCEIRO;CASA DA VÍTIMA;PT | PORTUGAL;DENUNCIANTE NÃO SOUBE INFORMAR;DENUNCIANTE NÃO SOUBE INFORMAR;SEMANALMENTE;HÁ MAIS DE UM ANO;1;VIOLÊNCIA CONTRA POPULAÇÃO LGBTQIA+;;EX-NAMORADO(A);PESSOA FÍSICA;MASCULINO;HOMOSSEXUAL.GAY;25 A 29 ANOS;BR | BRASIL;;;;;NÃO;;NÃO;BR | BRASIL;DENUNCIANTE NÃO SOUBE INFORMAR;DENUNCIANTE NÃO SOUBE INFORMAR;;;;NÃO INFORMADO;;;PESSOA FÍSICA;FEMININO;NÃO;40 A 44 ANOS;BR | BRASIL;;;;;NÃO;;NÃO;PT | PORTUGAL;;;CABELEIREIRO, MANICURE OU OUTRAS ATIVIDADES DO SETOR DE ESTÉTICA;;;PARDA;;;;;;;LIBERDADE>DIREITOS INDIVIDUAIS>TRÁFICO DE PESSOAS - INTERNACIONAL
385D18B9C1B292284BCC819028C79E5863CDD1AE5FCBDD2AAA9EDED4818A413E;2024-07-26 13:01:26.803;TELEFÔNICO;NÃO;TERCEIRO;CASA ONDE RESIDE A VÍTIMA E O SUSPEITO;BR | BRASIL;SP;3522307 | ITAPETININGA;DIARIAMENTE;HÁ UM MÊS;1;VIOLÊNCIA CONTRA CRIANÇA OU ADOLESCENTE;;OUTROS;PESSOA FÍSICA;FEMININO;;CRIANÇA/ADOLESCENTE IDADE NÃO INFORMADA;BR | BRASIL;;;;;NÃO;;;BR | BRASIL;SP;3522307 | ITAPETININGA;;;;BRANCA;;;PESSOA FÍSICA;FEMININO;NÃO;80 A 84 ANOS;BR | BRASIL;;;;;NÃO;;NÃO;BR | BRASIL;SP;3522307 | ITAPETININGA;OUTROS NÃO LISTADOS;;;BRANCA;;;;;;;LIBERDADE>DIREITOS INDIVIDUAIS>TRÁFICO DE CRIANÇAS - NACIONAL
3B7365F57F00DBCC771C1FBE086C47CCA8D0A3ABD087B6B0663E3272AB038DA4;2024-07-26 20:43:34.673;TELEFÔNICO;NÃO;TERCEIRO;ÓRGÃOS PÚBLICOS;BR | BRASIL;RS;4322509 | VACARIA;NÃO SABE INFORMAR;HÁ UM MÊS;1;VIOLÊNCIA CONTRA CRIANÇA OU ADOLESCENTE;;MÃE;PESSOA FÍSICA;FEMININO;;MENOS DE 01 ANO;BR | BRASIL;;;;;NÃO;;;BR | BRASIL;RS;4322509 | VACARIA;;;;BRANCA;;;ÓRGÃO PÚBLICO;;;;BR | BRASIL;;;;;;;;BR | BRASIL;RS;4322509 | VACARIA;;;;;;;;MINISTÉRIO PÚBLICO - ESTADUAL;;;LIBERDADE>DIREITOS INDIVIDUAIS>TRÁFICO DE CRIANÇAS - NACIONAL
4703B53840DCC1623DCC3BF3FF71C4C15819D18659D21F1F77A5726CFBA95E2E;2024-07-26 20:43:34.673;TELEFÔNICO;NÃO;TERCEIRO;ÓRGÃOS PÚBLICOS;BR | BRASIL;RS;4322509 | VACARIA;NÃO SABE INFORMAR;HÁ UM MÊS;1;VIOLÊNCIA CONTRA CRIANÇA OU ADOLESCENTE;;MÃE;PESSOA FÍSICA;FEMININO;;MENOS DE 01 ANO;BR | BRASIL;;;;;NÃO;;;BR | BRASIL;RS;4322509 | VACARIA;;;;BRANCA;;;PESSOA FÍSICA;FEMININO;NÃO;;BR | BRASIL;;;;;NÃO;;;BR | BRASIL;RS;4307401 | ESMERALDA;;;;;;;;;;;LIBERDADE>DIREITOS INDIVIDUAIS>TRÁFICO DE CRIANÇAS - NACIONAL
FCA0B4BDE943C98F48771C88DD090E0DE3B051A78C0F2023883684A79B3929D5;2024-07-26 20:43:34.673;TELEFÔNICO;NÃO;TERCEIRO;ÓRGÃOS PÚBLICOS;BR | BRASIL;RS;4322509 | VACARIA;NÃO SABE INFORMAR;HÁ UM MÊS;1;VIOLÊNCIA CONTRA CRIANÇA OU ADOLESCENTE;;MÃE;PESSOA FÍSICA;FEMININO;;MENOS DE 01 ANO;BR | BRASIL;;;;;NÃO;;;BR | BRASIL;RS;4322509 | VACARIA;;;;BRANCA;;;ÓRGÃO PÚBLICO;;;;BR | BRASIL;;;;;;;;BR | BRASIL;RS;4322509 | VACARIA;;;;;;;;PODER EXECUTIVO EM GERAL - MUNICIPAL;;;LIBERDADE>DIREITOS INDIVIDUAIS>TRÁFICO DE CRIANÇAS - NACIONAL
4FFE2ED6FA45675197C0FE03B8041405151BD6D87D85873382C19332CC35B17C;2024-07-26 21:10:00.843;TELEFÔNICO;RISCO IMINENTE DE MORTE DA VÍTIMA;TERCEIRO;CASA ONDE RESIDE A VÍTIMA E O SUSPEITO;BR | BRASIL;RS;4322509 | VACARIA;DIARIAMENTE;NÃO SE APLICA;1;VIOLÊNCIA CONTRA CRIANÇA OU ADOLESCENTE;;MÃE;PESSOA FÍSICA;FEMININO;NÃO;MENOS DE 01 ANO;BR | BRASIL;;;;;NÃO;;NÃO;BR | BRASIL;RS;4322509 | VACARIA;;ANALFABETO/SEM INSTRUÇÃO;;BRANCA;;;PESSOA FÍSICA;FEMININO;NÃO;NÃO INFORMADO;BR | BRASIL;;;;;NÃO;;NÃO INFORMADO;BR | BRASIL;RS;4322509 | VACARIA;ASSISTENTE SOCIAL;;;BRANCA;;;;;;;LIBERDADE>DIREITOS INDIVIDUAIS>TRÁFICO DE CRIANÇAS - NACIONAL
3F3826A008C582E675F673E646C142BA156AE1ECCF03EA143BF7469ABD4581FD;2024-07-26 21:10:00.843;TELEFÔNICO;RISCO IMINENTE DE MORTE DA VÍTIMA;TERCEIRO;CASA ONDE RESIDE A VÍTIMA E O SUSPEITO;BR | BRASIL;RS;4322509 | VACARIA;DIARIAMENTE;NÃO SE APLICA;1;VIOLÊNCIA CONTRA CRIANÇA OU ADOLESCENTE;;MÃE;PESSOA FÍSICA;FEMININO;NÃO;MENOS DE 01 ANO;BR | BRASIL;;;;;NÃO;;NÃO;BR | BRASIL;RS;4322509 | VACARIA;;ANALFABETO/SEM INSTRUÇÃO;;BRANCA;;;PESSOA FÍSICA;FEMININO;NÃO;20 A 24 ANOS;BR | BRASIL;;;;;NÃO;;NÃO;BR | BRASIL;RS;4322509 | VACARIA;OUTROS NÃO LISTADOS;;;PARDA;;;;;;;LIBERDADE>DIREITOS INDIVIDUAIS>TRÁFICO DE CRIANÇAS - NACIONAL
9ABEA6A9091CD3AE60AE73A0B5DE74D048BF1DD5AB6DEF4ED7D28068B461A946;2024-07-28 08:59:26.580;TELEFÔNICO;NÃO;TERCEIRO;OUTROS;BR | BRASIL;RS;4322509 | VACARIA;DIARIAMENTE;HÁ UM MÊS;1;VIOLÊNCIA CONTRA CRIANÇA OU ADOLESCENTE;;MÃE;PESSOA FÍSICA;FEMININO;;MENOS DE 01 ANO;BR | BRASIL;;;;;NÃO;;;BR | BRASIL;RS;4322509 | VACARIA;;ANALFABETO/SEM INSTRUÇÃO;;BRANCA;;;PESSOA FÍSICA;FEMININO;NÃO;25 A 29 ANOS;BR | BRASIL;;;;;NÃO;;NÃO;BR | BRASIL;RS;4322509 | VACARIA;NÃO SABE INFORMAR;;;BRANCA;;;;;;;LIBERDADE>DIREITOS INDIVIDUAIS>TRÁFICO DE CRIANÇAS - NACIONAL
A1B79C2F0D382086B2B7A1A2CBF8D28BCD3C1DF5C811F146D04095DE01B37057;2024-07-28 17:52:52.127;TELEFÔNICO;NÃO;TERCEIRO;OUTROS;BR | BRASIL;MG;3167202 | SETE LAGOAS;DIARIAMENTE;HÁ MAIS DE SEIS MESES;1;VIOLÊNCIA CONTRA CRIANÇA OU ADOLESCENTE;;DESCONHECIDO(A);PESSOA FÍSICA;NÃO INFORMADO;;03 ANOS;BR | BRASIL;;;;;NÃO;;;BR | BRASIL;MG;3167202 | SETE LAGOAS;;;;NÃO INFORMADO;;;PESSOA FÍSICA;NÃO INFORMADO;NÃO;;BR | BRASIL;;;;;NÃO;;;BR | BRASIL;MG;3167202 | SETE LAGOAS;OUTROS NÃO LISTADOS;;;;;;;;;;LIBERDADE>DIREITOS INDIVIDUAIS>TRÁFICO DE CRIANÇAS - NACIONAL
639D8C06C8351F0A82CB54A7FADCB6E47918C65E7CECEC6329A4562690138977;2024-08-01 00:14:50.060;TELEFÔNICO;NÃO;TERCEIRO;CASA ONDE RESIDE A VÍTIMA E O SUSPEITO;BR | BRASIL;RO;1100403 | ALTO PARAÍSO;DIARIAMENTE;HÁ MAIS DE SEIS MESES;2;VIOLÊNCIA CONTRA CRIANÇA OU ADOLESCENTE;;OUTROS;PESSOA FÍSICA;FEMININO;;MENOS DE 01 ANO;BR | BRASIL;;;;;NÃO;;;BR | BRASIL;RO;1100403 | ALTO PARAÍSO;;ANALFABETO/SEM INSTRUÇÃO;;BRANCA;;;PESSOA FÍSICA;FEMININO;NÃO;30 A 34 ANOS;BR | BRASIL;;;;;NÃO;;NÃO;BR | BRASIL;RO;1100403 | ALTO PARAÍSO;OUTROS NÃO LISTADOS;;;NÃO INFORMADO;;;;;;;LIBERDADE>DIREITOS INDIVIDUAIS>TRÁFICO DE CRIANÇAS - NACIONAL
27EEF9BDB18FAE334E867E4297D481F89513132D0BCD78CD6E3104121AFA460B;2024-08-01 00:14:50.060;TELEFÔNICO;NÃO;TERCEIRO;CASA DA VÍTIMA;BR | BRASIL;RO;1100023 | ARIQUEMES;DIARIAMENTE;HÁ MAIS DE SEIS MESES;2;VIOLÊNCIA CONTRA PESSOA COM DEFICIÊNCIA;;OUTROS;PESSOA FÍSICA;FEMININO;NÃO;25 A 29 ANOS;BR | BRASIL;;;;;NÃO;;NÃO;BR | BRASIL;RO;1100023 | ARIQUEMES;;ANALFABETO/SEM INSTRUÇÃO;;PARDA;;;PESSOA FÍSICA;MASCULINO;NÃO;35 A 39 ANOS;BR | BRASIL;;;;;NÃO;;NÃO;BR | BRASIL;RO;1100403 | ALTO PARAÍSO;OUTROS NÃO LISTADOS;;;NÃO INFORMADO;;;;;;;LIBERDADE>DIREITOS INDIVIDUAIS>TRÁFICO DE CRIANÇAS - NACIONAL
7BA0976C8C6942CAA85BD8489DC129F5461A792D51D4D9984A133614657E8D53;2024-08-01 00:14:50.060;TELEFÔNICO;NÃO;TERCEIRO;CASA DA VÍTIMA;BR | BRASIL;RO;1100023 | ARIQUEMES;DIARIAMENTE;HÁ MAIS DE SEIS MESES;2;VIOLÊNCIA CONTRA PESSOA COM DEFICIÊNCIA;;OUTROS;PESSOA FÍSICA;FEMININO;NÃO;25 A 29 ANOS;BR | BRASIL;;;;;NÃO;;NÃO;BR | BRASIL;RO;1100023 | ARIQUEMES;;ANALFABETO/SEM INSTRUÇÃO;;PARDA;;;PESSOA FÍSICA;FEMININO;NÃO;;BR | BRASIL;;;;;NÃO;;;BR | BRASIL;RO;1100023 | ARIQUEMES;NÃO SABE INFORMAR;;;;;;;;;;LIBERDADE>DIREITOS INDIVIDUAIS>TRÁFICO DE MULHERES - INTERNACIONAL
7BA0976C8C6942CAA85BD8489DC129F5461A792D51D4D9984A133614657E8D53;2024-08-01 00:14:50.060;TELEFÔNICO;NÃO;TERCEIRO;CASA DA VÍTIMA;BR | BRASIL;RO;1100023 | ARIQUEMES;DIARIAMENTE;HÁ MAIS DE SEIS MESES;2;VIOLÊNCIA CONTRA PESSOA COM DEFICIÊNCIA;;OUTROS;PESSOA FÍSICA;FEMININO;NÃO;25 A 29 ANOS;BR | BRASIL;;;;;NÃO;;NÃO;BR | BRASIL;RO;1100023 | ARIQUEMES;;ANALFABETO/SEM INSTRUÇÃO;;PARDA;;;PESSOA FÍSICA;FEMININO;NÃO;;BR | BRASIL;;;;;NÃO;;;BR | BRASIL;RO;1100023 | ARIQUEMES;NÃO SABE INFORMAR;;;;;;;;;;LIBERDADE>DIREITOS INDIVIDUAIS>TRÁFICO DE CRIANÇAS - NACIONAL
27EEF9BDB18FAE334E867E4297D481F89513132D0BCD78CD6E3104121AFA460B;2024-08-01 00:14:50.060;TELEFÔNICO;NÃO;TERCEIRO;CASA DA VÍTIMA;BR | BRASIL;RO;1100023 | ARIQUEMES;DIARIAMENTE;HÁ MAIS DE SEIS MESES;2;VIOLÊNCIA CONTRA PESSOA COM DEFICIÊNCIA;;OUTROS;PESSOA FÍSICA;FEMININO;NÃO;25 A 29 ANOS;BR | BRASIL;;;;;NÃO;;NÃO;BR | BRASIL;RO;1100023 | ARIQUEMES;;ANALFABETO/SEM INSTRUÇÃO;;PARDA;;;PESSOA FÍSICA;MASCULINO;NÃO;35 A 39 ANOS;BR | BRASIL;;;;;NÃO;;NÃO;BR | BRASIL;RO;1100403 | ALTO PARAÍSO;OUTROS NÃO LISTADOS;;;NÃO INFORMADO;;;;;;;LIBERDADE>DIREITOS INDIVIDUAIS>TRÁFICO DE MULHERES - INTERNACIONAL
D3820B69ECC37CFE42E80DF7068470E20DC027BDABFFBA9A51B3B7B4559A7AB2;2024-08-01 00:14:50.060;TELEFÔNICO;NÃO;TERCEIRO;CASA DA VÍTIMA;BR | BRASIL;RO;1100023 | ARIQUEMES;DIARIAMENTE;HÁ MAIS DE SEIS MESES;2;VIOLÊNCIA CONTRA PESSOA COM DEFICIÊNCIA;;OUTROS;PESSOA FÍSICA;FEMININO;NÃO;25 A 29 ANOS;BR | BRASIL;;;;;NÃO;;NÃO;BR | BRASIL;RO;1100023 | ARIQUEMES;;ANALFABETO/SEM INSTRUÇÃO;;PARDA;;;PESSOA FÍSICA;FEMININO;NÃO;30 A 34 ANOS;BR | BRASIL;;;;;NÃO;;NÃO;BR | BRASIL;RO;1100403 | ALTO PARAÍSO;OUTROS NÃO LISTADOS;;;NÃO INFORMADO;;;;;;;LIBERDADE>DIREITOS INDIVIDUAIS>TRÁFICO DE CRIANÇAS - NACIONAL
49880B0D21BDA0B6EA54CBD263D1B87506667E160A891AECE28A03C9C5FD2102;2024-08-01 00:14:50.060;TELEFÔNICO;NÃO;TERCEIRO;CASA ONDE RESIDE A VÍTIMA E O SUSPEITO;BR | BRASIL;RO;1100403 | ALTO PARAÍSO;DIARIAMENTE;HÁ MAIS DE SEIS MESES;2;VIOLÊNCIA CONTRA CRIANÇA OU ADOLESCENTE;;OUTROS;PESSOA FÍSICA;FEMININO;;MENOS DE 01 ANO;BR | BRASIL;;;;;NÃO;;;BR | BRASIL;RO;1100403 | ALTO PARAÍSO;;ANALFABETO/SEM INSTRUÇÃO;;BRANCA;;;PESSOA FÍSICA;FEMININO;NÃO;;BR | BRASIL;;;;;NÃO;;;BR | BRASIL;RO;1100023 | ARIQUEMES;NÃO SABE INFORMAR;;;;;;;;;;LIBERDADE>DIREITOS INDIVIDUAIS>TRÁFICO DE CRIANÇAS - NACIONAL
DB32615E7EAF41FB9CE326805B131D666B8A59BE2A9D38DEFE59CE9A79F6C3BD;2024-08-01 00:14:50.060;TELEFÔNICO;NÃO;TERCEIRO;CASA ONDE RESIDE A VÍTIMA E O SUSPEITO;BR | BRASIL;RO;1100403 | ALTO PARAÍSO;DIARIAMENTE;HÁ MAIS DE SEIS MESES;2;VIOLÊNCIA CONTRA CRIANÇA OU ADOLESCENTE;;OUTROS;PESSOA FÍSICA;FEMININO;;MENOS DE 01 ANO;BR | BRASIL;;;;;NÃO;;;BR | BRASIL;RO;1100403 | ALTO PARAÍSO;;ANALFABETO/SEM INSTRUÇÃO;;BRANCA;;;PESSOA FÍSICA;MASCULINO;NÃO;35 A 39 ANOS;BR | BRASIL;;;;;NÃO;;NÃO;BR | BRASIL;RO;1100403 | ALTO PARAÍSO;OUTROS NÃO LISTADOS;;;NÃO INFORMADO;;;;;;;LIBERDADE>DIREITOS INDIVIDUAIS>TRÁFICO DE CRIANÇAS - NACIONAL
D3820B69ECC37CFE42E80DF7068470E20DC027BDABFFBA9A51B3B7B4559A7AB2;2024-08-01 00:14:50.060;TELEFÔNICO;NÃO;TERCEIRO;CASA DA VÍTIMA;BR | BRASIL;RO;1100023 | ARIQUEMES;DIARIAMENTE;HÁ MAIS DE SEIS MESES;2;VIOLÊNCIA CONTRA PESSOA COM DEFICIÊNCIA;;OUTROS;PESSOA FÍSICA;FEMININO;NÃO;25 A 29 ANOS;BR | BRASIL;;;;;NÃO;;NÃO;BR | BRASIL;RO;1100023 | ARIQUEMES;;ANALFABETO/SEM INSTRUÇÃO;;PARDA;;;PESSOA FÍSICA;FEMININO;NÃO;30 A 34 ANOS;BR | BRASIL;;;;;NÃO;;NÃO;BR | BRASIL;RO;1100403 | ALTO PARAÍSO;OUTROS NÃO LISTADOS;;;NÃO INFORMADO;;;;;;;LIBERDADE>DIREITOS INDIVIDUAIS>TRÁFICO DE MULHERES - INTERNACIONAL
E2F135B3C0EE4E5809A79A07F8D4E48A4A34F4B47EFBD90DE9AA4C74547FC191;2024-08-02 14:52:16.003;TELEFÔNICO;NÃO;TERCEIRO;CASA ONDE RESIDE A VÍTIMA E O SUSPEITO;BR | BRASIL;GO;5204508 | CALDAS NOVAS;DIARIAMENTE;HÁ UM MÊS;1;VIOLÊNCIA CONTRA CRIANÇA OU ADOLESCENTE;;DESCONHECIDO(A);PESSOA FÍSICA;FEMININO;;MENOS DE 01 ANO;BR | BRASIL;;;;;NÃO;;;BR | BRASIL;GO;5204508 | CALDAS NOVAS;;;;BRANCA;;;PESSOA FÍSICA;MASCULINO;NÃO;;BR | BRASIL;;;;;NÃO;;;BR | BRASIL;GO;5204508 | CALDAS NOVAS;;;;;;;;;;;LIBERDADE>DIREITOS INDIVIDUAIS>TRÁFICO DE CRIANÇAS - NACIONAL
0AE465767FD48FDF77820F82A8C1986FA6D13D5148D3E1B37E319C56E606C59D;2024-08-06 19:51:33.720;TELEFÔNICO;NÃO;TERCEIRO;CASA ONDE RESIDE A VÍTIMA E O SUSPEITO;BR | BRASIL;SP;3506003 | BAURU;SEMANALMENTE;HÁ MAIS DE UM ANO;2;VIOLÊNCIA CONTRA CRIANÇA OU ADOLESCENTE;;MÃE;PESSOA FÍSICA;FEMININO;NÃO;10 ANOS;BR | BRASIL;;;;;NÃO;;;BR | BRASIL;SP;3506003 | BAURU;;;;PARDA;;;PESSOA FÍSICA;MASCULINO;NÃO;;BR | BRASIL;;;;;NÃO;;;BR | BRASIL;SP;3506003 | BAURU;;;;;;;;;;;LIBERDADE>DIREITOS INDIVIDUAIS>TRÁFICO DE CRIANÇAS - NACIONAL
81A4E5F5736D2234E8FD93B3E0051462A1EC33F548C43D4CB2BA1A8FE4F7F855;2024-08-06 19:51:33.720;TELEFÔNICO;NÃO;TERCEIRO;CASA ONDE RESIDE A VÍTIMA E O SUSPEITO;BR | BRASIL;SP;3506003 | BAURU;SEMANALMENTE;HÁ MAIS DE UM ANO;2;VIOLÊNCIA CONTRA CRIANÇA OU ADOLESCENTE;;MÃE;PESSOA FÍSICA;FEMININO;NÃO;10 ANOS;BR | BRASIL;;;;;NÃO;;;BR | BRASIL;SP;3506003 | BAURU;;;;PARDA;;;PESSOA FÍSICA;FEMININO;NÃO;;BR | BRASIL;;;;;NÃO;;;BR | BRASIL;SP;3506003 | BAURU;;;;;;;;;;;LIBERDADE>DIREITOS INDIVIDUAIS>TRÁFICO DE CRIANÇAS - NACIONAL
BA282F5D2909AD1512171740249C39E764DEDCF539F42207820B5D035572E793;2024-08-09 21:40:20.643;WHATSAPP;NÃO;A PRÓPRIA VÍTIMA;ÔNIBUS;BR | BRASIL;DENUNCIANTE NÃO SOUBE INFORMAR;DENUNCIANTE NÃO SOUBE INFORMAR;NÃO SABE INFORMAR;NÃO SABE INFORMAR;1;VIOLÊNCIA CONTRA CRIANÇA OU ADOLESCENTE;;OUTROS;PESSOA FÍSICA;NÃO INFORMADO;NÃO;14 ANOS;BR | BRASIL;;;;;NÃO;;NÃO;BR | BRASIL;DENUNCIANTE NÃO SOUBE INFORMAR;DENUNCIANTE NÃO SOUBE INFORMAR;;;;NÃO INFORMADO;;;ÓRGÃO PÚBLICO;;;;BR | BRASIL;;;;;;;;BR | BRASIL;CE;2301604 | ASSARÉ;;;;;;;;MINISTÉRIO PÚBLICO - FEDERAL;;;LIBERDADE>DIREITOS INDIVIDUAIS>TRÁFICO DE CRIANÇAS - NACIONAL
002F819E35D44A499A7A94986A57219BF5D730B561452B41545964AF67F343D8;2024-08-09 21:40:20.643;WHATSAPP;NÃO;A PRÓPRIA VÍTIMA;OUTROS;BR | BRASIL;DENUNCIANTE NÃO SOUBE INFORMAR;DENUNCIANTE NÃO SOUBE INFORMAR;NÃO SABE INFORMAR;NÃO SABE INFORMAR;1;VIOLÊNCIA CONTRA CRIANÇA OU ADOLESCENTE;;OUTROS;PESSOA FÍSICA;NÃO INFORMADO;NÃO;15 ANOS;BR | BRASIL;;;;;NÃO;;NÃO;BR | BRASIL;DENUNCIANTE NÃO SOUBE INFORMAR;DENUNCIANTE NÃO SOUBE INFORMAR;;;;NÃO INFORMADO;;;ÓRGÃO PÚBLICO;;;;BR | BRASIL;;;;;;;;BR | BRASIL;CE;2301604 | ASSARÉ;;;;;;;;MINISTÉRIO PÚBLICO - FEDERAL;;;LIBERDADE>DIREITOS INDIVIDUAIS>TRÁFICO DE PESSOAS - NACIONAL
65CB3655F6039A0DBB6AD71AA2D679EB98CE0115749CD4447628F7585B66AE21;2024-08-16 23:58:00.177;WHATSAPP;NÃO;A PRÓPRIA VÍTIMA;CASA DA VÍTIMA;BR | BRASIL;CE;2304202 | CRATO;NÃO SABE INFORMAR;NÃO SABE INFORMAR;1;VIOLÊNCIA CONTRA CRIANÇA OU ADOLESCENTE;;OUTROS;PESSOA FÍSICA;NÃO INFORMADO;NÃO;14 ANOS;BR | BRASIL;;;;;NÃO;;NÃO;BR | BRASIL;CE;2304202 | CRATO;;;;NÃO INFORMADO;;;ÓRGÃO PÚBLICO;;;;BR | BRASIL;;;;;;;;BR | BRASIL;CE;2301604 | ASSARÉ;;;;;;;;MINISTÉRIO PÚBLICO - ESTADUAL;;;LIBERDADE>DIREITOS INDIVIDUAIS>TRÁFICO DE CRIANÇAS - INTERNACIONAL
1AD2D813F48DA2EDB41C71CE2C234289F54240B4E8D454A4566CA11CF54A2625;2024-08-16 23:58:00.177;WHATSAPP;NÃO;A PRÓPRIA VÍTIMA;CASA DA VÍTIMA;BR | BRASIL;CE;2304202 | CRATO;NÃO SABE INFORMAR;NÃO SABE INFORMAR;1;VIOLÊNCIA CONTRA CRIANÇA OU ADOLESCENTE;;OUTROS;PESSOA FÍSICA;NÃO INFORMADO;NÃO;15 ANOS;BR | BRASIL;;;;;NÃO;;NÃO;BR | BRASIL;CE;2304202 | CRATO;;;;NÃO INFORMADO;;;ÓRGÃO PÚBLICO;;;;BR | BRASIL;;;;;;;;BR | BRASIL;CE;2301604 | ASSARÉ;;;;;;;;MINISTÉRIO PÚBLICO - ESTADUAL;;;LIBERDADE>DIREITOS INDIVIDUAIS>TRÁFICO DE CRIANÇAS - NACIONAL
1AD2D813F48DA2EDB41C71CE2C234289F54240B4E8D454A4566CA11CF54A2625;2024-08-16 23:58:00.177;WHATSAPP;NÃO;A PRÓPRIA VÍTIMA;CASA DA VÍTIMA;BR | BRASIL;CE;2304202 | CRATO;NÃO SABE INFORMAR;NÃO SABE INFORMAR;1;VIOLÊNCIA CONTRA CRIANÇA OU ADOLESCENTE;;OUTROS;PESSOA FÍSICA;NÃO INFORMADO;NÃO;15 ANOS;BR | BRASIL;;;;;NÃO;;NÃO;BR | BRASIL;CE;2304202 | CRATO;;;;NÃO INFORMADO;;;ÓRGÃO PÚBLICO;;;;BR | BRASIL;;;;;;;;BR | BRASIL;CE;2301604 | ASSARÉ;;;;;;;;MINISTÉRIO PÚBLICO - ESTADUAL;;;LIBERDADE>DIREITOS INDIVIDUAIS>TRÁFICO DE CRIANÇAS - INTERNACIONAL
65CB3655F6039A0DBB6AD71AA2D679EB98CE0115749CD4447628F7585B66AE21;2024-08-16 23:58:00.177;WHATSAPP;NÃO;A PRÓPRIA VÍTIMA;CASA DA VÍTIMA;BR | BRASIL;CE;2304202 | CRATO;NÃO SABE INFORMAR;NÃO SABE INFORMAR;1;VIOLÊNCIA CONTRA CRIANÇA OU ADOLESCENTE;;OUTROS;PESSOA FÍSICA;NÃO INFORMADO;NÃO;14 ANOS;BR | BRASIL;;;;;NÃO;;NÃO;BR | BRASIL;CE;2304202 | CRATO;;;;NÃO INFORMADO;;;ÓRGÃO PÚBLICO;;;;BR | BRASIL;;;;;;;;BR | BRASIL;CE;2301604 | ASSARÉ;;;;;;;;MINISTÉRIO PÚBLICO - ESTADUAL;;;LIBERDADE>DIREITOS INDIVIDUAIS>TRÁFICO DE CRIANÇAS - NACIONAL
E9DED2B70CF6A1531D6CF375EA10D7B45E02D4744DA885B04F503210E6C09909;2024-08-20 17:35:17.590;TELEFÔNICO;NÃO;TERCEIRO;OUTROS;BR | BRASIL;AM;1302603 | MANAUS;ÚNICA OCORRÊNCIA;NÃO SE APLICA;1;VIOLÊNCIA CONTRA CIDADÃO, FAMÍLIA OU COMUNIDADE;;OUTROS;COMUNIDADE/FAMÍLIA;;;35 A 39 ANOS;BR | BRASIL;;;;;;;;BR | BRASIL;AM;1302603 | MANAUS;;;;NÃO INFORMADO;;;PESSOA JURÍDICA DE DIREITO PRIVADO;;;;BR | BRASIL;;;;;;;;BR | BRASIL;PA;1504208 | MARABÁ;;;;;;;;OUTRAS ATIVIDADES DE SERVIÇOS;;;LIBERDADE>DIREITOS INDIVIDUAIS>TRÁFICO DE PESSOAS - NACIONAL
17A2E6AE3BE93370D389552183B6D0F3AB9604A701DA3A854E93ABDB52B377F6;2024-08-21 13:31:36.937;TELEFÔNICO;NÃO;TERCEIRO;CASA DO SUSPEITO;BR | BRASIL;CE;2304400 | FORTALEZA;DIARIAMENTE;HÁ MAIS DE CINCO ANOS;1;VIOLÊNCIA CONTRA CRIANÇA OU ADOLESCENTE;;OUTROS;PESSOA FÍSICA;FEMININO;;01 ANO;BR | BRASIL;;;;;NÃO;;;BR | BRASIL;CE;2304400 | FORTALEZA;;ANALFABETO/SEM INSTRUÇÃO;;BRANCA;;;PESSOA FÍSICA;FEMININO;NÃO;40 A 44 ANOS;BR | BRASIL;;;;;NÃO;;NÃO INFORMADO;BR | BRASIL;CE;2304400 | FORTALEZA;OUTROS NÃO LISTADOS;;;BRANCA;;;;;;;LIBERDADE>DIREITOS INDIVIDUAIS>TRÁFICO DE CRIANÇAS - NACIONAL
D11404C32F35AEC6B4464FDCF65EDCD7EE70E7F2703BDBDA2351D0C5B1901365;2024-08-21 13:31:36.937;TELEFÔNICO;NÃO;TERCEIRO;CASA DO SUSPEITO;BR | BRASIL;CE;2304400 | FORTALEZA;DIARIAMENTE;HÁ MAIS DE CINCO ANOS;1;VIOLÊNCIA CONTRA CRIANÇA OU ADOLESCENTE;;OUTROS;PESSOA FÍSICA;FEMININO;;01 ANO;BR | BRASIL;;;;;NÃO;;;BR | BRASIL;CE;2304400 | FORTALEZA;;ANALFABETO/SEM INSTRUÇÃO;;BRANCA;;;PESSOA FÍSICA;MASCULINO;NÃO;25 A 29 ANOS;BR | BRASIL;;;;;NÃO;;NÃO INFORMADO;BR | BRASIL;CE;2304400 | FORTALEZA;TRABALHADOR DO SETOR DO COMÉRCIO (AMBULANTE, VAREJISTA, ATACADISTA);;;PRETA;;;;;;;LIBERDADE>DIREITOS INDIVIDUAIS>TRÁFICO DE CRIANÇAS - NACIONAL
263D000FD61629D1B6AB54BF11515E0A1791C8D6F9182FA90C162AAB9A01D076;2024-08-22 11:03:03.460;TELEFÔNICO;NÃO;TERCEIRO;CASA DO SUSPEITO;BR | BRASIL;RJ;3304557 | RIO DE JANEIRO;SEMANALMENTE;HÁ MAIS DE UM ANO;1;VIOLÊNCIA CONTRA CRIANÇA OU ADOLESCENTE;;OUTROS;COMUNIDADE/FAMÍLIA;;;CRIANÇA/ADOLESCENTE IDADE NÃO INFORMADA;BR | BRASIL;;;;;;;;BR | BRASIL;DENUNCIANTE NÃO SOUBE INFORMAR;DENUNCIANTE NÃO SOUBE INFORMAR;;;;NÃO INFORMADO;;;PESSOA FÍSICA;FEMININO;NÃO;45 A 49 ANOS;BR | BRASIL;;;;;NÃO;;NÃO;BR | BRASIL;RJ;3304557 | RIO DE JANEIRO;OUTROS NÃO LISTADOS;;;BRANCA;;;;;;;LIBERDADE>DIREITOS INDIVIDUAIS>TRÁFICO DE CRIANÇAS - INTERNACIONAL
5E6C98B8F9655A163EE4C08F5D96A74DE674ED3262601033D7E9E76F531258F4;2024-08-22 11:03:03.460;TELEFÔNICO;NÃO;TERCEIRO;CASA DO SUSPEITO;BR | BRASIL;RJ;3304557 | RIO DE JANEIRO;SEMANALMENTE;HÁ MAIS DE UM ANO;1;VIOLÊNCIA CONTRA CRIANÇA OU ADOLESCENTE;;OUTROS;COMUNIDADE/FAMÍLIA;;;CRIANÇA/ADOLESCENTE IDADE NÃO INFORMADA;BR | BRASIL;;;;;;;;BR | BRASIL;DENUNCIANTE NÃO SOUBE INFORMAR;DENUNCIANTE NÃO SOUBE INFORMAR;;;;NÃO INFORMADO;;;PESSOA FÍSICA;MASCULINO;NÃO;45 A 49 ANOS;BR | BRASIL;;;;;NÃO;;NÃO;BR | BRASIL;DENUNCIANTE NÃO SOUBE INFORMAR;DENUNCIANTE NÃO SOUBE INFORMAR;NÃO SABE INFORMAR;;;PARDA;;;;;;;LIBERDADE>DIREITOS INDIVIDUAIS>TRÁFICO DE CRIANÇAS - NACIONAL
5E6C98B8F9655A163EE4C08F5D96A74DE674ED3262601033D7E9E76F531258F4;2024-08-22 11:03:03.460;TELEFÔNICO;NÃO;TERCEIRO;CASA DO SUSPEITO;BR | BRASIL;RJ;3304557 | RIO DE JANEIRO;SEMANALMENTE;HÁ MAIS DE UM ANO;1;VIOLÊNCIA CONTRA CRIANÇA OU ADOLESCENTE;;OUTROS;COMUNIDADE/FAMÍLIA;;;CRIANÇA/ADOLESCENTE IDADE NÃO INFORMADA;BR | BRASIL;;;;;;;;BR | BRASIL;DENUNCIANTE NÃO SOUBE INFORMAR;DENUNCIANTE NÃO SOUBE INFORMAR;;;;NÃO INFORMADO;;;PESSOA FÍSICA;MASCULINO;NÃO;25 A 29 ANOS;BR | BRASIL;;;;;NÃO;;NÃO;BR | BRASIL;DENUNCIANTE NÃO SOUBE INFORMAR;DENUNCIANTE NÃO SOUBE INFORMAR;NÃO SABE INFORMAR;;;BRANCA;;;;;;;LIBERDADE>DIREITOS INDIVIDUAIS>TRÁFICO DE CRIANÇAS - INTERNACIONAL
263D000FD61629D1B6AB54BF11515E0A1791C8D6F9182FA90C162AAB9A01D076;2024-08-22 11:03:03.460;TELEFÔNICO;NÃO;TERCEIRO;CASA DO SUSPEITO;BR | BRASIL;RJ;3304557 | RIO DE JANEIRO;SEMANALMENTE;HÁ MAIS DE UM ANO;1;VIOLÊNCIA CONTRA CRIANÇA OU ADOLESCENTE;;OUTROS;COMUNIDADE/FAMÍLIA;;;CRIANÇA/ADOLESCENTE IDADE NÃO INFORMADA;BR | BRASIL;;;;;;;;BR | BRASIL;DENUNCIANTE NÃO SOUBE INFORMAR;DENUNCIANTE NÃO SOUBE INFORMAR;;;;NÃO INFORMADO;;;PESSOA FÍSICA;FEMININO;NÃO;45 A 49 ANOS;BR | BRASIL;;;;;NÃO;;NÃO;BR | BRASIL;RJ;3304557 | RIO DE JANEIRO;OUTROS NÃO LISTADOS;;;BRANCA;;;;;;;LIBERDADE>DIREITOS INDIVIDUAIS>TRÁFICO DE CRIANÇAS - NACIONAL
5E6C98B8F9655A163EE4C08F5D96A74DE674ED3262601033D7E9E76F531258F4;2024-08-22 11:03:03.460;TELEFÔNICO;NÃO;TERCEIRO;CASA DO SUSPEITO;BR | BRASIL;RJ;3304557 | RIO DE JANEIRO;SEMANALMENTE;HÁ MAIS DE UM ANO;1;VIOLÊNCIA CONTRA CRIANÇA OU ADOLESCENTE;;OUTROS;COMUNIDADE/FAMÍLIA;;;CRIANÇA/ADOLESCENTE IDADE NÃO INFORMADA;BR | BRASIL;;;;;;;;BR | BRASIL;DENUNCIANTE NÃO SOUBE INFORMAR;DENUNCIANTE NÃO SOUBE INFORMAR;;;;NÃO INFORMADO;;;PESSOA FÍSICA;MASCULINO;NÃO;25 A 29 ANOS;BR | BRASIL;;;;;NÃO;;NÃO;BR | BRASIL;DENUNCIANTE NÃO SOUBE INFORMAR;DENUNCIANTE NÃO SOUBE INFORMAR;NÃO SABE INFORMAR;;;BRANCA;;;;;;;LIBERDADE>DIREITOS INDIVIDUAIS>TRÁFICO DE CRIANÇAS - NACIONAL
5E6C98B8F9655A163EE4C08F5D96A74DE674ED3262601033D7E9E76F531258F4;2024-08-22 11:03:03.460;TELEFÔNICO;NÃO;TERCEIRO;CASA DO SUSPEITO;BR | BRASIL;RJ;3304557 | RIO DE JANEIRO;SEMANALMENTE;HÁ MAIS DE UM ANO;1;VIOLÊNCIA CONTRA CRIANÇA OU ADOLESCENTE;;OUTROS;COMUNIDADE/FAMÍLIA;;;CRIANÇA/ADOLESCENTE IDADE NÃO INFORMADA;BR | BRASIL;;;;;;;;BR | BRASIL;DENUNCIANTE NÃO SOUBE INFORMAR;DENUNCIANTE NÃO SOUBE INFORMAR;;;;NÃO INFORMADO;;;PESSOA FÍSICA;FEMININO;NÃO;25 A 29 ANOS;BR | BRASIL;;;;;NÃO;;NÃO;BR | BRASIL;DENUNCIANTE NÃO SOUBE INFORMAR;DENUNCIANTE NÃO SOUBE INFORMAR;NÃO SABE INFORMAR;;;BRANCA;;;;;;;LIBERDADE>DIREITOS INDIVIDUAIS>TRÁFICO DE CRIANÇAS - INTERNACIONAL
5E6C98B8F9655A163EE4C08F5D96A74DE674ED3262601033D7E9E76F531258F4;2024-08-22 11:03:03.460;TELEFÔNICO;NÃO;TERCEIRO;CASA DO SUSPEITO;BR | BRASIL;RJ;3304557 | RIO DE JANEIRO;SEMANALMENTE;HÁ MAIS DE UM ANO;1;VIOLÊNCIA CONTRA CRIANÇA OU ADOLESCENTE;;OUTROS;COMUNIDADE/FAMÍLIA;;;CRIANÇA/ADOLESCENTE IDADE NÃO INFORMADA;BR | BRASIL;;;;;;;;BR | BRASIL;DENUNCIANTE NÃO SOUBE INFORMAR;DENUNCIANTE NÃO SOUBE INFORMAR;;;;NÃO INFORMADO;;;PESSOA FÍSICA;FEMININO;NÃO;25 A 29 ANOS;BR | BRASIL;;;;;NÃO;;NÃO;BR | BRASIL;DENUNCIANTE NÃO SOUBE INFORMAR;DENUNCIANTE NÃO SOUBE INFORMAR;NÃO SABE INFORMAR;;;BRANCA;;;;;;;LIBERDADE>DIREITOS INDIVIDUAIS>TRÁFICO DE CRIANÇAS - NACIONAL
5E6C98B8F9655A163EE4C08F5D96A74DE674ED3262601033D7E9E76F531258F4;2024-08-22 11:03:03.460;TELEFÔNICO;NÃO;TERCEIRO;CASA DO SUSPEITO;BR | BRASIL;RJ;3304557 | RIO DE JANEIRO;SEMANALMENTE;HÁ MAIS DE UM ANO;1;VIOLÊNCIA CONTRA CRIANÇA OU ADOLESCENTE;;OUTROS;COMUNIDADE/FAMÍLIA;;;CRIANÇA/ADOLESCENTE IDADE NÃO INFORMADA;BR | BRASIL;;;;;;;;BR | BRASIL;DENUNCIANTE NÃO SOUBE INFORMAR;DENUNCIANTE NÃO SOUBE INFORMAR;;;;NÃO INFORMADO;;;PESSOA FÍSICA;MASCULINO;NÃO;45 A 49 ANOS;BR | BRASIL;;;;;NÃO;;NÃO;BR | BRASIL;DENUNCIANTE NÃO SOUBE INFORMAR;DENUNCIANTE NÃO SOUBE INFORMAR;NÃO SABE INFORMAR;;;PARDA;;;;;;;LIBERDADE>DIREITOS INDIVIDUAIS>TRÁFICO DE CRIANÇAS - INTERNACIONAL
A7EDBB33F806000936BE058E32BB394E69768C353D88F0B4306DA76EA3432A07;2024-08-28 09:21:09.937;TELEFÔNICO;NÃO;A PRÓPRIA VÍTIMA;OUTROS;US | ESTADOS UNIDOS;DENUNCIANTE NÃO SOUBE INFORMAR;DENUNCIANTE NÃO SOUBE INFORMAR;OCASIONALMENTE;HÁ MAIS DE DEZ ANOS;1;VIOLÊNCIA CONTRA PESSOA COM DEFICIÊNCIA;;TIO(A);PESSOA FÍSICA;MASCULINO;NÃO;35 A 39 ANOS;BR | BRASIL;;;;;NÃO;;NÃO;BR | BRASIL;MG;3158953 | SANTANA DO PARAÍSO;;ENSINO MÉDIO COMPLETO;;PARDA;;;PESSOA FÍSICA;MASCULINO;NÃO;55 A 59 ANOS;BR | BRASIL;;;;;NÃO;;PENA (RECLUSÃO);BR | BRASIL;MG;3158953 | SANTANA DO PARAÍSO;PEDREIRO, SERVENTE DE OBRAS, PINTOR DE OBRAS, ELETRICISTA OU PROFISSIONAL DA CONSTRUÇÃO CIVIL;;;PARDA;;;;;;;LIBERDADE>DIREITOS INDIVIDUAIS>TRÁFICO DE PESSOAS - NACIONAL
A7EDBB33F806000936BE058E32BB394E69768C353D88F0B4306DA76EA3432A07;2024-08-28 09:21:09.937;TELEFÔNICO;NÃO;A PRÓPRIA VÍTIMA;OUTROS;US | ESTADOS UNIDOS;DENUNCIANTE NÃO SOUBE INFORMAR;DENUNCIANTE NÃO SOUBE INFORMAR;OCASIONALMENTE;HÁ MAIS DE DEZ ANOS;1;VIOLÊNCIA CONTRA CIDADÃO, FAMÍLIA OU COMUNIDADE;;TIO(A);PESSOA FÍSICA;MASCULINO;NÃO;35 A 39 ANOS;BR | BRASIL;;;;;NÃO;;NÃO;BR | BRASIL;MG;3158953 | SANTANA DO PARAÍSO;;ENSINO MÉDIO COMPLETO;;PARDA;;;PESSOA FÍSICA;MASCULINO;NÃO;55 A 59 ANOS;BR | BRASIL;;;;;NÃO;;PENA (RECLUSÃO);BR | BRASIL;MG;3158953 | SANTANA DO PARAÍSO;PEDREIRO, SERVENTE DE OBRAS, PINTOR DE OBRAS, ELETRICISTA OU PROFISSIONAL DA CONSTRUÇÃO CIVIL;;;PARDA;;;;;;;LIBERDADE>DIREITOS INDIVIDUAIS>TRÁFICO DE PESSOAS - NACIONAL
9854028C34E5B9B0C1FD9C565CF70CCAF33D2C3D04711828A52B43DB19738C37;2024-08-30 13:56:00.913;WHATSAPP;NÃO;A PRÓPRIA VÍTIMA;CASA DA VÍTIMA;GB | REINO UNIDO;;;DIARIAMENTE;HÁ UM MÊS;1;VIOLÊNCIA CONTRA CIDADÃO, FAMÍLIA OU COMUNIDADE;;DESCONHECIDO(A);PESSOA FÍSICA;MASCULINO;NÃO;20 A 24 ANOS;BR | BRASIL;;;;;NÃO;;NÃO;GB | REINO UNIDO;;;;;;NÃO INFORMADO;;;ÓRGÃO PÚBLICO;;;;GB | REINO UNIDO;;;;;;;;GB | REINO UNIDO;;;;;;;;;;SEGURANÇA PÚBLICA, FORÇAS ARMADAS, DEFESA CIVIL, BOMBEIROS E ASSEMELHADOS ? FEDERAL;;;LIBERDADE>DIREITOS INDIVIDUAIS>TRÁFICO DE PESSOAS - NACIONAL
9854028C34E5B9B0C1FD9C565CF70CCAF33D2C3D04711828A52B43DB19738C37;2024-08-30 13:56:00.913;WHATSAPP;NÃO;A PRÓPRIA VÍTIMA;CASA DA VÍTIMA;GB | REINO UNIDO;;;DIARIAMENTE;HÁ UM MÊS;1;VIOLÊNCIA CONTRA CIDADÃO, FAMÍLIA OU COMUNIDADE;;DESCONHECIDO(A);PESSOA FÍSICA;MASCULINO;NÃO;20 A 24 ANOS;BR | BRASIL;;;;;NÃO;;NÃO;GB | REINO UNIDO;;;;;;NÃO INFORMADO;;;ÓRGÃO PÚBLICO;;;;GB | REINO UNIDO;;;;;;;;GB | REINO UNIDO;;;;;;;;;;SEGURANÇA PÚBLICA, FORÇAS ARMADAS, DEFESA CIVIL, BOMBEIROS E ASSEMELHADOS ? FEDERAL;;;LIBERDADE>DIREITOS INDIVIDUAIS>TRÁFICO DE PESSOAS - INTERNACIONAL
E0B15D6A56D4D1BDFB9A678D3209C31898E836F5EA84C1698A806221D9F7652B;2024-09-01 05:07:28.863;TELEFÔNICO;NÃO;TERCEIRO;AMBIENTE VIRTUAL (NO ÂMBITO DA INTERNET);BR | BRASIL;SP;3550308 | SÃO PAULO;DIARIAMENTE;NÃO SABE INFORMAR;1;VIOLÊNCIA CONTRA CRIANÇA OU ADOLESCENTE;OUTRO(S) ELEMENTO(S);DESCONHECIDO(A);COMUNIDADE/FAMÍLIA;;;17 ANOS;BR | BRASIL;;;;NÃO;;;NÃO;BR | BRASIL;SP;3550308 | SÃO PAULO;;;;NÃO INFORMADO;;;PESSOA FÍSICA;FEMININO;NÃO;35 A 39 ANOS;BR | BRASIL;;;;NÃO;NÃO;;NÃO;BR | BRASIL;SP;3550308 | SÃO PAULO;NÃO SABE INFORMAR;;;PRETA;;;;;;;LIBERDADE>DIREITOS INDIVIDUAIS>TRÁFICO DE CRIANÇAS - INTERNACIONAL
E0B15D6A56D4D1BDFB9A678D3209C31898E836F5EA84C1698A806221D9F7652B;2024-09-01 05:07:28.863;TELEFÔNICO;NÃO;TERCEIRO;AMBIENTE VIRTUAL (NO ÂMBITO DA INTERNET);BR | BRASIL;SP;3550308 | SÃO PAULO;DIARIAMENTE;NÃO SABE INFORMAR;1;VIOLÊNCIA CONTRA CRIANÇA OU ADOLESCENTE;;DESCONHECIDO(A);COMUNIDADE/FAMÍLIA;;;17 ANOS;BR | BRASIL;;;;;;;NÃO;BR | BRASIL;SP;3550308 | SÃO PAULO;;;;NÃO INFORMADO;;;PESSOA FÍSICA;FEMININO;NÃO;35 A 39 ANOS;BR | BRASIL;;;;;NÃO;;NÃO;BR | BRASIL;SP;3550308 | SÃO PAULO;NÃO SABE INFORMAR;;;PRETA;;;;;;;LIBERDADE>DIREITOS INDIVIDUAIS>TRÁFICO DE PESSOAS - INTERNACIONAL
75AD8D5F22F775C67C0B93C471D2FD8D8C88134D18E4CE794BC6FDD4342455B6;2024-09-02 11:45:31.200;E-MAIL;NÃO;TERCEIRO;CASA DA VÍTIMA;BR | BRASIL;CE;2304202 | CRATO;DIARIAMENTE;NÃO SABE INFORMAR;1;VIOLÊNCIA CONTRA CRIANÇA OU ADOLESCENTE;;OUTROS;PESSOA FÍSICA;FEMININO;;CRIANÇA/ADOLESCENTE IDADE NÃO INFORMADA;BR | BRASIL;;;;;NÃO;;;BR | BRASIL;CE;2304202 | CRATO;;;;NÃO INFORMADO;;;ÓRGÃO PÚBLICO;;;;BR | BRASIL;;;;;;;;BR | BRASIL;CE;2304202 | CRATO;;;;;;;;PODER EXECUTIVO EM GERAL ? ESTADUAL/DISTRITO FEDERAL;;;LIBERDADE>DIREITOS INDIVIDUAIS>TRÁFICO DE CRIANÇAS - INTERNACIONAL
118B196EA0B67FCF044BD467B87141773052CB072268B6BE3444AB73BC7BEB95;2024-09-02 11:45:31.200;E-MAIL;NÃO;TERCEIRO;CASA DA VÍTIMA;BR | BRASIL;CE;2304202 | CRATO;DIARIAMENTE;NÃO SABE INFORMAR;1;VIOLÊNCIA CONTRA CRIANÇA OU ADOLESCENTE;;OUTROS;PESSOA FÍSICA;FEMININO;;CRIANÇA/ADOLESCENTE IDADE NÃO INFORMADA;BR | BRASIL;;;;;NÃO;;;BR | BRASIL;CE;2304202 | CRATO;;;;NÃO INFORMADO;;;ÓRGÃO PÚBLICO;;;;BR | BRASIL;;;;;;;;BR | BRASIL;CE;2304202 | CRATO;;;;;;;;PODER EXECUTIVO EM GERAL ? ESTADUAL/DISTRITO FEDERAL;;;LIBERDADE>DIREITOS INDIVIDUAIS>TRÁFICO DE CRIANÇAS - INTERNACIONAL
BA84AF1FE8A379BF6321D951893A40A3A0EBD1EAF7FB32A408F3C9D805FF8F02;2024-09-02 18:05:38.940;TELEFÔNICO;NÃO;TERCEIRO;CASA ONDE RESIDE A VÍTIMA E O SUSPEITO;BR | BRASIL;MG;3136702 | JUIZ DE FORA;DIARIAMENTE;HÁ UM MÊS;1;VIOLÊNCIA CONTRA CRIANÇA OU ADOLESCENTE;;OUTROS;PESSOA FÍSICA;FEMININO;;MENOS DE 01 ANO;BR | BRASIL;;;;;NÃO;;;BR | BRASIL;MG;3136702 | JUIZ DE FORA;;ANALFABETO/SEM INSTRUÇÃO;;PARDA;;;PESSOA FÍSICA;FEMININO;HOMOSSEXUAL.LÉSBICA;25 A 29 ANOS;BR | BRASIL;;;;;NÃO;;NÃO INFORMADO;BR | BRASIL;MG;3136702 | JUIZ DE FORA;OUTRO PROFISSIONAL DA ÁREA DE SAÚDE (FISIOTERAPEUTA, PSICÓLOGO, NUTRICIONISTA, DENTISTA, FARMACÊUTICO, BIOMÉDICO, EDUCADOR FÍSICO ETC);;;BRANCA;;;;;;;LIBERDADE>DIREITOS INDIVIDUAIS>TRÁFICO DE CRIANÇAS - NACIONAL
C6DD5B841438E11CAD4B23416807464B4C5E2A9A6428BFA988FB772790B8144D;2024-09-02 18:05:38.940;TELEFÔNICO;NÃO;TERCEIRO;CASA ONDE RESIDE A VÍTIMA E O SUSPEITO;BR | BRASIL;MG;3136702 | JUIZ DE FORA;DIARIAMENTE;HÁ UM MÊS;1;VIOLÊNCIA CONTRA CRIANÇA OU ADOLESCENTE;;OUTROS;PESSOA FÍSICA;FEMININO;;MENOS DE 01 ANO;BR | BRASIL;;;;;NÃO;;;BR | BRASIL;MG;3136702 | JUIZ DE FORA;;ANALFABETO/SEM INSTRUÇÃO;;PARDA;;;PESSOA FÍSICA;FEMININO;HOMOSSEXUAL.LÉSBICA;25 A 29 ANOS;BR | BRASIL;;;;;NÃO;;NÃO INFORMADO;BR | BRASIL;MG;3136702 | JUIZ DE FORA;OUTROS NÃO LISTADOS;;;BRANCA;;;;;;;LIBERDADE>DIREITOS INDIVIDUAIS>TRÁFICO DE CRIANÇAS - NACIONAL
B63961A56B8A2A89A253730675B766644067EB99C5E5E4B3CDFAB117A67CE8BF;2024-09-06 17:46:10.063;TELEFÔNICO;NÃO;TERCEIRO;VIA PÚBLICA;BR | BRASIL;RS;4306767 | ELDORADO DO SUL;OCASIONALMENTE;HÁ UMA SEMANA;1;VIOLÊNCIA CONTRA CRIANÇA OU ADOLESCENTE;;DESCONHECIDO(A);COMUNIDADE/FAMÍLIA;;;CRIANÇA/ADOLESCENTE IDADE NÃO INFORMADA;BR | BRASIL;;;;;;;;BR | BRASIL;RS;4306767 | ELDORADO DO SUL;;;;NÃO INFORMADO;;;PESSOA FÍSICA;FEMININO;NÃO;40 A 44 ANOS;BR | BRASIL;;;;;NÃO;;NÃO;BR | BRASIL;RS;4309209 | GRAVATAÍ;NÃO SABE INFORMAR;;;;;;;;;;LIBERDADE>DIREITOS INDIVIDUAIS>TRÁFICO DE CRIANÇAS - NACIONAL
26B49E0BF3BDD5356767088DC4CAD767164A8D9680E6BC0B6EFD34FFBE6D7597;2024-09-08 11:12:47.030;TELEFÔNICO;NÃO;TERCEIRO;CASA DO SUSPEITO;BR | BRASIL;RJ;3303807 | PARATY;DIARIAMENTE;HÁ MAIS DE SEIS MESES;1;VIOLÊNCIA CONTRA CRIANÇA OU ADOLESCENTE;;OUTROS;COMUNIDADE/FAMÍLIA;;NÃO;CRIANÇA/ADOLESCENTE IDADE NÃO INFORMADA;BR | BRASIL;;;;;;;NÃO;BR | BRASIL;RJ;3303807 | PARATY;;;;NÃO INFORMADO;;;PESSOA FÍSICA;FEMININO;NÃO;;BR | BRASIL;;;;;NÃO;;;BR | BRASIL;RJ;3303807 | PARATY;;;;;;;;;;;LIBERDADE>DIREITOS INDIVIDUAIS>TRÁFICO DE CRIANÇAS - NACIONAL
26B49E0BF3BDD5356767088DC4CAD767164A8D9680E6BC0B6EFD34FFBE6D7597;2024-09-08 11:12:47.030;TELEFÔNICO;NÃO;TERCEIRO;CASA DO SUSPEITO;BR | BRASIL;RJ;3303807 | PARATY;DIARIAMENTE;HÁ MAIS DE SEIS MESES;1;VIOLÊNCIA CONTRA CRIANÇA OU ADOLESCENTE;OUTRO(S) ELEMENTO(S);OUTROS;COMUNIDADE/FAMÍLIA;;NÃO;CRIANÇA/ADOLESCENTE IDADE NÃO INFORMADA;BR | BRASIL;;;;;;;NÃO;BR | BRASIL;RJ;3303807 | PARATY;;;;NÃO INFORMADO;;;PESSOA FÍSICA;FEMININO;NÃO;;BR | BRASIL;;;;;NÃO;;;BR | BRASIL;RJ;3303807 | PARATY;;;;;;;;;;;LIBERDADE>DIREITOS INDIVIDUAIS>TRÁFICO DE CRIANÇAS - INTERNACIONAL
8760EBD002A1CF9AAFF869DDDAE9608155490C6CD319DE54D7BFE974926A3990;2024-09-12 11:39:33.967;TELEFÔNICO;NÃO;TERCEIRO;OUTROS;BR | BRASIL;BA;2927408 | SALVADOR;DIARIAMENTE;HÁ MAIS DE UM ANO;1;VIOLÊNCIA CONTRA CRIANÇA OU ADOLESCENTE;;VIZINHO(A);COMUNIDADE/FAMÍLIA;;NÃO;CRIANÇA/ADOLESCENTE IDADE NÃO INFORMADA;BR | BRASIL;;;;;;;NÃO;BR | BRASIL;BA;2927408 | SALVADOR;;;;NÃO INFORMADO;;;COMUNIDADE/FAMÍLIA;;;;BR | BRASIL;;;;;;;;BR | BRASIL;BA;2927408 | SALVADOR;;;CATÓLICA APOSTÓLICA BRASILEIRA;;;;;;;;LIBERDADE>DIREITOS INDIVIDUAIS>TRÁFICO DE CRIANÇAS - INTERNACIONAL
3F8B319451843F44C702CE6C9751F81915C2C637D5C3B63718F210CAD82A642F;2024-09-12 11:39:33.967;TELEFÔNICO;NÃO;TERCEIRO;OUTROS;BR | BRASIL;BA;2927408 | SALVADOR;DIARIAMENTE;HÁ MAIS DE UM ANO;1;VIOLÊNCIA CONTRA CRIANÇA OU ADOLESCENTE;;VIZINHO(A);COMUNIDADE/FAMÍLIA;;NÃO;CRIANÇA/ADOLESCENTE IDADE NÃO INFORMADA;BR | BRASIL;;;;;;;NÃO;BR | BRASIL;BA;2927408 | SALVADOR;;;;NÃO INFORMADO;;;COMUNIDADE/FAMÍLIA;;;;BR | BRASIL;;;;;;;;BR | BRASIL;BA;2927408 | SALVADOR;;;CATÓLICA APOSTÓLICA BRASILEIRA;;;;;;;;LIBERDADE>DIREITOS INDIVIDUAIS>TRÁFICO DE CRIANÇAS - INTERNACIONAL
73617279BCD99839B432BEB36123F41A48739B68221C658264416055C4AD4380;2024-09-12 11:39:33.967;TELEFÔNICO;NÃO;TERCEIRO;OUTROS;BR | BRASIL;BA;2927408 | SALVADOR;DIARIAMENTE;HÁ MAIS DE UM ANO;1;VIOLÊNCIA CONTRA CRIANÇA OU ADOLESCENTE;;VIZINHO(A);COMUNIDADE/FAMÍLIA;;NÃO;CRIANÇA/ADOLESCENTE IDADE NÃO INFORMADA;BR | BRASIL;;;;;;;NÃO;BR | BRASIL;BA;2927408 | SALVADOR;;;;NÃO INFORMADO;;;COMUNIDADE/FAMÍLIA;;;;BR | BRASIL;;;;;;;;BR | BRASIL;BA;2927408 | SALVADOR;;;CATÓLICA APOSTÓLICA BRASILEIRA;;;;;;;;LIBERDADE>DIREITOS INDIVIDUAIS>TRÁFICO DE CRIANÇAS - NACIONAL
47D17673DBEE4D37999B7B236E69D23F91E92115D145869EF00CF53D65F2D2B0;2024-09-12 11:39:33.967;TELEFÔNICO;NÃO;TERCEIRO;OUTROS;BR | BRASIL;BA;2927408 | SALVADOR;DIARIAMENTE;HÁ MAIS DE UM ANO;1;VIOLÊNCIA CONTRA CRIANÇA OU ADOLESCENTE;;VIZINHO(A);COMUNIDADE/FAMÍLIA;;NÃO;CRIANÇA/ADOLESCENTE IDADE NÃO INFORMADA;BR | BRASIL;;;;;;;NÃO;BR | BRASIL;BA;2927408 | SALVADOR;;;;NÃO INFORMADO;;;COMUNIDADE/FAMÍLIA;;;;BR | BRASIL;;;;;;;;BR | BRASIL;BA;2927408 | SALVADOR;;;CATÓLICA APOSTÓLICA BRASILEIRA;;;;;;;;LIBERDADE>DIREITOS INDIVIDUAIS>TRÁFICO DE CRIANÇAS - INTERNACIONAL
D3B5728269DE7FAE6CD304F10A6063197196D0EEA0B0F7F37CC034A35676D516;2024-09-12 11:39:33.967;TELEFÔNICO;NÃO;TERCEIRO;OUTROS;BR | BRASIL;BA;2927408 | SALVADOR;DIARIAMENTE;HÁ MAIS DE UM ANO;1;VIOLÊNCIA CONTRA CRIANÇA OU ADOLESCENTE;;VIZINHO(A);COMUNIDADE/FAMÍLIA;;NÃO;CRIANÇA/ADOLESCENTE IDADE NÃO INFORMADA;BR | BRASIL;;;;;;;NÃO;BR | BRASIL;BA;2927408 | SALVADOR;;;;NÃO INFORMADO;;;COMUNIDADE/FAMÍLIA;;;;BR | BRASIL;;;;;;;;BR | BRASIL;BA;2927408 | SALVADOR;;;CATÓLICA APOSTÓLICA BRASILEIRA;;;;;;;;LIBERDADE>DIREITOS INDIVIDUAIS>TRÁFICO DE CRIANÇAS - NACIONAL
3F8B319451843F44C702CE6C9751F81915C2C637D5C3B63718F210CAD82A642F;2024-09-12 11:39:33.967;TELEFÔNICO;NÃO;TERCEIRO;OUTROS;BR | BRASIL;BA;2927408 | SALVADOR;DIARIAMENTE;HÁ MAIS DE UM ANO;1;VIOLÊNCIA CONTRA CRIANÇA OU ADOLESCENTE;;VIZINHO(A);COMUNIDADE/FAMÍLIA;;NÃO;CRIANÇA/ADOLESCENTE IDADE NÃO INFORMADA;BR | BRASIL;;;;;;;NÃO;BR | BRASIL;BA;2927408 | SALVADOR;;;;NÃO INFORMADO;;;COMUNIDADE/FAMÍLIA;;;;BR | BRASIL;;;;;;;;BR | BRASIL;BA;2927408 | SALVADOR;;;CATÓLICA APOSTÓLICA BRASILEIRA;;;;;;;;LIBERDADE>DIREITOS INDIVIDUAIS>TRÁFICO DE CRIANÇAS - NACIONAL
47D17673DBEE4D37999B7B236E69D23F91E92115D145869EF00CF53D65F2D2B0;2024-09-12 11:39:33.967;TELEFÔNICO;NÃO;TERCEIRO;OUTROS;BR | BRASIL;BA;2927408 | SALVADOR;DIARIAMENTE;HÁ MAIS DE UM ANO;1;VIOLÊNCIA CONTRA CRIANÇA OU ADOLESCENTE;;VIZINHO(A);COMUNIDADE/FAMÍLIA;;NÃO;CRIANÇA/ADOLESCENTE IDADE NÃO INFORMADA;BR | BRASIL;;;;;;;NÃO;BR | BRASIL;BA;2927408 | SALVADOR;;;;NÃO INFORMADO;;;COMUNIDADE/FAMÍLIA;;;;BR | BRASIL;;;;;;;;BR | BRASIL;BA;2927408 | SALVADOR;;;CATÓLICA APOSTÓLICA BRASILEIRA;;;;;;;;LIBERDADE>DIREITOS INDIVIDUAIS>TRÁFICO DE CRIANÇAS - NACIONAL
60A9D185293B13C80A47F0C4531B8E1B5E1F8CCBE8AAB78568F7E51FCBBEAA06;2024-09-12 11:39:33.967;TELEFÔNICO;NÃO;TERCEIRO;OUTROS;BR | BRASIL;BA;2927408 | SALVADOR;DIARIAMENTE;HÁ MAIS DE UM ANO;1;VIOLÊNCIA CONTRA CRIANÇA OU ADOLESCENTE;;VIZINHO(A);COMUNIDADE/FAMÍLIA;;NÃO;CRIANÇA/ADOLESCENTE IDADE NÃO INFORMADA;BR | BRASIL;;;;;;;NÃO;BR | BRASIL;BA;2927408 | SALVADOR;;;;NÃO INFORMADO;;;COMUNIDADE/FAMÍLIA;;;;BR | BRASIL;;;;;;;;BR | BRASIL;BA;2927408 | SALVADOR;;;CATÓLICA APOSTÓLICA BRASILEIRA;;;;;;;;LIBERDADE>DIREITOS INDIVIDUAIS>TRÁFICO DE CRIANÇAS - INTERNACIONAL
60A9D185293B13C80A47F0C4531B8E1B5E1F8CCBE8AAB78568F7E51FCBBEAA06;2024-09-12 11:39:33.967;TELEFÔNICO;NÃO;TERCEIRO;OUTROS;BR | BRASIL;BA;2927408 | SALVADOR;DIARIAMENTE;HÁ MAIS DE UM ANO;1;VIOLÊNCIA CONTRA CRIANÇA OU ADOLESCENTE;;VIZINHO(A);COMUNIDADE/FAMÍLIA;;NÃO;CRIANÇA/ADOLESCENTE IDADE NÃO INFORMADA;BR | BRASIL;;;;;;;NÃO;BR | BRASIL;BA;2927408 | SALVADOR;;;;NÃO INFORMADO;;;COMUNIDADE/FAMÍLIA;;;;BR | BRASIL;;;;;;;;BR | BRASIL;BA;2927408 | SALVADOR;;;CATÓLICA APOSTÓLICA BRASILEIRA;;;;;;;;LIBERDADE>DIREITOS INDIVIDUAIS>TRÁFICO DE CRIANÇAS - NACIONAL
73617279BCD99839B432BEB36123F41A48739B68221C658264416055C4AD4380;2024-09-12 11:39:33.967;TELEFÔNICO;NÃO;TERCEIRO;OUTROS;BR | BRASIL;BA;2927408 | SALVADOR;DIARIAMENTE;HÁ MAIS DE UM ANO;1;VIOLÊNCIA CONTRA CRIANÇA OU ADOLESCENTE;;VIZINHO(A);COMUNIDADE/FAMÍLIA;;NÃO;CRIANÇA/ADOLESCENTE IDADE NÃO INFORMADA;BR | BRASIL;;;;;;;NÃO;BR | BRASIL;BA;2927408 | SALVADOR;;;;NÃO INFORMADO;;;COMUNIDADE/FAMÍLIA;;;;BR | BRASIL;;;;;;;;BR | BRASIL;BA;2927408 | SALVADOR;;;CATÓLICA APOSTÓLICA BRASILEIRA;;;;;;;;LIBERDADE>DIREITOS INDIVIDUAIS>TRÁFICO DE CRIANÇAS - INTERNACIONAL
8760EBD002A1CF9AAFF869DDDAE9608155490C6CD319DE54D7BFE974926A3990;2024-09-12 11:39:33.967;TELEFÔNICO;NÃO;TERCEIRO;OUTROS;BR | BRASIL;BA;2927408 | SALVADOR;DIARIAMENTE;HÁ MAIS DE UM ANO;1;VIOLÊNCIA CONTRA CRIANÇA OU ADOLESCENTE;;VIZINHO(A);COMUNIDADE/FAMÍLIA;;NÃO;CRIANÇA/ADOLESCENTE IDADE NÃO INFORMADA;BR | BRASIL;;;;;;;NÃO;BR | BRASIL;BA;2927408 | SALVADOR;;;;NÃO INFORMADO;;;COMUNIDADE/FAMÍLIA;;;;BR | BRASIL;;;;;;;;BR | BRASIL;BA;2927408 | SALVADOR;;;CATÓLICA APOSTÓLICA BRASILEIRA;;;;;;;;LIBERDADE>DIREITOS INDIVIDUAIS>TRÁFICO DE CRIANÇAS - NACIONAL
D3B5728269DE7FAE6CD304F10A6063197196D0EEA0B0F7F37CC034A35676D516;2024-09-12 11:39:33.967;TELEFÔNICO;NÃO;TERCEIRO;OUTROS;BR | BRASIL;BA;2927408 | SALVADOR;DIARIAMENTE;HÁ MAIS DE UM ANO;1;VIOLÊNCIA CONTRA CRIANÇA OU ADOLESCENTE;;VIZINHO(A);COMUNIDADE/FAMÍLIA;;NÃO;CRIANÇA/ADOLESCENTE IDADE NÃO INFORMADA;BR | BRASIL;;;;;;;NÃO;BR | BRASIL;BA;2927408 | SALVADOR;;;;NÃO INFORMADO;;;COMUNIDADE/FAMÍLIA;;;;BR | BRASIL;;;;;;;;BR | BRASIL;BA;2927408 | SALVADOR;;;CATÓLICA APOSTÓLICA BRASILEIRA;;;;;;;;LIBERDADE>DIREITOS INDIVIDUAIS>TRÁFICO DE CRIANÇAS - INTERNACIONAL
54A40BF8626A92E96852F4E85C99C49443011317977FC01EB62C250DD1928E83;2024-09-13 14:42:20.743;TELEFÔNICO;NÃO;TERCEIRO;CASA DE TERCEIRO;BR | BRASIL;MG;3131307 | IPATINGA;NÃO SABE INFORMAR;NÃO SABE INFORMAR;1;VIOLÊNCIA CONTRA CRIANÇA OU ADOLESCENTE;;AVÔ(Ó);PESSOA FÍSICA;MASCULINO;;07 ANOS;BR | BRASIL;;;;;NÃO;;;BR | BRASIL;MG;3140530 | MARTINS SOARES;;;;BRANCA;;;PESSOA FÍSICA;FEMININO;NÃO;60 A 64 ANOS;BR | BRASIL;;;;;NÃO;;NÃO;BR | BRASIL;MG;3131307 | IPATINGA;NÃO SABE INFORMAR;;;;;;;;;;LIBERDADE>DIREITOS INDIVIDUAIS>TRÁFICO DE CRIANÇAS - NACIONAL
1DCCBCC7E62E1DF6D3A787437D6202909712EA515B83F66F9BDD9FF3462B0C54;2024-09-13 14:42:20.743;TELEFÔNICO;NÃO;TERCEIRO;CASA DE TERCEIRO;BR | BRASIL;MG;3131307 | IPATINGA;NÃO SABE INFORMAR;NÃO SABE INFORMAR;1;VIOLÊNCIA CONTRA CRIANÇA OU ADOLESCENTE;;AVÔ(Ó);PESSOA FÍSICA;MASCULINO;;07 ANOS;BR | BRASIL;;;;;NÃO;;;BR | BRASIL;MG;3140530 | MARTINS SOARES;;;;BRANCA;;;PESSOA FÍSICA;MASCULINO;NÃO;60 A 64 ANOS;BR | BRASIL;;;;;NÃO;;NÃO;BR | BRASIL;MG;3131307 | IPATINGA;NÃO SABE INFORMAR;;;;;;;;;;LIBERDADE>DIREITOS INDIVIDUAIS>TRÁFICO DE CRIANÇAS - NACIONAL
89991A2F624B2A2E77089FAC2DB2B70D47A558D2EDED7BDF7592B38FF4516943;2024-09-18 17:47:45.497;WHATSAPP;NÃO;A PRÓPRIA VÍTIMA;OUTROS;US | ESTADOS UNIDOS;DENUNCIANTE NÃO SOUBE INFORMAR;DENUNCIANTE NÃO SOUBE INFORMAR;NÃO SABE INFORMAR;NÃO SABE INFORMAR;1;VIOLÊNCIA CONTRA POPULAÇÃO LGBTQIA+;;OUTROS;PESSOA FÍSICA;MASCULINO;HOMOSSEXUAL.GAY;35 A 39 ANOS;BR | BRASIL;;;;;NÃO;;NÃO;BR | BRASIL;MG;3170206 | UBERLÂNDIA;;;;BRANCA;;;PESSOA FÍSICA;MASCULINO;NÃO;50 A 54 ANOS;BR | BRASIL;;;;;NÃO;;NÃO;BR | BRASIL;MG;3170107 | UBERABA;OUTROS NÃO LISTADOS;;;PRETA;;;;;;;LIBERDADE>DIREITOS INDIVIDUAIS>TRÁFICO DE PESSOAS - INTERNACIONAL
89991A2F624B2A2E77089FAC2DB2B70D47A558D2EDED7BDF7592B38FF4516943;2024-09-18 17:47:45.497;WHATSAPP;NÃO;A PRÓPRIA VÍTIMA;OUTROS;US | ESTADOS UNIDOS;DENUNCIANTE NÃO SOUBE INFORMAR;DENUNCIANTE NÃO SOUBE INFORMAR;NÃO SABE INFORMAR;NÃO SABE INFORMAR;1;VIOLÊNCIA CONTRA CIDADÃO, FAMÍLIA OU COMUNIDADE;;OUTROS;PESSOA FÍSICA;MASCULINO;HOMOSSEXUAL.GAY;35 A 39 ANOS;BR | BRASIL;;;;;NÃO;;NÃO;BR | BRASIL;MG;3170206 | UBERLÂNDIA;;;;BRANCA;;;PESSOA FÍSICA;MASCULINO;NÃO;50 A 54 ANOS;BR | BRASIL;;;;;NÃO;;NÃO;BR | BRASIL;MG;3170107 | UBERABA;OUTROS NÃO LISTADOS;;;PRETA;;;;;;;LIBERDADE>DIREITOS INDIVIDUAIS>TRÁFICO DE PESSOAS - INTERNACIONAL
9BE0D6BA599AC84968A0FA28214309466EEF176A49EEEF0AF18C7734F39035D5;2024-09-20 14:48:36.787;TELEFÔNICO;NÃO;A PRÓPRIA VÍTIMA;AMBIENTE VIRTUAL (NO ÂMBITO DA INTERNET);BR | BRASIL;RJ;3301702 | DUQUE DE CAXIAS;DIARIAMENTE;HÁ MAIS DE DEZ ANOS;1;VIOLÊNCIA CONTRA PESSOA IDOSA;;EX-COMPANHEIRO(A);PESSOA FÍSICA;FEMININO;NÃO;60 A 64 ANOS;BR | BRASIL;;;;;NÃO;;NÃO;BR | BRASIL;RJ;3301702 | DUQUE DE CAXIAS;;;;PRETA;;;PESSOA FÍSICA;MASCULINO;NÃO;60 A 64 ANOS;BR | BRASIL;;;;;NÃO;;NÃO;BR | BRASIL;RJ;3301702 | DUQUE DE CAXIAS;OUTROS NÃO LISTADOS;;;PARDA;;;;;;;LIBERDADE>DIREITOS INDIVIDUAIS>TRÁFICO DE MULHERES - INTERNACIONAL
EE4250D128D89F4B276BD0C41B71D332568267BA90D71F30DC549623C93F1E33;2024-09-25 19:17:33.010;WHATSAPP;NÃO;TERCEIRO;AMBIENTE VIRTUAL (NO ÂMBITO DA INTERNET);BR | BRASIL;SP;3525003 | JANDIRA;NÃO SABE INFORMAR;HÁ MAIS DE SEIS MESES;1;VIOLÊNCIA CONTRA CRIANÇA OU ADOLESCENTE;;OUTROS;COMUNIDADE/FAMÍLIA;;NÃO;CRIANÇA/ADOLESCENTE IDADE NÃO INFORMADA;BR | BRASIL;;;;;;;NÃO;BR | BRASIL;SP;3525003 | JANDIRA;;;;;;;PESSOA FÍSICA;FEMININO;NÃO;25 A 29 ANOS;BR | BRASIL;;;;;NÃO;;NÃO;BR | BRASIL;SP;3525003 | JANDIRA;NÃO SABE INFORMAR;;;PARDA;;;;;;;LIBERDADE>DIREITOS INDIVIDUAIS>TRÁFICO DE MULHERES - INTERNACIONAL
EE4250D128D89F4B276BD0C41B71D332568267BA90D71F30DC549623C93F1E33;2024-09-25 19:17:33.010;WHATSAPP;NÃO;TERCEIRO;AMBIENTE VIRTUAL (NO ÂMBITO DA INTERNET);BR | BRASIL;SP;3525003 | JANDIRA;NÃO SABE INFORMAR;HÁ MAIS DE SEIS MESES;1;VIOLÊNCIA CONTRA CRIANÇA OU ADOLESCENTE;OUTRO(S) ELEMENTO(S);OUTROS;COMUNIDADE/FAMÍLIA;;NÃO;CRIANÇA/ADOLESCENTE IDADE NÃO INFORMADA;BR | BRASIL;;;;NÃO;;;NÃO;BR | BRASIL;SP;3525003 | JANDIRA;;;;;;;PESSOA FÍSICA;FEMININO;NÃO;25 A 29 ANOS;BR | BRASIL;;;;NÃO;NÃO;;NÃO;BR | BRASIL;SP;3525003 | JANDIRA;NÃO SABE INFORMAR;;;PARDA;;;;;;;LIBERDADE>DIREITOS INDIVIDUAIS>TRÁFICO DE CRIANÇAS - INTERNACIONAL
054DC44669B90CA9C303359B8C1B4BA913993E4FCF9808A474EB81325749D399;2024-09-30 09:35:39.817;TELEFÔNICO;NÃO;TERCEIRO;TRANSPORTE AÉREO;BR | BRASIL;SP;3518800 | GUARULHOS;DIARIAMENTE;HÁ UMA SEMANA;1;VIOLÊNCIA CONTRA CIDADÃO, FAMÍLIA OU COMUNIDADE;OUTRO(S) ELEMENTO(S);OUTROS;COMUNIDADE/FAMÍLIA;;;45 A 49 ANOS;BR | BRASIL;;;;NÃO;;;;BR | BRASIL;DENUNCIANTE NÃO SOUBE INFORMAR;DENUNCIANTE NÃO SOUBE INFORMAR;;;;NÃO INFORMADO;;;PESSOA FÍSICA;MASCULINO;NÃO;;BR | BRASIL;;;;NÃO INFORMADO;NÃO;;;BR | BRASIL;DENUNCIANTE NÃO SOUBE INFORMAR;DENUNCIANTE NÃO SOUBE INFORMAR;;;;;;;;;;;LIBERDADE>DIREITOS INDIVIDUAIS>TRÁFICO DE PESSOAS - INTERNACIONAL
CFBB3BC2F056FBA3038770812898B60A83BE23958EA8354FE283DD26480660E2;2024-09-30 09:35:39.817;TELEFÔNICO;NÃO;TERCEIRO;TRANSPORTE AÉREO;BR | BRASIL;SP;3518800 | GUARULHOS;DIARIAMENTE;HÁ UMA SEMANA;1;VIOLÊNCIA CONTRA CIDADÃO, FAMÍLIA OU COMUNIDADE;OUTRO(S) ELEMENTO(S);OUTROS;COMUNIDADE/FAMÍLIA;;;45 A 49 ANOS;BR | BRASIL;;;;NÃO;;;;BR | BRASIL;DENUNCIANTE NÃO SOUBE INFORMAR;DENUNCIANTE NÃO SOUBE INFORMAR;;;;NÃO INFORMADO;;;PESSOA FÍSICA;FEMININO;NÃO;NÃO INFORMADO;BR | BRASIL;;;;NÃO INFORMADO;NÃO;;NÃO INFORMADO;BR | BRASIL;DENUNCIANTE NÃO SOUBE INFORMAR;DENUNCIANTE NÃO SOUBE INFORMAR;NÃO SABE INFORMAR;;;NÃO INFORMADO;;;;;;;LIBERDADE>DIREITOS INDIVIDUAIS>TRÁFICO DE PESSOAS - INTERNACIONAL
C8546974DB2BF9661559CDEE7E0B06C267BE0FC29F480927BDDB043686F1E688;2024-10-01 23:11:14.513;TELEFÔNICO;NÃO;TERCEIRO;CASA ONDE RESIDE A VÍTIMA E O SUSPEITO;BR | BRASIL;SP;3550308 | SÃO PAULO;DIARIAMENTE;HÁ UM MÊS;1;VIOLÊNCIA CONTRA CRIANÇA OU ADOLESCENTE;;OUTROS;COMUNIDADE/FAMÍLIA;;NÃO;12 ANOS;BR | BRASIL;;;;;;;NÃO INFORMADO;BR | BRASIL;SP;3550308 | SÃO PAULO;;;;NÃO INFORMADO;;;PESSOA JURÍDICA DE DIREITO PRIVADO;;;;BR | BRASIL;;;;;;;;BR | BRASIL;SP;3550308 | SÃO PAULO;;;;;;;;OUTRAS ATIVIDADES DE SERVIÇOS;;;LIBERDADE>DIREITOS INDIVIDUAIS>TRÁFICO DE CRIANÇAS - INTERNACIONAL
EF931C0A79C093C58F9BB51CE0B2E0469918C349FD014A309BD2F29295B603AE;2024-10-04 00:07:32.983;TELEFÔNICO;NÃO;TERCEIRO;CASA DA VÍTIMA;BR | BRASIL;PB;2507507 | JOÃO PESSOA;DIARIAMENTE;HÁ MAIS DE UM ANO;1;VIOLÊNCIA CONTRA CRIANÇA OU ADOLESCENTE;;OUTROS;PESSOA FÍSICA;MASCULINO;;04 ANOS;BR | BRASIL;;;;;NÃO;;;BR | BRASIL;PB;2507507 | JOÃO PESSOA;;;;PARDA;;;PESSOA FÍSICA;FEMININO;NÃO;55 A 59 ANOS;BR | BRASIL;;;;;NÃO;;NÃO;BR | BRASIL;PB;2507507 | JOÃO PESSOA;OUTROS NÃO LISTADOS;;;BRANCA;;;;;;;LIBERDADE>DIREITOS INDIVIDUAIS>TRÁFICO DE CRIANÇAS - NACIONAL
064CD32555AE7565491A35C5740C73506CC74147AAA80D911AF4A6C24A405477;2024-10-08 13:33:32.983;TELEFÔNICO;NÃO;TERCEIRO;LOCAL DE TRABALHO DA VÍTIMA;TH | TAILÂNDIA;;;DIARIAMENTE;HÁ MAIS DE SEIS MESES;2;VIOLÊNCIA CONTRA CIDADÃO, FAMÍLIA OU COMUNIDADE;;AMIGO(A);PESSOA FÍSICA;MASCULINO;NÃO;35 A 39 ANOS;BR | BRASIL;;;;;NÃO;;NÃO;TH | TAILÂNDIA;;;;;;PARDA;;;PESSOA FÍSICA;MASCULINO;NÃO;45 A 49 ANOS;BR | BRASIL;;;;;NÃO;;NÃO;TH | TAILÂNDIA;;;OUTROS NÃO LISTADOS;;;PRETA;;;;;;;LIBERDADE>DIREITOS INDIVIDUAIS>TRÁFICO DE PESSOAS - INTERNACIONAL
40A5CDA64B358A1C7B6C8E90E06E9CF4842F35C685C035FB5E909DF0E426E758;2024-10-08 13:33:32.983;TELEFÔNICO;NÃO;TERCEIRO;LOCAL DE TRABALHO DA VÍTIMA;TH | TAILÂNDIA;;;DIARIAMENTE;HÁ MAIS DE SEIS MESES;2;VIOLÊNCIA CONTRA CIDADÃO, FAMÍLIA OU COMUNIDADE;;EMPREGADOR/PATRÃO (HIERARQUICAMENTE SUPERIOR);PESSOA FÍSICA;MASCULINO;NÃO;45 A 49 ANOS;BR | BRASIL;;;;;NÃO;;NÃO;TH | TAILÂNDIA;;;;;;PRETA;;;PESSOA FÍSICA;MASCULINO;NÃO;45 A 49 ANOS;BR | BRASIL;;;;;NÃO;;NÃO;TH | TAILÂNDIA;;;OUTROS NÃO LISTADOS;;;PRETA;;;;;;;LIBERDADE>DIREITOS INDIVIDUAIS>TRÁFICO DE PESSOAS - INTERNACIONAL
C12C888661C80B3B0F1DE11EBE572C763CC914DDE7DF4A2420AA249BA0176C2E;2024-10-08 13:33:32.983;TELEFÔNICO;NÃO;TERCEIRO;LOCAL DE TRABALHO DA VÍTIMA;TH | TAILÂNDIA;;;DIARIAMENTE;HÁ MAIS DE SEIS MESES;2;VIOLÊNCIA CONTRA CIDADÃO, FAMÍLIA OU COMUNIDADE;;AMIGO(A);PESSOA FÍSICA;MASCULINO;NÃO;35 A 39 ANOS;BR | BRASIL;;;;;NÃO;;NÃO;TH | TAILÂNDIA;;;;;;PARDA;;;PESSOA FÍSICA;FEMININO;NÃO;50 A 54 ANOS;BR | BRASIL;;;;;NÃO;;NÃO;TH | TAILÂNDIA;;;OUTROS NÃO LISTADOS;;;;;;;;;;LIBERDADE>DIREITOS INDIVIDUAIS>TRÁFICO DE PESSOAS - INTERNACIONAL
3FD9D4B64189802EFE5D94B9A44BF8DE8B2B5C1661ECBA80C63937323913030F;2024-10-08 13:33:32.983;TELEFÔNICO;NÃO;TERCEIRO;LOCAL DE TRABALHO DA VÍTIMA;TH | TAILÂNDIA;;;DIARIAMENTE;HÁ MAIS DE SEIS MESES;2;VIOLÊNCIA CONTRA CIDADÃO, FAMÍLIA OU COMUNIDADE;;EMPREGADOR/PATRÃO (HIERARQUICAMENTE SUPERIOR);PESSOA FÍSICA;MASCULINO;NÃO;45 A 49 ANOS;BR | BRASIL;;;;;NÃO;;NÃO;TH | TAILÂNDIA;;;;;;PRETA;;;PESSOA FÍSICA;FEMININO;NÃO;50 A 54 ANOS;BR | BRASIL;;;;;NÃO;;NÃO;TH | TAILÂNDIA;;;OUTROS NÃO LISTADOS;;;;;;;;;;LIBERDADE>DIREITOS INDIVIDUAIS>TRÁFICO DE PESSOAS - INTERNACIONAL
158F10E6C04AF07146E0E668F1034CDA5FA2E1B29512A50063BB2834F49160B4;2024-10-10 10:59:22.103;WHATSAPP;NÃO;TERCEIRO;CASA ONDE RESIDE A VÍTIMA E O SUSPEITO;BR | BRASIL;RJ;3304102 | PORCIÚNCULA;NÃO SABE INFORMAR;NÃO SABE INFORMAR;2;VIOLÊNCIA CONTRA CRIANÇA OU ADOLESCENTE;;DESCONHECIDO(A);PESSOA FÍSICA;MASCULINO;NÃO;13 ANOS;BR | BRASIL;;;;;NÃO;;NÃO;BR | BRASIL;RJ;3304102 | PORCIÚNCULA;;;;NÃO INFORMADO;;;ÓRGÃO PÚBLICO;;;;BR | BRASIL;;;;;;;;BR | BRASIL;RJ;3303104 | NATIVIDADE;;;;;;;;SEGURANÇA PÚBLICA, FORÇAS ARMADAS, DEFESA CIVIL, BOMBEIROS E ASSEMELHADOS ? FEDERAL;;;LIBERDADE>DIREITOS INDIVIDUAIS>TRÁFICO DE CRIANÇAS - NACIONAL
2AE27AB72AF133A3CC1EB10DF5925363F35E66E5447E5A63A1F49813AA727FEB;2024-10-10 10:59:22.103;WHATSAPP;NÃO;TERCEIRO;CASA DA VÍTIMA;BR | BRASIL;RJ;3304102 | PORCIÚNCULA;NÃO SABE INFORMAR;NÃO SABE INFORMAR;2;VIOLÊNCIA CONTRA CRIANÇA OU ADOLESCENTE;;DESCONHECIDO(A);PESSOA FÍSICA;FEMININO;NÃO;15 ANOS;BR | BRASIL;;;;;NÃO;;NÃO;BR | BRASIL;RJ;3304102 | PORCIÚNCULA;;;;AMARELA;;;PESSOA FÍSICA;MASCULINO;NÃO;NÃO INFORMADO;BR | BRASIL;;;;;NÃO;;NÃO INFORMADO;BR | BRASIL;RJ;3303104 | NATIVIDADE;CONSELHEIRO TUTELAR;;;NÃO INFORMADO;;;;;;;LIBERDADE>DIREITOS INDIVIDUAIS>TRÁFICO DE CRIANÇAS - NACIONAL
82E98AC1F5D931B33F6D9C5253C5E8CEDCCD7EB7B0C8C3C6601B6F435CCD43E6;2024-10-10 10:59:22.103;WHATSAPP;NÃO;TERCEIRO;CASA ONDE RESIDE A VÍTIMA E O SUSPEITO;BR | BRASIL;RJ;3304102 | PORCIÚNCULA;NÃO SABE INFORMAR;NÃO SABE INFORMAR;2;VIOLÊNCIA CONTRA CRIANÇA OU ADOLESCENTE;;DESCONHECIDO(A);PESSOA FÍSICA;MASCULINO;NÃO;13 ANOS;BR | BRASIL;;;;;NÃO;;NÃO;BR | BRASIL;RJ;3304102 | PORCIÚNCULA;;;;NÃO INFORMADO;;;COMUNIDADE/FAMÍLIA;;;;BR | BRASIL;;;;;;;;BR | BRASIL;RJ;3304102 | PORCIÚNCULA;;;;;;;;;;;LIBERDADE>DIREITOS INDIVIDUAIS>TRÁFICO DE CRIANÇAS - NACIONAL
26EAFEB605B194992E156C79B2153DC5714414B891D363504A98481567FFC9A2;2024-10-10 10:59:22.103;WHATSAPP;NÃO;TERCEIRO;CASA DA VÍTIMA;BR | BRASIL;RJ;3304102 | PORCIÚNCULA;NÃO SABE INFORMAR;NÃO SABE INFORMAR;2;VIOLÊNCIA CONTRA CRIANÇA OU ADOLESCENTE;;DESCONHECIDO(A);PESSOA FÍSICA;FEMININO;NÃO;15 ANOS;BR | BRASIL;;;;;NÃO;;NÃO;BR | BRASIL;RJ;3304102 | PORCIÚNCULA;;;;AMARELA;;;ÓRGÃO PÚBLICO;;;;BR | BRASIL;;;;;;;;BR | BRASIL;RJ;3304102 | PORCIÚNCULA;;;;;;;;SEGURANÇA PÚBLICA, FORÇAS ARMADAS, DEFESA CIVIL, BOMBEIROS E ASSEMELHADOS ? FEDERAL;;;LIBERDADE>DIREITOS INDIVIDUAIS>TRÁFICO DE CRIANÇAS - NACIONAL
B9F66BEE97C24D6E179F8A72F5DE64A34A83ED1B14E39FB393A010AEBA622B06;2024-10-10 10:59:22.103;WHATSAPP;NÃO;TERCEIRO;CASA DA VÍTIMA;BR | BRASIL;RJ;3304102 | PORCIÚNCULA;NÃO SABE INFORMAR;NÃO SABE INFORMAR;2;VIOLÊNCIA CONTRA CRIANÇA OU ADOLESCENTE;;DESCONHECIDO(A);PESSOA FÍSICA;FEMININO;NÃO;15 ANOS;BR | BRASIL;;;;;NÃO;;NÃO;BR | BRASIL;RJ;3304102 | PORCIÚNCULA;;;;AMARELA;;;ÓRGÃO PÚBLICO;;;;BR | BRASIL;;;;;;;;BR | BRASIL;RJ;3303104 | NATIVIDADE;;;;;;;;SEGURANÇA PÚBLICA, FORÇAS ARMADAS, DEFESA CIVIL, BOMBEIROS E ASSEMELHADOS ? FEDERAL;;;LIBERDADE>DIREITOS INDIVIDUAIS>TRÁFICO DE CRIANÇAS - NACIONAL
22C08AB239896BC67EC2E10EC32035FFF5FE28046B82A8C4A84517BFBFDA0AF6;2024-10-10 10:59:22.103;WHATSAPP;NÃO;TERCEIRO;CASA DA VÍTIMA;BR | BRASIL;RJ;3304102 | PORCIÚNCULA;NÃO SABE INFORMAR;NÃO SABE INFORMAR;2;VIOLÊNCIA CONTRA CRIANÇA OU ADOLESCENTE;;DESCONHECIDO(A);PESSOA FÍSICA;FEMININO;NÃO;15 ANOS;BR | BRASIL;;;;;NÃO;;NÃO;BR | BRASIL;RJ;3304102 | PORCIÚNCULA;;;;AMARELA;;;PESSOA FÍSICA;FEMININO;NÃO;NÃO INFORMADO;BR | BRASIL;;;;;NÃO;;NÃO INFORMADO;BR | BRASIL;RJ;3304102 | PORCIÚNCULA;OUTROS NÃO LISTADOS;;;NÃO INFORMADO;;;;;;;LIBERDADE>DIREITOS INDIVIDUAIS>TRÁFICO DE CRIANÇAS - NACIONAL
FA1F8FD2D6A0E87E9751A53D4FF53FE97F934194A975727771108B1E2A05A193;2024-10-10 10:59:22.103;WHATSAPP;NÃO;TERCEIRO;CASA ONDE RESIDE A VÍTIMA E O SUSPEITO;BR | BRASIL;RJ;3304102 | PORCIÚNCULA;NÃO SABE INFORMAR;NÃO SABE INFORMAR;2;VIOLÊNCIA CONTRA CRIANÇA OU ADOLESCENTE;;DESCONHECIDO(A);PESSOA FÍSICA;MASCULINO;NÃO;13 ANOS;BR | BRASIL;;;;;NÃO;;NÃO;BR | BRASIL;RJ;3304102 | PORCIÚNCULA;;;;NÃO INFORMADO;;;PESSOA FÍSICA;MASCULINO;NÃO;NÃO INFORMADO;BR | BRASIL;;;;;NÃO;;NÃO INFORMADO;BR | BRASIL;RJ;3303104 | NATIVIDADE;CONSELHEIRO TUTELAR;;;NÃO INFORMADO;;;;;;;LIBERDADE>DIREITOS INDIVIDUAIS>TRÁFICO DE CRIANÇAS - NACIONAL
A23611B26D67DBCB4DED66FF913AB03CBD780DC05C2AE61F437985E275C9E1B9;2024-10-10 10:59:22.103;WHATSAPP;NÃO;TERCEIRO;CASA DA VÍTIMA;BR | BRASIL;RJ;3304102 | PORCIÚNCULA;NÃO SABE INFORMAR;NÃO SABE INFORMAR;2;VIOLÊNCIA CONTRA CRIANÇA OU ADOLESCENTE;;DESCONHECIDO(A);PESSOA FÍSICA;FEMININO;NÃO;15 ANOS;BR | BRASIL;;;;;NÃO;;NÃO;BR | BRASIL;RJ;3304102 | PORCIÚNCULA;;;;AMARELA;;;ÓRGÃO PÚBLICO;;;;BR | BRASIL;;;;;;;;BR | BRASIL;RJ;3304102 | PORCIÚNCULA;;;;;;;;SEGURANÇA PÚBLICA, FORÇAS ARMADAS, DEFESA CIVIL, BOMBEIROS E ASSEMELHADOS ? FEDERAL;;;LIBERDADE>DIREITOS INDIVIDUAIS>TRÁFICO DE CRIANÇAS - NACIONAL
388E31E7C3BAA38D8F0CA288A737A96BAC09312B47624D0E61C59788798D1536;2024-10-10 10:59:22.103;WHATSAPP;NÃO;TERCEIRO;CASA DA VÍTIMA;BR | BRASIL;RJ;3304102 | PORCIÚNCULA;NÃO SABE INFORMAR;NÃO SABE INFORMAR;2;VIOLÊNCIA CONTRA CRIANÇA OU ADOLESCENTE;;DESCONHECIDO(A);PESSOA FÍSICA;FEMININO;NÃO;15 ANOS;BR | BRASIL;;;;;NÃO;;NÃO;BR | BRASIL;RJ;3304102 | PORCIÚNCULA;;;;AMARELA;;;PESSOA FÍSICA;FEMININO;NÃO;NÃO INFORMADO;BR | BRASIL;;;;;NÃO;;NÃO INFORMADO;BR | BRASIL;RJ;3304102 | PORCIÚNCULA;CONSELHEIRO TUTELAR;;;NÃO INFORMADO;;;;;;;LIBERDADE>DIREITOS INDIVIDUAIS>TRÁFICO DE CRIANÇAS - NACIONAL
FBEFD772453E90F735759926ECF2F22DBACE5EA6D0C1FD99EF3BFE65186838F1;2024-10-10 10:59:22.103;WHATSAPP;NÃO;TERCEIRO;CASA DA VÍTIMA;BR | BRASIL;RJ;3304102 | PORCIÚNCULA;NÃO SABE INFORMAR;NÃO SABE INFORMAR;2;VIOLÊNCIA CONTRA CRIANÇA OU ADOLESCENTE;;DESCONHECIDO(A);PESSOA FÍSICA;FEMININO;NÃO;15 ANOS;BR | BRASIL;;;;;NÃO;;NÃO;BR | BRASIL;RJ;3304102 | PORCIÚNCULA;;;;AMARELA;;;COMUNIDADE/FAMÍLIA;;;;BR | BRASIL;;;;;;;;BR | BRASIL;RJ;3304102 | PORCIÚNCULA;;;;;;;;;;;LIBERDADE>DIREITOS INDIVIDUAIS>TRÁFICO DE CRIANÇAS - NACIONAL
834E1ECECD5A58A226ADE26D09CB9250D38AC2B6894666009F1B4322C6CA77F3;2024-10-10 10:59:22.103;WHATSAPP;NÃO;TERCEIRO;CASA ONDE RESIDE A VÍTIMA E O SUSPEITO;BR | BRASIL;RJ;3304102 | PORCIÚNCULA;NÃO SABE INFORMAR;NÃO SABE INFORMAR;2;VIOLÊNCIA CONTRA CRIANÇA OU ADOLESCENTE;;DESCONHECIDO(A);PESSOA FÍSICA;MASCULINO;NÃO;13 ANOS;BR | BRASIL;;;;;NÃO;;NÃO;BR | BRASIL;RJ;3304102 | PORCIÚNCULA;;;;NÃO INFORMADO;;;ÓRGÃO PÚBLICO;;;;BR | BRASIL;;;;;;;;BR | BRASIL;RJ;3304102 | PORCIÚNCULA;;;;;;;;SEGURANÇA PÚBLICA, FORÇAS ARMADAS, DEFESA CIVIL, BOMBEIROS E ASSEMELHADOS ? FEDERAL;;;LIBERDADE>DIREITOS INDIVIDUAIS>TRÁFICO DE CRIANÇAS - NACIONAL
A62932AA3AB0A59EF239621C3CB6DB87F343D7331C9B67F7B32ADC1967A201D6;2024-10-10 10:59:22.103;WHATSAPP;NÃO;TERCEIRO;CASA DA VÍTIMA;BR | BRASIL;RJ;3304102 | PORCIÚNCULA;NÃO SABE INFORMAR;NÃO SABE INFORMAR;2;VIOLÊNCIA CONTRA CRIANÇA OU ADOLESCENTE;;DESCONHECIDO(A);PESSOA FÍSICA;FEMININO;NÃO;15 ANOS;BR | BRASIL;;;;;NÃO;;NÃO;BR | BRASIL;RJ;3304102 | PORCIÚNCULA;;;;AMARELA;;;ÓRGÃO PÚBLICO;;;;BR | BRASIL;;;;;;;;BR | BRASIL;RJ;3303104 | NATIVIDADE;;;;;;;;SEGURANÇA PÚBLICA, FORÇAS ARMADAS, DEFESA CIVIL, BOMBEIROS E ASSEMELHADOS ? FEDERAL;;;LIBERDADE>DIREITOS INDIVIDUAIS>TRÁFICO DE CRIANÇAS - NACIONAL
BB419C2B1577EC3D1C9F4758A2E999FE1D9B0B56A82F79EB7D20C3C70C548618;2024-10-10 10:59:22.103;WHATSAPP;NÃO;TERCEIRO;CASA ONDE RESIDE A VÍTIMA E O SUSPEITO;BR | BRASIL;RJ;3304102 | PORCIÚNCULA;NÃO SABE INFORMAR;NÃO SABE INFORMAR;2;VIOLÊNCIA CONTRA CRIANÇA OU ADOLESCENTE;;DESCONHECIDO(A);PESSOA FÍSICA;MASCULINO;NÃO;13 ANOS;BR | BRASIL;;;;;NÃO;;NÃO;BR | BRASIL;RJ;3304102 | PORCIÚNCULA;;;;NÃO INFORMADO;;;PESSOA FÍSICA;FEMININO;NÃO;NÃO INFORMADO;BR | BRASIL;;;;;NÃO;;NÃO INFORMADO;BR | BRASIL;RJ;3304102 | PORCIÚNCULA;OUTROS NÃO LISTADOS;;;NÃO INFORMADO;;;;;;;LIBERDADE>DIREITOS INDIVIDUAIS>TRÁFICO DE CRIANÇAS - NACIONAL
8BCB5718A605D9BEA407C7937B0C8C64C6C66B96830A304528FFCC17FF40439D;2024-10-10 10:59:22.103;WHATSAPP;NÃO;TERCEIRO;CASA ONDE RESIDE A VÍTIMA E O SUSPEITO;BR | BRASIL;RJ;3304102 | PORCIÚNCULA;NÃO SABE INFORMAR;NÃO SABE INFORMAR;2;VIOLÊNCIA CONTRA CRIANÇA OU ADOLESCENTE;;DESCONHECIDO(A);PESSOA FÍSICA;MASCULINO;NÃO;13 ANOS;BR | BRASIL;;;;;NÃO;;NÃO;BR | BRASIL;RJ;3304102 | PORCIÚNCULA;;;;NÃO INFORMADO;;;ÓRGÃO PÚBLICO;;;;BR | BRASIL;;;;;;;;BR | BRASIL;RJ;3303104 | NATIVIDADE;;;;;;;;SEGURANÇA PÚBLICA, FORÇAS ARMADAS, DEFESA CIVIL, BOMBEIROS E ASSEMELHADOS ? FEDERAL;;;LIBERDADE>DIREITOS INDIVIDUAIS>TRÁFICO DE CRIANÇAS - NACIONAL
C33CB05A14C7BD35162D3696795181FF13AEC96896C6767F93F6695550FDA2D2;2024-10-10 10:59:22.103;WHATSAPP;NÃO;TERCEIRO;CASA ONDE RESIDE A VÍTIMA E O SUSPEITO;BR | BRASIL;RJ;3304102 | PORCIÚNCULA;NÃO SABE INFORMAR;NÃO SABE INFORMAR;2;VIOLÊNCIA CONTRA CRIANÇA OU ADOLESCENTE;;DESCONHECIDO(A);PESSOA FÍSICA;MASCULINO;NÃO;13 ANOS;BR | BRASIL;;;;;NÃO;;NÃO;BR | BRASIL;RJ;3304102 | PORCIÚNCULA;;;;NÃO INFORMADO;;;PESSOA FÍSICA;FEMININO;NÃO;NÃO INFORMADO;BR | BRASIL;;;;;NÃO;;NÃO INFORMADO;BR | BRASIL;RJ;3304102 | PORCIÚNCULA;CONSELHEIRO TUTELAR;;;NÃO INFORMADO;;;;;;;LIBERDADE>DIREITOS INDIVIDUAIS>TRÁFICO DE CRIANÇAS - NACIONAL
D701962D9F3352AC69C646778CF99F8C16E58B0DA23E8EBB4FD0096A39FF3550;2024-10-10 10:59:22.103;WHATSAPP;NÃO;TERCEIRO;CASA ONDE RESIDE A VÍTIMA E O SUSPEITO;BR | BRASIL;RJ;3304102 | PORCIÚNCULA;NÃO SABE INFORMAR;NÃO SABE INFORMAR;2;VIOLÊNCIA CONTRA CRIANÇA OU ADOLESCENTE;;DESCONHECIDO(A);PESSOA FÍSICA;MASCULINO;NÃO;13 ANOS;BR | BRASIL;;;;;NÃO;;NÃO;BR | BRASIL;RJ;3304102 | PORCIÚNCULA;;;;NÃO INFORMADO;;;ÓRGÃO PÚBLICO;;;;BR | BRASIL;;;;;;;;BR | BRASIL;RJ;3304102 | PORCIÚNCULA;;;;;;;;SEGURANÇA PÚBLICA, FORÇAS ARMADAS, DEFESA CIVIL, BOMBEIROS E ASSEMELHADOS ? FEDERAL;;;LIBERDADE>DIREITOS INDIVIDUAIS>TRÁFICO DE CRIANÇAS - NACIONAL
19B15BC5207028920B41AB948CAC898D72FFD21509449D7FD7FBD894AD6B3CC8;2024-10-11 13:44:16.607;TELEFÔNICO;NÃO;TERCEIRO;CASA DA VÍTIMA;BR | BRASIL;RS;4323002 | VIAMÃO;DIARIAMENTE;HÁ MAIS DE UM ANO;1;VIOLÊNCIA CONTRA CRIANÇA OU ADOLESCENTE;;MÃE;PESSOA FÍSICA;NÃO INFORMADO;;01 ANO;BR | BRASIL;;;;;NÃO;;;BR | BRASIL;RS;4323002 | VIAMÃO;;;;BRANCA;;;PESSOA FÍSICA;MASCULINO;NÃO;30 A 34 ANOS;BR | BRASIL;;;;;NÃO;;NÃO;BR | BRASIL;RS;4323002 | VIAMÃO;NÃO SABE INFORMAR;;;BRANCA;;;;;;;LIBERDADE>DIREITOS INDIVIDUAIS>TRÁFICO DE CRIANÇAS - NACIONAL
1F4F3DEC641985020954D79317E38110F2AEB73FFDB97429A7E540063CB28734;2024-10-11 13:44:16.607;TELEFÔNICO;NÃO;TERCEIRO;CASA DA VÍTIMA;BR | BRASIL;RS;4323002 | VIAMÃO;DIARIAMENTE;HÁ MAIS DE UM ANO;1;VIOLÊNCIA CONTRA CRIANÇA OU ADOLESCENTE;;MÃE;PESSOA FÍSICA;NÃO INFORMADO;;01 ANO;BR | BRASIL;;;;;NÃO;;;BR | BRASIL;RS;4323002 | VIAMÃO;;;;BRANCA;;;PESSOA FÍSICA;FEMININO;NÃO;25 A 29 ANOS;BR | BRASIL;;;;;NÃO;;NÃO;BR | BRASIL;RS;4323002 | VIAMÃO;NÃO SABE INFORMAR;;;BRANCA;;;;;;;LIBERDADE>DIREITOS INDIVIDUAIS>TRÁFICO DE CRIANÇAS - NACIONAL
33E1D1CD49E8C9A577C063FD6035FA1BCF8D023DCBC6C36F9330FEC0D440E4DA;2024-10-11 13:44:16.607;TELEFÔNICO;NÃO;TERCEIRO;CASA DA VÍTIMA;BR | BRASIL;RS;4323002 | VIAMÃO;DIARIAMENTE;HÁ MAIS DE UM ANO;1;VIOLÊNCIA CONTRA CRIANÇA OU ADOLESCENTE;;MÃE;PESSOA FÍSICA;NÃO INFORMADO;;01 ANO;BR | BRASIL;;;;;NÃO;;;BR | BRASIL;RS;4323002 | VIAMÃO;;;;BRANCA;;;PESSOA FÍSICA;FEMININO;NÃO;25 A 29 ANOS;BR | BRASIL;;;;;NÃO;;NÃO;BR | BRASIL;RS;4323002 | VIAMÃO;CUIDADOR/BABÁ;;;BRANCA;;;;;;;LIBERDADE>DIREITOS INDIVIDUAIS>TRÁFICO DE CRIANÇAS - NACIONAL
684593F1D07A57846297148CF00DC30231A65449C45FD4A15C6136563AA68528;2024-10-11 13:44:16.607;TELEFÔNICO;NÃO;TERCEIRO;CASA DA VÍTIMA;BR | BRASIL;RS;4323002 | VIAMÃO;DIARIAMENTE;HÁ MAIS DE UM ANO;1;VIOLÊNCIA CONTRA CRIANÇA OU ADOLESCENTE;;MÃE;PESSOA FÍSICA;NÃO INFORMADO;;01 ANO;BR | BRASIL;;;;;NÃO;;;BR | BRASIL;RS;4323002 | VIAMÃO;;;;BRANCA;;;PESSOA FÍSICA;FEMININO;NÃO;25 A 29 ANOS;BR | BRASIL;;;;;NÃO;;NÃO;BR | BRASIL;RS;4323002 | VIAMÃO;OUTROS NÃO LISTADOS;;;BRANCA;;;;;;;LIBERDADE>DIREITOS INDIVIDUAIS>TRÁFICO DE CRIANÇAS - NACIONAL
078F99DCA232D1AD6CD42EB4D8DD83CFD5A734AF4125FE81425B1B6BEDED73BA;2024-10-13 10:55:10.983;WHATSAPP;NÃO;A PRÓPRIA VÍTIMA;CASA DA VÍTIMA;BR | BRASIL;RJ;3304102 | PORCIÚNCULA;DIARIAMENTE;HÁ MAIS DE DEZ ANOS;1;VIOLÊNCIA CONTRA CRIANÇA OU ADOLESCENTE;;DESCONHECIDO(A);PESSOA FÍSICA;MASCULINO;NÃO;13 ANOS;BR | BRASIL;;;;;NÃO;;NÃO INFORMADO;BR | BRASIL;RJ;3304102 | PORCIÚNCULA;ESTUDANTE;ENSINO FUNDAMENTAL INCOMPLETO;;BRANCA;;;PESSOA FÍSICA;MASCULINO;NÃO;NÃO INFORMADO;BR | BRASIL;;;;;NÃO;;NÃO INFORMADO;BR | BRASIL;RJ;3304102 | PORCIÚNCULA;NÃO SABE INFORMAR;;;NÃO INFORMADO;;;;;;;LIBERDADE>DIREITOS INDIVIDUAIS>TRÁFICO DE CRIANÇAS - NACIONAL
1B3055097C417D775305A6817EF7653FBEC0BBC0B9136D8D1E674BAF90F3CDD7;2024-10-13 10:55:10.983;WHATSAPP;NÃO;A PRÓPRIA VÍTIMA;CASA DA VÍTIMA;BR | BRASIL;RJ;3304102 | PORCIÚNCULA;DIARIAMENTE;HÁ MAIS DE DEZ ANOS;1;VIOLÊNCIA CONTRA CRIANÇA OU ADOLESCENTE;;DESCONHECIDO(A);PESSOA FÍSICA;MASCULINO;NÃO;13 ANOS;BR | BRASIL;;;;;NÃO;;NÃO INFORMADO;BR | BRASIL;RJ;3304102 | PORCIÚNCULA;ESTUDANTE;ENSINO FUNDAMENTAL INCOMPLETO;;BRANCA;;;PESSOA FÍSICA;MASCULINO;NÃO;NÃO INFORMADO;BR | BRASIL;;;;;NÃO;;NÃO INFORMADO;BR | BRASIL;RJ;3304102 | PORCIÚNCULA;NÃO SABE INFORMAR;;;PARDA;;;;;;;LIBERDADE>DIREITOS INDIVIDUAIS>TRÁFICO DE CRIANÇAS - NACIONAL
3C4EF4B578B0F7A80C674587C7EF8D4BB1E54122431F267006A2D3DCE15F6C70;2024-10-13 10:55:10.983;WHATSAPP;NÃO;A PRÓPRIA VÍTIMA;CASA DA VÍTIMA;BR | BRASIL;RJ;3304102 | PORCIÚNCULA;DIARIAMENTE;HÁ MAIS DE DEZ ANOS;1;VIOLÊNCIA CONTRA CRIANÇA OU ADOLESCENTE;;DESCONHECIDO(A);PESSOA FÍSICA;MASCULINO;NÃO;13 ANOS;BR | BRASIL;;;;;NÃO;;NÃO INFORMADO;BR | BRASIL;RJ;3304102 | PORCIÚNCULA;ESTUDANTE;ENSINO FUNDAMENTAL INCOMPLETO;;BRANCA;;;PESSOA FÍSICA;MASCULINO;NÃO;NÃO INFORMADO;BR | BRASIL;;;;;NÃO;;NÃO INFORMADO;BR | BRASIL;RJ;3304102 | PORCIÚNCULA;POLICIAL MILITAR;;;NÃO INFORMADO;;;;;;;LIBERDADE>DIREITOS INDIVIDUAIS>TRÁFICO DE CRIANÇAS - NACIONAL
B15E761D765F2CDCDBB130B9FCAD5C71A806FFF7F0ADF84B0448F515CE425CC3;2024-10-13 10:55:10.983;WHATSAPP;NÃO;A PRÓPRIA VÍTIMA;CASA DA VÍTIMA;BR | BRASIL;RJ;3304102 | PORCIÚNCULA;DIARIAMENTE;HÁ MAIS DE DEZ ANOS;1;VIOLÊNCIA CONTRA CRIANÇA OU ADOLESCENTE;;DESCONHECIDO(A);PESSOA FÍSICA;MASCULINO;NÃO;13 ANOS;BR | BRASIL;;;;;NÃO;;NÃO INFORMADO;BR | BRASIL;RJ;3304102 | PORCIÚNCULA;ESTUDANTE;ENSINO FUNDAMENTAL INCOMPLETO;;BRANCA;;;PESSOA FÍSICA;MASCULINO;NÃO;NÃO INFORMADO;BR | BRASIL;;;;;NÃO;;NÃO INFORMADO;BR | BRASIL;RJ;3304102 | PORCIÚNCULA;NÃO SABE INFORMAR;;;NÃO INFORMADO;;;;;;;LIBERDADE>DIREITOS INDIVIDUAIS>TRÁFICO DE CRIANÇAS - NACIONAL
53BB1DAC7D4D663EA82C7DBC1071853B62425FE5568BD511F7F7693CCAC13C04;2024-10-13 10:55:10.983;WHATSAPP;NÃO;A PRÓPRIA VÍTIMA;CASA DA VÍTIMA;BR | BRASIL;RJ;3304102 | PORCIÚNCULA;DIARIAMENTE;HÁ MAIS DE DEZ ANOS;1;VIOLÊNCIA CONTRA CRIANÇA OU ADOLESCENTE;;DESCONHECIDO(A);PESSOA FÍSICA;FEMININO;NÃO;15 ANOS;BR | BRASIL;;;;;NÃO;;NÃO;BR | BRASIL;RJ;3304102 | PORCIÚNCULA;ESTUDANTE;ENSINO FUNDAMENTAL COMPLETO;;BRANCA;;;PESSOA FÍSICA;MASCULINO;NÃO;NÃO INFORMADO;BR | BRASIL;;;;;NÃO;;NÃO INFORMADO;BR | BRASIL;RJ;3304102 | PORCIÚNCULA;NÃO SABE INFORMAR;;;NÃO INFORMADO;;;;;;;LIBERDADE>DIREITOS INDIVIDUAIS>TRÁFICO DE CRIANÇAS - NACIONAL
4DA2B99BA976229FDC1E31F6D8A9167CE56BAD017CEC1A7F7D21ADC7CDFCE796;2024-10-13 10:55:10.983;WHATSAPP;NÃO;A PRÓPRIA VÍTIMA;CASA DA VÍTIMA;BR | BRASIL;RJ;3304102 | PORCIÚNCULA;DIARIAMENTE;HÁ MAIS DE DEZ ANOS;1;VIOLÊNCIA CONTRA CRIANÇA OU ADOLESCENTE;;DESCONHECIDO(A);PESSOA FÍSICA;FEMININO;NÃO;15 ANOS;BR | BRASIL;;;;;NÃO;;NÃO;BR | BRASIL;RJ;3304102 | PORCIÚNCULA;ESTUDANTE;ENSINO FUNDAMENTAL COMPLETO;;BRANCA;;;PESSOA FÍSICA;MASCULINO;NÃO;NÃO INFORMADO;BR | BRASIL;;;;;NÃO;;NÃO INFORMADO;BR | BRASIL;RJ;3304102 | PORCIÚNCULA;NÃO SABE INFORMAR;;;NÃO INFORMADO;;;;;;;LIBERDADE>DIREITOS INDIVIDUAIS>TRÁFICO DE CRIANÇAS - NACIONAL
C168338034918A5EB40B745623098609A9B613210496A190B2B5565FC8517258;2024-10-13 10:55:10.983;WHATSAPP;NÃO;A PRÓPRIA VÍTIMA;CASA DA VÍTIMA;BR | BRASIL;RJ;3304102 | PORCIÚNCULA;DIARIAMENTE;HÁ MAIS DE DEZ ANOS;1;VIOLÊNCIA CONTRA CRIANÇA OU ADOLESCENTE;;DESCONHECIDO(A);PESSOA FÍSICA;FEMININO;NÃO;15 ANOS;BR | BRASIL;;;;;NÃO;;NÃO;BR | BRASIL;RJ;3304102 | PORCIÚNCULA;ESTUDANTE;ENSINO FUNDAMENTAL COMPLETO;;BRANCA;;;PESSOA FÍSICA;MASCULINO;NÃO;NÃO INFORMADO;BR | BRASIL;;;;;NÃO;;NÃO INFORMADO;BR | BRASIL;RJ;3304102 | PORCIÚNCULA;POLICIAL MILITAR;;;NÃO INFORMADO;;;;;;;LIBERDADE>DIREITOS INDIVIDUAIS>TRÁFICO DE CRIANÇAS - NACIONAL
C5526BA12FC4DC4CCF6D08CA8C63FD1C3F4B40BA24E8D3E63FFB3396AC740437;2024-10-13 10:55:10.983;WHATSAPP;NÃO;A PRÓPRIA VÍTIMA;CASA DA VÍTIMA;BR | BRASIL;RJ;3304102 | PORCIÚNCULA;DIARIAMENTE;HÁ MAIS DE DEZ ANOS;1;VIOLÊNCIA CONTRA CRIANÇA OU ADOLESCENTE;;DESCONHECIDO(A);PESSOA FÍSICA;MASCULINO;NÃO;13 ANOS;BR | BRASIL;;;;;NÃO;;NÃO INFORMADO;BR | BRASIL;RJ;3304102 | PORCIÚNCULA;ESTUDANTE;ENSINO FUNDAMENTAL INCOMPLETO;;BRANCA;;;PESSOA FÍSICA;MASCULINO;NÃO;NÃO INFORMADO;BR | BRASIL;;;;;NÃO;;NÃO INFORMADO;BR | BRASIL;RJ;3304102 | PORCIÚNCULA;NÃO SABE INFORMAR;;;NÃO INFORMADO;;;;;;;LIBERDADE>DIREITOS INDIVIDUAIS>TRÁFICO DE CRIANÇAS - NACIONAL
D39FCAE69A429DE81A8D22D939AA9958EF0B9DC778D4CE7F3B119F0CB36A8380;2024-10-13 10:55:10.983;WHATSAPP;NÃO;A PRÓPRIA VÍTIMA;CASA DA VÍTIMA;BR | BRASIL;RJ;3304102 | PORCIÚNCULA;DIARIAMENTE;HÁ MAIS DE DEZ ANOS;1;VIOLÊNCIA CONTRA CRIANÇA OU ADOLESCENTE;;DESCONHECIDO(A);PESSOA FÍSICA;FEMININO;NÃO;15 ANOS;BR | BRASIL;;;;;NÃO;;NÃO;BR | BRASIL;RJ;3304102 | PORCIÚNCULA;ESTUDANTE;ENSINO FUNDAMENTAL COMPLETO;;BRANCA;;;PESSOA FÍSICA;MASCULINO;NÃO;NÃO INFORMADO;BR | BRASIL;;;;;NÃO;;NÃO INFORMADO;BR | BRASIL;RJ;3304102 | PORCIÚNCULA;NÃO SABE INFORMAR;;;NÃO INFORMADO;;;;;;;LIBERDADE>DIREITOS INDIVIDUAIS>TRÁFICO DE CRIANÇAS - NACIONAL
54A1C79E7826072CCFB525ABC347337FE6E38446B24A634688C4265D2B8788CA;2024-10-13 10:55:10.983;WHATSAPP;NÃO;A PRÓPRIA VÍTIMA;CASA DA VÍTIMA;BR | BRASIL;RJ;3304102 | PORCIÚNCULA;DIARIAMENTE;HÁ MAIS DE DEZ ANOS;1;VIOLÊNCIA CONTRA CRIANÇA OU ADOLESCENTE;;DESCONHECIDO(A);PESSOA FÍSICA;FEMININO;NÃO;15 ANOS;BR | BRASIL;;;;;NÃO;;NÃO;BR | BRASIL;RJ;3304102 | PORCIÚNCULA;ESTUDANTE;ENSINO FUNDAMENTAL COMPLETO;;BRANCA;;;PESSOA FÍSICA;MASCULINO;NÃO;NÃO INFORMADO;BR | BRASIL;;;;;NÃO;;NÃO INFORMADO;BR | BRASIL;RJ;3304102 | PORCIÚNCULA;NÃO SABE INFORMAR;;;PARDA;;;;;;;LIBERDADE>DIREITOS INDIVIDUAIS>TRÁFICO DE CRIANÇAS - NACIONAL
95C583C76573C49F5C27F6103899E39EFA6725574844F6454F668647C3A190CE;2024-10-23 10:39:49.037;TELEFÔNICO;NÃO;TERCEIRO;CASA ONDE RESIDE A VÍTIMA E O SUSPEITO;BR | BRASIL;PE;2611606 | RECIFE;DIARIAMENTE;HÁ MAIS DE CINCO ANOS;2;VIOLÊNCIA CONTRA CRIANÇA OU ADOLESCENTE;;FUNCIONÁRIO, VOLUNTÁRIO OU PRESTADOR DE SERVIÇO PARA INSTITUIÇÃO;PESSOA FÍSICA;NÃO INFORMADO;;CRIANÇA/ADOLESCENTE IDADE NÃO INFORMADA;BR | BRASIL;;;;;NÃO;;;BR | BRASIL;PE;2611606 | RECIFE;;;;NÃO INFORMADO;;;ÓRGÃO PÚBLICO;;;;BR | BRASIL;;;;;;;;BR | BRASIL;PE;2611606 | RECIFE;;;;;;;;PODER EXECUTIVO EM GERAL - MUNICIPAL;;;LIBERDADE>DIREITOS INDIVIDUAIS>TRÁFICO DE MULHERES - NACIONAL
E004E9A864975DED48E9EDBD9B9929D0F2228C2C1FF04CC2E5E8A640D99B70B0;2024-10-24 17:28:14.897;TELEFÔNICO;NÃO;TERCEIRO;ESTABELECIMENTO DE SAÚDE;BR | BRASIL;PA;1507003 | SANTO ANTÔNIO DO TAUÁ;ÚNICA OCORRÊNCIA;NÃO SE APLICA;1;VIOLÊNCIA CONTRA CRIANÇA OU ADOLESCENTE;AGRAVANTE.DO AGRESSOR POSSUIR INFLUÊNCIA JUNTO ÀS AUTORIDADES LOCAIS;DESCONHECIDO(A);PESSOA FÍSICA;NÃO INFORMADO;;RECÉM-NASCIDO (ATÉ 28 DIAS);BR | BRASIL;;;;NÃO;NÃO;;;BR | BRASIL;DENUNCIANTE NÃO SOUBE INFORMAR;DENUNCIANTE NÃO SOUBE INFORMAR;;;;NÃO INFORMADO;;;PESSOA FÍSICA;FEMININO;NÃO;40 A 44 ANOS;BR | BRASIL;;;;NÃO;NÃO;;NÃO;BR | BRASIL;PA;1507003 | SANTO ANTÔNIO DO TAUÁ;NÃO SABE INFORMAR;;;BRANCA;;;;;;;LIBERDADE>DIREITOS INDIVIDUAIS>TRÁFICO DE CRIANÇAS - NACIONAL
34B2166DBA21533950070034457DA0401EEF7ECB027D90BF01587B8C9DC497D2;2024-10-30 10:23:56.367;WHATSAPP;NÃO;TERCEIRO;CASA ONDE RESIDE A VÍTIMA E O SUSPEITO;BR | BRASIL;RS;4307906 | FARROUPILHA;DIARIAMENTE;HÁ MAIS DE SEIS MESES;1;VIOLÊNCIA CONTRA CRIANÇA OU ADOLESCENTE;;PAI;PESSOA FÍSICA;FEMININO;;01 ANO;BR | BRASIL;;;;;NÃO;;;BR | BRASIL;RS;4307906 | FARROUPILHA;;;;PARDA;;;PESSOA FÍSICA;MASCULINO;NÃO;25 A 29 ANOS;BR | BRASIL;;;;;NÃO;;NÃO;BR | BRASIL;RS;4307906 | FARROUPILHA;OUTROS NÃO LISTADOS;;;PARDA;;;;;;;LIBERDADE>DIREITOS INDIVIDUAIS>TRÁFICO DE CRIANÇAS - NACIONAL
1D0BAD852D8ADD576BA9A79BDC58E95B83C93CF1783537E3515DF8E51487A7B9;2024-11-01 12:18:47.590;TELEFÔNICO;NÃO;TERCEIRO;CASA DA VÍTIMA;BR | BRASIL;PR;4122404 | ROLÂNDIA;DIARIAMENTE;NÃO SABE INFORMAR;1;VIOLÊNCIA CONTRA CIDADÃO, FAMÍLIA OU COMUNIDADE;;EMPREGADOR/PATRÃO (HIERARQUICAMENTE SUPERIOR);PESSOA FÍSICA;MASCULINO;NÃO;35 A 39 ANOS;BR | BRASIL;;;;;NÃO;;NÃO;BR | BRASIL;PR;4122404 | ROLÂNDIA;;;;NÃO INFORMADO;;;PESSOA FÍSICA;MASCULINO;NÃO;45 A 49 ANOS;BR | BRASIL;;;;;NÃO;;NÃO;BR | BRASIL;DENUNCIANTE NÃO SOUBE INFORMAR;DENUNCIANTE NÃO SOUBE INFORMAR;NÃO SABE INFORMAR;;;PARDA;;;;;;;LIBERDADE>DIREITOS INDIVIDUAIS>TRÁFICO DE PESSOAS - INTERNACIONAL
DE67FDF62D5872E4A2C6CC1CDC7D77662574B58EA25AFB8B469A79EEA3C6B35B;2024-11-02 17:40:15.923;TELEFÔNICO;NÃO;TERCEIRO;LOCAL DE TRABALHO DA VÍTIMA;BR | BRASIL;MG;3106705 | BETIM;DIARIAMENTE;HÁ UM MÊS;1;VIOLÊNCIA CONTRA CIDADÃO, FAMÍLIA OU COMUNIDADE;;EMPREGADOR/PATRÃO (HIERARQUICAMENTE SUPERIOR);COMUNIDADE/FAMÍLIA;;;20 A 24 ANOS;BR | BRASIL;;;;;;;;BR | BRASIL;MG;3106705 | BETIM;;;;NÃO INFORMADO;;;PESSOA FÍSICA;MASCULINO;NÃO;25 A 29 ANOS;BR | BRASIL;;;;;NÃO;;NÃO;BR | BRASIL;MG;3106705 | BETIM;COSTUREIRO OU SERVIÇOS DE CONFECÇÃO EM GERAL;;;PARDA;;;;;;;LIBERDADE>DIREITOS INDIVIDUAIS>TRÁFICO DE PESSOAS - INTERNACIONAL
E1835D6AFEEB175E187754599E262ED0103DD994CE3289A768668BA433A28913;2024-11-02 17:40:15.923;TELEFÔNICO;NÃO;TERCEIRO;LOCAL DE TRABALHO DA VÍTIMA;BR | BRASIL;MG;3106705 | BETIM;DIARIAMENTE;HÁ UM MÊS;1;VIOLÊNCIA CONTRA CIDADÃO, FAMÍLIA OU COMUNIDADE;;EMPREGADOR/PATRÃO (HIERARQUICAMENTE SUPERIOR);COMUNIDADE/FAMÍLIA;;;20 A 24 ANOS;BR | BRASIL;;;;;;;;BR | BRASIL;MG;3106705 | BETIM;;;;NÃO INFORMADO;;;PESSOA FÍSICA;MASCULINO;NÃO;50 A 54 ANOS;BR | BRASIL;;;;;NÃO;;NÃO;BR | BRASIL;MG;3106705 | BETIM;COSTUREIRO OU SERVIÇOS DE CONFECÇÃO EM GERAL;;;PARDA;;;;;;;LIBERDADE>DIREITOS INDIVIDUAIS>TRÁFICO DE PESSOAS - INTERNACIONAL
A5596E84E53BEBCA479B777D2691A47781EF885AFBFA5E8D4B6C009B466DF649;2024-11-03 21:50:50.843;TELEFÔNICO;NÃO;TERCEIRO;INSTITUIÇÃO DE ENSINO;BR | BRASIL;RN;2414407 | TOUROS;DIARIAMENTE;HÁ MAIS DE DEZ ANOS;1;VIOLÊNCIA CONTRA CRIANÇA OU ADOLESCENTE;;OUTROS;COMUNIDADE/FAMÍLIA;;;09 ANOS;BR | BRASIL;;;;;;;;BR | BRASIL;RN;2414407 | TOUROS;;;;BRANCA;;;COMUNIDADE/FAMÍLIA;;;;BR | BRASIL;;;;;;;;BR | BRASIL;RN;2414407 | TOUROS;;;;;;;;;;;LIBERDADE>DIREITOS INDIVIDUAIS>TRÁFICO DE CRIANÇAS - INTERNACIONAL
878347FFEDA68ABA05EA0AF98DEBBB525E044DADA973C425E7771F4109A3F26A;2024-11-04 17:14:45.627;TELEFÔNICO;NÃO;TERCEIRO;CASA ONDE RESIDE A VÍTIMA E O SUSPEITO;BR | BRASIL;RJ;3304557 | RIO DE JANEIRO;DIARIAMENTE;HÁ UMA SEMANA;1;VIOLÊNCIA CONTRA CRIANÇA OU ADOLESCENTE;OUTRO(S) ELEMENTO(S);PADRASTO/MADRASTA;PESSOA FÍSICA;NÃO INFORMADO;;RECÉM-NASCIDO (ATÉ 28 DIAS);BR | BRASIL;;;;NÃO;NÃO;;;BR | BRASIL;RJ;3304557 | RIO DE JANEIRO;;;;NÃO INFORMADO;;;PESSOA FÍSICA;MASCULINO;NÃO;30 A 34 ANOS;BR | BRASIL;;;;NÃO;NÃO;;NÃO;BR | BRASIL;RJ;3304557 | RIO DE JANEIRO;OUTROS NÃO LISTADOS;;;BRANCA;;;;;;;LIBERDADE>DIREITOS INDIVIDUAIS>TRÁFICO DE CRIANÇAS - INTERNACIONAL
CC2A8B30D12B2ECA58E70CAC8906EF1B7CB5BC46176A27A15F214B2ECAA88849;2024-11-04 17:14:45.627;TELEFÔNICO;NÃO;TERCEIRO;CASA ONDE RESIDE A VÍTIMA E O SUSPEITO;BR | BRASIL;RJ;3304557 | RIO DE JANEIRO;DIARIAMENTE;HÁ UMA SEMANA;1;VIOLÊNCIA CONTRA CRIANÇA OU ADOLESCENTE;OUTRO(S) ELEMENTO(S);PADRASTO/MADRASTA;PESSOA FÍSICA;NÃO INFORMADO;;RECÉM-NASCIDO (ATÉ 28 DIAS);BR | BRASIL;;;;NÃO;NÃO;;;BR | BRASIL;RJ;3304557 | RIO DE JANEIRO;;;;NÃO INFORMADO;;;PESSOA FÍSICA;FEMININO;NÃO;20 A 24 ANOS;BR | BRASIL;;;;NÃO;NÃO;;NÃO;BR | BRASIL;RJ;3304557 | RIO DE JANEIRO;OUTROS NÃO LISTADOS;;;PRETA;;;;;;;LIBERDADE>DIREITOS INDIVIDUAIS>TRÁFICO DE CRIANÇAS - INTERNACIONAL
73F5171018A2B6BFE34D9B29ED9656880F2CF342ABF0AE4D7FA29FD1512AB137;2024-11-06 17:14:26.123;TELEFÔNICO;NÃO;TERCEIRO;CASA DA VÍTIMA;BR | BRASIL;SP;3550308 | SÃO PAULO;DIARIAMENTE;HÁ UM MÊS;1;VIOLÊNCIA CONTRA CIDADÃO, FAMÍLIA OU COMUNIDADE;;OUTROS;COMUNIDADE/FAMÍLIA;;;20 A 24 ANOS;BR | BRASIL;;;;;;;;BR | BRASIL;SP;3550308 | SÃO PAULO;;;;NÃO INFORMADO;;;PESSOA FÍSICA;MASCULINO;NÃO;30 A 34 ANOS;BR | BRASIL;;;;;NÃO;;NÃO;BR | BRASIL;SP;3550308 | SÃO PAULO;OUTROS NÃO LISTADOS;;;BRANCA;;;;;;;LIBERDADE>DIREITOS INDIVIDUAIS>TRÁFICO DE PESSOAS - NACIONAL
8FA442684FF361C0D06D3C15513F76B1565A3C2FF9FB6B7E35BF672AC1FAD0F1;2024-11-07 16:18:27.090;PROCESSO SEI;NÃO;TERCEIRO;VIA PÚBLICA;BR | BRASIL;PR;4109401 | GUARAPUAVA;ÚNICA OCORRÊNCIA;NÃO SE APLICA;2;VIOLÊNCIA CONTRA CIDADÃO, FAMÍLIA OU COMUNIDADE;AGRAVANTE.COM FINS CORRETIVOS;OUTROS;PESSOA FÍSICA;MASCULINO;HOMOSSEXUAL.GAY;20 A 24 ANOS;BR | BRASIL;;;;NÃO;NÃO;;NÃO;BR | BRASIL;PR;4109401 | GUARAPUAVA;;;;NÃO INFORMADO;;;PESSOA FÍSICA;NÃO INFORMADO;NÃO;;BR | BRASIL;;;;NÃO;NÃO;;;BR | BRASIL;PR;4109401 | GUARAPUAVA;;;;;;;;;;;LIBERDADE>DIREITOS INDIVIDUAIS>TRÁFICO DE CRIANÇAS - NACIONAL
8FA442684FF361C0D06D3C15513F76B1565A3C2FF9FB6B7E35BF672AC1FAD0F1;2024-11-07 16:18:27.090;PROCESSO SEI;NÃO;TERCEIRO;VIA PÚBLICA;BR | BRASIL;PR;4109401 | GUARAPUAVA;ÚNICA OCORRÊNCIA;NÃO SE APLICA;2;VIOLÊNCIA CONTRA POPULAÇÃO LGBTQIA+;AGRAVANTE.COM FINS CORRETIVOS;OUTROS;PESSOA FÍSICA;MASCULINO;HOMOSSEXUAL.GAY;20 A 24 ANOS;BR | BRASIL;;;;NÃO;NÃO;;NÃO;BR | BRASIL;PR;4109401 | GUARAPUAVA;;;;NÃO INFORMADO;;;PESSOA FÍSICA;NÃO INFORMADO;NÃO;;BR | BRASIL;;;;NÃO;NÃO;;;BR | BRASIL;PR;4109401 | GUARAPUAVA;;;;;;;;;;;LIBERDADE>DIREITOS INDIVIDUAIS>TRÁFICO DE CRIANÇAS - NACIONAL
F1BB27E8DF87AC2B3196B6B89FE4778AE79DC41FD3BF6D2CB50F7877B633293C;2024-11-07 16:42:06.350;TELEFÔNICO;NÃO;TERCEIRO;CASA ONDE RESIDE A VÍTIMA E O SUSPEITO;BR | BRASIL;SP;3546801 | SANTA ISABEL;ÚNICA OCORRÊNCIA;NÃO SE APLICA;1;VIOLÊNCIA CONTRA CRIANÇA OU ADOLESCENTE;;MÃE;PESSOA FÍSICA;FEMININO;;RECÉM-NASCIDO (ATÉ 28 DIAS);BR | BRASIL;;;;;NÃO;;;BR | BRASIL;SP;3546801 | SANTA ISABEL;;;;BRANCA;;;PESSOA FÍSICA;FEMININO;NÃO;25 A 29 ANOS;BR | BRASIL;;;;;NÃO;;NÃO;BR | BRASIL;SP;3546801 | SANTA ISABEL;OUTROS NÃO LISTADOS;;;BRANCA;;;;;;;LIBERDADE>DIREITOS INDIVIDUAIS>TRÁFICO DE CRIANÇAS - NACIONAL
B1ABEC4505219304487B20F59D43188C2BD8EF035CA7E50E9989B612EA653F6A;2024-11-12 19:34:45.337;TELEFÔNICO;NÃO;TERCEIRO;CASA ONDE RESIDE A VÍTIMA E O SUSPEITO;BR | BRASIL;AL;2701704 | CAPELA;DIARIAMENTE;HÁ MAIS DE UM ANO;1;VIOLÊNCIA CONTRA CRIANÇA OU ADOLESCENTE;;OUTROS;PESSOA FÍSICA;FEMININO;NÃO;15 ANOS;BR | BRASIL;;;;;NÃO;;NÃO;BR | BRASIL;AL;2701704 | CAPELA;;;;BRANCA;;;PESSOA FÍSICA;FEMININO;NÃO;50 A 54 ANOS;BR | BRASIL;;;;;NÃO;;NÃO;BR | BRASIL;AL;2701704 | CAPELA;ADMINISTRADOR;;;BRANCA;;;;;;;LIBERDADE>DIREITOS INDIVIDUAIS>TRÁFICO DE MULHERES - NACIONAL
982563D93073F7A64783E46CF553EF27FA34EAC8FFCB2CADE624EC85D0F98AC0;2024-11-14 16:09:38.377;TELEFÔNICO;NÃO;TERCEIRO;AMBIENTE VIRTUAL (NO ÂMBITO DA INTERNET);BR | BRASIL;DF;5300108 | BRASÍLIA;NÃO SABE INFORMAR;NÃO SABE INFORMAR;1;VIOLÊNCIA CONTRA CRIANÇA OU ADOLESCENTE;OUTRO(S) ELEMENTO(S);OUTROS;COMUNIDADE/FAMÍLIA;;;CRIANÇA/ADOLESCENTE IDADE NÃO INFORMADA;BR | BRASIL;;;;;;;;BR | BRASIL;DENUNCIANTE NÃO SOUBE INFORMAR;DENUNCIANTE NÃO SOUBE INFORMAR;;;;NÃO INFORMADO;;;PESSOA FÍSICA;NÃO INFORMADO;NÃO;;BR | BRASIL;;;;NÃO;NÃO;;;BR | BRASIL;DENUNCIANTE NÃO SOUBE INFORMAR;DENUNCIANTE NÃO SOUBE INFORMAR;NÃO SABE INFORMAR;;;;;;;;;;LIBERDADE>DIREITOS INDIVIDUAIS>TRÁFICO DE CRIANÇAS - NACIONAL
D7982DC4D95D6E2F23F2A9AF733B0575481830FBA679170F46B51F60A0271ED1;2024-11-18 08:51:06.587;TELEFÔNICO;NÃO;TERCEIRO;CASA DO SUSPEITO;BR | BRASIL;SP;3509502 | CAMPINAS;DIARIAMENTE;HÁ MAIS DE SEIS MESES;1;VIOLÊNCIA CONTRA CRIANÇA OU ADOLESCENTE;;OUTROS;COMUNIDADE/FAMÍLIA;;;MENOS DE 01 ANO;BR | BRASIL;;;;;;;;BR | BRASIL;SP;3509502 | CAMPINAS;;;;NÃO INFORMADO;;;PESSOA FÍSICA;FEMININO;NÃO;30 A 34 ANOS;BR | BRASIL;;;;;NÃO;;NÃO;BR | BRASIL;SP;3509502 | CAMPINAS;OUTROS NÃO LISTADOS;;;BRANCA;;;;;;;LIBERDADE>DIREITOS INDIVIDUAIS>TRÁFICO DE CRIANÇAS - NACIONAL
01CBBCF6A999ABEED06FD97FA4AC9E398131D443434FE74F57A4000A48EA49F7;2024-11-19 18:47:34.317;TELEFÔNICO;NÃO;TERCEIRO;VIA PÚBLICA;BR | BRASIL;PB;2504009 | CAMPINA GRANDE;DIARIAMENTE;HÁ MAIS DE DEZ ANOS;1;VIOLÊNCIA CONTRA CIDADÃO, FAMÍLIA OU COMUNIDADE;OUTRO(S) ELEMENTO(S);DESCONHECIDO(A);COMUNIDADE/FAMÍLIA;;;35 A 39 ANOS;BR | BRASIL;;;;;;;;BR | BRASIL;PB;2504009 | CAMPINA GRANDE;;;;NÃO INFORMADO;;;PESSOA FÍSICA;FEMININO;NÃO;55 A 59 ANOS;BR | BRASIL;;;;NÃO;NÃO;;NÃO INFORMADO;BR | BRASIL;RN;2403103 | CURRAIS NOVOS;NÃO SABE INFORMAR;;;PRETA;;;;;;;LIBERDADE>DIREITOS INDIVIDUAIS>TRÁFICO DE CRIANÇAS - INTERNACIONAL
01CBBCF6A999ABEED06FD97FA4AC9E398131D443434FE74F57A4000A48EA49F7;2024-11-19 18:47:34.317;TELEFÔNICO;NÃO;TERCEIRO;VIA PÚBLICA;BR | BRASIL;PB;2504009 | CAMPINA GRANDE;DIARIAMENTE;HÁ MAIS DE DEZ ANOS;1;VIOLÊNCIA CONTRA CIDADÃO, FAMÍLIA OU COMUNIDADE;;DESCONHECIDO(A);COMUNIDADE/FAMÍLIA;;;35 A 39 ANOS;BR | BRASIL;;;;;;;;BR | BRASIL;PB;2504009 | CAMPINA GRANDE;;;;NÃO INFORMADO;;;PESSOA FÍSICA;FEMININO;NÃO;55 A 59 ANOS;BR | BRASIL;;;;;NÃO;;NÃO INFORMADO;BR | BRASIL;RN;2403103 | CURRAIS NOVOS;NÃO SABE INFORMAR;;;PRETA;;;;;;;LIBERDADE>DIREITOS INDIVIDUAIS>TRÁFICO DE MULHERES - INTERNACIONAL
01CBBCF6A999ABEED06FD97FA4AC9E398131D443434FE74F57A4000A48EA49F7;2024-11-19 18:47:34.317;TELEFÔNICO;NÃO;TERCEIRO;VIA PÚBLICA;BR | BRASIL;PB;2504009 | CAMPINA GRANDE;DIARIAMENTE;HÁ MAIS DE DEZ ANOS;1;VIOLÊNCIA CONTRA CIDADÃO, FAMÍLIA OU COMUNIDADE;;DESCONHECIDO(A);COMUNIDADE/FAMÍLIA;;;35 A 39 ANOS;BR | BRASIL;;;;;;;;BR | BRASIL;PB;2504009 | CAMPINA GRANDE;;;;NÃO INFORMADO;;;PESSOA FÍSICA;FEMININO;NÃO;55 A 59 ANOS;BR | BRASIL;;;;;NÃO;;NÃO INFORMADO;BR | BRASIL;RN;2403103 | CURRAIS NOVOS;NÃO SABE INFORMAR;;;PRETA;;;;;;;LIBERDADE>DIREITOS INDIVIDUAIS>TRÁFICO DE PESSOAS - INTERNACIONAL
5A43F6601D74D69B5E4B52F64E060D413F3F245BDD810AE2CC1140ACBF08BD06;2024-11-21 18:03:03.330;TELEFÔNICO;NÃO;TERCEIRO;CASA DA VÍTIMA;BR | BRASIL;SE;2801306 | CAPELA;DIARIAMENTE;HÁ MAIS DE UM ANO;1;VIOLÊNCIA CONTRA CRIANÇA OU ADOLESCENTE;;DESCONHECIDO(A);COMUNIDADE/FAMÍLIA;;;07 ANOS;BR | BRASIL;;;;;;;;BR | BRASIL;SE;2801306 | CAPELA;;;;NÃO INFORMADO;;;PESSOA FÍSICA;MASCULINO;NÃO;50 A 54 ANOS;BR | BRASIL;;;;;NÃO;;NÃO;BR | BRASIL;SE;2801306 | CAPELA;NÃO SABE INFORMAR;;;BRANCA;;;;;;;LIBERDADE>DIREITOS INDIVIDUAIS>TRÁFICO DE CRIANÇAS - NACIONAL
0B8697CFD1808545A14F0C371D7D4E42B6FF2696D8B2C8F162AC33541573716C;2024-11-21 18:03:03.330;TELEFÔNICO;NÃO;TERCEIRO;CASA DA VÍTIMA;BR | BRASIL;SE;2801306 | CAPELA;DIARIAMENTE;HÁ MAIS DE UM ANO;1;VIOLÊNCIA CONTRA CRIANÇA OU ADOLESCENTE;;DESCONHECIDO(A);COMUNIDADE/FAMÍLIA;;;07 ANOS;BR | BRASIL;;;;;;;;BR | BRASIL;SE;2801306 | CAPELA;;;;NÃO INFORMADO;;;PESSOA FÍSICA;MASCULINO;NÃO;45 A 49 ANOS;BR | BRASIL;;;;;NÃO;;NÃO;BR | BRASIL;SE;2801306 | CAPELA;NÃO SABE INFORMAR;;;BRANCA;;;;;;;LIBERDADE>DIREITOS INDIVIDUAIS>TRÁFICO DE CRIANÇAS - NACIONAL
C6858568848AB2AE0C2B8554563C66AD413D0C48A412948DF17D9EE8C90DF684;2024-11-29 16:32:57.940;TELEFÔNICO;NÃO;TERCEIRO;VIA PÚBLICA;BR | BRASIL;RN;2412005 | SÃO GONÇALO DO AMARANTE;DIARIAMENTE;HÁ MAIS DE DEZ ANOS;1;VIOLÊNCIA CONTRA CIDADÃO, FAMÍLIA OU COMUNIDADE;;OUTROS;COMUNIDADE/FAMÍLIA;;;18 A 19 ANOS;BR | BRASIL;;;;;;;;BR | BRASIL;RN;2412005 | SÃO GONÇALO DO AMARANTE;;;;NÃO INFORMADO;;;PESSOA FÍSICA;MASCULINO;NÃO;45 A 49 ANOS;BR | BRASIL;;;;;NÃO;;NÃO;BR | BRASIL;RN;2412005 | SÃO GONÇALO DO AMARANTE;NÃO SABE INFORMAR;;;BRANCA;;;;;;;LIBERDADE>DIREITOS INDIVIDUAIS>TRÁFICO DE MULHERES - NACIONAL
844A756A533A763705EB3649D00496DF810B428E8C96016250E8239B0B3052FE;2024-11-29 16:32:57.940;TELEFÔNICO;NÃO;TERCEIRO;VIA PÚBLICA;BR | BRASIL;RN;2412005 | SÃO GONÇALO DO AMARANTE;DIARIAMENTE;HÁ MAIS DE DEZ ANOS;1;VIOLÊNCIA CONTRA CIDADÃO, FAMÍLIA OU COMUNIDADE;;OUTROS;COMUNIDADE/FAMÍLIA;;;18 A 19 ANOS;BR | BRASIL;;;;;;;;BR | BRASIL;RN;2412005 | SÃO GONÇALO DO AMARANTE;;;;NÃO INFORMADO;;;PESSOA FÍSICA;MASCULINO;NÃO;45 A 49 ANOS;BR | BRASIL;;;;;NÃO;;NÃO;BR | BRASIL;RN;2412005 | SÃO GONÇALO DO AMARANTE;NÃO SABE INFORMAR;;;BRANCA;;;;;;;LIBERDADE>DIREITOS INDIVIDUAIS>TRÁFICO DE PESSOAS - NACIONAL
5F59F5C105C5BC5E4C176C14FBEB1245A94478AEA740E31432F520755EAA554F;2024-11-29 16:32:57.940;TELEFÔNICO;NÃO;TERCEIRO;VIA PÚBLICA;BR | BRASIL;RN;2412005 | SÃO GONÇALO DO AMARANTE;DIARIAMENTE;HÁ MAIS DE DEZ ANOS;1;VIOLÊNCIA CONTRA CIDADÃO, FAMÍLIA OU COMUNIDADE;;OUTROS;COMUNIDADE/FAMÍLIA;;;18 A 19 ANOS;BR | BRASIL;;;;;;;;BR | BRASIL;RN;2412005 | SÃO GONÇALO DO AMARANTE;;;;NÃO INFORMADO;;;PESSOA FÍSICA;MASCULINO;NÃO;60 A 64 ANOS;BR | BRASIL;;;;;NÃO;;NÃO;BR | BRASIL;RN;2412005 | SÃO GONÇALO DO AMARANTE;NÃO SABE INFORMAR;;;BRANCA;;;;;;;LIBERDADE>DIREITOS INDIVIDUAIS>TRÁFICO DE MULHERES - NACIONAL
5F59F5C105C5BC5E4C176C14FBEB1245A94478AEA740E31432F520755EAA554F;2024-11-29 16:32:57.940;TELEFÔNICO;NÃO;TERCEIRO;VIA PÚBLICA;BR | BRASIL;RN;2412005 | SÃO GONÇALO DO AMARANTE;DIARIAMENTE;HÁ MAIS DE DEZ ANOS;1;VIOLÊNCIA CONTRA CIDADÃO, FAMÍLIA OU COMUNIDADE;;OUTROS;COMUNIDADE/FAMÍLIA;;;18 A 19 ANOS;BR | BRASIL;;;;;;;;BR | BRASIL;RN;2412005 | SÃO GONÇALO DO AMARANTE;;;;NÃO INFORMADO;;;PESSOA FÍSICA;MASCULINO;NÃO;60 A 64 ANOS;BR | BRASIL;;;;;NÃO;;NÃO;BR | BRASIL;RN;2412005 | SÃO GONÇALO DO AMARANTE;NÃO SABE INFORMAR;;;BRANCA;;;;;;;LIBERDADE>DIREITOS INDIVIDUAIS>TRÁFICO DE PESSOAS - NACIONAL
844A756A533A763705EB3649D00496DF810B428E8C96016250E8239B0B3052FE;2024-11-29 16:32:57.940;TELEFÔNICO;NÃO;TERCEIRO;VIA PÚBLICA;BR | BRASIL;RN;2412005 | SÃO GONÇALO DO AMARANTE;DIARIAMENTE;HÁ MAIS DE DEZ ANOS;1;VIOLÊNCIA CONTRA CIDADÃO, FAMÍLIA OU COMUNIDADE;;OUTROS;COMUNIDADE/FAMÍLIA;;;18 A 19 ANOS;BR | BRASIL;;;;;;;;BR | BRASIL;RN;2412005 | SÃO GONÇALO DO AMARANTE;;;;NÃO INFORMADO;;;PESSOA FÍSICA;MASCULINO;NÃO;45 A 49 ANOS;BR | BRASIL;;;;;NÃO;;NÃO;BR | BRASIL;RN;2412005 | SÃO GONÇALO DO AMARANTE;NÃO SABE INFORMAR;;;BRANCA;;;;;;;LIBERDADE>DIREITOS INDIVIDUAIS>TRÁFICO DE MULHERES - NACIONAL
C6858568848AB2AE0C2B8554563C66AD413D0C48A412948DF17D9EE8C90DF684;2024-11-29 16:32:57.940;TELEFÔNICO;NÃO;TERCEIRO;VIA PÚBLICA;BR | BRASIL;RN;2412005 | SÃO GONÇALO DO AMARANTE;DIARIAMENTE;HÁ MAIS DE DEZ ANOS;1;VIOLÊNCIA CONTRA CIDADÃO, FAMÍLIA OU COMUNIDADE;;OUTROS;COMUNIDADE/FAMÍLIA;;;18 A 19 ANOS;BR | BRASIL;;;;;;;;BR | BRASIL;RN;2412005 | SÃO GONÇALO DO AMARANTE;;;;NÃO INFORMADO;;;PESSOA FÍSICA;MASCULINO;NÃO;45 A 49 ANOS;BR | BRASIL;;;;;NÃO;;NÃO;BR | BRASIL;RN;2412005 | SÃO GONÇALO DO AMARANTE;NÃO SABE INFORMAR;;;BRANCA;;;;;;;LIBERDADE>DIREITOS INDIVIDUAIS>TRÁFICO DE PESSOAS - NACIONAL
F2795FAD5DBF2FB8A35C92A9C1769ADD0D2CAD5655A9574DD6232C9DCF346A57;2024-12-01 12:12:37.247;WHATSAPP;NÃO;TERCEIRO;AMBIENTE VIRTUAL (NO ÂMBITO DA INTERNET);BR | BRASIL;SP;3550308 | SÃO PAULO;NÃO SABE INFORMAR;NÃO SABE INFORMAR;1;VIOLÊNCIA CONTRA CRIANÇA OU ADOLESCENTE;;DESCONHECIDO(A);COMUNIDADE/FAMÍLIA;;;CRIANÇA/ADOLESCENTE IDADE NÃO INFORMADA;BR | BRASIL;;;;;;;;BR | BRASIL;SP;3550308 | SÃO PAULO;;;;NÃO INFORMADO;;;PESSOA JURÍDICA DE DIREITO PRIVADO;;;;BR | BRASIL;;;;;;;;BR | BRASIL;DENUNCIANTE NÃO SOUBE INFORMAR;DENUNCIANTE NÃO SOUBE INFORMAR;;;;;;;;OUTRAS ATIVIDADES DE SERVIÇOS;;;LIBERDADE>DIREITOS INDIVIDUAIS>TRÁFICO DE CRIANÇAS - INTERNACIONAL
F2795FAD5DBF2FB8A35C92A9C1769ADD0D2CAD5655A9574DD6232C9DCF346A57;2024-12-01 12:12:37.247;WHATSAPP;NÃO;TERCEIRO;AMBIENTE VIRTUAL (NO ÂMBITO DA INTERNET);BR | BRASIL;SP;3550308 | SÃO PAULO;NÃO SABE INFORMAR;NÃO SABE INFORMAR;1;VIOLÊNCIA CONTRA CRIANÇA OU ADOLESCENTE;;DESCONHECIDO(A);COMUNIDADE/FAMÍLIA;;;CRIANÇA/ADOLESCENTE IDADE NÃO INFORMADA;BR | BRASIL;;;;;;;;BR | BRASIL;SP;3550308 | SÃO PAULO;;;;NÃO INFORMADO;;;PESSOA JURÍDICA DE DIREITO PRIVADO;;;;BR | BRASIL;;;;;;;;BR | BRASIL;DENUNCIANTE NÃO SOUBE INFORMAR;DENUNCIANTE NÃO SOUBE INFORMAR;;;;;;;;OUTRAS ATIVIDADES DE SERVIÇOS;;;LIBERDADE>DIREITOS INDIVIDUAIS>TRÁFICO DE PESSOAS - INTERNACIONAL
F2795FAD5DBF2FB8A35C92A9C1769ADD0D2CAD5655A9574DD6232C9DCF346A57;2024-12-01 12:12:37.247;WHATSAPP;NÃO;TERCEIRO;AMBIENTE VIRTUAL (NO ÂMBITO DA INTERNET);BR | BRASIL;SP;3550308 | SÃO PAULO;NÃO SABE INFORMAR;NÃO SABE INFORMAR;1;VIOLÊNCIA CONTRA CRIANÇA OU ADOLESCENTE;;DESCONHECIDO(A);COMUNIDADE/FAMÍLIA;;;CRIANÇA/ADOLESCENTE IDADE NÃO INFORMADA;BR | BRASIL;;;;;;;;BR | BRASIL;SP;3550308 | SÃO PAULO;;;;NÃO INFORMADO;;;PESSOA JURÍDICA DE DIREITO PRIVADO;;;;BR | BRASIL;;;;;;;;BR | BRASIL;DENUNCIANTE NÃO SOUBE INFORMAR;DENUNCIANTE NÃO SOUBE INFORMAR;;;;;;;;OUTRAS ATIVIDADES DE SERVIÇOS;;;LIBERDADE>DIREITOS INDIVIDUAIS>TRÁFICO DE PESSOAS - NACIONAL
F2795FAD5DBF2FB8A35C92A9C1769ADD0D2CAD5655A9574DD6232C9DCF346A57;2024-12-01 12:12:37.247;WHATSAPP;NÃO;TERCEIRO;AMBIENTE VIRTUAL (NO ÂMBITO DA INTERNET);BR | BRASIL;SP;3550308 | SÃO PAULO;NÃO SABE INFORMAR;NÃO SABE INFORMAR;1;VIOLÊNCIA CONTRA CRIANÇA OU ADOLESCENTE;;DESCONHECIDO(A);COMUNIDADE/FAMÍLIA;;;CRIANÇA/ADOLESCENTE IDADE NÃO INFORMADA;BR | BRASIL;;;;;;;;BR | BRASIL;SP;3550308 | SÃO PAULO;;;;NÃO INFORMADO;;;PESSOA JURÍDICA DE DIREITO PRIVADO;;;;BR | BRASIL;;;;;;;;BR | BRASIL;DENUNCIANTE NÃO SOUBE INFORMAR;DENUNCIANTE NÃO SOUBE INFORMAR;;;;;;;;OUTRAS ATIVIDADES DE SERVIÇOS;;;LIBERDADE>DIREITOS INDIVIDUAIS>TRÁFICO DE CRIANÇAS - NACIONAL
34F7B5CAC97CB67F517B29A9BAACA2FFA4183AAE4C606998E2CBB89B789A243D;2024-12-01 21:16:08.243;TELEFÔNICO;NÃO;TERCEIRO;CASA ONDE RESIDE A VÍTIMA E O SUSPEITO;BR | BRASIL;SP;3549805 | SÃO JOSÉ DO RIO PRETO;ÚNICA OCORRÊNCIA;NÃO SE APLICA;1;VIOLÊNCIA CONTRA PESSOA COM DEFICIÊNCIA;;IRMÃO(Ã);PESSOA FÍSICA;FEMININO;;10 ANOS;BR | BRASIL;;;;;NÃO;;;BR | BRASIL;SP;3549805 | SÃO JOSÉ DO RIO PRETO;;;;BRANCA;;;PESSOA FÍSICA;MASCULINO;NÃO;70 A 74 ANOS;BR | BRASIL;;;;;NÃO;;NÃO;BR | BRASIL;MA;DENUNCIANTE NÃO SOUBE INFORMAR;MÉDICO;;;BRANCA;;;;;;;LIBERDADE>DIREITOS INDIVIDUAIS>TRÁFICO DE CRIANÇAS - INTERNACIONAL
34F7B5CAC97CB67F517B29A9BAACA2FFA4183AAE4C606998E2CBB89B789A243D;2024-12-01 21:16:08.243;TELEFÔNICO;NÃO;TERCEIRO;CASA ONDE RESIDE A VÍTIMA E O SUSPEITO;BR | BRASIL;SP;3549805 | SÃO JOSÉ DO RIO PRETO;ÚNICA OCORRÊNCIA;NÃO SE APLICA;1;VIOLÊNCIA CONTRA CRIANÇA OU ADOLESCENTE;;IRMÃO(Ã);PESSOA FÍSICA;FEMININO;;10 ANOS;BR | BRASIL;;;;;NÃO;;;BR | BRASIL;SP;3549805 | SÃO JOSÉ DO RIO PRETO;;;;BRANCA;;;PESSOA FÍSICA;MASCULINO;NÃO;70 A 74 ANOS;BR | BRASIL;;;;;NÃO;;NÃO;BR | BRASIL;MA;DENUNCIANTE NÃO SOUBE INFORMAR;MÉDICO;;;BRANCA;;;;;;;LIBERDADE>DIREITOS INDIVIDUAIS>TRÁFICO DE CRIANÇAS - NACIONAL
34F7B5CAC97CB67F517B29A9BAACA2FFA4183AAE4C606998E2CBB89B789A243D;2024-12-01 21:16:08.243;TELEFÔNICO;NÃO;TERCEIRO;CASA ONDE RESIDE A VÍTIMA E O SUSPEITO;BR | BRASIL;SP;3549805 | SÃO JOSÉ DO RIO PRETO;ÚNICA OCORRÊNCIA;NÃO SE APLICA;1;VIOLÊNCIA CONTRA CRIANÇA OU ADOLESCENTE;;IRMÃO(Ã);PESSOA FÍSICA;FEMININO;;10 ANOS;BR | BRASIL;;;;;NÃO;;;BR | BRASIL;SP;3549805 | SÃO JOSÉ DO RIO PRETO;;;;BRANCA;;;PESSOA FÍSICA;MASCULINO;NÃO;70 A 74 ANOS;BR | BRASIL;;;;;NÃO;;NÃO;BR | BRASIL;MA;DENUNCIANTE NÃO SOUBE INFORMAR;MÉDICO;;;BRANCA;;;;;;;LIBERDADE>DIREITOS INDIVIDUAIS>TRÁFICO DE CRIANÇAS - INTERNACIONAL
B07B6B7E77BE3F83CF946CC60D948A15FB3D823CB8EF0F577CF270471C1B4D16;2024-12-01 21:16:08.243;TELEFÔNICO;NÃO;TERCEIRO;CASA ONDE RESIDE A VÍTIMA E O SUSPEITO;BR | BRASIL;SP;3549805 | SÃO JOSÉ DO RIO PRETO;ÚNICA OCORRÊNCIA;NÃO SE APLICA;1;VIOLÊNCIA CONTRA CRIANÇA OU ADOLESCENTE;;IRMÃO(Ã);PESSOA FÍSICA;FEMININO;;10 ANOS;BR | BRASIL;;;;;NÃO;;;BR | BRASIL;SP;3549805 | SÃO JOSÉ DO RIO PRETO;;;;BRANCA;;;PESSOA FÍSICA;FEMININO;NÃO;50 A 54 ANOS;BR | BRASIL;;;;;NÃO;;NÃO;BR | BRASIL;SP;3549805 | SÃO JOSÉ DO RIO PRETO;OUTROS NÃO LISTADOS;;;BRANCA;;;;;;;LIBERDADE>DIREITOS INDIVIDUAIS>TRÁFICO DE CRIANÇAS - NACIONAL
B07B6B7E77BE3F83CF946CC60D948A15FB3D823CB8EF0F577CF270471C1B4D16;2024-12-01 21:16:08.243;TELEFÔNICO;NÃO;TERCEIRO;CASA ONDE RESIDE A VÍTIMA E O SUSPEITO;BR | BRASIL;SP;3549805 | SÃO JOSÉ DO RIO PRETO;ÚNICA OCORRÊNCIA;NÃO SE APLICA;1;VIOLÊNCIA CONTRA PESSOA COM DEFICIÊNCIA;;IRMÃO(Ã);PESSOA FÍSICA;FEMININO;;10 ANOS;BR | BRASIL;;;;;NÃO;;;BR | BRASIL;SP;3549805 | SÃO JOSÉ DO RIO PRETO;;;;BRANCA;;;PESSOA FÍSICA;FEMININO;NÃO;50 A 54 ANOS;BR | BRASIL;;;;;NÃO;;NÃO;BR | BRASIL;SP;3549805 | SÃO JOSÉ DO RIO PRETO;OUTROS NÃO LISTADOS;;;BRANCA;;;;;;;LIBERDADE>DIREITOS INDIVIDUAIS>TRÁFICO DE CRIANÇAS - INTERNACIONAL
34F7B5CAC97CB67F517B29A9BAACA2FFA4183AAE4C606998E2CBB89B789A243D;2024-12-01 21:16:08.243;TELEFÔNICO;NÃO;TERCEIRO;CASA ONDE RESIDE A VÍTIMA E O SUSPEITO;BR | BRASIL;SP;3549805 | SÃO JOSÉ DO RIO PRETO;ÚNICA OCORRÊNCIA;NÃO SE APLICA;1;VIOLÊNCIA CONTRA PESSOA COM DEFICIÊNCIA;;IRMÃO(Ã);PESSOA FÍSICA;FEMININO;;10 ANOS;BR | BRASIL;;;;;NÃO;;;BR | BRASIL;SP;3549805 | SÃO JOSÉ DO RIO PRETO;;;;BRANCA;;;PESSOA FÍSICA;MASCULINO;NÃO;70 A 74 ANOS;BR | BRASIL;;;;;NÃO;;NÃO;BR | BRASIL;MA;DENUNCIANTE NÃO SOUBE INFORMAR;MÉDICO;;;BRANCA;;;;;;;LIBERDADE>DIREITOS INDIVIDUAIS>TRÁFICO DE CRIANÇAS - NACIONAL
B07B6B7E77BE3F83CF946CC60D948A15FB3D823CB8EF0F577CF270471C1B4D16;2024-12-01 21:16:08.243;TELEFÔNICO;NÃO;TERCEIRO;CASA ONDE RESIDE A VÍTIMA E O SUSPEITO;BR | BRASIL;SP;3549805 | SÃO JOSÉ DO RIO PRETO;ÚNICA OCORRÊNCIA;NÃO SE APLICA;1;VIOLÊNCIA CONTRA CRIANÇA OU ADOLESCENTE;;IRMÃO(Ã);PESSOA FÍSICA;FEMININO;;10 ANOS;BR | BRASIL;;;;;NÃO;;;BR | BRASIL;SP;3549805 | SÃO JOSÉ DO RIO PRETO;;;;BRANCA;;;PESSOA FÍSICA;FEMININO;NÃO;50 A 54 ANOS;BR | BRASIL;;;;;NÃO;;NÃO;BR | BRASIL;SP;3549805 | SÃO JOSÉ DO RIO PRETO;OUTROS NÃO LISTADOS;;;BRANCA;;;;;;;LIBERDADE>DIREITOS INDIVIDUAIS>TRÁFICO DE CRIANÇAS - INTERNACIONAL
B07B6B7E77BE3F83CF946CC60D948A15FB3D823CB8EF0F577CF270471C1B4D16;2024-12-01 21:16:08.243;TELEFÔNICO;NÃO;TERCEIRO;CASA ONDE RESIDE A VÍTIMA E O SUSPEITO;BR | BRASIL;SP;3549805 | SÃO JOSÉ DO RIO PRETO;ÚNICA OCORRÊNCIA;NÃO SE APLICA;1;VIOLÊNCIA CONTRA PESSOA COM DEFICIÊNCIA;;IRMÃO(Ã);PESSOA FÍSICA;FEMININO;;10 ANOS;BR | BRASIL;;;;;NÃO;;;BR | BRASIL;SP;3549805 | SÃO JOSÉ DO RIO PRETO;;;;BRANCA;;;PESSOA FÍSICA;FEMININO;NÃO;50 A 54 ANOS;BR | BRASIL;;;;;NÃO;;NÃO;BR | BRASIL;SP;3549805 | SÃO JOSÉ DO RIO PRETO;OUTROS NÃO LISTADOS;;;BRANCA;;;;;;;LIBERDADE>DIREITOS INDIVIDUAIS>TRÁFICO DE CRIANÇAS - NACIONAL
C6F7BA11B688C4A5A51515F9C874FC26A6FFDC65A1F2930438A61D229863159E;2024-12-03 10:32:11.040;WHATSAPP;NÃO;TERCEIRO;CASA DA VÍTIMA;BR | BRASIL;PR;4118402 | PARANAVAÍ;NÃO SABE INFORMAR;NÃO SABE INFORMAR;1;VIOLÊNCIA CONTRA CRIANÇA OU ADOLESCENTE;;DESCONHECIDO(A);PESSOA FÍSICA;NÃO INFORMADO;;CRIANÇA/ADOLESCENTE IDADE NÃO INFORMADA;BR | BRASIL;;;;;NÃO;;;BR | BRASIL;PR;4118402 | PARANAVAÍ;;;;NÃO INFORMADO;;;PESSOA FÍSICA;;NÃO;;BR | BRASIL;;;;;NÃO;;;BR | BRASIL;;;;;;;;;;;;;LIBERDADE>DIREITOS INDIVIDUAIS>TRÁFICO DE CRIANÇAS - NACIONAL
C6F7BA11B688C4A5A51515F9C874FC26A6FFDC65A1F2930438A61D229863159E;2024-12-03 10:32:11.040;WHATSAPP;NÃO;TERCEIRO;CASA DA VÍTIMA;BR | BRASIL;PR;4118402 | PARANAVAÍ;NÃO SABE INFORMAR;NÃO SABE INFORMAR;1;VIOLÊNCIA CONTRA CRIANÇA OU ADOLESCENTE;;DESCONHECIDO(A);PESSOA FÍSICA;NÃO INFORMADO;;CRIANÇA/ADOLESCENTE IDADE NÃO INFORMADA;BR | BRASIL;;;;;NÃO;;;BR | BRASIL;PR;4118402 | PARANAVAÍ;;;;NÃO INFORMADO;;;PESSOA FÍSICA;NÃO INFORMADO;NÃO;;BR | BRASIL;;;;;NÃO;;;BR | BRASIL;;;;;;;;;;;;;LIBERDADE>DIREITOS INDIVIDUAIS>TRÁFICO DE CRIANÇAS - NACIONAL
6B2D1CDB7ACF13EE70FD8F50708A5C7381FE30F302A87C80BE5956B715DCC8AF;2024-12-04 14:46:39.787;TELEFÔNICO;NÃO;TERCEIRO;CASA ONDE RESIDE A VÍTIMA E O SUSPEITO;BR | BRASIL;SP;3502804 | ARAÇATUBA;ÚNICA OCORRÊNCIA;NÃO SE APLICA;1;VIOLÊNCIA CONTRA CRIANÇA OU ADOLESCENTE;;MÃE;PESSOA FÍSICA;MASCULINO;;01 ANO;BR | BRASIL;;;;;NÃO;;;BR | BRASIL;SP;3502804 | ARAÇATUBA;;;;BRANCA;;;PESSOA FÍSICA;FEMININO;NÃO;25 A 29 ANOS;BR | BRASIL;;;;;NÃO;;NÃO;BR | BRASIL;SP;3502804 | ARAÇATUBA;OUTROS NÃO LISTADOS;;;BRANCA;;;;;;;LIBERDADE>DIREITOS INDIVIDUAIS>TRÁFICO DE CRIANÇAS - NACIONAL
95D1981F9728785608464D0DFA12B503E89FBD18A18A4077185A01AEA3C4EDBD;2024-12-05 16:15:12.297;WHATSAPP;NÃO;TERCEIRO;OUTROS;BR | BRASIL;DENUNCIANTE NÃO SOUBE INFORMAR;DENUNCIANTE NÃO SOUBE INFORMAR;DIARIAMENTE;HÁ UM MÊS;1;VIOLÊNCIA CONTRA CIDADÃO, FAMÍLIA OU COMUNIDADE;OUTRO(S) ELEMENTO(S);OUTROS;PESSOA FÍSICA;MASCULINO;NÃO;25 A 29 ANOS;BR | BRASIL;;;;NÃO;NÃO;;NÃO;BR | BRASIL;DENUNCIANTE NÃO SOUBE INFORMAR;DENUNCIANTE NÃO SOUBE INFORMAR;;;;BRANCA;;;PESSOA FÍSICA;FEMININO;NÃO;;BR | BRASIL;;;;NÃO;NÃO;;;BR | BRASIL;DENUNCIANTE NÃO SOUBE INFORMAR;DENUNCIANTE NÃO SOUBE INFORMAR;;;;;;;;;;;LIBERDADE>DIREITOS INDIVIDUAIS>TRÁFICO DE PESSOAS - INTERNACIONAL
A3CDC14D1CA8DB51CD82AFC6E1B3EC85F28061CA20D094096C3E9CA1AA3CF797;2024-12-09 10:25:24.553;TELEFÔNICO;NÃO;TERCEIRO;CASA DA VÍTIMA;BR | BRASIL;SP;3550308 | SÃO PAULO;DIARIAMENTE;HÁ UM MÊS;1;VIOLÊNCIA CONTRA CIDADÃO, FAMÍLIA OU COMUNIDADE;;OUTROS;COMUNIDADE/FAMÍLIA;;;30 A 34 ANOS;BR | BRASIL;;;;;;;;BR | BRASIL;SP;3550308 | SÃO PAULO;;;;AMARELA;;;PESSOA FÍSICA;NÃO SE APLICA - VÍTIMA COMUNIDADE/FAMÍLIA;NÃO;;BR | BRASIL;;;;;NÃO;;;BR | BRASIL;SP;3550308 | SÃO PAULO;OUTROS NÃO LISTADOS;;;;;;;;;;LIBERDADE>DIREITOS INDIVIDUAIS>TRÁFICO DE PESSOAS - INTERNACIONAL
0FE9A7FF72A9022149E5B9965BD1FE29239713456609762391950BA65426FDF5;2024-12-11 22:50:02.350;WHATSAPP;NÃO;TERCEIRO;CASA ONDE RESIDE A VÍTIMA E O SUSPEITO;BR | BRASIL;MG;3106200 | BELO HORIZONTE;NÃO SABE INFORMAR;NÃO SABE INFORMAR;1;VIOLÊNCIA CONTRA CRIANÇA OU ADOLESCENTE;OUTRO(S) ELEMENTO(S);OUTROS;PESSOA FÍSICA;FEMININO;;07 ANOS;BR | BRASIL;;;;NÃO;NÃO;;;BR | BRASIL;MG;3106200 | BELO HORIZONTE;;;;NÃO INFORMADO;;;PESSOA FÍSICA;FEMININO;NÃO;NÃO INFORMADO;BR | BRASIL;;;;NÃO;NÃO;;NÃO;BR | BRASIL;MG;3106200 | BELO HORIZONTE;NÃO SABE INFORMAR;;;NÃO INFORMADO;;;;;;;LIBERDADE>DIREITOS INDIVIDUAIS>TRÁFICO DE CRIANÇAS - NACIONAL
8568F6408B95457E9CD9F65E258B66474656F2E898B57417F81B3F26C41BB9F2;2024-12-12 10:07:35.647;TELEFÔNICO;NÃO;TERCEIRO;SERVIÇO DE ABRIGAMENTO;BR | BRASIL;SP;3545407 | SALTO GRANDE;DIARIAMENTE;HÁ MAIS DE SEIS MESES;1;VIOLÊNCIA CONTRA CRIANÇA OU ADOLESCENTE;;OUTROS;COMUNIDADE/FAMÍLIA;;;CRIANÇA/ADOLESCENTE IDADE NÃO INFORMADA;BR | BRASIL;;;;;;;;BR | BRASIL;SP;3545407 | SALTO GRANDE;;;;NÃO INFORMADO;;;ÓRGÃO PÚBLICO;;;;BR | BRASIL;;;;;;;;BR | BRASIL;SP;3545407 | SALTO GRANDE;;;;;;;;AGÊNCIA REGULADORA ? MUNICIPAL;;;LIBERDADE>DIREITOS INDIVIDUAIS>TRÁFICO DE CRIANÇAS - NACIONAL
71DD39DBA5D77E0452DE7DABBF4CB1758DCC886E7A51C3EC007FE262588D9E2A;2024-12-13 08:28:23.707;TELEFÔNICO;NÃO;A PRÓPRIA VÍTIMA;CASA DA VÍTIMA;BR | BRASIL;SP;3530706 | MOGI GUAÇU;NÃO SABE INFORMAR;NÃO SABE INFORMAR;1;VIOLÊNCIA CONTRA CIDADÃO, FAMÍLIA OU COMUNIDADE;;IRMÃO(Ã);PESSOA FÍSICA;MASCULINO;NÃO;50 A 54 ANOS;BR | BRASIL;;;;;NÃO;;NÃO;BR | BRASIL;SP;3530706 | MOGI GUAÇU;;;;PARDA;;;PESSOA FÍSICA;FEMININO;NÃO;70 A 74 ANOS;BR | BRASIL;;;;;NÃO;;NÃO;BR | BRASIL;SP;3530706 | MOGI GUAÇU;NÃO SABE INFORMAR;;;BRANCA;;;;;;;LIBERDADE>DIREITOS INDIVIDUAIS>TRÁFICO DE PESSOAS - INTERNACIONAL
6FF57F50F230A628E54F6944E79F691BAD0ACD66F49C6B1A025B1902B3E18224;2024-12-13 08:28:23.707;TELEFÔNICO;NÃO;A PRÓPRIA VÍTIMA;CASA DA VÍTIMA;BR | BRASIL;SP;3530706 | MOGI GUAÇU;NÃO SABE INFORMAR;NÃO SABE INFORMAR;1;VIOLÊNCIA CONTRA CIDADÃO, FAMÍLIA OU COMUNIDADE;;IRMÃO(Ã);PESSOA FÍSICA;MASCULINO;NÃO;50 A 54 ANOS;BR | BRASIL;;;;;NÃO;;NÃO;BR | BRASIL;SP;3530706 | MOGI GUAÇU;;;;PARDA;;;PESSOA FÍSICA;MASCULINO;NÃO;60 A 64 ANOS;BR | BRASIL;;;;;NÃO;;NÃO;BR | BRASIL;SP;3549904 | SÃO JOSÉ DOS CAMPOS;NÃO SABE INFORMAR;;;PARDA;;;;;;;LIBERDADE>DIREITOS INDIVIDUAIS>TRÁFICO DE PESSOAS - INTERNACIONAL
1BF8DB60C4069AB5CB1650D44C2BA36A6AE1442CF2B8B35A87D579B5F35B1BC0;2024-12-13 08:28:23.707;TELEFÔNICO;NÃO;A PRÓPRIA VÍTIMA;CASA DA VÍTIMA;BR | BRASIL;SP;3530706 | MOGI GUAÇU;NÃO SABE INFORMAR;NÃO SABE INFORMAR;1;VIOLÊNCIA CONTRA CIDADÃO, FAMÍLIA OU COMUNIDADE;;IRMÃO(Ã);PESSOA FÍSICA;MASCULINO;NÃO;50 A 54 ANOS;BR | BRASIL;;;;;NÃO;;NÃO;BR | BRASIL;SP;3530706 | MOGI GUAÇU;;;;PARDA;;;PESSOA FÍSICA;FEMININO;NÃO;50 A 54 ANOS;BR | BRASIL;;;;;NÃO;;NÃO;BR | BRASIL;SP;3530706 | MOGI GUAÇU;NÃO SABE INFORMAR;;;PARDA;;;;;;;LIBERDADE>DIREITOS INDIVIDUAIS>TRÁFICO DE PESSOAS - INTERNACIONAL
1BADC6B56FDE2623F63DC5CAE819E748F5EECD9653B50F5E23873E82B17706BD;2024-12-13 08:28:23.707;TELEFÔNICO;NÃO;A PRÓPRIA VÍTIMA;CASA DA VÍTIMA;BR | BRASIL;SP;3530706 | MOGI GUAÇU;NÃO SABE INFORMAR;NÃO SABE INFORMAR;1;VIOLÊNCIA CONTRA CIDADÃO, FAMÍLIA OU COMUNIDADE;;IRMÃO(Ã);PESSOA FÍSICA;MASCULINO;NÃO;50 A 54 ANOS;BR | BRASIL;;;;;NÃO;;NÃO;BR | BRASIL;SP;3530706 | MOGI GUAÇU;;;;PARDA;;;PESSOA FÍSICA;FEMININO;NÃO;60 A 64 ANOS;BR | BRASIL;;;;;NÃO;;NÃO;BR | BRASIL;SP;3530706 | MOGI GUAÇU;OUTROS TRABALHADORES DO SETOR DE SERVIÇOS;;;BRANCA;;;;;;;LIBERDADE>DIREITOS INDIVIDUAIS>TRÁFICO DE PESSOAS - INTERNACIONAL
B6C4B0D273B3B150FD37882A85839EC6AAACBAF4113A469F28CEE35EF2952569;2024-12-13 08:28:23.707;TELEFÔNICO;NÃO;A PRÓPRIA VÍTIMA;CASA DA VÍTIMA;BR | BRASIL;SP;3530706 | MOGI GUAÇU;NÃO SABE INFORMAR;NÃO SABE INFORMAR;1;VIOLÊNCIA CONTRA CIDADÃO, FAMÍLIA OU COMUNIDADE;;IRMÃO(Ã);PESSOA FÍSICA;MASCULINO;NÃO;50 A 54 ANOS;BR | BRASIL;;;;;NÃO;;NÃO;BR | BRASIL;SP;3530706 | MOGI GUAÇU;;;;PARDA;;;PESSOA FÍSICA;MASCULINO;NÃO;60 A 64 ANOS;BR | BRASIL;;;;;NÃO;;NÃO;BR | BRASIL;SP;3530805 | MOGI MIRIM;OUTROS TRABALHADORES DO SETOR DE SERVIÇOS;;;PARDA;;;;;;;LIBERDADE>DIREITOS INDIVIDUAIS>TRÁFICO DE PESSOAS - INTERNACIONAL
8092800BA19EF94D2AF5B2784EBA82DC8E0115022F8D483A9C80C6EB29749B30;2024-12-13 08:28:23.707;TELEFÔNICO;NÃO;A PRÓPRIA VÍTIMA;CASA DA VÍTIMA;BR | BRASIL;SP;3530706 | MOGI GUAÇU;NÃO SABE INFORMAR;NÃO SABE INFORMAR;1;VIOLÊNCIA CONTRA CIDADÃO, FAMÍLIA OU COMUNIDADE;;IRMÃO(Ã);PESSOA FÍSICA;MASCULINO;NÃO;50 A 54 ANOS;BR | BRASIL;;;;;NÃO;;NÃO;BR | BRASIL;SP;3530706 | MOGI GUAÇU;;;;PARDA;;;PESSOA FÍSICA;FEMININO;NÃO;55 A 59 ANOS;BR | BRASIL;;;;;NÃO;;NÃO;BR | BRASIL;SP;3530706 | MOGI GUAÇU;NÃO SABE INFORMAR;;;PARDA;;;;;;;LIBERDADE>DIREITOS INDIVIDUAIS>TRÁFICO DE PESSOAS - INTERNACIONAL
DFC02A0FF571D9DB37669AEFFDFE2D5FB464E7922DEF56FB2181B740C4416943;2024-12-13 08:28:23.707;TELEFÔNICO;NÃO;A PRÓPRIA VÍTIMA;CASA DA VÍTIMA;BR | BRASIL;SP;3530706 | MOGI GUAÇU;NÃO SABE INFORMAR;NÃO SABE INFORMAR;1;VIOLÊNCIA CONTRA CIDADÃO, FAMÍLIA OU COMUNIDADE;;IRMÃO(Ã);PESSOA FÍSICA;MASCULINO;NÃO;50 A 54 ANOS;BR | BRASIL;;;;;NÃO;;NÃO;BR | BRASIL;SP;3530706 | MOGI GUAÇU;;;;PARDA;;;PESSOA FÍSICA;FEMININO;NÃO;70 A 74 ANOS;BR | BRASIL;;;;;NÃO;;NÃO;BR | BRASIL;SP;3550308 | SÃO PAULO;NÃO SABE INFORMAR;;;BRANCA;;;;;;;LIBERDADE>DIREITOS INDIVIDUAIS>TRÁFICO DE PESSOAS - INTERNACIONAL
E66E227E7D7746FC8C661519E07B868ECD0EC3547416961772426EABDD16873B;2024-12-13 12:35:03.983;WHATSAPP;NÃO;TERCEIRO;CASA DO SUSPEITO;BR | BRASIL;MT;5103403 | CUIABÁ;NÃO SABE INFORMAR;NÃO SABE INFORMAR;1;VIOLÊNCIA CONTRA CRIANÇA OU ADOLESCENTE;OUTRO(S) ELEMENTO(S);NÃO SABE INFORMAR;COMUNIDADE/FAMÍLIA;;;CRIANÇA/ADOLESCENTE IDADE NÃO INFORMADA;BR | BRASIL;;;;;;;;BR | BRASIL;ATENDIMENTO INTERROMPIDO;ATENDIMENTO INTERROMPIDO;;;;NÃO INFORMADO;;;PESSOA FÍSICA;MASCULINO;NÃO;40 A 44 ANOS;BR | BRASIL;;;;NÃO;NÃO;;NÃO INFORMADO;BR | BRASIL;MT;5103403 | CUIABÁ;NÃO SABE INFORMAR;;;;;;;;;;LIBERDADE>DIREITOS INDIVIDUAIS>TRÁFICO DE CRIANÇAS - INTERNACIONAL
380BB5D750B24BD9CC62DFB2D3A753C709CEB8B13DEC01821A479A47A2F71867;2024-12-16 10:28:22.920;TELEFÔNICO;NÃO;TERCEIRO;CASA ONDE RESIDE A VÍTIMA E O SUSPEITO;BR | BRASIL;RS;4302105 | BENTO GONÇALVES;DIARIAMENTE;NÃO SABE INFORMAR;1;VIOLÊNCIA CONTRA CIDADÃO, FAMÍLIA OU COMUNIDADE;;NÃO SABE INFORMAR;COMUNIDADE/FAMÍLIA;;;20 A 24 ANOS;BR | BRASIL;;;;;;;;BR | BRASIL;RS;4302105 | BENTO GONÇALVES;;;;NÃO INFORMADO;;;PESSOA FÍSICA;MASCULINO;NÃO;45 A 49 ANOS;BR | BRASIL;;;;;NÃO;;NÃO;BR | BRASIL;RS;4302105 | BENTO GONÇALVES;OUTROS NÃO LISTADOS;;;BRANCA;;;;;;;LIBERDADE>DIREITOS INDIVIDUAIS>TRÁFICO DE MULHERES - NACIONAL
7C217F465036C000C84C0973797C08397D1135540FA399015B8A783760182DEE;2024-12-17 13:45:01.087;TELEFÔNICO;RISCO IMINENTE DE MORTE DA VÍTIMA;A PRÓPRIA VÍTIMA;AMBIENTE VIRTUAL (NO ÂMBITO DA INTERNET);BR | BRASIL;PR;4108403 | FRANCISCO BELTRÃO;ÚNICA OCORRÊNCIA;NÃO SE APLICA;1;VIOLÊNCIA CONTRA POPULAÇÃO LGBTQIA+;;OUTROS;PESSOA FÍSICA;MASCULINO;PESSOA TRANS.TRAVESTI;18 A 19 ANOS;BR | BRASIL;;;;;NÃO;;NÃO;BR | BRASIL;PR;4108403 | FRANCISCO BELTRÃO;;;;BRANCA;;;ÓRGÃO PÚBLICO;;;;BR | BRASIL;;;;;;;;BR | BRASIL;SC;4211900 | PALHOÇA;;;;;;;;SEGURANÇA PÚBLICA, FORÇAS ARMADAS, DEFESA CIVIL, BOMBEIROS E ASSEMELHADOS ? MUNICIPAL;;;LIBERDADE>DIREITOS INDIVIDUAIS>TRÁFICO DE PESSOAS - NACIONAL
7C217F465036C000C84C0973797C08397D1135540FA399015B8A783760182DEE;2024-12-17 13:45:01.087;TELEFÔNICO;RISCO IMINENTE DE MORTE DA VÍTIMA;A PRÓPRIA VÍTIMA;AMBIENTE VIRTUAL (NO ÂMBITO DA INTERNET);BR | BRASIL;PR;4108403 | FRANCISCO BELTRÃO;ÚNICA OCORRÊNCIA;NÃO SE APLICA;1;VIOLÊNCIA CONTRA CIDADÃO, FAMÍLIA OU COMUNIDADE;;OUTROS;PESSOA FÍSICA;MASCULINO;PESSOA TRANS.TRAVESTI;18 A 19 ANOS;BR | BRASIL;;;;;NÃO;;NÃO;BR | BRASIL;PR;4108403 | FRANCISCO BELTRÃO;;;;BRANCA;;;ÓRGÃO PÚBLICO;;;;BR | BRASIL;;;;;;;;BR | BRASIL;SC;4211900 | PALHOÇA;;;;;;;;SEGURANÇA PÚBLICA, FORÇAS ARMADAS, DEFESA CIVIL, BOMBEIROS E ASSEMELHADOS ? MUNICIPAL;;;LIBERDADE>DIREITOS INDIVIDUAIS>TRÁFICO DE PESSOAS - NACIONAL
A155A7DFB8EEADCC76C7AFC9BCD133EAA99BF6D9CC21E715698E4B44869C2DC7;2024-12-17 13:45:01.087;TELEFÔNICO;RISCO IMINENTE DE MORTE DA VÍTIMA;A PRÓPRIA VÍTIMA;AMBIENTE VIRTUAL (NO ÂMBITO DA INTERNET);BR | BRASIL;PR;4108403 | FRANCISCO BELTRÃO;ÚNICA OCORRÊNCIA;NÃO SE APLICA;1;VIOLÊNCIA CONTRA POPULAÇÃO LGBTQIA+;;OUTROS;PESSOA FÍSICA;MASCULINO;PESSOA TRANS.TRAVESTI;18 A 19 ANOS;BR | BRASIL;;;;;NÃO;;NÃO;BR | BRASIL;PR;4108403 | FRANCISCO BELTRÃO;;;;BRANCA;;;PESSOA FÍSICA;FEMININO;NÃO;20 A 24 ANOS;BR | BRASIL;;;;;NÃO;;FLAGRANTE;BR | BRASIL;SC;4205407 | FLORIANÓPOLIS;OUTROS NÃO LISTADOS;;;PARDA;;;;;;;LIBERDADE>DIREITOS INDIVIDUAIS>TRÁFICO DE PESSOAS - NACIONAL
A155A7DFB8EEADCC76C7AFC9BCD133EAA99BF6D9CC21E715698E4B44869C2DC7;2024-12-17 13:45:01.087;TELEFÔNICO;RISCO IMINENTE DE MORTE DA VÍTIMA;A PRÓPRIA VÍTIMA;AMBIENTE VIRTUAL (NO ÂMBITO DA INTERNET);BR | BRASIL;PR;4108403 | FRANCISCO BELTRÃO;ÚNICA OCORRÊNCIA;NÃO SE APLICA;1;VIOLÊNCIA CONTRA CIDADÃO, FAMÍLIA OU COMUNIDADE;;OUTROS;PESSOA FÍSICA;MASCULINO;PESSOA TRANS.TRAVESTI;18 A 19 ANOS;BR | BRASIL;;;;;NÃO;;NÃO;BR | BRASIL;PR;4108403 | FRANCISCO BELTRÃO;;;;BRANCA;;;PESSOA FÍSICA;FEMININO;NÃO;20 A 24 ANOS;BR | BRASIL;;;;;NÃO;;FLAGRANTE;BR | BRASIL;SC;4205407 | FLORIANÓPOLIS;OUTROS NÃO LISTADOS;;;PARDA;;;;;;;LIBERDADE>DIREITOS INDIVIDUAIS>TRÁFICO DE PESSOAS - NACIONAL
773B0F9EC3E9E0AA1BFF826BEFDFE2D0B03FDA81FC58155F12DBFD8042C96883;2024-12-17 18:50:21.247;WHATSAPP;NÃO;TERCEIRO;OUTROS;TH | TAILÂNDIA;DENUNCIANTE NÃO SOUBE INFORMAR;DENUNCIANTE NÃO SOUBE INFORMAR;NÃO SABE INFORMAR;NÃO SE APLICA;1;VIOLÊNCIA CONTRA CIDADÃO, FAMÍLIA OU COMUNIDADE;;OUTROS;PESSOA FÍSICA;MASCULINO;NÃO;25 A 29 ANOS;BR | BRASIL;;;;;NÃO;;NÃO;BR | BRASIL;DENUNCIANTE NÃO SOUBE INFORMAR;DENUNCIANTE NÃO SOUBE INFORMAR;;;;BRANCA;;;PESSOA FÍSICA;NÃO INFORMADO;NÃO;;BR | BRASIL;;;;;NÃO;;;BR | BRASIL;DENUNCIANTE NÃO SOUBE INFORMAR;DENUNCIANTE NÃO SOUBE INFORMAR;;;;;;;;;;;LIBERDADE>DIREITOS INDIVIDUAIS>TRÁFICO DE PESSOAS - INTERNACIONAL
31734624282918E56F816569E72AE2E40056903E62DE2051EE5B68B8951D5515;2024-12-21 15:04:43.513;TELEFÔNICO;NÃO;TERCEIRO;CASA DA VÍTIMA;BR | BRASIL;MG;3106200 | BELO HORIZONTE;DIARIAMENTE;HÁ MAIS DE UM ANO;1;VIOLÊNCIA CONTRA CIDADÃO, FAMÍLIA OU COMUNIDADE;;DESCONHECIDO(A);COMUNIDADE/FAMÍLIA;;;18 A 19 ANOS;BR | BRASIL;;;;;;;;BR | BRASIL;MG;3106200 | BELO HORIZONTE;;;;NÃO INFORMADO;;;PESSOA FÍSICA;FEMININO;NÃO;30 A 34 ANOS;BR | BRASIL;;;;;NÃO;;NÃO;BR | BRASIL;MG;3143302 | MONTES CLAROS;OUTROS NÃO LISTADOS;;;BRANCA;;;;;;;LIBERDADE>DIREITOS INDIVIDUAIS>TRÁFICO DE PESSOAS - INTERNACIONAL
31734624282918E56F816569E72AE2E40056903E62DE2051EE5B68B8951D5515;2024-12-21 15:04:43.513;TELEFÔNICO;NÃO;TERCEIRO;CASA DA VÍTIMA;BR | BRASIL;MG;3106200 | BELO HORIZONTE;DIARIAMENTE;HÁ MAIS DE UM ANO;1;VIOLÊNCIA CONTRA CIDADÃO, FAMÍLIA OU COMUNIDADE;;DESCONHECIDO(A);COMUNIDADE/FAMÍLIA;;;18 A 19 ANOS;BR | BRASIL;;;;;;;;BR | BRASIL;MG;3106200 | BELO HORIZONTE;;;;NÃO INFORMADO;;;PESSOA FÍSICA;FEMININO;NÃO;30 A 34 ANOS;BR | BRASIL;;;;;NÃO;;NÃO;BR | BRASIL;MG;3143302 | MONTES CLAROS;OUTROS NÃO LISTADOS;;;BRANCA;;;;;;;LIBERDADE>DIREITOS INDIVIDUAIS>TRÁFICO DE MULHERES - INTERNACIONAL
62412CAE2A7DFEBA28A231ED3CBF5863033F8EAE38F71024B6E0E7A90C60FA4D;2024-12-21 19:52:42.213;TELEFÔNICO;NÃO;TERCEIRO;EVENTO PÚBLICO;BR | BRASIL;AM;1302603 | MANAUS;ÚNICA OCORRÊNCIA;NÃO SE APLICA;1;VIOLÊNCIA CONTRA CRIANÇA OU ADOLESCENTE;;OUTROS;PESSOA FÍSICA;FEMININO;;09 ANOS;BR | BRASIL;;;;;NÃO;;;BR | BRASIL;AM;1302603 | MANAUS;;;;INDÍGENA;;;PESSOA FÍSICA;MASCULINO;NÃO;35 A 39 ANOS;BR | BRASIL;;;;;NÃO;;NÃO;BR | BRASIL;AM;1302603 | MANAUS;NÃO SABE INFORMAR;;;PARDA;;;;;;;LIBERDADE>DIREITOS INDIVIDUAIS>TRÁFICO DE CRIANÇAS - NACIONAL
03810C6902C35C0773F454C03B8E4E12365788527EF8E1F212490E54A624727D;2024-12-24 20:33:23.243;TELEFÔNICO;NÃO;TERCEIRO;ESTABELECIMENTO COMERCIAL;BR | BRASIL;AC;1200401 | RIO BRANCO;DIARIAMENTE;NÃO SE APLICA;1;VIOLÊNCIA CONTRA CRIANÇA OU ADOLESCENTE;;OUTROS;COMUNIDADE/FAMÍLIA;;NÃO;12 ANOS;BR | BRASIL;;;;;;;NÃO;BR | BRASIL;AC;1200401 | RIO BRANCO;;;;NÃO INFORMADO;;;PESSOA FÍSICA;MASCULINO;NÃO;70 A 74 ANOS;BR | BRASIL;;;;;NÃO;;NÃO;BR | BRASIL;DENUNCIANTE NÃO SOUBE INFORMAR;DENUNCIANTE NÃO SOUBE INFORMAR;ADMINISTRADOR;;;BRANCA;;;;;;;LIBERDADE>DIREITOS INDIVIDUAIS>TRÁFICO DE CRIANÇAS - NACIONAL
0390278858D100A69ACD7EA8F5C2F607A0983C2240BEE9AC9BBA94F268E451B1;2024-12-24 20:33:23.243;TELEFÔNICO;NÃO;TERCEIRO;ESTABELECIMENTO COMERCIAL;BR | BRASIL;AC;1200401 | RIO BRANCO;DIARIAMENTE;NÃO SE APLICA;1;VIOLÊNCIA CONTRA CRIANÇA OU ADOLESCENTE;;OUTROS;COMUNIDADE/FAMÍLIA;;NÃO;12 ANOS;BR | BRASIL;;;;;;;NÃO;BR | BRASIL;AC;1200401 | RIO BRANCO;;;;NÃO INFORMADO;;;PESSOA FÍSICA;MASCULINO;NÃO;50 A 54 ANOS;BR | BRASIL;;;;;NÃO;;PENA (RECLUSÃO);BR | BRASIL;DENUNCIANTE NÃO SOUBE INFORMAR;DENUNCIANTE NÃO SOUBE INFORMAR;ADMINISTRADOR;;;BRANCA;;;;;;;LIBERDADE>DIREITOS INDIVIDUAIS>TRÁFICO DE CRIANÇAS - NACIONAL
4FA5DC3EF09E9BC3A59538EFEB2CB39A7243F9176D51FA876AB6E7171A7CBA61;2024-12-24 20:33:23.243;TELEFÔNICO;NÃO;TERCEIRO;ESTABELECIMENTO COMERCIAL;BR | BRASIL;AC;1200401 | RIO BRANCO;DIARIAMENTE;NÃO SE APLICA;1;VIOLÊNCIA CONTRA CRIANÇA OU ADOLESCENTE;;OUTROS;COMUNIDADE/FAMÍLIA;;NÃO;12 ANOS;BR | BRASIL;;;;;;;NÃO;BR | BRASIL;AC;1200401 | RIO BRANCO;;;;NÃO INFORMADO;;;PESSOA FÍSICA;MASCULINO;NÃO;60 A 64 ANOS;BR | BRASIL;;;;;NÃO;;NÃO;BR | BRASIL;DENUNCIANTE NÃO SOUBE INFORMAR;DENUNCIANTE NÃO SOUBE INFORMAR;ADMINISTRADOR;;;BRANCA;;;;;;;LIBERDADE>DIREITOS INDIVIDUAIS>TRÁFICO DE CRIANÇAS - NACIONAL
9EA092E9FCE771B1EEE343FF2708849BECB0BB84B51D0E2DCD5AF946EDEF0C40;2024-12-24 20:33:23.243;TELEFÔNICO;NÃO;TERCEIRO;ESTABELECIMENTO COMERCIAL;BR | BRASIL;AC;1200401 | RIO BRANCO;DIARIAMENTE;NÃO SE APLICA;1;VIOLÊNCIA CONTRA CRIANÇA OU ADOLESCENTE;;OUTROS;COMUNIDADE/FAMÍLIA;;NÃO;12 ANOS;BR | BRASIL;;;;;;;NÃO;BR | BRASIL;AC;1200401 | RIO BRANCO;;;;NÃO INFORMADO;;;PESSOA FÍSICA;MASCULINO;NÃO;35 A 39 ANOS;BR | BRASIL;;;;;NÃO;;NÃO INFORMADO;BR | BRASIL;DENUNCIANTE NÃO SOUBE INFORMAR;DENUNCIANTE NÃO SOUBE INFORMAR;NÃO SABE INFORMAR;;;PARDA;;;;;;;LIBERDADE>DIREITOS INDIVIDUAIS>TRÁFICO DE CRIANÇAS - NACIONAL
554D5FE0540A061D6990421C3D68DB5E1ACBEF22D2E562DA44AA7EDC778B5E6F;2024-12-24 20:33:23.243;TELEFÔNICO;NÃO;TERCEIRO;ESTABELECIMENTO COMERCIAL;BR | BRASIL;AC;1200401 | RIO BRANCO;DIARIAMENTE;NÃO SE APLICA;1;VIOLÊNCIA CONTRA CRIANÇA OU ADOLESCENTE;;OUTROS;COMUNIDADE/FAMÍLIA;;NÃO;12 ANOS;BR | BRASIL;;;;;;;NÃO;BR | BRASIL;AC;1200401 | RIO BRANCO;;;;NÃO INFORMADO;;;PESSOA FÍSICA;MASCULINO;NÃO;60 A 64 ANOS;BR | BRASIL;;;;;NÃO;;PENA (RECLUSÃO);BR | BRASIL;DENUNCIANTE NÃO SOUBE INFORMAR;DENUNCIANTE NÃO SOUBE INFORMAR;ADMINISTRADOR;;;BRANCA;;;;;;;LIBERDADE>DIREITOS INDIVIDUAIS>TRÁFICO DE CRIANÇAS - NACIONAL
C302F4DA5029C99C2EB783DE21022BE078EF608B9F2DED542218C85505794F14;2024-12-24 20:33:23.243;TELEFÔNICO;NÃO;TERCEIRO;ESTABELECIMENTO COMERCIAL;BR | BRASIL;AC;1200401 | RIO BRANCO;DIARIAMENTE;NÃO SE APLICA;1;VIOLÊNCIA CONTRA CRIANÇA OU ADOLESCENTE;;OUTROS;COMUNIDADE/FAMÍLIA;;NÃO;12 ANOS;BR | BRASIL;;;;;;;NÃO;BR | BRASIL;AC;1200401 | RIO BRANCO;;;;NÃO INFORMADO;;;PESSOA FÍSICA;MASCULINO;NÃO;50 A 54 ANOS;BR | BRASIL;;;;;NÃO;;PENA (RECLUSÃO);BR | BRASIL;DENUNCIANTE NÃO SOUBE INFORMAR;DENUNCIANTE NÃO SOUBE INFORMAR;ADMINISTRADOR;;;BRANCA;;;;;;;LIBERDADE>DIREITOS INDIVIDUAIS>TRÁFICO DE CRIANÇAS - NACIONAL
F541B02DEBCE73E15AE39B5A4C0062554F6659380B2B35FF5702B87C43494D1B;2024-12-24 20:33:23.243;TELEFÔNICO;NÃO;TERCEIRO;ESTABELECIMENTO COMERCIAL;BR | BRASIL;AC;1200401 | RIO BRANCO;DIARIAMENTE;NÃO SE APLICA;1;VIOLÊNCIA CONTRA CRIANÇA OU ADOLESCENTE;;OUTROS;COMUNIDADE/FAMÍLIA;;NÃO;12 ANOS;BR | BRASIL;;;;;;;NÃO;BR | BRASIL;AC;1200401 | RIO BRANCO;;;;NÃO INFORMADO;;;PESSOA FÍSICA;FEMININO;NÃO;35 A 39 ANOS;BR | BRASIL;;;;;NÃO;;PENA (RECLUSÃO);BR | BRASIL;DENUNCIANTE NÃO SOUBE INFORMAR;DENUNCIANTE NÃO SOUBE INFORMAR;OUTROS NÃO LISTADOS;;;PARDA;;;;;;;LIBERDADE>DIREITOS INDIVIDUAIS>TRÁFICO DE CRIANÇAS - NACIONAL
5FCAEAD474D32C6CEE5DCF7900687EF4B933334A59EA253D9B88BBBCF38F621D;2024-12-24 20:33:23.243;TELEFÔNICO;NÃO;TERCEIRO;ESTABELECIMENTO COMERCIAL;BR | BRASIL;AC;1200401 | RIO BRANCO;DIARIAMENTE;NÃO SE APLICA;1;VIOLÊNCIA CONTRA CRIANÇA OU ADOLESCENTE;;OUTROS;COMUNIDADE/FAMÍLIA;;NÃO;12 ANOS;BR | BRASIL;;;;;;;NÃO;BR | BRASIL;AC;1200401 | RIO BRANCO;;;;NÃO INFORMADO;;;PESSOA FÍSICA;FEMININO;NÃO;45 A 49 ANOS;BR | BRASIL;;;;;NÃO;;;BR | BRASIL;DENUNCIANTE NÃO SOUBE INFORMAR;DENUNCIANTE NÃO SOUBE INFORMAR;ADMINISTRADOR;;;BRANCA;;;;;;;LIBERDADE>DIREITOS INDIVIDUAIS>TRÁFICO DE CRIANÇAS - NACIONAL
27EC7992C1CBB988C1DAB1FCB9FCC8EEA0090764491A3EB248663AA00FD0A04B;2024-12-24 20:33:23.243;TELEFÔNICO;NÃO;TERCEIRO;ESTABELECIMENTO COMERCIAL;BR | BRASIL;AC;1200401 | RIO BRANCO;DIARIAMENTE;NÃO SE APLICA;1;VIOLÊNCIA CONTRA CRIANÇA OU ADOLESCENTE;;OUTROS;COMUNIDADE/FAMÍLIA;;NÃO;12 ANOS;BR | BRASIL;;;;;;;NÃO;BR | BRASIL;AC;1200401 | RIO BRANCO;;;;NÃO INFORMADO;;;PESSOA FÍSICA;FEMININO;NÃO;55 A 59 ANOS;BR | BRASIL;;;;;NÃO;;NÃO;BR | BRASIL;DENUNCIANTE NÃO SOUBE INFORMAR;DENUNCIANTE NÃO SOUBE INFORMAR;ADMINISTRADOR;;;BRANCA;;;;;;;LIBERDADE>DIREITOS INDIVIDUAIS>TRÁFICO DE CRIANÇAS - NACIONAL
7086E821E60D2DE59F3A18CDCB963F513293C6318EED7C50B5907DCAF17C4530;2024-12-30 16:58:33.510;TELEFÔNICO;NÃO;TERCEIRO;OUTROS;MX | MÉXICO;DENUNCIANTE NÃO SOUBE INFORMAR;DENUNCIANTE NÃO SOUBE INFORMAR;DIARIAMENTE;NÃO SE APLICA;1;VIOLÊNCIA CONTRA CIDADÃO, FAMÍLIA OU COMUNIDADE;;OUTROS;COMUNIDADE/FAMÍLIA;NÃO INFORMADO;;18 A 19 ANOS;BR | BRASIL;;;;;;;;MX | MÉXICO;DENUNCIANTE NÃO SOUBE INFORMAR;DENUNCIANTE NÃO SOUBE INFORMAR;;;;NÃO INFORMADO;;;PESSOA FÍSICA;MASCULINO;NÃO;30 A 34 ANOS;BR | BRASIL;;;;;NÃO;;NÃO;MX | MÉXICO;DENUNCIANTE NÃO SOUBE INFORMAR;DENUNCIANTE NÃO SOUBE INFORMAR;OUTROS NÃO LISTADOS;;;BRANCA;;;;;;;LIBERDADE>DIREITOS INDIVIDUAIS>TRÁFICO DE PESSOAS - INTERNACIONAL
