hash;data_de_cadastro;canal_de_atendimento;denuncia_emergencial;denunciante;cenario_da_violacao;pais;uf;municipio;frequencia;inicio_das_violacoes;sl_quantidade_vitimas;grupo_vulneravel;motivacao;relacao_vitima_suspeito;sl_vitima_cadastro;genero_da_vitima;orientacao_sexual_da_vitima;faixa_etaria_da_vitima;nacionalidade_da_vitima;sl_vitima_naturalidade;sl_vitima_naturalizado_uf;sl_vitima_naturalizado_municipio;deficiencia_da_vitima;doenca_rara_da_vitima;deficiencia_relacionada_a_doenca_rara;vitima_preso_a;pais_da_vitima;uf_da_vitima;municipio_da_vitima;profissao_da_vitima;grau_de_instrucao_da_vitima;religiao_da_vitima;raca_cor_da_vitima;etnia_da_vitima;faixa_de_renda_da_vitima;natureza_juridica_do_suspeito;genero_do_suspeito;orientacao_sexual_do_suspeito;faixa_etaria_do_suspeito;suspeito_nacionalidade;sl_suspeito_naturalidade;sl_suspeito_naturalizado_uf;sl_suspeito_naturalizado_municipio;deficiencia_do_suspeito;doenca_rara_do_suspeito;deficiencia_relacionada_a_doenca_rara_suspeito;suspeito_preso;pais_do_suspeito;uf_do_suspeito;sl_suspeito_municipio;profissao_do_suspeito;grau_de_instrucao_do_suspeito;religiao_do_suspeito;raca_cor_do_suspeito;suspeito_etnia;faixa_de_renda_do_suspeito;vinculo_orgao_pj_do_suspeito;sl_suspeito_ramo;suspeito_especificacao_etnia;vitima_especificacao_etnia;violacao
941D7ACB078470106DFC17F7BE0E369D36754036073A8AC550E889D2EEBFD879;2025-01-10 09:19:04.373;TELEFÔNICO;NÃO;TERCEIRO;LOCAL DE TRABALHO DA VÍTIMA;BR | BRASIL;SP;3552205 | SOROCABA;DIARIAMENTE;HÁ UM MÊS;1;VIOLÊNCIA CONTRA CRIANÇA OU ADOLESCENTE;;EMPREGADOR/PATRÃO (HIERARQUICAMENTE SUPERIOR);COMUNIDADE/FAMÍLIA;;NÃO;CRIANÇA/ADOLESCENTE IDADE NÃO INFORMADA;BR | BRASIL;;;;;;;NÃO;BR | BRASIL;SP;3552205 | SOROCABA;;;;NÃO INFORMADO;;;PESSOA FÍSICA;MASCULINO;NÃO;40 A 44 ANOS;BR | BRASIL;;;;;NÃO;;NÃO;BR | BRASIL;SP;3552205 | SOROCABA;OUTROS NÃO LISTADOS;;;BRANCA;;;;;;;LIBERDADE>DIREITOS INDIVIDUAIS>TRÁFICO DE CRIANÇAS - NACIONAL
5D8EEF941E4203A1D884825CC3BC8DBE9B9819C87AB02B6A19ED73D83B70B65F;2025-01-12 22:36:43.050;TELEFÔNICO;NÃO;TERCEIRO;CASA ONDE RESIDE A VÍTIMA E O SUSPEITO;BR | BRASIL;RN;2409332 | SANTA MARIA;DIARIAMENTE;HÁ MAIS DE DEZ ANOS;1;VIOLÊNCIA CONTRA CRIANÇA OU ADOLESCENTE;;OUTROS;COMUNIDADE/FAMÍLIA;;NÃO;17 ANOS;BR | BRASIL;;;;;;;NÃO;BR | BRASIL;RN;2409332 | SANTA MARIA;;;;NÃO INFORMADO;;;PESSOA FÍSICA;FEMININO;NÃO;55 A 59 ANOS;BR | BRASIL;;;;;NÃO;;NÃO;BR | BRASIL;RN;2409332 | SANTA MARIA;OUTROS NÃO LISTADOS;;;AMARELA;;;;;;;LIBERDADE>DIREITOS INDIVIDUAIS>TRÁFICO DE CRIANÇAS - NACIONAL
4E0DCAF5EF04D43CCE0339A5613CE003C1E847E346673E1641EB5EC232824919;2025-01-13 11:03:57.097;TELEFÔNICO;NÃO;TERCEIRO;CASA ONDE RESIDE A VÍTIMA E O SUSPEITO;BR | BRASIL;PA;1501402 | BELÉM;NÃO SABE INFORMAR;NÃO SABE INFORMAR;1;VIOLÊNCIA CONTRA CRIANÇA OU ADOLESCENTE;;MÃE;PESSOA FÍSICA;FEMININO;;03 ANOS;BR | BRASIL;;;;;NÃO;;;BR | BRASIL;PA;1501402 | BELÉM;;;;BRANCA;;;PESSOA FÍSICA;FEMININO;NÃO;40 A 44 ANOS;BR | BRASIL;;;;;NÃO;;NÃO;BR | BRASIL;PA;1501402 | BELÉM;NÃO SABE INFORMAR;;;PARDA;;;;;;;LIBERDADE>DIREITOS INDIVIDUAIS>TRÁFICO DE CRIANÇAS - NACIONAL
4A3F61204F2898E6786B316E6CC610ECAB1419A392B88689D03967D4EE617D0E;2025-01-24 16:51:20.290;TELEFÔNICO;NÃO;TERCEIRO;ESTABELECIMENTO COMERCIAL;BR | BRASIL;SP;3550308 | SÃO PAULO;DIARIAMENTE;HÁ MAIS DE SEIS MESES;1;VIOLÊNCIA CONTRA CIDADÃO, FAMÍLIA OU COMUNIDADE;;EMPREGADOR/PATRÃO (HIERARQUICAMENTE SUPERIOR);COMUNIDADE/FAMÍLIA;;;30 A 34 ANOS;AR | ARGENTINA;;;;;;;;BR | BRASIL;SP;3550308 | SÃO PAULO;;;;NÃO INFORMADO;;;PESSOA JURÍDICA DE DIREITO PRIVADO;;;;BR | BRASIL;;;;;;;;BR | BRASIL;SP;3550308 | SÃO PAULO;;;;;;;;ALOJAMENTO E ALIMENTAÇÃO;;;LIBERDADE>DIREITOS INDIVIDUAIS>TRÁFICO DE PESSOAS - INTERNACIONAL
8C702C4192176FF8B7069FB099CE40B187B51B721D38640BECE843D4A92E4212;2025-01-28 11:30:23.020;E-MAIL;NÃO;TERCEIRO;OUTROS;MM | MIANMAR (BIRMÂNIA);DENUNCIANTE NÃO SOUBE INFORMAR;DENUNCIANTE NÃO SOUBE INFORMAR;DIARIAMENTE;NÃO SE APLICA;2;VIOLÊNCIA CONTRA CIDADÃO, FAMÍLIA OU COMUNIDADE;;DESCONHECIDO(A);PESSOA FÍSICA;MASCULINO;NÃO;18 A 19 ANOS;BR | BRASIL;;;;;NÃO;;NÃO;MM | MIANMAR (BIRMÂNIA);DENUNCIANTE NÃO SOUBE INFORMAR;DENUNCIANTE NÃO SOUBE INFORMAR;;;;NÃO INFORMADO;;;PESSOA FÍSICA;NÃO INFORMADO;NÃO;;MM | MIANMAR (BIRMÂNIA);;;;;NÃO;;;MM | MIANMAR (BIRMÂNIA);DENUNCIANTE NÃO SOUBE INFORMAR;DENUNCIANTE NÃO SOUBE INFORMAR;;;;;;;;;;;LIBERDADE>DIREITOS INDIVIDUAIS>TRÁFICO DE PESSOAS - INTERNACIONAL
14D212CA4142C0F69385173A1834334F73E640B209FD6EB690248D8BEC476BE7;2025-01-28 11:30:23.020;E-MAIL;NÃO;TERCEIRO;OUTROS;MM | MIANMAR (BIRMÂNIA);;;DIARIAMENTE;NÃO SE APLICA;2;VIOLÊNCIA CONTRA CIDADÃO, FAMÍLIA OU COMUNIDADE;;DESCONHECIDO(A);PESSOA FÍSICA;MASCULINO;NÃO;18 A 19 ANOS;BR | BRASIL;;;;;NÃO;;NÃO;MM | MIANMAR (BIRMÂNIA);;;;;;NÃO INFORMADO;;;PESSOA FÍSICA;NÃO INFORMADO;NÃO;;MM | MIANMAR (BIRMÂNIA);;;;;NÃO;;;MM | MIANMAR (BIRMÂNIA);DENUNCIANTE NÃO SOUBE INFORMAR;DENUNCIANTE NÃO SOUBE INFORMAR;;;;;;;;;;;LIBERDADE>DIREITOS INDIVIDUAIS>TRÁFICO DE PESSOAS - INTERNACIONAL
877FE34C05A472274ACC1D883EB6F3F154594E68C74E090ECDD387A8F056675B;2025-01-28 11:35:20.500;E-MAIL;RISCO IMINENTE DE MORTE DA VÍTIMA;TERCEIRO;OUTROS;MM | MIANMAR (BIRMÂNIA);;;DIARIAMENTE;HÁ UM MÊS;2;VIOLÊNCIA CONTRA CIDADÃO, FAMÍLIA OU COMUNIDADE;;OUTROS;PESSOA FÍSICA;MASCULINO;NÃO;35 A 39 ANOS;BR | BRASIL;;;;;NÃO;;NÃO;MM | MIANMAR (BIRMÂNIA);;;;;;NÃO INFORMADO;;;PESSOA FÍSICA;MASCULINO;NÃO;35 A 39 ANOS;MM | MIANMAR (BIRMÂNIA);;;;;NÃO;;NÃO;MM | MIANMAR (BIRMÂNIA);DENUNCIANTE NÃO SOUBE INFORMAR;DENUNCIANTE NÃO SOUBE INFORMAR;NÃO SABE INFORMAR;;;NÃO INFORMADO;;;;;;;LIBERDADE>DIREITOS INDIVIDUAIS>TRÁFICO DE PESSOAS - INTERNACIONAL
46EBD8948DE390F4D2173D3E46089945D7FCDDB08E56D6211F242C3E91E64FA6;2025-01-28 11:35:20.500;E-MAIL;RISCO IMINENTE DE MORTE DA VÍTIMA;TERCEIRO;OUTROS;MM | MIANMAR (BIRMÂNIA);DENUNCIANTE NÃO SOUBE INFORMAR;DENUNCIANTE NÃO SOUBE INFORMAR;DIARIAMENTE;HÁ UM MÊS;2;VIOLÊNCIA CONTRA CIDADÃO, FAMÍLIA OU COMUNIDADE;;OUTROS;PESSOA FÍSICA;MASCULINO;NÃO;35 A 39 ANOS;BR | BRASIL;;;;;NÃO;;NÃO;MM | MIANMAR (BIRMÂNIA);DENUNCIANTE NÃO SOUBE INFORMAR;DENUNCIANTE NÃO SOUBE INFORMAR;;;;NÃO INFORMADO;;;PESSOA FÍSICA;MASCULINO;NÃO;35 A 39 ANOS;MM | MIANMAR (BIRMÂNIA);;;;;NÃO;;NÃO;MM | MIANMAR (BIRMÂNIA);DENUNCIANTE NÃO SOUBE INFORMAR;DENUNCIANTE NÃO SOUBE INFORMAR;NÃO SABE INFORMAR;;;NÃO INFORMADO;;;;;;;LIBERDADE>DIREITOS INDIVIDUAIS>TRÁFICO DE PESSOAS - INTERNACIONAL
080AE0D6540520ED12ED5F6CE0D64E214BF80065D11CE099D6F4B25103ED1A95;2025-01-30 09:18:20.193;TELEFÔNICO;RISCO IMINENTE DE MORTE DA VÍTIMA;A PRÓPRIA VÍTIMA;ESTABELECIMENTO COMERCIAL;BR | BRASIL;MG;3106200 | BELO HORIZONTE;ÚNICA OCORRÊNCIA;NÃO SE APLICA;1;VIOLÊNCIA CONTRA A MULHER;;EMPREGADOR/PATRÃO (HIERARQUICAMENTE SUPERIOR);PESSOA FÍSICA;FEMININO;NÃO;20 A 24 ANOS;BR | BRASIL;;;;;NÃO;;NÃO;BR | BRASIL;SP;3529401 | MAUÁ;;;;PARDA;;;PESSOA JURÍDICA DE DIREITO PRIVADO;;;;BR | BRASIL;;;;;;;;BR | BRASIL;MG;3106200 | BELO HORIZONTE;;;;;;;;ALOJAMENTO E ALIMENTAÇÃO;;;LIBERDADE>DIREITOS INDIVIDUAIS>TRÁFICO DE MULHERES - INTERNACIONAL
236B4900E3F5FB9A4CDA7683D1F29AAAE8F46DB8A7386BA44FAAD37E441EC922;2025-01-31 20:15:54.213;TELEFÔNICO;NÃO;TERCEIRO;OUTROS;DE | ALEMANHA;;;OCASIONALMENTE;HÁ UM MÊS;1;VIOLÊNCIA CONTRA CIDADÃO, FAMÍLIA OU COMUNIDADE;;OUTROS;PESSOA FÍSICA;MASCULINO;NÃO;25 A 29 ANOS;BR | BRASIL;;;;;NÃO;;NÃO;BR | BRASIL;SP;3509502 | CAMPINAS;;;;PARDA;;;PESSOA FÍSICA;MASCULINO;NÃO;35 A 39 ANOS;BR | BRASIL;;;;;NÃO;;NÃO;DE | ALEMANHA;;;OUTROS NÃO LISTADOS;;;BRANCA;;;;;;;LIBERDADE>DIREITOS INDIVIDUAIS>TRÁFICO DE PESSOAS - INTERNACIONAL
2C744C94B2095A83766A082DE1F81C2EABE47EDA5E0368786E2543065902C6D0;2025-01-31 20:15:54.213;TELEFÔNICO;NÃO;TERCEIRO;OUTROS;DE | ALEMANHA;;;OCASIONALMENTE;HÁ UM MÊS;1;VIOLÊNCIA CONTRA CIDADÃO, FAMÍLIA OU COMUNIDADE;;OUTROS;PESSOA FÍSICA;MASCULINO;NÃO;25 A 29 ANOS;BR | BRASIL;;;;;NÃO;;NÃO;BR | BRASIL;SP;3509502 | CAMPINAS;;;;PARDA;;;PESSOA FÍSICA;FEMININO;NÃO;20 A 24 ANOS;BR | BRASIL;;;;;NÃO;;NÃO;BR | BRASIL;SP;3509502 | CAMPINAS;OUTROS NÃO LISTADOS;;;PARDA;;;;;;;LIBERDADE>DIREITOS INDIVIDUAIS>TRÁFICO DE PESSOAS - INTERNACIONAL
4C25A5A9783F3C7E4178990FF83CC3DB62898F8BABCC2FA82D9D00043B72BD9C;2025-02-04 18:57:35.277;TELEFÔNICO;NÃO;TERCEIRO;CASA DA VÍTIMA;BR | BRASIL;MT;5102603 | CAMPINÁPOLIS;DIARIAMENTE;HÁ MAIS DE DEZ ANOS;2;VIOLÊNCIA CONTRA CRIANÇA OU ADOLESCENTE;;PAI;COMUNIDADE/FAMÍLIA;;;CRIANÇA/ADOLESCENTE IDADE NÃO INFORMADA;BR | BRASIL;;;;;;;;BR | BRASIL;MT;5102603 | CAMPINÁPOLIS;;;;NÃO INFORMADO;;;COMUNIDADE/FAMÍLIA;;;;BR | BRASIL;;;;;;;;BR | BRASIL;MT;5102603 | CAMPINÁPOLIS;;;;;;;;;;;LIBERDADE>DIREITOS INDIVIDUAIS>TRÁFICO DE CRIANÇAS - NACIONAL
822029A11A20D522F8146035552FF5E50F687CC0DF6600C3F0DFD4D8D375F979;2025-02-04 18:57:35.277;TELEFÔNICO;NÃO;TERCEIRO;CASA DA VÍTIMA;BR | BRASIL;MT;5102603 | CAMPINÁPOLIS;DIARIAMENTE;HÁ MAIS DE DEZ ANOS;2;VIOLÊNCIA CONTRA CRIANÇA OU ADOLESCENTE;;PAI;COMUNIDADE/FAMÍLIA;;;CRIANÇA/ADOLESCENTE IDADE NÃO INFORMADA;BR | BRASIL;;;;;;;;BR | BRASIL;MT;5102603 | CAMPINÁPOLIS;;;;NÃO INFORMADO;;;ÓRGÃO PÚBLICO;;;;BR | BRASIL;;;;;;;;BR | BRASIL;DF;5300108 | BRASÍLIA;;;;;;;;AGÊNCIA REGULADORA ? FEDERAL;;;LIBERDADE>DIREITOS INDIVIDUAIS>TRÁFICO DE CRIANÇAS - NACIONAL
700648C78EF9598E5CC6FEB441DC0D9A919C7EBB9D1958DA4FB7D38C949033D2;2025-02-04 18:57:35.277;TELEFÔNICO;NÃO;TERCEIRO;CASA DA VÍTIMA;BR | BRASIL;MT;5102603 | CAMPINÁPOLIS;DIARIAMENTE;HÁ MAIS DE DEZ ANOS;2;VIOLÊNCIA CONTRA CRIANÇA OU ADOLESCENTE;;PAI;COMUNIDADE/FAMÍLIA;;;CRIANÇA/ADOLESCENTE IDADE NÃO INFORMADA;BR | BRASIL;;;;;;;;BR | BRASIL;MT;5102603 | CAMPINÁPOLIS;;;;NÃO INFORMADO;;;ÓRGÃO PÚBLICO;;;;BR | BRASIL;;;;;;;;BR | BRASIL;DF;5300108 | BRASÍLIA;;;;;;;;PODER EXECUTIVO EM GERAL ? FEDERAL;;;LIBERDADE>DIREITOS INDIVIDUAIS>TRÁFICO DE CRIANÇAS - NACIONAL
3FF94008B7F8B62779C375C2ED35EB95E58286ACE4A65F176DF9213EB8C27E01;2025-02-05 14:52:01.723;TELEFÔNICO;RISCO IMINENTE DE MORTE DA VÍTIMA;TERCEIRO;CASA DA VÍTIMA;BR | BRASIL;RS;4314902 | PORTO ALEGRE;DIARIAMENTE;HÁ MAIS DE DEZ ANOS;1;VIOLÊNCIA CONTRA A MULHER;;OUTROS;PESSOA FÍSICA;FEMININO;NÃO;25 A 29 ANOS;BR | BRASIL;;;;;NÃO;;NÃO;BR | BRASIL;RS;4314902 | PORTO ALEGRE;;;;PRETA;;;PESSOA FÍSICA;FEMININO;NÃO;50 A 54 ANOS;BR | BRASIL;;;;;NÃO;;NÃO;BR | BRASIL;RS;4314902 | PORTO ALEGRE;OUTROS NÃO LISTADOS;;;;;;;;;;LIBERDADE>DIREITOS INDIVIDUAIS>TRÁFICO DE CRIANÇAS - NACIONAL
3FF94008B7F8B62779C375C2ED35EB95E58286ACE4A65F176DF9213EB8C27E01;2025-02-05 14:52:01.723;TELEFÔNICO;RISCO IMINENTE DE MORTE DA VÍTIMA;TERCEIRO;CASA DA VÍTIMA;BR | BRASIL;RS;4314902 | PORTO ALEGRE;DIARIAMENTE;HÁ MAIS DE DEZ ANOS;1;VIOLÊNCIA CONTRA PESSOA COM DEFICIÊNCIA;;OUTROS;PESSOA FÍSICA;FEMININO;NÃO;25 A 29 ANOS;BR | BRASIL;;;;;NÃO;;NÃO;BR | BRASIL;RS;4314902 | PORTO ALEGRE;;;;PRETA;;;PESSOA FÍSICA;FEMININO;NÃO;50 A 54 ANOS;BR | BRASIL;;;;;NÃO;;NÃO;BR | BRASIL;RS;4314902 | PORTO ALEGRE;OUTROS NÃO LISTADOS;;;;;;;;;;LIBERDADE>DIREITOS INDIVIDUAIS>TRÁFICO DE CRIANÇAS - NACIONAL
6FC5A13956BD4F25B607D61C4575B47CB1D6A96A525796E2C7CE71D1503D0D54;2025-02-05 18:41:18.983;TELEFÔNICO;NÃO;TERCEIRO;CASA ONDE RESIDE A VÍTIMA E O SUSPEITO;BR | BRASIL;RS;4305173 | CERRO GRANDE DO SUL;DIARIAMENTE;HÁ MAIS DE SEIS MESES;3;VIOLÊNCIA CONTRA CRIANÇA OU ADOLESCENTE;OUTRO(S) ELEMENTO(S);OUTROS;PESSOA FÍSICA;FEMININO;;06 ANOS;BR | BRASIL;;;;NÃO;NÃO;;;BR | BRASIL;RS;4305173 | CERRO GRANDE DO SUL;;;;PARDA;;;PESSOA FÍSICA;FEMININO;NÃO;50 A 54 ANOS;BR | BRASIL;;;;NÃO;NÃO;;NÃO;BR | BRASIL;RS;4305173 | CERRO GRANDE DO SUL;OUTROS NÃO LISTADOS;;;BRANCA;;;;;;;LIBERDADE>DIREITOS INDIVIDUAIS>TRÁFICO DE CRIANÇAS - INTERNACIONAL
12C5020C26D127ABD6DC3644F7751937F617217C2852D4235D8944C562151773;2025-02-05 18:41:18.983;TELEFÔNICO;NÃO;TERCEIRO;CASA ONDE RESIDE A VÍTIMA E O SUSPEITO;BR | BRASIL;RS;4305173 | CERRO GRANDE DO SUL;DIARIAMENTE;HÁ MAIS DE SEIS MESES;3;VIOLÊNCIA CONTRA CRIANÇA OU ADOLESCENTE;;OUTROS;PESSOA FÍSICA;FEMININO;;09 ANOS;BR | BRASIL;;;;;NÃO;;;BR | BRASIL;RS;4305173 | CERRO GRANDE DO SUL;;;;BRANCA;;;PESSOA FÍSICA;FEMININO;NÃO;40 A 44 ANOS;BR | BRASIL;;;;;NÃO;;NÃO;BR | BRASIL;RS;4305173 | CERRO GRANDE DO SUL;CONSELHEIRO TUTELAR;;;PRETA;;;;;;;LIBERDADE>DIREITOS INDIVIDUAIS>TRÁFICO DE CRIANÇAS - NACIONAL
12C5020C26D127ABD6DC3644F7751937F617217C2852D4235D8944C562151773;2025-02-05 18:41:18.983;TELEFÔNICO;NÃO;TERCEIRO;CASA ONDE RESIDE A VÍTIMA E O SUSPEITO;BR | BRASIL;RS;4305173 | CERRO GRANDE DO SUL;DIARIAMENTE;HÁ MAIS DE SEIS MESES;3;VIOLÊNCIA CONTRA CRIANÇA OU ADOLESCENTE;OUTRO(S) ELEMENTO(S);OUTROS;PESSOA FÍSICA;FEMININO;;09 ANOS;BR | BRASIL;;;;NÃO;NÃO;;;BR | BRASIL;RS;4305173 | CERRO GRANDE DO SUL;;;;BRANCA;;;PESSOA FÍSICA;FEMININO;NÃO;40 A 44 ANOS;BR | BRASIL;;;;NÃO;NÃO;;NÃO;BR | BRASIL;RS;4305173 | CERRO GRANDE DO SUL;CONSELHEIRO TUTELAR;;;PRETA;;;;;;;LIBERDADE>DIREITOS INDIVIDUAIS>TRÁFICO DE CRIANÇAS - INTERNACIONAL
0F92AF7CA0A5F4B6D8566F4743EBAC3F8937A5D25CBD854C064A15D27F5A9AEC;2025-02-05 18:41:18.983;TELEFÔNICO;NÃO;TERCEIRO;CASA ONDE RESIDE A VÍTIMA E O SUSPEITO;BR | BRASIL;RS;4305173 | CERRO GRANDE DO SUL;DIARIAMENTE;HÁ MAIS DE SEIS MESES;3;VIOLÊNCIA CONTRA CRIANÇA OU ADOLESCENTE;;OUTROS;PESSOA FÍSICA;FEMININO;;02 ANOS;BR | BRASIL;;;;;NÃO;;;BR | BRASIL;RS;4305173 | CERRO GRANDE DO SUL;;;;BRANCA;;;PESSOA FÍSICA;FEMININO;NÃO;35 A 39 ANOS;BR | BRASIL;;;;;NÃO;;NÃO;BR | BRASIL;RS;4305173 | CERRO GRANDE DO SUL;OUTROS NÃO LISTADOS;;;BRANCA;;;;;;;LIBERDADE>DIREITOS INDIVIDUAIS>TRÁFICO DE CRIANÇAS - NACIONAL
0F92AF7CA0A5F4B6D8566F4743EBAC3F8937A5D25CBD854C064A15D27F5A9AEC;2025-02-05 18:41:18.983;TELEFÔNICO;NÃO;TERCEIRO;CASA ONDE RESIDE A VÍTIMA E O SUSPEITO;BR | BRASIL;RS;4305173 | CERRO GRANDE DO SUL;DIARIAMENTE;HÁ MAIS DE SEIS MESES;3;VIOLÊNCIA CONTRA CRIANÇA OU ADOLESCENTE;OUTRO(S) ELEMENTO(S);OUTROS;PESSOA FÍSICA;FEMININO;;02 ANOS;BR | BRASIL;;;;NÃO;NÃO;;;BR | BRASIL;RS;4305173 | CERRO GRANDE DO SUL;;;;BRANCA;;;PESSOA FÍSICA;FEMININO;NÃO;35 A 39 ANOS;BR | BRASIL;;;;NÃO;NÃO;;NÃO;BR | BRASIL;RS;4305173 | CERRO GRANDE DO SUL;OUTROS NÃO LISTADOS;;;BRANCA;;;;;;;LIBERDADE>DIREITOS INDIVIDUAIS>TRÁFICO DE CRIANÇAS - INTERNACIONAL
3E8FA5AD661C148EF2D49629BED23FA01EF39ADC22CB71CDEFAE5353EF9364B3;2025-02-05 18:41:18.983;TELEFÔNICO;NÃO;TERCEIRO;CASA ONDE RESIDE A VÍTIMA E O SUSPEITO;BR | BRASIL;RS;4305173 | CERRO GRANDE DO SUL;DIARIAMENTE;HÁ MAIS DE SEIS MESES;3;VIOLÊNCIA CONTRA CRIANÇA OU ADOLESCENTE;OUTRO(S) ELEMENTO(S);OUTROS;PESSOA FÍSICA;FEMININO;;09 ANOS;BR | BRASIL;;;;NÃO;NÃO;;;BR | BRASIL;RS;4305173 | CERRO GRANDE DO SUL;;;;BRANCA;;;PESSOA FÍSICA;FEMININO;NÃO;45 A 49 ANOS;BR | BRASIL;;;;NÃO;NÃO;;NÃO;BR | BRASIL;RS;4305173 | CERRO GRANDE DO SUL;OUTROS NÃO LISTADOS;;;BRANCA;;;;;;;LIBERDADE>DIREITOS INDIVIDUAIS>TRÁFICO DE CRIANÇAS - INTERNACIONAL
41994087BFE8E50BB5CF02AB83480A7CCCBE9F88FFD6F2A4927CD3459A58CA9B;2025-02-05 18:41:18.983;TELEFÔNICO;NÃO;TERCEIRO;CASA ONDE RESIDE A VÍTIMA E O SUSPEITO;BR | BRASIL;RS;4305173 | CERRO GRANDE DO SUL;DIARIAMENTE;HÁ MAIS DE SEIS MESES;3;VIOLÊNCIA CONTRA CRIANÇA OU ADOLESCENTE;OUTRO(S) ELEMENTO(S);OUTROS;PESSOA FÍSICA;FEMININO;;06 ANOS;BR | BRASIL;;;;NÃO;NÃO;;;BR | BRASIL;RS;4305173 | CERRO GRANDE DO SUL;;;;PARDA;;;PESSOA FÍSICA;FEMININO;NÃO;50 A 54 ANOS;BR | BRASIL;;;;NÃO;NÃO;;NÃO;BR | BRASIL;RS;4305173 | CERRO GRANDE DO SUL;ASSISTENTE SOCIAL;;;BRANCA;;;;;;;LIBERDADE>DIREITOS INDIVIDUAIS>TRÁFICO DE CRIANÇAS - INTERNACIONAL
C83B89967F17A795E3E22816204242539BB720DD989CB29FA49AE3A6529F6582;2025-02-05 18:41:18.983;TELEFÔNICO;NÃO;TERCEIRO;CASA ONDE RESIDE A VÍTIMA E O SUSPEITO;BR | BRASIL;RS;4305173 | CERRO GRANDE DO SUL;DIARIAMENTE;HÁ MAIS DE SEIS MESES;3;VIOLÊNCIA CONTRA CRIANÇA OU ADOLESCENTE;;OUTROS;PESSOA FÍSICA;MASCULINO;;MENOS DE 01 ANO;BR | BRASIL;;;;;NÃO;;;BR | BRASIL;RS;4305173 | CERRO GRANDE DO SUL;;;;BRANCA;;;PESSOA FÍSICA;FEMININO;NÃO;50 A 54 ANOS;BR | BRASIL;;;;;NÃO;;NÃO;BR | BRASIL;RS;4305173 | CERRO GRANDE DO SUL;ASSISTENTE SOCIAL;;;BRANCA;;;;;;;LIBERDADE>DIREITOS INDIVIDUAIS>TRÁFICO DE PESSOAS - NACIONAL
595507DE892D950C899B4BA62C1A80DFF61BDD57C6CBD6DE799A67B528862311;2025-02-05 18:41:18.983;TELEFÔNICO;NÃO;TERCEIRO;CASA ONDE RESIDE A VÍTIMA E O SUSPEITO;BR | BRASIL;RS;4305173 | CERRO GRANDE DO SUL;DIARIAMENTE;HÁ MAIS DE SEIS MESES;3;VIOLÊNCIA CONTRA CRIANÇA OU ADOLESCENTE;OUTRO(S) ELEMENTO(S);OUTROS;PESSOA FÍSICA;FEMININO;;02 ANOS;BR | BRASIL;;;;NÃO;NÃO;;;BR | BRASIL;RS;4305173 | CERRO GRANDE DO SUL;;;;BRANCA;;;PESSOA FÍSICA;FEMININO;NÃO;45 A 49 ANOS;BR | BRASIL;;;;NÃO;NÃO;;NÃO;BR | BRASIL;RS;4305173 | CERRO GRANDE DO SUL;OUTROS NÃO LISTADOS;;;BRANCA;;;;;;;LIBERDADE>DIREITOS INDIVIDUAIS>TRÁFICO DE CRIANÇAS - INTERNACIONAL
48029C8B0B7384D1B165C3EDC7E16E2F710D37BB7AC8B6B7E5B94C16FF9632F8;2025-02-05 18:41:18.983;TELEFÔNICO;NÃO;TERCEIRO;CASA ONDE RESIDE A VÍTIMA E O SUSPEITO;BR | BRASIL;RS;4305173 | CERRO GRANDE DO SUL;DIARIAMENTE;HÁ MAIS DE SEIS MESES;3;VIOLÊNCIA CONTRA CRIANÇA OU ADOLESCENTE;;OUTROS;PESSOA FÍSICA;FEMININO;;02 ANOS;BR | BRASIL;;;;;NÃO;;;BR | BRASIL;RS;4305173 | CERRO GRANDE DO SUL;;;;BRANCA;;;PESSOA FÍSICA;FEMININO;NÃO;40 A 44 ANOS;BR | BRASIL;;;;;NÃO;;NÃO;BR | BRASIL;RS;4305173 | CERRO GRANDE DO SUL;CONSELHEIRO TUTELAR;;;PRETA;;;;;;;LIBERDADE>DIREITOS INDIVIDUAIS>TRÁFICO DE CRIANÇAS - NACIONAL
48029C8B0B7384D1B165C3EDC7E16E2F710D37BB7AC8B6B7E5B94C16FF9632F8;2025-02-05 18:41:18.983;TELEFÔNICO;NÃO;TERCEIRO;CASA ONDE RESIDE A VÍTIMA E O SUSPEITO;BR | BRASIL;RS;4305173 | CERRO GRANDE DO SUL;DIARIAMENTE;HÁ MAIS DE SEIS MESES;3;VIOLÊNCIA CONTRA CRIANÇA OU ADOLESCENTE;OUTRO(S) ELEMENTO(S);OUTROS;PESSOA FÍSICA;FEMININO;;02 ANOS;BR | BRASIL;;;;NÃO;NÃO;;;BR | BRASIL;RS;4305173 | CERRO GRANDE DO SUL;;;;BRANCA;;;PESSOA FÍSICA;FEMININO;NÃO;40 A 44 ANOS;BR | BRASIL;;;;NÃO;NÃO;;NÃO;BR | BRASIL;RS;4305173 | CERRO GRANDE DO SUL;CONSELHEIRO TUTELAR;;;PRETA;;;;;;;LIBERDADE>DIREITOS INDIVIDUAIS>TRÁFICO DE CRIANÇAS - INTERNACIONAL
6C5A78A322E5A34B3E43EF1B25CB8FC377CACE12697F175D0CE030B644282492;2025-02-05 18:41:18.983;TELEFÔNICO;NÃO;TERCEIRO;CASA ONDE RESIDE A VÍTIMA E O SUSPEITO;BR | BRASIL;RS;4305173 | CERRO GRANDE DO SUL;DIARIAMENTE;HÁ MAIS DE SEIS MESES;3;VIOLÊNCIA CONTRA CRIANÇA OU ADOLESCENTE;OUTRO(S) ELEMENTO(S);OUTROS;PESSOA FÍSICA;FEMININO;;06 ANOS;BR | BRASIL;;;;NÃO;NÃO;;;BR | BRASIL;RS;4305173 | CERRO GRANDE DO SUL;;;;PARDA;;;PESSOA FÍSICA;FEMININO;NÃO;40 A 44 ANOS;BR | BRASIL;;;;NÃO;NÃO;;NÃO;BR | BRASIL;RS;4305173 | CERRO GRANDE DO SUL;CONSELHEIRO TUTELAR;;;PRETA;;;;;;;LIBERDADE>DIREITOS INDIVIDUAIS>TRÁFICO DE CRIANÇAS - INTERNACIONAL
E523638796805AFE53BC323B15B8E492A6E22417A9F3D45A0C031C6E7B3C9CD4;2025-02-05 18:41:18.983;TELEFÔNICO;NÃO;TERCEIRO;CASA ONDE RESIDE A VÍTIMA E O SUSPEITO;BR | BRASIL;RS;4305173 | CERRO GRANDE DO SUL;DIARIAMENTE;HÁ MAIS DE SEIS MESES;3;VIOLÊNCIA CONTRA CRIANÇA OU ADOLESCENTE;;OUTROS;PESSOA FÍSICA;FEMININO;;06 ANOS;BR | BRASIL;;;;;NÃO;;;BR | BRASIL;RS;4305173 | CERRO GRANDE DO SUL;;;;PARDA;;;PESSOA FÍSICA;FEMININO;NÃO;40 A 44 ANOS;BR | BRASIL;;;;;NÃO;;NÃO;BR | BRASIL;RS;4305173 | CERRO GRANDE DO SUL;ASSISTENTE SOCIAL;;;BRANCA;;;;;;;LIBERDADE>DIREITOS INDIVIDUAIS>TRÁFICO DE CRIANÇAS - NACIONAL
3F82BC1565244F2C722183BB64267153BAF51D9BE35031FD785CF6D93B5728E8;2025-02-05 18:41:18.983;TELEFÔNICO;NÃO;TERCEIRO;CASA ONDE RESIDE A VÍTIMA E O SUSPEITO;BR | BRASIL;RS;4305173 | CERRO GRANDE DO SUL;DIARIAMENTE;HÁ MAIS DE SEIS MESES;3;VIOLÊNCIA CONTRA CRIANÇA OU ADOLESCENTE;OUTRO(S) ELEMENTO(S);OUTROS;PESSOA FÍSICA;MASCULINO;;MENOS DE 01 ANO;BR | BRASIL;;;;NÃO;NÃO;;;BR | BRASIL;RS;4305173 | CERRO GRANDE DO SUL;;;;BRANCA;;;PESSOA FÍSICA;FEMININO;NÃO;35 A 39 ANOS;BR | BRASIL;;;;NÃO;NÃO;;NÃO;BR | BRASIL;RS;4305173 | CERRO GRANDE DO SUL;OUTROS NÃO LISTADOS;;;BRANCA;;;;;;;LIBERDADE>DIREITOS INDIVIDUAIS>TRÁFICO DE PESSOAS - INTERNACIONAL
3E8FA5AD661C148EF2D49629BED23FA01EF39ADC22CB71CDEFAE5353EF9364B3;2025-02-05 18:41:18.983;TELEFÔNICO;NÃO;TERCEIRO;CASA ONDE RESIDE A VÍTIMA E O SUSPEITO;BR | BRASIL;RS;4305173 | CERRO GRANDE DO SUL;DIARIAMENTE;HÁ MAIS DE SEIS MESES;3;VIOLÊNCIA CONTRA CRIANÇA OU ADOLESCENTE;;OUTROS;PESSOA FÍSICA;FEMININO;;09 ANOS;BR | BRASIL;;;;;NÃO;;;BR | BRASIL;RS;4305173 | CERRO GRANDE DO SUL;;;;BRANCA;;;PESSOA FÍSICA;FEMININO;NÃO;45 A 49 ANOS;BR | BRASIL;;;;;NÃO;;NÃO;BR | BRASIL;RS;4305173 | CERRO GRANDE DO SUL;OUTROS NÃO LISTADOS;;;BRANCA;;;;;;;LIBERDADE>DIREITOS INDIVIDUAIS>TRÁFICO DE CRIANÇAS - NACIONAL
5C0D4E1A5B6DD992E18877D554C65377B049997D00B2D2EA72D240EFB9AC9180;2025-02-05 18:41:18.983;TELEFÔNICO;NÃO;TERCEIRO;CASA ONDE RESIDE A VÍTIMA E O SUSPEITO;BR | BRASIL;RS;4305173 | CERRO GRANDE DO SUL;DIARIAMENTE;HÁ MAIS DE SEIS MESES;3;VIOLÊNCIA CONTRA CRIANÇA OU ADOLESCENTE;OUTRO(S) ELEMENTO(S);OUTROS;PESSOA FÍSICA;FEMININO;;09 ANOS;BR | BRASIL;;;;NÃO;NÃO;;;BR | BRASIL;RS;4305173 | CERRO GRANDE DO SUL;;;;BRANCA;;;PESSOA FÍSICA;FEMININO;NÃO;50 A 54 ANOS;BR | BRASIL;;;;NÃO;NÃO;;NÃO;BR | BRASIL;RS;4305173 | CERRO GRANDE DO SUL;OUTROS NÃO LISTADOS;;;BRANCA;;;;;;;LIBERDADE>DIREITOS INDIVIDUAIS>TRÁFICO DE CRIANÇAS - INTERNACIONAL
AEF95E23EF7B4D76D8F4A7388F42F9C3E1BBEC07F3F1CDA3904AFE272811A618;2025-02-05 18:41:18.983;TELEFÔNICO;NÃO;TERCEIRO;CASA ONDE RESIDE A VÍTIMA E O SUSPEITO;BR | BRASIL;RS;4305173 | CERRO GRANDE DO SUL;DIARIAMENTE;HÁ MAIS DE SEIS MESES;3;VIOLÊNCIA CONTRA CRIANÇA OU ADOLESCENTE;OUTRO(S) ELEMENTO(S);OUTROS;PESSOA FÍSICA;FEMININO;;02 ANOS;BR | BRASIL;;;;NÃO;NÃO;;;BR | BRASIL;RS;4305173 | CERRO GRANDE DO SUL;;;;BRANCA;;;PESSOA FÍSICA;FEMININO;NÃO;50 A 54 ANOS;BR | BRASIL;;;;NÃO;NÃO;;NÃO;BR | BRASIL;RS;4305173 | CERRO GRANDE DO SUL;OUTROS NÃO LISTADOS;;;BRANCA;;;;;;;LIBERDADE>DIREITOS INDIVIDUAIS>TRÁFICO DE CRIANÇAS - INTERNACIONAL
836AC7D98656D0CBC2C43B34EDD6DFB2611854DA124B0252387633B61E2E5FC4;2025-02-05 18:41:18.983;TELEFÔNICO;NÃO;TERCEIRO;CASA ONDE RESIDE A VÍTIMA E O SUSPEITO;BR | BRASIL;RS;4305173 | CERRO GRANDE DO SUL;DIARIAMENTE;HÁ MAIS DE SEIS MESES;3;VIOLÊNCIA CONTRA CRIANÇA OU ADOLESCENTE;OUTRO(S) ELEMENTO(S);OUTROS;PESSOA FÍSICA;FEMININO;;02 ANOS;BR | BRASIL;;;;NÃO;NÃO;;;BR | BRASIL;RS;4305173 | CERRO GRANDE DO SUL;;;;BRANCA;;;PESSOA FÍSICA;FEMININO;NÃO;40 A 44 ANOS;BR | BRASIL;;;;NÃO;NÃO;;NÃO;BR | BRASIL;RS;4305173 | CERRO GRANDE DO SUL;ASSISTENTE SOCIAL;;;BRANCA;;;;;;;LIBERDADE>DIREITOS INDIVIDUAIS>TRÁFICO DE CRIANÇAS - INTERNACIONAL
C83B89967F17A795E3E22816204242539BB720DD989CB29FA49AE3A6529F6582;2025-02-05 18:41:18.983;TELEFÔNICO;NÃO;TERCEIRO;CASA ONDE RESIDE A VÍTIMA E O SUSPEITO;BR | BRASIL;RS;4305173 | CERRO GRANDE DO SUL;DIARIAMENTE;HÁ MAIS DE SEIS MESES;3;VIOLÊNCIA CONTRA CRIANÇA OU ADOLESCENTE;OUTRO(S) ELEMENTO(S);OUTROS;PESSOA FÍSICA;MASCULINO;;MENOS DE 01 ANO;BR | BRASIL;;;;NÃO;NÃO;;;BR | BRASIL;RS;4305173 | CERRO GRANDE DO SUL;;;;BRANCA;;;PESSOA FÍSICA;FEMININO;NÃO;50 A 54 ANOS;BR | BRASIL;;;;NÃO;NÃO;;NÃO;BR | BRASIL;RS;4305173 | CERRO GRANDE DO SUL;ASSISTENTE SOCIAL;;;BRANCA;;;;;;;LIBERDADE>DIREITOS INDIVIDUAIS>TRÁFICO DE PESSOAS - INTERNACIONAL
FCA205BC8E65E6DC00CC6B22053CE685F810CCE9CB783AAAD6B96BB092F173D3;2025-02-05 18:41:18.983;TELEFÔNICO;NÃO;TERCEIRO;CASA ONDE RESIDE A VÍTIMA E O SUSPEITO;BR | BRASIL;RS;4305173 | CERRO GRANDE DO SUL;DIARIAMENTE;HÁ MAIS DE SEIS MESES;3;VIOLÊNCIA CONTRA CRIANÇA OU ADOLESCENTE;;OUTROS;PESSOA FÍSICA;FEMININO;;09 ANOS;BR | BRASIL;;;;;NÃO;;;BR | BRASIL;RS;4305173 | CERRO GRANDE DO SUL;;;;BRANCA;;;PESSOA FÍSICA;FEMININO;NÃO;40 A 44 ANOS;BR | BRASIL;;;;;NÃO;;NÃO;BR | BRASIL;RS;4305173 | CERRO GRANDE DO SUL;ASSISTENTE SOCIAL;;;BRANCA;;;;;;;LIBERDADE>DIREITOS INDIVIDUAIS>TRÁFICO DE CRIANÇAS - NACIONAL
41994087BFE8E50BB5CF02AB83480A7CCCBE9F88FFD6F2A4927CD3459A58CA9B;2025-02-05 18:41:18.983;TELEFÔNICO;NÃO;TERCEIRO;CASA ONDE RESIDE A VÍTIMA E O SUSPEITO;BR | BRASIL;RS;4305173 | CERRO GRANDE DO SUL;DIARIAMENTE;HÁ MAIS DE SEIS MESES;3;VIOLÊNCIA CONTRA CRIANÇA OU ADOLESCENTE;;OUTROS;PESSOA FÍSICA;FEMININO;;06 ANOS;BR | BRASIL;;;;;NÃO;;;BR | BRASIL;RS;4305173 | CERRO GRANDE DO SUL;;;;PARDA;;;PESSOA FÍSICA;FEMININO;NÃO;50 A 54 ANOS;BR | BRASIL;;;;;NÃO;;NÃO;BR | BRASIL;RS;4305173 | CERRO GRANDE DO SUL;ASSISTENTE SOCIAL;;;BRANCA;;;;;;;LIBERDADE>DIREITOS INDIVIDUAIS>TRÁFICO DE CRIANÇAS - NACIONAL
6FC5A13956BD4F25B607D61C4575B47CB1D6A96A525796E2C7CE71D1503D0D54;2025-02-05 18:41:18.983;TELEFÔNICO;NÃO;TERCEIRO;CASA ONDE RESIDE A VÍTIMA E O SUSPEITO;BR | BRASIL;RS;4305173 | CERRO GRANDE DO SUL;DIARIAMENTE;HÁ MAIS DE SEIS MESES;3;VIOLÊNCIA CONTRA CRIANÇA OU ADOLESCENTE;;OUTROS;PESSOA FÍSICA;FEMININO;;06 ANOS;BR | BRASIL;;;;;NÃO;;;BR | BRASIL;RS;4305173 | CERRO GRANDE DO SUL;;;;PARDA;;;PESSOA FÍSICA;FEMININO;NÃO;50 A 54 ANOS;BR | BRASIL;;;;;NÃO;;NÃO;BR | BRASIL;RS;4305173 | CERRO GRANDE DO SUL;OUTROS NÃO LISTADOS;;;BRANCA;;;;;;;LIBERDADE>DIREITOS INDIVIDUAIS>TRÁFICO DE CRIANÇAS - NACIONAL
DB8FC71B0D8A3F4610B10AB3CBBF2D9C9B88091775FB85BCC215E618298A382C;2025-02-05 18:41:18.983;TELEFÔNICO;NÃO;TERCEIRO;CASA ONDE RESIDE A VÍTIMA E O SUSPEITO;BR | BRASIL;RS;4305173 | CERRO GRANDE DO SUL;DIARIAMENTE;HÁ MAIS DE SEIS MESES;3;VIOLÊNCIA CONTRA CRIANÇA OU ADOLESCENTE;;OUTROS;PESSOA FÍSICA;MASCULINO;;MENOS DE 01 ANO;BR | BRASIL;;;;;NÃO;;;BR | BRASIL;RS;4305173 | CERRO GRANDE DO SUL;;;;BRANCA;;;PESSOA FÍSICA;FEMININO;NÃO;50 A 54 ANOS;BR | BRASIL;;;;;NÃO;;NÃO;BR | BRASIL;RS;4305173 | CERRO GRANDE DO SUL;OUTROS NÃO LISTADOS;;;BRANCA;;;;;;;LIBERDADE>DIREITOS INDIVIDUAIS>TRÁFICO DE PESSOAS - NACIONAL
836AC7D98656D0CBC2C43B34EDD6DFB2611854DA124B0252387633B61E2E5FC4;2025-02-05 18:41:18.983;TELEFÔNICO;NÃO;TERCEIRO;CASA ONDE RESIDE A VÍTIMA E O SUSPEITO;BR | BRASIL;RS;4305173 | CERRO GRANDE DO SUL;DIARIAMENTE;HÁ MAIS DE SEIS MESES;3;VIOLÊNCIA CONTRA CRIANÇA OU ADOLESCENTE;;OUTROS;PESSOA FÍSICA;FEMININO;;02 ANOS;BR | BRASIL;;;;;NÃO;;;BR | BRASIL;RS;4305173 | CERRO GRANDE DO SUL;;;;BRANCA;;;PESSOA FÍSICA;FEMININO;NÃO;40 A 44 ANOS;BR | BRASIL;;;;;NÃO;;NÃO;BR | BRASIL;RS;4305173 | CERRO GRANDE DO SUL;ASSISTENTE SOCIAL;;;BRANCA;;;;;;;LIBERDADE>DIREITOS INDIVIDUAIS>TRÁFICO DE CRIANÇAS - NACIONAL
6C5A78A322E5A34B3E43EF1B25CB8FC377CACE12697F175D0CE030B644282492;2025-02-05 18:41:18.983;TELEFÔNICO;NÃO;TERCEIRO;CASA ONDE RESIDE A VÍTIMA E O SUSPEITO;BR | BRASIL;RS;4305173 | CERRO GRANDE DO SUL;DIARIAMENTE;HÁ MAIS DE SEIS MESES;3;VIOLÊNCIA CONTRA CRIANÇA OU ADOLESCENTE;;OUTROS;PESSOA FÍSICA;FEMININO;;06 ANOS;BR | BRASIL;;;;;NÃO;;;BR | BRASIL;RS;4305173 | CERRO GRANDE DO SUL;;;;PARDA;;;PESSOA FÍSICA;FEMININO;NÃO;40 A 44 ANOS;BR | BRASIL;;;;;NÃO;;NÃO;BR | BRASIL;RS;4305173 | CERRO GRANDE DO SUL;CONSELHEIRO TUTELAR;;;PRETA;;;;;;;LIBERDADE>DIREITOS INDIVIDUAIS>TRÁFICO DE CRIANÇAS - NACIONAL
E42E085226691D4E362590B9CC500BA18447362C87F135F2134660E2ECFFE5A6;2025-02-05 18:41:18.983;TELEFÔNICO;NÃO;TERCEIRO;CASA ONDE RESIDE A VÍTIMA E O SUSPEITO;BR | BRASIL;RS;4305173 | CERRO GRANDE DO SUL;DIARIAMENTE;HÁ MAIS DE SEIS MESES;3;VIOLÊNCIA CONTRA CRIANÇA OU ADOLESCENTE;;OUTROS;PESSOA FÍSICA;FEMININO;;09 ANOS;BR | BRASIL;;;;;NÃO;;;BR | BRASIL;RS;4305173 | CERRO GRANDE DO SUL;;;;BRANCA;;;PESSOA FÍSICA;FEMININO;NÃO;35 A 39 ANOS;BR | BRASIL;;;;;NÃO;;NÃO;BR | BRASIL;RS;4305173 | CERRO GRANDE DO SUL;OUTROS NÃO LISTADOS;;;BRANCA;;;;;;;LIBERDADE>DIREITOS INDIVIDUAIS>TRÁFICO DE CRIANÇAS - NACIONAL
ED8C7538D87D50019C55251E2EB442C7672BEADB072F41463358D4E2EB225EC0;2025-02-05 18:41:18.983;TELEFÔNICO;NÃO;TERCEIRO;CASA ONDE RESIDE A VÍTIMA E O SUSPEITO;BR | BRASIL;RS;4305173 | CERRO GRANDE DO SUL;DIARIAMENTE;HÁ MAIS DE SEIS MESES;3;VIOLÊNCIA CONTRA CRIANÇA OU ADOLESCENTE;OUTRO(S) ELEMENTO(S);OUTROS;PESSOA FÍSICA;MASCULINO;;MENOS DE 01 ANO;BR | BRASIL;;;;NÃO;NÃO;;;BR | BRASIL;RS;4305173 | CERRO GRANDE DO SUL;;;;BRANCA;;;PESSOA FÍSICA;FEMININO;NÃO;40 A 44 ANOS;BR | BRASIL;;;;NÃO;NÃO;;NÃO;BR | BRASIL;RS;4305173 | CERRO GRANDE DO SUL;ASSISTENTE SOCIAL;;;BRANCA;;;;;;;LIBERDADE>DIREITOS INDIVIDUAIS>TRÁFICO DE PESSOAS - INTERNACIONAL
A54F5AC43A4AD47361323229364585C39D6954D041E119C058F554ED34BCA2A6;2025-02-05 18:41:18.983;TELEFÔNICO;NÃO;TERCEIRO;CASA ONDE RESIDE A VÍTIMA E O SUSPEITO;BR | BRASIL;RS;4305173 | CERRO GRANDE DO SUL;DIARIAMENTE;HÁ MAIS DE SEIS MESES;3;VIOLÊNCIA CONTRA CRIANÇA OU ADOLESCENTE;;OUTROS;PESSOA FÍSICA;FEMININO;;09 ANOS;BR | BRASIL;;;;;NÃO;;;BR | BRASIL;RS;4305173 | CERRO GRANDE DO SUL;;;;BRANCA;;;PESSOA FÍSICA;FEMININO;NÃO;50 A 54 ANOS;BR | BRASIL;;;;;NÃO;;NÃO;BR | BRASIL;RS;4305173 | CERRO GRANDE DO SUL;ASSISTENTE SOCIAL;;;BRANCA;;;;;;;LIBERDADE>DIREITOS INDIVIDUAIS>TRÁFICO DE CRIANÇAS - NACIONAL
3F82BC1565244F2C722183BB64267153BAF51D9BE35031FD785CF6D93B5728E8;2025-02-05 18:41:18.983;TELEFÔNICO;NÃO;TERCEIRO;CASA ONDE RESIDE A VÍTIMA E O SUSPEITO;BR | BRASIL;RS;4305173 | CERRO GRANDE DO SUL;DIARIAMENTE;HÁ MAIS DE SEIS MESES;3;VIOLÊNCIA CONTRA CRIANÇA OU ADOLESCENTE;;OUTROS;PESSOA FÍSICA;MASCULINO;;MENOS DE 01 ANO;BR | BRASIL;;;;;NÃO;;;BR | BRASIL;RS;4305173 | CERRO GRANDE DO SUL;;;;BRANCA;;;PESSOA FÍSICA;FEMININO;NÃO;35 A 39 ANOS;BR | BRASIL;;;;;NÃO;;NÃO;BR | BRASIL;RS;4305173 | CERRO GRANDE DO SUL;OUTROS NÃO LISTADOS;;;BRANCA;;;;;;;LIBERDADE>DIREITOS INDIVIDUAIS>TRÁFICO DE PESSOAS - NACIONAL
F4BB258CB89E7BE8FC68D3A48588E0F4D10D7E80396EABC4C89238B7AC60703B;2025-02-05 18:41:18.983;TELEFÔNICO;NÃO;TERCEIRO;CASA ONDE RESIDE A VÍTIMA E O SUSPEITO;BR | BRASIL;RS;4305173 | CERRO GRANDE DO SUL;DIARIAMENTE;HÁ MAIS DE SEIS MESES;3;VIOLÊNCIA CONTRA CRIANÇA OU ADOLESCENTE;;OUTROS;PESSOA FÍSICA;FEMININO;;06 ANOS;BR | BRASIL;;;;;NÃO;;;BR | BRASIL;RS;4305173 | CERRO GRANDE DO SUL;;;;PARDA;;;PESSOA FÍSICA;FEMININO;NÃO;45 A 49 ANOS;BR | BRASIL;;;;;NÃO;;NÃO;BR | BRASIL;RS;4305173 | CERRO GRANDE DO SUL;OUTROS NÃO LISTADOS;;;BRANCA;;;;;;;LIBERDADE>DIREITOS INDIVIDUAIS>TRÁFICO DE CRIANÇAS - NACIONAL
A54F5AC43A4AD47361323229364585C39D6954D041E119C058F554ED34BCA2A6;2025-02-05 18:41:18.983;TELEFÔNICO;NÃO;TERCEIRO;CASA ONDE RESIDE A VÍTIMA E O SUSPEITO;BR | BRASIL;RS;4305173 | CERRO GRANDE DO SUL;DIARIAMENTE;HÁ MAIS DE SEIS MESES;3;VIOLÊNCIA CONTRA CRIANÇA OU ADOLESCENTE;OUTRO(S) ELEMENTO(S);OUTROS;PESSOA FÍSICA;FEMININO;;09 ANOS;BR | BRASIL;;;;NÃO;NÃO;;;BR | BRASIL;RS;4305173 | CERRO GRANDE DO SUL;;;;BRANCA;;;PESSOA FÍSICA;FEMININO;NÃO;50 A 54 ANOS;BR | BRASIL;;;;NÃO;NÃO;;NÃO;BR | BRASIL;RS;4305173 | CERRO GRANDE DO SUL;ASSISTENTE SOCIAL;;;BRANCA;;;;;;;LIBERDADE>DIREITOS INDIVIDUAIS>TRÁFICO DE CRIANÇAS - INTERNACIONAL
BFCAA172637D7C20A762329B9D66F2ACF2FF229FC6521BA39848CB41BD45ED90;2025-02-05 18:41:18.983;TELEFÔNICO;NÃO;TERCEIRO;CASA ONDE RESIDE A VÍTIMA E O SUSPEITO;BR | BRASIL;RS;4305173 | CERRO GRANDE DO SUL;DIARIAMENTE;HÁ MAIS DE SEIS MESES;3;VIOLÊNCIA CONTRA CRIANÇA OU ADOLESCENTE;OUTRO(S) ELEMENTO(S);OUTROS;PESSOA FÍSICA;FEMININO;;06 ANOS;BR | BRASIL;;;;NÃO;NÃO;;;BR | BRASIL;RS;4305173 | CERRO GRANDE DO SUL;;;;PARDA;;;PESSOA FÍSICA;FEMININO;NÃO;35 A 39 ANOS;BR | BRASIL;;;;NÃO;NÃO;;NÃO;BR | BRASIL;RS;4305173 | CERRO GRANDE DO SUL;OUTROS NÃO LISTADOS;;;BRANCA;;;;;;;LIBERDADE>DIREITOS INDIVIDUAIS>TRÁFICO DE CRIANÇAS - INTERNACIONAL
FCA205BC8E65E6DC00CC6B22053CE685F810CCE9CB783AAAD6B96BB092F173D3;2025-02-05 18:41:18.983;TELEFÔNICO;NÃO;TERCEIRO;CASA ONDE RESIDE A VÍTIMA E O SUSPEITO;BR | BRASIL;RS;4305173 | CERRO GRANDE DO SUL;DIARIAMENTE;HÁ MAIS DE SEIS MESES;3;VIOLÊNCIA CONTRA CRIANÇA OU ADOLESCENTE;OUTRO(S) ELEMENTO(S);OUTROS;PESSOA FÍSICA;FEMININO;;09 ANOS;BR | BRASIL;;;;NÃO;NÃO;;;BR | BRASIL;RS;4305173 | CERRO GRANDE DO SUL;;;;BRANCA;;;PESSOA FÍSICA;FEMININO;NÃO;40 A 44 ANOS;BR | BRASIL;;;;NÃO;NÃO;;NÃO;BR | BRASIL;RS;4305173 | CERRO GRANDE DO SUL;ASSISTENTE SOCIAL;;;BRANCA;;;;;;;LIBERDADE>DIREITOS INDIVIDUAIS>TRÁFICO DE CRIANÇAS - INTERNACIONAL
F4BB258CB89E7BE8FC68D3A48588E0F4D10D7E80396EABC4C89238B7AC60703B;2025-02-05 18:41:18.983;TELEFÔNICO;NÃO;TERCEIRO;CASA ONDE RESIDE A VÍTIMA E O SUSPEITO;BR | BRASIL;RS;4305173 | CERRO GRANDE DO SUL;DIARIAMENTE;HÁ MAIS DE SEIS MESES;3;VIOLÊNCIA CONTRA CRIANÇA OU ADOLESCENTE;OUTRO(S) ELEMENTO(S);OUTROS;PESSOA FÍSICA;FEMININO;;06 ANOS;BR | BRASIL;;;;NÃO;NÃO;;;BR | BRASIL;RS;4305173 | CERRO GRANDE DO SUL;;;;PARDA;;;PESSOA FÍSICA;FEMININO;NÃO;45 A 49 ANOS;BR | BRASIL;;;;NÃO;NÃO;;NÃO;BR | BRASIL;RS;4305173 | CERRO GRANDE DO SUL;OUTROS NÃO LISTADOS;;;BRANCA;;;;;;;LIBERDADE>DIREITOS INDIVIDUAIS>TRÁFICO DE CRIANÇAS - INTERNACIONAL
8EB23159F817C7FAC6A2946D5FD6C0989F8EB13D3A7F144305CEAF7DC0AE1142;2025-02-05 18:41:18.983;TELEFÔNICO;NÃO;TERCEIRO;CASA ONDE RESIDE A VÍTIMA E O SUSPEITO;BR | BRASIL;RS;4305173 | CERRO GRANDE DO SUL;DIARIAMENTE;HÁ MAIS DE SEIS MESES;3;VIOLÊNCIA CONTRA CRIANÇA OU ADOLESCENTE;;OUTROS;PESSOA FÍSICA;FEMININO;;02 ANOS;BR | BRASIL;;;;;NÃO;;;BR | BRASIL;RS;4305173 | CERRO GRANDE DO SUL;;;;BRANCA;;;PESSOA FÍSICA;FEMININO;NÃO;50 A 54 ANOS;BR | BRASIL;;;;;NÃO;;NÃO;BR | BRASIL;RS;4305173 | CERRO GRANDE DO SUL;ASSISTENTE SOCIAL;;;BRANCA;;;;;;;LIBERDADE>DIREITOS INDIVIDUAIS>TRÁFICO DE CRIANÇAS - NACIONAL
5C0D4E1A5B6DD992E18877D554C65377B049997D00B2D2EA72D240EFB9AC9180;2025-02-05 18:41:18.983;TELEFÔNICO;NÃO;TERCEIRO;CASA ONDE RESIDE A VÍTIMA E O SUSPEITO;BR | BRASIL;RS;4305173 | CERRO GRANDE DO SUL;DIARIAMENTE;HÁ MAIS DE SEIS MESES;3;VIOLÊNCIA CONTRA CRIANÇA OU ADOLESCENTE;;OUTROS;PESSOA FÍSICA;FEMININO;;09 ANOS;BR | BRASIL;;;;;NÃO;;;BR | BRASIL;RS;4305173 | CERRO GRANDE DO SUL;;;;BRANCA;;;PESSOA FÍSICA;FEMININO;NÃO;50 A 54 ANOS;BR | BRASIL;;;;;NÃO;;NÃO;BR | BRASIL;RS;4305173 | CERRO GRANDE DO SUL;OUTROS NÃO LISTADOS;;;BRANCA;;;;;;;LIBERDADE>DIREITOS INDIVIDUAIS>TRÁFICO DE CRIANÇAS - NACIONAL
FAFC97934E783614C280FC3B55F48A6E1070CE00DC8B166444AA9F4C310F5CFE;2025-02-05 18:41:18.983;TELEFÔNICO;NÃO;TERCEIRO;CASA ONDE RESIDE A VÍTIMA E O SUSPEITO;BR | BRASIL;RS;4305173 | CERRO GRANDE DO SUL;DIARIAMENTE;HÁ MAIS DE SEIS MESES;3;VIOLÊNCIA CONTRA CRIANÇA OU ADOLESCENTE;OUTRO(S) ELEMENTO(S);OUTROS;PESSOA FÍSICA;MASCULINO;;MENOS DE 01 ANO;BR | BRASIL;;;;NÃO;NÃO;;;BR | BRASIL;RS;4305173 | CERRO GRANDE DO SUL;;;;BRANCA;;;PESSOA FÍSICA;FEMININO;NÃO;40 A 44 ANOS;BR | BRASIL;;;;NÃO;NÃO;;NÃO;BR | BRASIL;RS;4305173 | CERRO GRANDE DO SUL;CONSELHEIRO TUTELAR;;;PRETA;;;;;;;LIBERDADE>DIREITOS INDIVIDUAIS>TRÁFICO DE PESSOAS - INTERNACIONAL
595507DE892D950C899B4BA62C1A80DFF61BDD57C6CBD6DE799A67B528862311;2025-02-05 18:41:18.983;TELEFÔNICO;NÃO;TERCEIRO;CASA ONDE RESIDE A VÍTIMA E O SUSPEITO;BR | BRASIL;RS;4305173 | CERRO GRANDE DO SUL;DIARIAMENTE;HÁ MAIS DE SEIS MESES;3;VIOLÊNCIA CONTRA CRIANÇA OU ADOLESCENTE;;OUTROS;PESSOA FÍSICA;FEMININO;;02 ANOS;BR | BRASIL;;;;;NÃO;;;BR | BRASIL;RS;4305173 | CERRO GRANDE DO SUL;;;;BRANCA;;;PESSOA FÍSICA;FEMININO;NÃO;45 A 49 ANOS;BR | BRASIL;;;;;NÃO;;NÃO;BR | BRASIL;RS;4305173 | CERRO GRANDE DO SUL;OUTROS NÃO LISTADOS;;;BRANCA;;;;;;;LIBERDADE>DIREITOS INDIVIDUAIS>TRÁFICO DE CRIANÇAS - NACIONAL
C8D762446DB7A514E570380FFC738CE79823E099CFFAE4123FFAAD3596FD7EC1;2025-02-05 18:41:18.983;TELEFÔNICO;NÃO;TERCEIRO;CASA ONDE RESIDE A VÍTIMA E O SUSPEITO;BR | BRASIL;RS;4305173 | CERRO GRANDE DO SUL;DIARIAMENTE;HÁ MAIS DE SEIS MESES;3;VIOLÊNCIA CONTRA CRIANÇA OU ADOLESCENTE;;OUTROS;PESSOA FÍSICA;MASCULINO;;MENOS DE 01 ANO;BR | BRASIL;;;;;NÃO;;;BR | BRASIL;RS;4305173 | CERRO GRANDE DO SUL;;;;BRANCA;;;PESSOA FÍSICA;FEMININO;NÃO;45 A 49 ANOS;BR | BRASIL;;;;;NÃO;;NÃO;BR | BRASIL;RS;4305173 | CERRO GRANDE DO SUL;OUTROS NÃO LISTADOS;;;BRANCA;;;;;;;LIBERDADE>DIREITOS INDIVIDUAIS>TRÁFICO DE PESSOAS - NACIONAL
AEF95E23EF7B4D76D8F4A7388F42F9C3E1BBEC07F3F1CDA3904AFE272811A618;2025-02-05 18:41:18.983;TELEFÔNICO;NÃO;TERCEIRO;CASA ONDE RESIDE A VÍTIMA E O SUSPEITO;BR | BRASIL;RS;4305173 | CERRO GRANDE DO SUL;DIARIAMENTE;HÁ MAIS DE SEIS MESES;3;VIOLÊNCIA CONTRA CRIANÇA OU ADOLESCENTE;;OUTROS;PESSOA FÍSICA;FEMININO;;02 ANOS;BR | BRASIL;;;;;NÃO;;;BR | BRASIL;RS;4305173 | CERRO GRANDE DO SUL;;;;BRANCA;;;PESSOA FÍSICA;FEMININO;NÃO;50 A 54 ANOS;BR | BRASIL;;;;;NÃO;;NÃO;BR | BRASIL;RS;4305173 | CERRO GRANDE DO SUL;OUTROS NÃO LISTADOS;;;BRANCA;;;;;;;LIBERDADE>DIREITOS INDIVIDUAIS>TRÁFICO DE CRIANÇAS - NACIONAL
8EB23159F817C7FAC6A2946D5FD6C0989F8EB13D3A7F144305CEAF7DC0AE1142;2025-02-05 18:41:18.983;TELEFÔNICO;NÃO;TERCEIRO;CASA ONDE RESIDE A VÍTIMA E O SUSPEITO;BR | BRASIL;RS;4305173 | CERRO GRANDE DO SUL;DIARIAMENTE;HÁ MAIS DE SEIS MESES;3;VIOLÊNCIA CONTRA CRIANÇA OU ADOLESCENTE;OUTRO(S) ELEMENTO(S);OUTROS;PESSOA FÍSICA;FEMININO;;02 ANOS;BR | BRASIL;;;;NÃO;NÃO;;;BR | BRASIL;RS;4305173 | CERRO GRANDE DO SUL;;;;BRANCA;;;PESSOA FÍSICA;FEMININO;NÃO;50 A 54 ANOS;BR | BRASIL;;;;NÃO;NÃO;;NÃO;BR | BRASIL;RS;4305173 | CERRO GRANDE DO SUL;ASSISTENTE SOCIAL;;;BRANCA;;;;;;;LIBERDADE>DIREITOS INDIVIDUAIS>TRÁFICO DE CRIANÇAS - INTERNACIONAL
ED8C7538D87D50019C55251E2EB442C7672BEADB072F41463358D4E2EB225EC0;2025-02-05 18:41:18.983;TELEFÔNICO;NÃO;TERCEIRO;CASA ONDE RESIDE A VÍTIMA E O SUSPEITO;BR | BRASIL;RS;4305173 | CERRO GRANDE DO SUL;DIARIAMENTE;HÁ MAIS DE SEIS MESES;3;VIOLÊNCIA CONTRA CRIANÇA OU ADOLESCENTE;;OUTROS;PESSOA FÍSICA;MASCULINO;;MENOS DE 01 ANO;BR | BRASIL;;;;;NÃO;;;BR | BRASIL;RS;4305173 | CERRO GRANDE DO SUL;;;;BRANCA;;;PESSOA FÍSICA;FEMININO;NÃO;40 A 44 ANOS;BR | BRASIL;;;;;NÃO;;NÃO;BR | BRASIL;RS;4305173 | CERRO GRANDE DO SUL;ASSISTENTE SOCIAL;;;BRANCA;;;;;;;LIBERDADE>DIREITOS INDIVIDUAIS>TRÁFICO DE PESSOAS - NACIONAL
BFCAA172637D7C20A762329B9D66F2ACF2FF229FC6521BA39848CB41BD45ED90;2025-02-05 18:41:18.983;TELEFÔNICO;NÃO;TERCEIRO;CASA ONDE RESIDE A VÍTIMA E O SUSPEITO;BR | BRASIL;RS;4305173 | CERRO GRANDE DO SUL;DIARIAMENTE;HÁ MAIS DE SEIS MESES;3;VIOLÊNCIA CONTRA CRIANÇA OU ADOLESCENTE;;OUTROS;PESSOA FÍSICA;FEMININO;;06 ANOS;BR | BRASIL;;;;;NÃO;;;BR | BRASIL;RS;4305173 | CERRO GRANDE DO SUL;;;;PARDA;;;PESSOA FÍSICA;FEMININO;NÃO;35 A 39 ANOS;BR | BRASIL;;;;;NÃO;;NÃO;BR | BRASIL;RS;4305173 | CERRO GRANDE DO SUL;OUTROS NÃO LISTADOS;;;BRANCA;;;;;;;LIBERDADE>DIREITOS INDIVIDUAIS>TRÁFICO DE CRIANÇAS - NACIONAL
C8D762446DB7A514E570380FFC738CE79823E099CFFAE4123FFAAD3596FD7EC1;2025-02-05 18:41:18.983;TELEFÔNICO;NÃO;TERCEIRO;CASA ONDE RESIDE A VÍTIMA E O SUSPEITO;BR | BRASIL;RS;4305173 | CERRO GRANDE DO SUL;DIARIAMENTE;HÁ MAIS DE SEIS MESES;3;VIOLÊNCIA CONTRA CRIANÇA OU ADOLESCENTE;OUTRO(S) ELEMENTO(S);OUTROS;PESSOA FÍSICA;MASCULINO;;MENOS DE 01 ANO;BR | BRASIL;;;;NÃO;NÃO;;;BR | BRASIL;RS;4305173 | CERRO GRANDE DO SUL;;;;BRANCA;;;PESSOA FÍSICA;FEMININO;NÃO;45 A 49 ANOS;BR | BRASIL;;;;NÃO;NÃO;;NÃO;BR | BRASIL;RS;4305173 | CERRO GRANDE DO SUL;OUTROS NÃO LISTADOS;;;BRANCA;;;;;;;LIBERDADE>DIREITOS INDIVIDUAIS>TRÁFICO DE PESSOAS - INTERNACIONAL
E42E085226691D4E362590B9CC500BA18447362C87F135F2134660E2ECFFE5A6;2025-02-05 18:41:18.983;TELEFÔNICO;NÃO;TERCEIRO;CASA ONDE RESIDE A VÍTIMA E O SUSPEITO;BR | BRASIL;RS;4305173 | CERRO GRANDE DO SUL;DIARIAMENTE;HÁ MAIS DE SEIS MESES;3;VIOLÊNCIA CONTRA CRIANÇA OU ADOLESCENTE;OUTRO(S) ELEMENTO(S);OUTROS;PESSOA FÍSICA;FEMININO;;09 ANOS;BR | BRASIL;;;;NÃO;NÃO;;;BR | BRASIL;RS;4305173 | CERRO GRANDE DO SUL;;;;BRANCA;;;PESSOA FÍSICA;FEMININO;NÃO;35 A 39 ANOS;BR | BRASIL;;;;NÃO;NÃO;;NÃO;BR | BRASIL;RS;4305173 | CERRO GRANDE DO SUL;OUTROS NÃO LISTADOS;;;BRANCA;;;;;;;LIBERDADE>DIREITOS INDIVIDUAIS>TRÁFICO DE CRIANÇAS - INTERNACIONAL
DB8FC71B0D8A3F4610B10AB3CBBF2D9C9B88091775FB85BCC215E618298A382C;2025-02-05 18:41:18.983;TELEFÔNICO;NÃO;TERCEIRO;CASA ONDE RESIDE A VÍTIMA E O SUSPEITO;BR | BRASIL;RS;4305173 | CERRO GRANDE DO SUL;DIARIAMENTE;HÁ MAIS DE SEIS MESES;3;VIOLÊNCIA CONTRA CRIANÇA OU ADOLESCENTE;OUTRO(S) ELEMENTO(S);OUTROS;PESSOA FÍSICA;MASCULINO;;MENOS DE 01 ANO;BR | BRASIL;;;;NÃO;NÃO;;;BR | BRASIL;RS;4305173 | CERRO GRANDE DO SUL;;;;BRANCA;;;PESSOA FÍSICA;FEMININO;NÃO;50 A 54 ANOS;BR | BRASIL;;;;NÃO;NÃO;;NÃO;BR | BRASIL;RS;4305173 | CERRO GRANDE DO SUL;OUTROS NÃO LISTADOS;;;BRANCA;;;;;;;LIBERDADE>DIREITOS INDIVIDUAIS>TRÁFICO DE PESSOAS - INTERNACIONAL
E523638796805AFE53BC323B15B8E492A6E22417A9F3D45A0C031C6E7B3C9CD4;2025-02-05 18:41:18.983;TELEFÔNICO;NÃO;TERCEIRO;CASA ONDE RESIDE A VÍTIMA E O SUSPEITO;BR | BRASIL;RS;4305173 | CERRO GRANDE DO SUL;DIARIAMENTE;HÁ MAIS DE SEIS MESES;3;VIOLÊNCIA CONTRA CRIANÇA OU ADOLESCENTE;OUTRO(S) ELEMENTO(S);OUTROS;PESSOA FÍSICA;FEMININO;;06 ANOS;BR | BRASIL;;;;NÃO;NÃO;;;BR | BRASIL;RS;4305173 | CERRO GRANDE DO SUL;;;;PARDA;;;PESSOA FÍSICA;FEMININO;NÃO;40 A 44 ANOS;BR | BRASIL;;;;NÃO;NÃO;;NÃO;BR | BRASIL;RS;4305173 | CERRO GRANDE DO SUL;ASSISTENTE SOCIAL;;;BRANCA;;;;;;;LIBERDADE>DIREITOS INDIVIDUAIS>TRÁFICO DE CRIANÇAS - INTERNACIONAL
FAFC97934E783614C280FC3B55F48A6E1070CE00DC8B166444AA9F4C310F5CFE;2025-02-05 18:41:18.983;TELEFÔNICO;NÃO;TERCEIRO;CASA ONDE RESIDE A VÍTIMA E O SUSPEITO;BR | BRASIL;RS;4305173 | CERRO GRANDE DO SUL;DIARIAMENTE;HÁ MAIS DE SEIS MESES;3;VIOLÊNCIA CONTRA CRIANÇA OU ADOLESCENTE;;OUTROS;PESSOA FÍSICA;MASCULINO;;MENOS DE 01 ANO;BR | BRASIL;;;;;NÃO;;;BR | BRASIL;RS;4305173 | CERRO GRANDE DO SUL;;;;BRANCA;;;PESSOA FÍSICA;FEMININO;NÃO;40 A 44 ANOS;BR | BRASIL;;;;;NÃO;;NÃO;BR | BRASIL;RS;4305173 | CERRO GRANDE DO SUL;CONSELHEIRO TUTELAR;;;PRETA;;;;;;;LIBERDADE>DIREITOS INDIVIDUAIS>TRÁFICO DE PESSOAS - NACIONAL
943E8E50C3C56A6C79500DF46AF2034096759D1E5AE63C1A335C2F377623C7AF;2025-02-06 13:57:13.760;TELEFÔNICO;NÃO;TERCEIRO;AMBIENTE VIRTUAL (NO ÂMBITO DA INTERNET);BR | BRASIL;MT;5103403 | CUIABÁ;DIARIAMENTE;HÁ MAIS DE UM ANO;1;VIOLÊNCIA CONTRA CIDADÃO, FAMÍLIA OU COMUNIDADE;;DESCONHECIDO(A);COMUNIDADE/FAMÍLIA;;;35 A 39 ANOS;BR | BRASIL;;;;;;;;BR | BRASIL;DENUNCIANTE NÃO SOUBE INFORMAR;DENUNCIANTE NÃO SOUBE INFORMAR;;;NÃO SABE;NÃO INFORMADO;;;PESSOA FÍSICA;MASCULINO;NÃO;35 A 39 ANOS;BR | BRASIL;;;;;NÃO;;NÃO INFORMADO;BR | BRASIL;MT;5103403 | CUIABÁ;TRABALHADOR DO SETOR DO COMÉRCIO (AMBULANTE, VAREJISTA, ATACADISTA);;NÃO SABE;PRETA;;;;;;;LIBERDADE>DIREITOS INDIVIDUAIS>TRÁFICO DE PESSOAS - NACIONAL
6EA55868DDD9E69DAE168D43427D99AD4C38A14403A48A9777A8A371E3636A5F;2025-02-11 15:41:29.260;TELEFÔNICO;NÃO;TERCEIRO;CASA ONDE RESIDE A VÍTIMA E O SUSPEITO;BR | BRASIL;SP;3511607 | CESÁRIO LANGE;DIARIAMENTE;HÁ MAIS DE UM ANO;1;VIOLÊNCIA CONTRA A MULHER;;EMPREGADOR/PATRÃO (HIERARQUICAMENTE SUPERIOR);PESSOA FÍSICA;FEMININO;NÃO;20 A 24 ANOS;BR | BRASIL;;;;;NÃO;;NÃO;BR | BRASIL;SP;3511607 | CESÁRIO LANGE;;;;NÃO INFORMADO;;;PESSOA FÍSICA;FEMININO;NÃO;45 A 49 ANOS;BR | BRASIL;;;;;NÃO;;NÃO;BR | BRASIL;SP;3511607 | CESÁRIO LANGE;OUTROS NÃO LISTADOS;;;PRETA;;;;;;;LIBERDADE>DIREITOS INDIVIDUAIS>TRÁFICO DE MULHERES - NACIONAL
70337468A8E0CCC1BCF64A5C150623E39514A647668E2FDC44681B6210D30392;2025-02-15 13:31:54.357;TELEFÔNICO;NÃO;TERCEIRO;CASA DO SUSPEITO;BR | BRASIL;AM;1302900 | MAUÉS;DIARIAMENTE;HÁ MAIS DE UM ANO;1;VIOLÊNCIA CONTRA CRIANÇA OU ADOLESCENTE;OUTRO(S) ELEMENTO(S);DESCONHECIDO(A);COMUNIDADE/FAMÍLIA;;;CRIANÇA/ADOLESCENTE IDADE NÃO INFORMADA;BR | BRASIL;;;;;;;;BR | BRASIL;AM;1302900 | MAUÉS;;;;NÃO INFORMADO;;;PESSOA FÍSICA;MASCULINO;NÃO;50 A 54 ANOS;BR | BRASIL;;;;NÃO;NÃO;;NÃO;BR | BRASIL;AM;1302900 | MAUÉS;NÃO SABE INFORMAR;;;PARDA;;;;;;;LIBERDADE>DIREITOS INDIVIDUAIS>TRÁFICO DE CRIANÇAS - NACIONAL
CB8C6B3F78E28837E9CD60C44B9E7E66AE97E824678746EB851C89F4602BCE50;2025-02-15 15:55:03.643;TELEFÔNICO;NÃO;TERCEIRO;CASA DO SUSPEITO;BR | BRASIL;PE;2613305 | SÃO JOAQUIM DO MONTE;ÚNICA OCORRÊNCIA;NÃO SE APLICA;1;VIOLÊNCIA CONTRA CRIANÇA OU ADOLESCENTE;;MÃE;PESSOA FÍSICA;MASCULINO;;MENOS DE 01 ANO;BR | BRASIL;;;;;NÃO;;;BR | BRASIL;SP;DENUNCIANTE NÃO SOUBE INFORMAR;;;;BRANCA;;;PESSOA FÍSICA;FEMININO;NÃO;30 A 34 ANOS;BR | BRASIL;;;;;NÃO;;NÃO;BR | BRASIL;PE;2613305 | SÃO JOAQUIM DO MONTE;NÃO SABE INFORMAR;;;PARDA;;;;;;;LIBERDADE>DIREITOS INDIVIDUAIS>TRÁFICO DE CRIANÇAS - NACIONAL
D878E9B880548BABE8ABAB1E7F387FD78ED24897F13F6CE546F5030E28B3F932;2025-02-17 12:47:29.307;WHATSAPP;RISCO IMINENTE DE MORTE DA VÍTIMA;A PRÓPRIA VÍTIMA;LOCAL DE TRABALHO DO AGRESSOR;BR | BRASIL;PR;4106902 | CURITIBA;ÚNICA OCORRÊNCIA;NÃO SE APLICA;2;VIOLÊNCIA CONTRA A MULHER;;PRESTADOR(A) DE SERVIÇO;PESSOA FÍSICA;FEMININO;NÃO;20 A 24 ANOS;BR | BRASIL;;;;;NÃO;;NÃO;BR | BRASIL;PR;4106902 | CURITIBA;;;;BRANCA;;;PESSOA JURÍDICA DE DIREITO PRIVADO;;;;BR | BRASIL;;;;;;;;BR | BRASIL;PR;4106902 | CURITIBA;;;;;;;;OUTRAS ATIVIDADES DE SERVIÇOS;;;LIBERDADE>DIREITOS INDIVIDUAIS>TRÁFICO DE MULHERES - INTERNACIONAL
4074FA30A2D1C4CB5B97F5C42A2B16D1DC39A105FCA7F53F8139B8B3DBAD1C9D;2025-02-17 12:47:29.307;WHATSAPP;RISCO IMINENTE DE MORTE DA VÍTIMA;A PRÓPRIA VÍTIMA;LOCAL DE TRABALHO DO AGRESSOR;BR | BRASIL;PR;4106902 | CURITIBA;NÃO SABE INFORMAR;NÃO SABE INFORMAR;2;VIOLÊNCIA CONTRA A MULHER;;PRESTADOR(A) DE SERVIÇO;PESSOA FÍSICA;FEMININO;NÃO;25 A 29 ANOS;BR | BRASIL;;;;;NÃO;;NÃO;BR | BRASIL;DENUNCIANTE NÃO SOUBE INFORMAR;DENUNCIANTE NÃO SOUBE INFORMAR;;;;NÃO INFORMADO;;;PESSOA JURÍDICA DE DIREITO PRIVADO;;;;BR | BRASIL;;;;;;;;BR | BRASIL;PR;4106902 | CURITIBA;;;;;;;;OUTRAS ATIVIDADES DE SERVIÇOS;;;LIBERDADE>DIREITOS INDIVIDUAIS>TRÁFICO DE PESSOAS - INTERNACIONAL
D878E9B880548BABE8ABAB1E7F387FD78ED24897F13F6CE546F5030E28B3F932;2025-02-17 12:47:29.307;WHATSAPP;RISCO IMINENTE DE MORTE DA VÍTIMA;A PRÓPRIA VÍTIMA;LOCAL DE TRABALHO DO AGRESSOR;BR | BRASIL;PR;4106902 | CURITIBA;ÚNICA OCORRÊNCIA;NÃO SE APLICA;2;VIOLÊNCIA CONTRA A MULHER;;PRESTADOR(A) DE SERVIÇO;PESSOA FÍSICA;FEMININO;NÃO;20 A 24 ANOS;BR | BRASIL;;;;;NÃO;;NÃO;BR | BRASIL;PR;4106902 | CURITIBA;;;;BRANCA;;;PESSOA JURÍDICA DE DIREITO PRIVADO;;;;BR | BRASIL;;;;;;;;BR | BRASIL;PR;4106902 | CURITIBA;;;;;;;;OUTRAS ATIVIDADES DE SERVIÇOS;;;LIBERDADE>DIREITOS INDIVIDUAIS>TRÁFICO DE PESSOAS - INTERNACIONAL
4074FA30A2D1C4CB5B97F5C42A2B16D1DC39A105FCA7F53F8139B8B3DBAD1C9D;2025-02-17 12:47:29.307;WHATSAPP;RISCO IMINENTE DE MORTE DA VÍTIMA;A PRÓPRIA VÍTIMA;LOCAL DE TRABALHO DO AGRESSOR;BR | BRASIL;PR;4106902 | CURITIBA;NÃO SABE INFORMAR;NÃO SABE INFORMAR;2;VIOLÊNCIA CONTRA A MULHER;;PRESTADOR(A) DE SERVIÇO;PESSOA FÍSICA;FEMININO;NÃO;25 A 29 ANOS;BR | BRASIL;;;;;NÃO;;NÃO;BR | BRASIL;DENUNCIANTE NÃO SOUBE INFORMAR;DENUNCIANTE NÃO SOUBE INFORMAR;;;;NÃO INFORMADO;;;PESSOA JURÍDICA DE DIREITO PRIVADO;;;;BR | BRASIL;;;;;;;;BR | BRASIL;PR;4106902 | CURITIBA;;;;;;;;OUTRAS ATIVIDADES DE SERVIÇOS;;;LIBERDADE>DIREITOS INDIVIDUAIS>TRÁFICO DE MULHERES - INTERNACIONAL
A22E204D62F3FC96D399B9D3B2A6F360FBE74D2A12B6081ED8AE6110EF37F03E;2025-02-17 13:33:28.210;TELEFÔNICO;NÃO;TERCEIRO;OUTROS;BR | BRASIL;SP;3550308 | SÃO PAULO;DIARIAMENTE;HÁ MAIS DE UM ANO;1;VIOLÊNCIA CONTRA CIDADÃO, FAMÍLIA OU COMUNIDADE;;DESCONHECIDO(A);COMUNIDADE/FAMÍLIA;;;25 A 29 ANOS;BR | BRASIL;;;;;;;;BR | BRASIL;SP;3550308 | SÃO PAULO;;;;NÃO INFORMADO;;;PESSOA FÍSICA;MASCULINO;NÃO;50 A 54 ANOS;BR | BRASIL;;;;;NÃO;;NÃO;BR | BRASIL;SP;3550308 | SÃO PAULO;NÃO SABE INFORMAR;;;AMARELA;;;;;;;LIBERDADE>DIREITOS INDIVIDUAIS>TRÁFICO DE PESSOAS - INTERNACIONAL
1D064EFB5EB281DAB0537253742566AE284CCD262C733C11ED70566BE10ED066;2025-02-25 13:17:15.227;TELEFÔNICO;NÃO;TERCEIRO;OUTROS;BR | BRASIL;GO;5201108 | ANÁPOLIS;DIARIAMENTE;HÁ UM MÊS;1;VIOLÊNCIA CONTRA CRIANÇA OU ADOLESCENTE;;LÍDER RELIGIOSO(A);PESSOA FÍSICA;FEMININO;NÃO;16 ANOS;BR | BRASIL;;;;;NÃO;;NÃO;BR | BRASIL;GO;5201108 | ANÁPOLIS;;ENSINO MÉDIO INCOMPLETO;;BRANCA;;;PESSOA JURÍDICA DE DIREITO PRIVADO;;;;BR | BRASIL;;;;;;;;BR | BRASIL;GO;5201108 | ANÁPOLIS;;;;;;;;OUTRAS ATIVIDADES DE SERVIÇOS;;;LIBERDADE>DIREITOS INDIVIDUAIS>TRÁFICO DE CRIANÇAS - NACIONAL
89887979303CFF4B16DB8002338775F3FCB17122E5B0F661CB8B4E61E6F6080A;2025-02-26 19:28:15.747;TELEFÔNICO;NÃO;TERCEIRO;CASA ONDE RESIDE A VÍTIMA E O SUSPEITO;BR | BRASIL;PR;4104006 | CAMPINA GRANDE DO SUL;NÃO SABE INFORMAR;HÁ MAIS DE UM ANO;1;VIOLÊNCIA CONTRA CRIANÇA OU ADOLESCENTE;;NÃO SABE INFORMAR;COMUNIDADE/FAMÍLIA;;;CRIANÇA/ADOLESCENTE IDADE NÃO INFORMADA;BR | BRASIL;;;;;;;;BR | BRASIL;PR;4104006 | CAMPINA GRANDE DO SUL;;;;NÃO INFORMADO;;;COMUNIDADE/FAMÍLIA;;;;BR | BRASIL;;;;;;;;BR | BRASIL;PR;4104006 | CAMPINA GRANDE DO SUL;;;;;;;;;;;LIBERDADE>DIREITOS INDIVIDUAIS>TRÁFICO DE CRIANÇAS - NACIONAL
7E51D45A5AB555BC6BC5653DA539C34AB9D469D90E5B23DA5C264508F69AB844;2025-02-27 23:09:23.963;TELEFÔNICO;NÃO;TERCEIRO;CASA ONDE RESIDE A VÍTIMA E O SUSPEITO;BR | BRASIL;MG;3103504 | ARAGUARI;DIARIAMENTE;HÁ MAIS DE UM ANO;1;VIOLÊNCIA CONTRA A MULHER;;COMPANHEIRO(A);PESSOA FÍSICA;FEMININO;NÃO;35 A 39 ANOS;BR | BRASIL;;;;;NÃO;;NÃO;BR | BRASIL;MG;3103504 | ARAGUARI;;;;PARDA;;;PESSOA FÍSICA;MASCULINO;NÃO;60 A 64 ANOS;BR | BRASIL;;;;;NÃO;;NÃO;BR | BRASIL;DENUNCIANTE NÃO SOUBE INFORMAR;DENUNCIANTE NÃO SOUBE INFORMAR;NÃO SABE INFORMAR;;;PARDA;;;;;;;LIBERDADE>DIREITOS INDIVIDUAIS>TRÁFICO DE MULHERES - INTERNACIONAL
4ED84443C798CFC3EFE65E0E603AFA18CAE5F9ABAC4403BD4C31EC76C2F4E431;2025-02-27 23:09:23.963;TELEFÔNICO;NÃO;TERCEIRO;CASA ONDE RESIDE A VÍTIMA E O SUSPEITO;BR | BRASIL;MG;3103504 | ARAGUARI;DIARIAMENTE;HÁ MAIS DE UM ANO;1;VIOLÊNCIA CONTRA A MULHER;;COMPANHEIRO(A);PESSOA FÍSICA;FEMININO;NÃO;35 A 39 ANOS;BR | BRASIL;;;;;NÃO;;NÃO;BR | BRASIL;MG;3103504 | ARAGUARI;;;;PARDA;;;PESSOA FÍSICA;MASCULINO;NÃO;25 A 29 ANOS;BR | BRASIL;;;;;NÃO;;NÃO;BR | BRASIL;MG;3103504 | ARAGUARI;NÃO SABE INFORMAR;;;BRANCA;;;;;;;LIBERDADE>DIREITOS INDIVIDUAIS>TRÁFICO DE MULHERES - INTERNACIONAL
6F0C8581F5605A945208E84EFE5A8FF3517F0346B240E466B3A6CE926D1A1A17;2025-02-27 23:09:23.963;TELEFÔNICO;NÃO;TERCEIRO;CASA ONDE RESIDE A VÍTIMA E O SUSPEITO;BR | BRASIL;MG;3103504 | ARAGUARI;DIARIAMENTE;HÁ MAIS DE UM ANO;1;VIOLÊNCIA CONTRA A MULHER;;COMPANHEIRO(A);PESSOA FÍSICA;FEMININO;NÃO;35 A 39 ANOS;BR | BRASIL;;;;;NÃO;;NÃO;BR | BRASIL;MG;3103504 | ARAGUARI;;;;PARDA;;;PESSOA FÍSICA;MASCULINO;NÃO;65 A 69 ANOS;BR | BRASIL;;;;;NÃO;;NÃO;BR | BRASIL;MG;3103504 | ARAGUARI;OUTROS NÃO LISTADOS;;;PRETA;;;;;;;LIBERDADE>DIREITOS INDIVIDUAIS>TRÁFICO DE MULHERES - INTERNACIONAL
140F86B5BA3A2BDB39F49A4B417F4B5270D7C6FBCF28AAB5A16A0077F310588E;2025-03-02 20:06:46.730;TELEFÔNICO;NÃO;TERCEIRO;CASA DO SUSPEITO;BR | BRASIL;DENUNCIANTE NÃO SOUBE INFORMAR;DENUNCIANTE NÃO SOUBE INFORMAR;NÃO SABE INFORMAR;NÃO SABE INFORMAR;1;VIOLÊNCIA CONTRA A MULHER;;OUTROS;PESSOA FÍSICA;FEMININO;NÃO;20 A 24 ANOS;BR | BRASIL;;;;;NÃO;;NÃO;BR | BRASIL;DENUNCIANTE NÃO SOUBE INFORMAR;DENUNCIANTE NÃO SOUBE INFORMAR;;;;NÃO INFORMADO;;;PESSOA FÍSICA;MASCULINO;NÃO;;BR | BRASIL;;;;;NÃO;;;BR | BRASIL;DENUNCIANTE NÃO SOUBE INFORMAR;DENUNCIANTE NÃO SOUBE INFORMAR;OUTROS NÃO LISTADOS;;;;;;;;;;LIBERDADE>DIREITOS INDIVIDUAIS>TRÁFICO DE MULHERES - NACIONAL
140F86B5BA3A2BDB39F49A4B417F4B5270D7C6FBCF28AAB5A16A0077F310588E;2025-03-02 20:06:46.730;TELEFÔNICO;NÃO;TERCEIRO;CASA DO SUSPEITO;BR | BRASIL;DENUNCIANTE NÃO SOUBE INFORMAR;DENUNCIANTE NÃO SOUBE INFORMAR;NÃO SABE INFORMAR;NÃO SABE INFORMAR;1;VIOLÊNCIA CONTRA A MULHER;;OUTROS;PESSOA FÍSICA;FEMININO;NÃO;20 A 24 ANOS;BR | BRASIL;;;;;NÃO;;NÃO;BR | BRASIL;DENUNCIANTE NÃO SOUBE INFORMAR;DENUNCIANTE NÃO SOUBE INFORMAR;;;;NÃO INFORMADO;;;PESSOA FÍSICA;MASCULINO;NÃO;;BR | BRASIL;;;;;NÃO;;;BR | BRASIL;DENUNCIANTE NÃO SOUBE INFORMAR;DENUNCIANTE NÃO SOUBE INFORMAR;OUTROS NÃO LISTADOS;;;;;;;;;;LIBERDADE>DIREITOS INDIVIDUAIS>TRÁFICO DE MULHERES - INTERNACIONAL
05CF1FF4F5BB70F357876F9252801AA4C99CA676AC9D9F2E114F72285D42D328;2025-03-03 12:21:29.137;TELEFÔNICO;NÃO;TERCEIRO;CASA ONDE RESIDE A VÍTIMA E O SUSPEITO;BR | BRASIL;MG;3136702 | JUIZ DE FORA;NÃO SABE INFORMAR;HÁ MAIS DE DEZ ANOS;1;VIOLÊNCIA CONTRA CRIANÇA OU ADOLESCENTE;;OUTROS;PESSOA FÍSICA;FEMININO;;CRIANÇA/ADOLESCENTE IDADE NÃO INFORMADA;BR | BRASIL;;;;;NÃO;;;BR | BRASIL;MG;3136702 | JUIZ DE FORA;;;;NÃO INFORMADO;;;PESSOA FÍSICA;FEMININO;NÃO;50 A 54 ANOS;BR | BRASIL;;;;;NÃO;;NÃO;BR | BRASIL;MG;3136702 | JUIZ DE FORA;OUTROS NÃO LISTADOS;;;PRETA;;;;;;;LIBERDADE>DIREITOS INDIVIDUAIS>TRÁFICO DE MULHERES - NACIONAL
837E7AA9132C815C6CC43B2D39CC816B73596A4696926E1901F9D70615559EDE;2025-03-03 12:21:29.137;TELEFÔNICO;NÃO;TERCEIRO;CASA ONDE RESIDE A VÍTIMA E O SUSPEITO;BR | BRASIL;MG;3136702 | JUIZ DE FORA;NÃO SABE INFORMAR;HÁ MAIS DE DEZ ANOS;1;VIOLÊNCIA CONTRA CRIANÇA OU ADOLESCENTE;;OUTROS;PESSOA FÍSICA;FEMININO;;CRIANÇA/ADOLESCENTE IDADE NÃO INFORMADA;BR | BRASIL;;;;;NÃO;;;BR | BRASIL;MG;3136702 | JUIZ DE FORA;;;;NÃO INFORMADO;;;PESSOA JURÍDICA DE DIREITO PRIVADO;;;;BR | BRASIL;;;;;;;;BR | BRASIL;MG;3136702 | JUIZ DE FORA;;;;;;;;SAÚDE HUMANA E SERVIÇOS SOCIAIS;;;LIBERDADE>DIREITOS INDIVIDUAIS>TRÁFICO DE MULHERES - NACIONAL
4FADF4B60659F0687A8E20E15CF6E6B23C8FFC6CA88AB93E9D9CFD0A0C578417;2025-03-03 12:21:29.137;TELEFÔNICO;NÃO;TERCEIRO;CASA ONDE RESIDE A VÍTIMA E O SUSPEITO;BR | BRASIL;MG;3136702 | JUIZ DE FORA;NÃO SABE INFORMAR;HÁ MAIS DE DEZ ANOS;1;VIOLÊNCIA CONTRA CRIANÇA OU ADOLESCENTE;;OUTROS;PESSOA FÍSICA;FEMININO;;CRIANÇA/ADOLESCENTE IDADE NÃO INFORMADA;BR | BRASIL;;;;;NÃO;;;BR | BRASIL;MG;3136702 | JUIZ DE FORA;;;;NÃO INFORMADO;;;PESSOA FÍSICA;FEMININO;NÃO;70 A 74 ANOS;BR | BRASIL;;;;;NÃO;;NÃO;BR | BRASIL;MG;3136702 | JUIZ DE FORA;OUTROS NÃO LISTADOS;;;PRETA;;;;;;;LIBERDADE>DIREITOS INDIVIDUAIS>TRÁFICO DE PESSOAS - NACIONAL
05CF1FF4F5BB70F357876F9252801AA4C99CA676AC9D9F2E114F72285D42D328;2025-03-03 12:21:29.137;TELEFÔNICO;NÃO;TERCEIRO;CASA ONDE RESIDE A VÍTIMA E O SUSPEITO;BR | BRASIL;MG;3136702 | JUIZ DE FORA;NÃO SABE INFORMAR;HÁ MAIS DE DEZ ANOS;1;VIOLÊNCIA CONTRA CRIANÇA OU ADOLESCENTE;;OUTROS;PESSOA FÍSICA;FEMININO;;CRIANÇA/ADOLESCENTE IDADE NÃO INFORMADA;BR | BRASIL;;;;;NÃO;;;BR | BRASIL;MG;3136702 | JUIZ DE FORA;;;;NÃO INFORMADO;;;PESSOA FÍSICA;FEMININO;NÃO;50 A 54 ANOS;BR | BRASIL;;;;;NÃO;;NÃO;BR | BRASIL;MG;3136702 | JUIZ DE FORA;OUTROS NÃO LISTADOS;;;PRETA;;;;;;;LIBERDADE>DIREITOS INDIVIDUAIS>TRÁFICO DE PESSOAS - NACIONAL
4FADF4B60659F0687A8E20E15CF6E6B23C8FFC6CA88AB93E9D9CFD0A0C578417;2025-03-03 12:21:29.137;TELEFÔNICO;NÃO;TERCEIRO;CASA ONDE RESIDE A VÍTIMA E O SUSPEITO;BR | BRASIL;MG;3136702 | JUIZ DE FORA;NÃO SABE INFORMAR;HÁ MAIS DE DEZ ANOS;1;VIOLÊNCIA CONTRA CRIANÇA OU ADOLESCENTE;;OUTROS;PESSOA FÍSICA;FEMININO;;CRIANÇA/ADOLESCENTE IDADE NÃO INFORMADA;BR | BRASIL;;;;;NÃO;;;BR | BRASIL;MG;3136702 | JUIZ DE FORA;;;;NÃO INFORMADO;;;PESSOA FÍSICA;FEMININO;NÃO;70 A 74 ANOS;BR | BRASIL;;;;;NÃO;;NÃO;BR | BRASIL;MG;3136702 | JUIZ DE FORA;OUTROS NÃO LISTADOS;;;PRETA;;;;;;;LIBERDADE>DIREITOS INDIVIDUAIS>TRÁFICO DE MULHERES - NACIONAL
443E72A9C2DC019BD9147D0B5FC9DB5C12A3A0A354A37BADA9ED8E549FE0A1BF;2025-03-03 12:21:29.137;TELEFÔNICO;NÃO;TERCEIRO;CASA ONDE RESIDE A VÍTIMA E O SUSPEITO;BR | BRASIL;MG;3136702 | JUIZ DE FORA;NÃO SABE INFORMAR;HÁ MAIS DE DEZ ANOS;1;VIOLÊNCIA CONTRA CRIANÇA OU ADOLESCENTE;;OUTROS;PESSOA FÍSICA;FEMININO;;CRIANÇA/ADOLESCENTE IDADE NÃO INFORMADA;BR | BRASIL;;;;;NÃO;;;BR | BRASIL;MG;3136702 | JUIZ DE FORA;;;;NÃO INFORMADO;;;PESSOA FÍSICA;FEMININO;NÃO;50 A 54 ANOS;BR | BRASIL;;;;;NÃO;;NÃO;BR | BRASIL;MG;3136702 | JUIZ DE FORA;ASSISTENTE SOCIAL;;;PARDA;;;;;;;LIBERDADE>DIREITOS INDIVIDUAIS>TRÁFICO DE PESSOAS - NACIONAL
908260DE7FEB041894DC744B6BEABC1D441B48F9528E19AEA1C8827140EA4935;2025-03-03 12:21:29.137;TELEFÔNICO;NÃO;TERCEIRO;CASA ONDE RESIDE A VÍTIMA E O SUSPEITO;BR | BRASIL;MG;3136702 | JUIZ DE FORA;NÃO SABE INFORMAR;HÁ MAIS DE DEZ ANOS;1;VIOLÊNCIA CONTRA CRIANÇA OU ADOLESCENTE;;OUTROS;PESSOA FÍSICA;FEMININO;;CRIANÇA/ADOLESCENTE IDADE NÃO INFORMADA;BR | BRASIL;;;;;NÃO;;;BR | BRASIL;MG;3136702 | JUIZ DE FORA;;;;NÃO INFORMADO;;;PESSOA FÍSICA;FEMININO;NÃO;55 A 59 ANOS;BR | BRASIL;;;;;NÃO;;NÃO;BR | BRASIL;MG;3136702 | JUIZ DE FORA;OUTROS NÃO LISTADOS;;;PRETA;;;;;;;LIBERDADE>DIREITOS INDIVIDUAIS>TRÁFICO DE PESSOAS - NACIONAL
908260DE7FEB041894DC744B6BEABC1D441B48F9528E19AEA1C8827140EA4935;2025-03-03 12:21:29.137;TELEFÔNICO;NÃO;TERCEIRO;CASA ONDE RESIDE A VÍTIMA E O SUSPEITO;BR | BRASIL;MG;3136702 | JUIZ DE FORA;NÃO SABE INFORMAR;HÁ MAIS DE DEZ ANOS;1;VIOLÊNCIA CONTRA CRIANÇA OU ADOLESCENTE;;OUTROS;PESSOA FÍSICA;FEMININO;;CRIANÇA/ADOLESCENTE IDADE NÃO INFORMADA;BR | BRASIL;;;;;NÃO;;;BR | BRASIL;MG;3136702 | JUIZ DE FORA;;;;NÃO INFORMADO;;;PESSOA FÍSICA;FEMININO;NÃO;55 A 59 ANOS;BR | BRASIL;;;;;NÃO;;NÃO;BR | BRASIL;MG;3136702 | JUIZ DE FORA;OUTROS NÃO LISTADOS;;;PRETA;;;;;;;LIBERDADE>DIREITOS INDIVIDUAIS>TRÁFICO DE MULHERES - NACIONAL
837E7AA9132C815C6CC43B2D39CC816B73596A4696926E1901F9D70615559EDE;2025-03-03 12:21:29.137;TELEFÔNICO;NÃO;TERCEIRO;CASA ONDE RESIDE A VÍTIMA E O SUSPEITO;BR | BRASIL;MG;3136702 | JUIZ DE FORA;NÃO SABE INFORMAR;HÁ MAIS DE DEZ ANOS;1;VIOLÊNCIA CONTRA CRIANÇA OU ADOLESCENTE;;OUTROS;PESSOA FÍSICA;FEMININO;;CRIANÇA/ADOLESCENTE IDADE NÃO INFORMADA;BR | BRASIL;;;;;NÃO;;;BR | BRASIL;MG;3136702 | JUIZ DE FORA;;;;NÃO INFORMADO;;;PESSOA JURÍDICA DE DIREITO PRIVADO;;;;BR | BRASIL;;;;;;;;BR | BRASIL;MG;3136702 | JUIZ DE FORA;;;;;;;;SAÚDE HUMANA E SERVIÇOS SOCIAIS;;;LIBERDADE>DIREITOS INDIVIDUAIS>TRÁFICO DE PESSOAS - NACIONAL
BB411B8A19D414BFA1598E9E43BAE453D536D6C9E04A436EF4989CEF221B72B3;2025-03-03 12:21:29.137;TELEFÔNICO;NÃO;TERCEIRO;CASA ONDE RESIDE A VÍTIMA E O SUSPEITO;BR | BRASIL;MG;3136702 | JUIZ DE FORA;NÃO SABE INFORMAR;HÁ MAIS DE DEZ ANOS;1;VIOLÊNCIA CONTRA CRIANÇA OU ADOLESCENTE;;OUTROS;PESSOA FÍSICA;FEMININO;;CRIANÇA/ADOLESCENTE IDADE NÃO INFORMADA;BR | BRASIL;;;;;NÃO;;;BR | BRASIL;MG;3136702 | JUIZ DE FORA;;;;NÃO INFORMADO;;;PESSOA FÍSICA;FEMININO;NÃO;65 A 69 ANOS;BR | BRASIL;;;;;NÃO;;NÃO;BR | BRASIL;MG;3136702 | JUIZ DE FORA;OUTROS NÃO LISTADOS;;;PARDA;;;;;;;LIBERDADE>DIREITOS INDIVIDUAIS>TRÁFICO DE PESSOAS - NACIONAL
443E72A9C2DC019BD9147D0B5FC9DB5C12A3A0A354A37BADA9ED8E549FE0A1BF;2025-03-03 12:21:29.137;TELEFÔNICO;NÃO;TERCEIRO;CASA ONDE RESIDE A VÍTIMA E O SUSPEITO;BR | BRASIL;MG;3136702 | JUIZ DE FORA;NÃO SABE INFORMAR;HÁ MAIS DE DEZ ANOS;1;VIOLÊNCIA CONTRA CRIANÇA OU ADOLESCENTE;;OUTROS;PESSOA FÍSICA;FEMININO;;CRIANÇA/ADOLESCENTE IDADE NÃO INFORMADA;BR | BRASIL;;;;;NÃO;;;BR | BRASIL;MG;3136702 | JUIZ DE FORA;;;;NÃO INFORMADO;;;PESSOA FÍSICA;FEMININO;NÃO;50 A 54 ANOS;BR | BRASIL;;;;;NÃO;;NÃO;BR | BRASIL;MG;3136702 | JUIZ DE FORA;ASSISTENTE SOCIAL;;;PARDA;;;;;;;LIBERDADE>DIREITOS INDIVIDUAIS>TRÁFICO DE MULHERES - NACIONAL
BB411B8A19D414BFA1598E9E43BAE453D536D6C9E04A436EF4989CEF221B72B3;2025-03-03 12:21:29.137;TELEFÔNICO;NÃO;TERCEIRO;CASA ONDE RESIDE A VÍTIMA E O SUSPEITO;BR | BRASIL;MG;3136702 | JUIZ DE FORA;NÃO SABE INFORMAR;HÁ MAIS DE DEZ ANOS;1;VIOLÊNCIA CONTRA CRIANÇA OU ADOLESCENTE;;OUTROS;PESSOA FÍSICA;FEMININO;;CRIANÇA/ADOLESCENTE IDADE NÃO INFORMADA;BR | BRASIL;;;;;NÃO;;;BR | BRASIL;MG;3136702 | JUIZ DE FORA;;;;NÃO INFORMADO;;;PESSOA FÍSICA;FEMININO;NÃO;65 A 69 ANOS;BR | BRASIL;;;;;NÃO;;NÃO;BR | BRASIL;MG;3136702 | JUIZ DE FORA;OUTROS NÃO LISTADOS;;;PARDA;;;;;;;LIBERDADE>DIREITOS INDIVIDUAIS>TRÁFICO DE MULHERES - NACIONAL
C1334E56C3D3AEE6A1D77C420BFDC838AA8210E0D4B190E31EF768A2482258CB;2025-03-03 16:24:20.067;TELEFÔNICO;NÃO;TERCEIRO;CASA ONDE RESIDE A VÍTIMA E O SUSPEITO;BR | BRASIL;SP;3503208 | ARARAQUARA;DIARIAMENTE;HÁ MAIS DE UM ANO;1;VIOLÊNCIA CONTRA CRIANÇA OU ADOLESCENTE;;DESCONHECIDO(A);PESSOA FÍSICA;MASCULINO;NÃO;13 ANOS;BR | BRASIL;;;;;NÃO;;NÃO;BR | BRASIL;SP;3503208 | ARARAQUARA;;;;PARDA;;;PESSOA FÍSICA;FEMININO;NÃO;;BR | BRASIL;;;;;NÃO;;;BR | BRASIL;RS;4300604 | ALVORADA;;;;;;;;;;;LIBERDADE>DIREITOS INDIVIDUAIS>TRÁFICO DE CRIANÇAS - NACIONAL
55E4D08132C604D23223FD3913E346272F6C4BDD443CD2B669C843B88DCD4F29;2025-03-03 16:24:20.067;TELEFÔNICO;NÃO;TERCEIRO;CASA ONDE RESIDE A VÍTIMA E O SUSPEITO;BR | BRASIL;SP;3503208 | ARARAQUARA;DIARIAMENTE;HÁ MAIS DE UM ANO;1;VIOLÊNCIA CONTRA CRIANÇA OU ADOLESCENTE;;DESCONHECIDO(A);PESSOA FÍSICA;MASCULINO;NÃO;13 ANOS;BR | BRASIL;;;;;NÃO;;NÃO;BR | BRASIL;SP;3503208 | ARARAQUARA;;;;PARDA;;;PESSOA FÍSICA;MASCULINO;NÃO;;BR | BRASIL;;;;;NÃO;;;BR | BRASIL;SP;3503208 | ARARAQUARA;;;;;;;;;;;LIBERDADE>DIREITOS INDIVIDUAIS>TRÁFICO DE CRIANÇAS - NACIONAL
363958663D2EC3B9ED6F4B146F7CA3DCF8D843908805D132E099B790476DE4A1;2025-03-03 17:26:58.447;TELEFÔNICO;NÃO;TERCEIRO;CASA ONDE RESIDE A VÍTIMA E O SUSPEITO;BR | BRASIL;RS;4300604 | ALVORADA;DIARIAMENTE;HÁ MAIS DE UM ANO;3;VIOLÊNCIA CONTRA CRIANÇA OU ADOLESCENTE;OUTRO(S) ELEMENTO(S);DESCONHECIDO(A);PESSOA FÍSICA;MASCULINO;NÃO;16 ANOS;BR | BRASIL;;;;NÃO;NÃO;;NÃO;BR | BRASIL;RS;4300604 | ALVORADA;;;;BRANCA;;;PESSOA FÍSICA;FEMININO;NÃO;40 A 44 ANOS;BR | BRASIL;;;;NÃO;NÃO;;NÃO;BR | BRASIL;RS;4300604 | ALVORADA;NÃO SABE INFORMAR;;;PARDA;;;;;;;LIBERDADE>DIREITOS INDIVIDUAIS>TRÁFICO DE CRIANÇAS - NACIONAL
14E1AFCCFE91C9B91E413F81B14A196A32CAEFB957121B61E2674B4963E6931F;2025-03-03 17:26:58.447;TELEFÔNICO;NÃO;TERCEIRO;CASA ONDE RESIDE A VÍTIMA E O SUSPEITO;BR | BRASIL;RS;4300604 | ALVORADA;DIARIAMENTE;HÁ MAIS DE UM ANO;3;VIOLÊNCIA CONTRA CRIANÇA OU ADOLESCENTE;OUTRO(S) ELEMENTO(S);DESCONHECIDO(A);PESSOA FÍSICA;MASCULINO;NÃO;16 ANOS;BR | BRASIL;;;;NÃO;NÃO;;NÃO;BR | BRASIL;RS;4300604 | ALVORADA;;;;BRANCA;;;PESSOA FÍSICA;FEMININO;NÃO;35 A 39 ANOS;BR | BRASIL;;;;NÃO;NÃO;;NÃO;BR | BRASIL;RS;4300604 | ALVORADA;NÃO SABE INFORMAR;;;BRANCA;;;;;;;LIBERDADE>DIREITOS INDIVIDUAIS>TRÁFICO DE CRIANÇAS - NACIONAL
22D3FD66432A020E9E041C7327A8148C4464A41D650B33E202CD70015AA6E7F4;2025-03-03 17:26:58.447;TELEFÔNICO;NÃO;TERCEIRO;CASA ONDE RESIDE A VÍTIMA E O SUSPEITO;BR | BRASIL;RS;4300604 | ALVORADA;DIARIAMENTE;HÁ MAIS DE UM ANO;3;VIOLÊNCIA CONTRA CRIANÇA OU ADOLESCENTE;;DESCONHECIDO(A);PESSOA FÍSICA;MASCULINO;NÃO;13 ANOS;BR | BRASIL;;;;;NÃO;;NÃO;BR | BRASIL;RS;4300604 | ALVORADA;;;;PARDA;;;PESSOA FÍSICA;FEMININO;NÃO;35 A 39 ANOS;BR | BRASIL;;;;;NÃO;;NÃO;BR | BRASIL;RS;4300604 | ALVORADA;NÃO SABE INFORMAR;;;BRANCA;;;;;;;LIBERDADE>DIREITOS INDIVIDUAIS>TRÁFICO DE PESSOAS - NACIONAL
2680A4D8318D9155B1FD13C78642DAA3870CF3741128BDA1A9E35EDBE89F9C14;2025-03-03 17:26:58.447;TELEFÔNICO;NÃO;TERCEIRO;CASA ONDE RESIDE A VÍTIMA E O SUSPEITO;BR | BRASIL;RS;4300604 | ALVORADA;DIARIAMENTE;HÁ MAIS DE UM ANO;3;VIOLÊNCIA CONTRA CRIANÇA OU ADOLESCENTE;;DESCONHECIDO(A);PESSOA FÍSICA;MASCULINO;NÃO;13 ANOS;BR | BRASIL;;;;;NÃO;;NÃO;BR | BRASIL;RS;4300604 | ALVORADA;;;;PARDA;;;PESSOA FÍSICA;FEMININO;NÃO;40 A 44 ANOS;BR | BRASIL;;;;;NÃO;;NÃO;BR | BRASIL;RS;4300604 | ALVORADA;NÃO SABE INFORMAR;;;PARDA;;;;;;;LIBERDADE>DIREITOS INDIVIDUAIS>TRÁFICO DE PESSOAS - NACIONAL
00E6D1E6496D6330CBDE63C7CE77408BA5C41F2EC887F0EC153B0BB1215634D2;2025-03-03 17:26:58.447;TELEFÔNICO;NÃO;TERCEIRO;CASA ONDE RESIDE A VÍTIMA E O SUSPEITO;BR | BRASIL;RS;4300604 | ALVORADA;DIARIAMENTE;HÁ MAIS DE UM ANO;3;VIOLÊNCIA CONTRA CRIANÇA OU ADOLESCENTE;OUTRO(S) ELEMENTO(S);DESCONHECIDO(A);PESSOA FÍSICA;MASCULINO;NÃO;13 ANOS;BR | BRASIL;;;;NÃO;NÃO;;NÃO;BR | BRASIL;RS;4300604 | ALVORADA;;;;BRANCA;;;PESSOA FÍSICA;FEMININO;NÃO;40 A 44 ANOS;BR | BRASIL;;;;NÃO;NÃO;;NÃO;BR | BRASIL;RS;4300604 | ALVORADA;NÃO SABE INFORMAR;;;PARDA;;;;;;;LIBERDADE>DIREITOS INDIVIDUAIS>TRÁFICO DE CRIANÇAS - NACIONAL
0CF7C31CD198BDD98D5F6228BE6066A3D2DBBEC821452434B85F31DD4CC93042;2025-03-03 17:26:58.447;TELEFÔNICO;NÃO;TERCEIRO;CASA ONDE RESIDE A VÍTIMA E O SUSPEITO;BR | BRASIL;RS;4300604 | ALVORADA;DIARIAMENTE;HÁ MAIS DE UM ANO;3;VIOLÊNCIA CONTRA CRIANÇA OU ADOLESCENTE;OUTRO(S) ELEMENTO(S);DESCONHECIDO(A);PESSOA FÍSICA;MASCULINO;NÃO;12 ANOS;BR | BRASIL;;;;NÃO;NÃO;;NÃO;BR | BRASIL;RS;4300604 | ALVORADA;;;;BRANCA;;;PESSOA FÍSICA;MASCULINO;NÃO;20 A 24 ANOS;BR | BRASIL;;;;NÃO;NÃO;;NÃO;BR | BRASIL;RS;4300604 | ALVORADA;OUTROS NÃO LISTADOS;;;PARDA;;;;;;;LIBERDADE>DIREITOS INDIVIDUAIS>TRÁFICO DE CRIANÇAS - NACIONAL
2680A4D8318D9155B1FD13C78642DAA3870CF3741128BDA1A9E35EDBE89F9C14;2025-03-03 17:26:58.447;TELEFÔNICO;NÃO;TERCEIRO;CASA ONDE RESIDE A VÍTIMA E O SUSPEITO;BR | BRASIL;RS;4300604 | ALVORADA;DIARIAMENTE;HÁ MAIS DE UM ANO;3;VIOLÊNCIA CONTRA CRIANÇA OU ADOLESCENTE;OUTRO(S) ELEMENTO(S);DESCONHECIDO(A);PESSOA FÍSICA;MASCULINO;NÃO;13 ANOS;BR | BRASIL;;;;NÃO;NÃO;;NÃO;BR | BRASIL;RS;4300604 | ALVORADA;;;;PARDA;;;PESSOA FÍSICA;FEMININO;NÃO;40 A 44 ANOS;BR | BRASIL;;;;NÃO;NÃO;;NÃO;BR | BRASIL;RS;4300604 | ALVORADA;NÃO SABE INFORMAR;;;PARDA;;;;;;;LIBERDADE>DIREITOS INDIVIDUAIS>TRÁFICO DE CRIANÇAS - NACIONAL
27E805584090C98EACAB6AC46CEBFEA9F535B7F104CFCFD11BB6844D61A49FE7;2025-03-03 17:26:58.447;TELEFÔNICO;NÃO;TERCEIRO;CASA ONDE RESIDE A VÍTIMA E O SUSPEITO;BR | BRASIL;RS;4300604 | ALVORADA;DIARIAMENTE;HÁ MAIS DE UM ANO;3;VIOLÊNCIA CONTRA CRIANÇA OU ADOLESCENTE;OUTRO(S) ELEMENTO(S);DESCONHECIDO(A);PESSOA FÍSICA;MASCULINO;NÃO;13 ANOS;BR | BRASIL;;;;NÃO;NÃO;;NÃO;BR | BRASIL;RS;4300604 | ALVORADA;;;;PARDA;;;PESSOA FÍSICA;MASCULINO;NÃO;20 A 24 ANOS;BR | BRASIL;;;;NÃO;NÃO;;NÃO;BR | BRASIL;RS;4300604 | ALVORADA;OUTROS NÃO LISTADOS;;;PARDA;;;;;;;LIBERDADE>DIREITOS INDIVIDUAIS>TRÁFICO DE CRIANÇAS - NACIONAL
3BE852B8E4BDA53FEAFCAFFED83AA5BC23806AA9F87D6E3479D85103531B0038;2025-03-03 17:26:58.447;TELEFÔNICO;NÃO;TERCEIRO;CASA ONDE RESIDE A VÍTIMA E O SUSPEITO;BR | BRASIL;RS;4300604 | ALVORADA;DIARIAMENTE;HÁ MAIS DE UM ANO;3;VIOLÊNCIA CONTRA CRIANÇA OU ADOLESCENTE;OUTRO(S) ELEMENTO(S);DESCONHECIDO(A);PESSOA FÍSICA;MASCULINO;NÃO;13 ANOS;BR | BRASIL;;;;NÃO;NÃO;;NÃO;BR | BRASIL;RS;4300604 | ALVORADA;;;;BRANCA;;;PESSOA FÍSICA;MASCULINO;NÃO;20 A 24 ANOS;BR | BRASIL;;;;NÃO;NÃO;;NÃO;BR | BRASIL;RS;4300604 | ALVORADA;OUTROS NÃO LISTADOS;;;PARDA;;;;;;;LIBERDADE>DIREITOS INDIVIDUAIS>TRÁFICO DE CRIANÇAS - NACIONAL
1BAF3D19091F8BBF62F8C79414E7DB087312AB0A585E2C7BBC9DB08D2D72101E;2025-03-03 17:26:58.447;TELEFÔNICO;NÃO;TERCEIRO;CASA ONDE RESIDE A VÍTIMA E O SUSPEITO;BR | BRASIL;RS;4300604 | ALVORADA;DIARIAMENTE;HÁ MAIS DE UM ANO;3;VIOLÊNCIA CONTRA CRIANÇA OU ADOLESCENTE;OUTRO(S) ELEMENTO(S);DESCONHECIDO(A);PESSOA FÍSICA;MASCULINO;NÃO;16 ANOS;BR | BRASIL;;;;NÃO;NÃO;;NÃO;BR | BRASIL;RS;4300604 | ALVORADA;;;;BRANCA;;;PESSOA FÍSICA;MASCULINO;NÃO;55 A 59 ANOS;BR | BRASIL;;;;NÃO;NÃO;;NÃO;BR | BRASIL;RS;4300604 | ALVORADA;NÃO SABE INFORMAR;;;BRANCA;;;;;;;LIBERDADE>DIREITOS INDIVIDUAIS>TRÁFICO DE CRIANÇAS - NACIONAL
4C67973AE1F3DBD05A602328DBB0262C4568785599D0045EAB9B645CD92266F9;2025-03-03 17:26:58.447;TELEFÔNICO;NÃO;TERCEIRO;CASA ONDE RESIDE A VÍTIMA E O SUSPEITO;BR | BRASIL;RS;4300604 | ALVORADA;DIARIAMENTE;HÁ MAIS DE UM ANO;3;VIOLÊNCIA CONTRA CRIANÇA OU ADOLESCENTE;OUTRO(S) ELEMENTO(S);DESCONHECIDO(A);PESSOA FÍSICA;MASCULINO;NÃO;12 ANOS;BR | BRASIL;;;;NÃO;NÃO;;NÃO;BR | BRASIL;RS;4300604 | ALVORADA;;;;BRANCA;;;PESSOA FÍSICA;MASCULINO;NÃO;30 A 34 ANOS;BR | BRASIL;;;;NÃO;NÃO;;NÃO;BR | BRASIL;RS;4300604 | ALVORADA;NÃO SABE INFORMAR;;;BRANCA;;;;;;;LIBERDADE>DIREITOS INDIVIDUAIS>TRÁFICO DE CRIANÇAS - NACIONAL
53890F9AC7CEB526ADA0B854E3685DCBD159FDDF344FD5A520F7BD8D7FC8C45D;2025-03-03 17:26:58.447;TELEFÔNICO;NÃO;TERCEIRO;CASA ONDE RESIDE A VÍTIMA E O SUSPEITO;BR | BRASIL;RS;4300604 | ALVORADA;DIARIAMENTE;HÁ MAIS DE UM ANO;3;VIOLÊNCIA CONTRA CRIANÇA OU ADOLESCENTE;OUTRO(S) ELEMENTO(S);DESCONHECIDO(A);PESSOA FÍSICA;FEMININO;NÃO;14 ANOS;BR | BRASIL;;;;NÃO;NÃO;;NÃO;BR | BRASIL;RS;4300604 | ALVORADA;;;;BRANCA;;;PESSOA FÍSICA;FEMININO;NÃO;40 A 44 ANOS;BR | BRASIL;;;;NÃO;NÃO;;NÃO;BR | BRASIL;RS;4300604 | ALVORADA;NÃO SABE INFORMAR;;;PARDA;;;;;;;LIBERDADE>DIREITOS INDIVIDUAIS>TRÁFICO DE CRIANÇAS - NACIONAL
376369D7F062CE104FD79458D50C75DA13C9447C7C23F6CA3A039A864DF64DE7;2025-03-03 17:26:58.447;TELEFÔNICO;NÃO;TERCEIRO;CASA ONDE RESIDE A VÍTIMA E O SUSPEITO;BR | BRASIL;RS;4300604 | ALVORADA;DIARIAMENTE;HÁ MAIS DE UM ANO;3;VIOLÊNCIA CONTRA CRIANÇA OU ADOLESCENTE;OUTRO(S) ELEMENTO(S);DESCONHECIDO(A);PESSOA FÍSICA;MASCULINO;NÃO;12 ANOS;BR | BRASIL;;;;NÃO;NÃO;;NÃO;BR | BRASIL;RS;4300604 | ALVORADA;;;;BRANCA;;;PESSOA FÍSICA;MASCULINO;NÃO;;BR | BRASIL;;;;NÃO;NÃO;;;BR | BRASIL;RS;4300604 | ALVORADA;;;;;;;;;;;LIBERDADE>DIREITOS INDIVIDUAIS>TRÁFICO DE CRIANÇAS - NACIONAL
22D3FD66432A020E9E041C7327A8148C4464A41D650B33E202CD70015AA6E7F4;2025-03-03 17:26:58.447;TELEFÔNICO;NÃO;TERCEIRO;CASA ONDE RESIDE A VÍTIMA E O SUSPEITO;BR | BRASIL;RS;4300604 | ALVORADA;DIARIAMENTE;HÁ MAIS DE UM ANO;3;VIOLÊNCIA CONTRA CRIANÇA OU ADOLESCENTE;OUTRO(S) ELEMENTO(S);DESCONHECIDO(A);PESSOA FÍSICA;MASCULINO;NÃO;13 ANOS;BR | BRASIL;;;;NÃO;NÃO;;NÃO;BR | BRASIL;RS;4300604 | ALVORADA;;;;PARDA;;;PESSOA FÍSICA;FEMININO;NÃO;35 A 39 ANOS;BR | BRASIL;;;;NÃO;NÃO;;NÃO;BR | BRASIL;RS;4300604 | ALVORADA;NÃO SABE INFORMAR;;;BRANCA;;;;;;;LIBERDADE>DIREITOS INDIVIDUAIS>TRÁFICO DE CRIANÇAS - NACIONAL
393F166999E8BD8DDA1289223798D1765D1E3387127496DE0EF9752CF9540FF7;2025-03-03 17:26:58.447;TELEFÔNICO;NÃO;TERCEIRO;CASA ONDE RESIDE A VÍTIMA E O SUSPEITO;BR | BRASIL;RS;4300604 | ALVORADA;DIARIAMENTE;HÁ MAIS DE UM ANO;3;VIOLÊNCIA CONTRA CRIANÇA OU ADOLESCENTE;OUTRO(S) ELEMENTO(S);DESCONHECIDO(A);PESSOA FÍSICA;FEMININO;NÃO;14 ANOS;BR | BRASIL;;;;NÃO;NÃO;;NÃO;BR | BRASIL;RS;4300604 | ALVORADA;;;;BRANCA;;;PESSOA FÍSICA;MASCULINO;NÃO;30 A 34 ANOS;BR | BRASIL;;;;NÃO;NÃO;;NÃO;BR | BRASIL;RS;4300604 | ALVORADA;NÃO SABE INFORMAR;;;BRANCA;;;;;;;LIBERDADE>DIREITOS INDIVIDUAIS>TRÁFICO DE CRIANÇAS - NACIONAL
8A8C3FAB4F2AF74CF383C9103130ECFADD92F05A667A9E7FCFF78FD0735B82E9;2025-03-03 17:26:58.447;TELEFÔNICO;NÃO;TERCEIRO;CASA ONDE RESIDE A VÍTIMA E O SUSPEITO;BR | BRASIL;RS;4300604 | ALVORADA;DIARIAMENTE;HÁ MAIS DE UM ANO;3;VIOLÊNCIA CONTRA CRIANÇA OU ADOLESCENTE;OUTRO(S) ELEMENTO(S);DESCONHECIDO(A);PESSOA FÍSICA;FEMININO;NÃO;14 ANOS;BR | BRASIL;;;;NÃO;NÃO;;NÃO;BR | BRASIL;RS;4300604 | ALVORADA;;;;BRANCA;;;PESSOA FÍSICA;MASCULINO;NÃO;20 A 24 ANOS;BR | BRASIL;;;;NÃO;NÃO;;NÃO;BR | BRASIL;RS;4300604 | ALVORADA;OUTROS NÃO LISTADOS;;;PARDA;;;;;;;LIBERDADE>DIREITOS INDIVIDUAIS>TRÁFICO DE CRIANÇAS - NACIONAL
3D2058933A551D4D3C62C0BF0C164893E882872FEBB47E6790B532AEFC9C5751;2025-03-03 17:26:58.447;TELEFÔNICO;NÃO;TERCEIRO;CASA ONDE RESIDE A VÍTIMA E O SUSPEITO;BR | BRASIL;RS;4300604 | ALVORADA;DIARIAMENTE;HÁ MAIS DE UM ANO;3;VIOLÊNCIA CONTRA CRIANÇA OU ADOLESCENTE;;DESCONHECIDO(A);PESSOA FÍSICA;MASCULINO;NÃO;13 ANOS;BR | BRASIL;;;;;NÃO;;NÃO;BR | BRASIL;RS;4300604 | ALVORADA;;;;PARDA;;;PESSOA FÍSICA;MASCULINO;NÃO;55 A 59 ANOS;BR | BRASIL;;;;;NÃO;;NÃO;BR | BRASIL;RS;4300604 | ALVORADA;NÃO SABE INFORMAR;;;BRANCA;;;;;;;LIBERDADE>DIREITOS INDIVIDUAIS>TRÁFICO DE PESSOAS - NACIONAL
495A26708DEBA1B4E6685F75482A61300B90502EFF3F26CD086AA70580945531;2025-03-03 17:26:58.447;TELEFÔNICO;NÃO;TERCEIRO;CASA ONDE RESIDE A VÍTIMA E O SUSPEITO;BR | BRASIL;RS;4300604 | ALVORADA;DIARIAMENTE;HÁ MAIS DE UM ANO;3;VIOLÊNCIA CONTRA CRIANÇA OU ADOLESCENTE;OUTRO(S) ELEMENTO(S);DESCONHECIDO(A);PESSOA FÍSICA;MASCULINO;NÃO;13 ANOS;BR | BRASIL;;;;NÃO;NÃO;;NÃO;BR | BRASIL;RS;4300604 | ALVORADA;;;;PARDA;;;PESSOA FÍSICA;MASCULINO;NÃO;60 A 64 ANOS;BR | BRASIL;;;;NÃO;NÃO;;NÃO;BR | BRASIL;RS;4300604 | ALVORADA;NÃO SABE INFORMAR;;;BRANCA;;;;;;;LIBERDADE>DIREITOS INDIVIDUAIS>TRÁFICO DE CRIANÇAS - NACIONAL
5499D7B942A27FFD8AD1779F86E7E5B2EB361EEA698AF01D101B1697D5808891;2025-03-03 17:26:58.447;TELEFÔNICO;NÃO;TERCEIRO;CASA ONDE RESIDE A VÍTIMA E O SUSPEITO;BR | BRASIL;RS;4300604 | ALVORADA;DIARIAMENTE;HÁ MAIS DE UM ANO;3;VIOLÊNCIA CONTRA CRIANÇA OU ADOLESCENTE;OUTRO(S) ELEMENTO(S);DESCONHECIDO(A);PESSOA FÍSICA;FEMININO;NÃO;14 ANOS;BR | BRASIL;;;;NÃO;NÃO;;NÃO;BR | BRASIL;RS;4300604 | ALVORADA;;;;BRANCA;;;PESSOA FÍSICA;MASCULINO;NÃO;;BR | BRASIL;;;;NÃO;NÃO;;;BR | BRASIL;RS;4300604 | ALVORADA;;;;;;;;;;;LIBERDADE>DIREITOS INDIVIDUAIS>TRÁFICO DE CRIANÇAS - NACIONAL
9F3E52EF066EAF96A74BFC73EBA25DF6DEACD547D0B45B37F056DC4774ABC763;2025-03-03 17:26:58.447;TELEFÔNICO;NÃO;TERCEIRO;CASA ONDE RESIDE A VÍTIMA E O SUSPEITO;BR | BRASIL;RS;4300604 | ALVORADA;DIARIAMENTE;HÁ MAIS DE UM ANO;3;VIOLÊNCIA CONTRA CRIANÇA OU ADOLESCENTE;OUTRO(S) ELEMENTO(S);DESCONHECIDO(A);PESSOA FÍSICA;MASCULINO;NÃO;16 ANOS;BR | BRASIL;;;;NÃO;NÃO;;NÃO;BR | BRASIL;RS;4300604 | ALVORADA;;;;BRANCA;;;PESSOA FÍSICA;MASCULINO;NÃO;20 A 24 ANOS;BR | BRASIL;;;;NÃO;NÃO;;NÃO;BR | BRASIL;RS;4300604 | ALVORADA;OUTROS NÃO LISTADOS;;;PARDA;;;;;;;LIBERDADE>DIREITOS INDIVIDUAIS>TRÁFICO DE CRIANÇAS - NACIONAL
27E805584090C98EACAB6AC46CEBFEA9F535B7F104CFCFD11BB6844D61A49FE7;2025-03-03 17:26:58.447;TELEFÔNICO;NÃO;TERCEIRO;CASA ONDE RESIDE A VÍTIMA E O SUSPEITO;BR | BRASIL;RS;4300604 | ALVORADA;DIARIAMENTE;HÁ MAIS DE UM ANO;3;VIOLÊNCIA CONTRA CRIANÇA OU ADOLESCENTE;;DESCONHECIDO(A);PESSOA FÍSICA;MASCULINO;NÃO;13 ANOS;BR | BRASIL;;;;;NÃO;;NÃO;BR | BRASIL;RS;4300604 | ALVORADA;;;;PARDA;;;PESSOA FÍSICA;MASCULINO;NÃO;20 A 24 ANOS;BR | BRASIL;;;;;NÃO;;NÃO;BR | BRASIL;RS;4300604 | ALVORADA;OUTROS NÃO LISTADOS;;;PARDA;;;;;;;LIBERDADE>DIREITOS INDIVIDUAIS>TRÁFICO DE PESSOAS - NACIONAL
FEE40514AEF180B2C25BCABD66DA98B7DD729562CFA9F0352B8C403EFA50F023;2025-03-03 17:26:58.447;TELEFÔNICO;NÃO;TERCEIRO;CASA ONDE RESIDE A VÍTIMA E O SUSPEITO;BR | BRASIL;RS;4300604 | ALVORADA;DIARIAMENTE;HÁ MAIS DE UM ANO;3;VIOLÊNCIA CONTRA CRIANÇA OU ADOLESCENTE;;DESCONHECIDO(A);PESSOA FÍSICA;MASCULINO;NÃO;13 ANOS;BR | BRASIL;;;;;NÃO;;NÃO;BR | BRASIL;RS;4300604 | ALVORADA;;;;PARDA;;;PESSOA FÍSICA;MASCULINO;NÃO;;BR | BRASIL;;;;;NÃO;;;BR | BRASIL;RS;4300604 | ALVORADA;;;;;;;;;;;LIBERDADE>DIREITOS INDIVIDUAIS>TRÁFICO DE PESSOAS - NACIONAL
FEE40514AEF180B2C25BCABD66DA98B7DD729562CFA9F0352B8C403EFA50F023;2025-03-03 17:26:58.447;TELEFÔNICO;NÃO;TERCEIRO;CASA ONDE RESIDE A VÍTIMA E O SUSPEITO;BR | BRASIL;RS;4300604 | ALVORADA;DIARIAMENTE;HÁ MAIS DE UM ANO;3;VIOLÊNCIA CONTRA CRIANÇA OU ADOLESCENTE;OUTRO(S) ELEMENTO(S);DESCONHECIDO(A);PESSOA FÍSICA;MASCULINO;NÃO;13 ANOS;BR | BRASIL;;;;NÃO;NÃO;;NÃO;BR | BRASIL;RS;4300604 | ALVORADA;;;;PARDA;;;PESSOA FÍSICA;MASCULINO;NÃO;;BR | BRASIL;;;;NÃO;NÃO;;;BR | BRASIL;RS;4300604 | ALVORADA;;;;;;;;;;;LIBERDADE>DIREITOS INDIVIDUAIS>TRÁFICO DE CRIANÇAS - NACIONAL
3D2058933A551D4D3C62C0BF0C164893E882872FEBB47E6790B532AEFC9C5751;2025-03-03 17:26:58.447;TELEFÔNICO;NÃO;TERCEIRO;CASA ONDE RESIDE A VÍTIMA E O SUSPEITO;BR | BRASIL;RS;4300604 | ALVORADA;DIARIAMENTE;HÁ MAIS DE UM ANO;3;VIOLÊNCIA CONTRA CRIANÇA OU ADOLESCENTE;OUTRO(S) ELEMENTO(S);DESCONHECIDO(A);PESSOA FÍSICA;MASCULINO;NÃO;13 ANOS;BR | BRASIL;;;;NÃO;NÃO;;NÃO;BR | BRASIL;RS;4300604 | ALVORADA;;;;PARDA;;;PESSOA FÍSICA;MASCULINO;NÃO;55 A 59 ANOS;BR | BRASIL;;;;NÃO;NÃO;;NÃO;BR | BRASIL;RS;4300604 | ALVORADA;NÃO SABE INFORMAR;;;BRANCA;;;;;;;LIBERDADE>DIREITOS INDIVIDUAIS>TRÁFICO DE CRIANÇAS - NACIONAL
8BA4F932BC303590E60224AFEEA8FB3D82F242E8FF4ECA23139CF8691CE3EE18;2025-03-03 17:26:58.447;TELEFÔNICO;NÃO;TERCEIRO;CASA ONDE RESIDE A VÍTIMA E O SUSPEITO;BR | BRASIL;RS;4300604 | ALVORADA;DIARIAMENTE;HÁ MAIS DE UM ANO;3;VIOLÊNCIA CONTRA CRIANÇA OU ADOLESCENTE;OUTRO(S) ELEMENTO(S);DESCONHECIDO(A);PESSOA FÍSICA;MASCULINO;NÃO;16 ANOS;BR | BRASIL;;;;NÃO;NÃO;;NÃO;BR | BRASIL;RS;4300604 | ALVORADA;;;;BRANCA;;;PESSOA FÍSICA;MASCULINO;NÃO;60 A 64 ANOS;BR | BRASIL;;;;NÃO;NÃO;;NÃO;BR | BRASIL;RS;4300604 | ALVORADA;NÃO SABE INFORMAR;;;BRANCA;;;;;;;LIBERDADE>DIREITOS INDIVIDUAIS>TRÁFICO DE CRIANÇAS - NACIONAL
8DB7C627C4D1CC6903C4C7716B5FA2879D9C7C3696C71FFCE208A80494642A5B;2025-03-03 17:26:58.447;TELEFÔNICO;NÃO;TERCEIRO;CASA ONDE RESIDE A VÍTIMA E O SUSPEITO;BR | BRASIL;RS;4300604 | ALVORADA;DIARIAMENTE;HÁ MAIS DE UM ANO;3;VIOLÊNCIA CONTRA CRIANÇA OU ADOLESCENTE;OUTRO(S) ELEMENTO(S);DESCONHECIDO(A);PESSOA FÍSICA;MASCULINO;NÃO;12 ANOS;BR | BRASIL;;;;NÃO;NÃO;;NÃO;BR | BRASIL;RS;4300604 | ALVORADA;;;;BRANCA;;;PESSOA FÍSICA;FEMININO;NÃO;40 A 44 ANOS;BR | BRASIL;;;;NÃO;NÃO;;NÃO;BR | BRASIL;RS;4300604 | ALVORADA;NÃO SABE INFORMAR;;;PARDA;;;;;;;LIBERDADE>DIREITOS INDIVIDUAIS>TRÁFICO DE CRIANÇAS - NACIONAL
9F72F66A04BFA1A557F5C036BF1083DC36CBE9F4B7E91065BA90EB00721DAE19;2025-03-03 17:26:58.447;TELEFÔNICO;NÃO;TERCEIRO;CASA ONDE RESIDE A VÍTIMA E O SUSPEITO;BR | BRASIL;RS;4300604 | ALVORADA;DIARIAMENTE;HÁ MAIS DE UM ANO;3;VIOLÊNCIA CONTRA CRIANÇA OU ADOLESCENTE;OUTRO(S) ELEMENTO(S);DESCONHECIDO(A);PESSOA FÍSICA;MASCULINO;NÃO;16 ANOS;BR | BRASIL;;;;NÃO;NÃO;;NÃO;BR | BRASIL;RS;4300604 | ALVORADA;;;;BRANCA;;;PESSOA FÍSICA;MASCULINO;NÃO;;BR | BRASIL;;;;NÃO;NÃO;;;BR | BRASIL;RS;4300604 | ALVORADA;;;;;;;;;;;LIBERDADE>DIREITOS INDIVIDUAIS>TRÁFICO DE CRIANÇAS - NACIONAL
D2A0C0331CA56EBE0000D68088F641754EF411E1BC3F8C0012D51A42985EE9A3;2025-03-03 17:26:58.447;TELEFÔNICO;NÃO;TERCEIRO;CASA ONDE RESIDE A VÍTIMA E O SUSPEITO;BR | BRASIL;RS;4300604 | ALVORADA;DIARIAMENTE;HÁ MAIS DE UM ANO;3;VIOLÊNCIA CONTRA CRIANÇA OU ADOLESCENTE;OUTRO(S) ELEMENTO(S);DESCONHECIDO(A);PESSOA FÍSICA;MASCULINO;NÃO;13 ANOS;BR | BRASIL;;;;NÃO;NÃO;;NÃO;BR | BRASIL;RS;4300604 | ALVORADA;;;;BRANCA;;;PESSOA FÍSICA;MASCULINO;NÃO;60 A 64 ANOS;BR | BRASIL;;;;NÃO;NÃO;;NÃO;BR | BRASIL;RS;4300604 | ALVORADA;NÃO SABE INFORMAR;;;BRANCA;;;;;;;LIBERDADE>DIREITOS INDIVIDUAIS>TRÁFICO DE CRIANÇAS - NACIONAL
495A26708DEBA1B4E6685F75482A61300B90502EFF3F26CD086AA70580945531;2025-03-03 17:26:58.447;TELEFÔNICO;NÃO;TERCEIRO;CASA ONDE RESIDE A VÍTIMA E O SUSPEITO;BR | BRASIL;RS;4300604 | ALVORADA;DIARIAMENTE;HÁ MAIS DE UM ANO;3;VIOLÊNCIA CONTRA CRIANÇA OU ADOLESCENTE;;DESCONHECIDO(A);PESSOA FÍSICA;MASCULINO;NÃO;13 ANOS;BR | BRASIL;;;;;NÃO;;NÃO;BR | BRASIL;RS;4300604 | ALVORADA;;;;PARDA;;;PESSOA FÍSICA;MASCULINO;NÃO;60 A 64 ANOS;BR | BRASIL;;;;;NÃO;;NÃO;BR | BRASIL;RS;4300604 | ALVORADA;NÃO SABE INFORMAR;;;BRANCA;;;;;;;LIBERDADE>DIREITOS INDIVIDUAIS>TRÁFICO DE PESSOAS - NACIONAL
DD7B9BD38BF4187791A878C95FB7B9E053183929F93691AD991C8631F0924DB4;2025-03-03 17:26:58.447;TELEFÔNICO;NÃO;TERCEIRO;CASA ONDE RESIDE A VÍTIMA E O SUSPEITO;BR | BRASIL;RS;4300604 | ALVORADA;DIARIAMENTE;HÁ MAIS DE UM ANO;3;VIOLÊNCIA CONTRA CRIANÇA OU ADOLESCENTE;OUTRO(S) ELEMENTO(S);DESCONHECIDO(A);PESSOA FÍSICA;MASCULINO;NÃO;13 ANOS;BR | BRASIL;;;;NÃO;NÃO;;NÃO;BR | BRASIL;RS;4300604 | ALVORADA;;;;BRANCA;;;PESSOA FÍSICA;FEMININO;NÃO;35 A 39 ANOS;BR | BRASIL;;;;NÃO;NÃO;;NÃO;BR | BRASIL;RS;4300604 | ALVORADA;NÃO SABE INFORMAR;;;BRANCA;;;;;;;LIBERDADE>DIREITOS INDIVIDUAIS>TRÁFICO DE CRIANÇAS - NACIONAL
6C080A627126ED1B2E457B6784BE054F145BDAEABFB84CB4720486A1785B8D3E;2025-03-03 17:26:58.447;TELEFÔNICO;NÃO;TERCEIRO;CASA ONDE RESIDE A VÍTIMA E O SUSPEITO;BR | BRASIL;RS;4300604 | ALVORADA;DIARIAMENTE;HÁ MAIS DE UM ANO;3;VIOLÊNCIA CONTRA CRIANÇA OU ADOLESCENTE;OUTRO(S) ELEMENTO(S);DESCONHECIDO(A);PESSOA FÍSICA;MASCULINO;NÃO;12 ANOS;BR | BRASIL;;;;NÃO;NÃO;;NÃO;BR | BRASIL;RS;4300604 | ALVORADA;;;;BRANCA;;;PESSOA FÍSICA;MASCULINO;NÃO;55 A 59 ANOS;BR | BRASIL;;;;NÃO;NÃO;;NÃO;BR | BRASIL;RS;4300604 | ALVORADA;NÃO SABE INFORMAR;;;BRANCA;;;;;;;LIBERDADE>DIREITOS INDIVIDUAIS>TRÁFICO DE CRIANÇAS - NACIONAL
69656AAA5F8BF67A9C4C4EC00AD584B75C167F1AEB495E6932941AC44EA86E2E;2025-03-03 17:26:58.447;TELEFÔNICO;NÃO;TERCEIRO;CASA ONDE RESIDE A VÍTIMA E O SUSPEITO;BR | BRASIL;RS;4300604 | ALVORADA;DIARIAMENTE;HÁ MAIS DE UM ANO;3;VIOLÊNCIA CONTRA CRIANÇA OU ADOLESCENTE;OUTRO(S) ELEMENTO(S);DESCONHECIDO(A);PESSOA FÍSICA;MASCULINO;NÃO;13 ANOS;BR | BRASIL;;;;NÃO;NÃO;;NÃO;BR | BRASIL;RS;4300604 | ALVORADA;;;;BRANCA;;;PESSOA FÍSICA;MASCULINO;NÃO;55 A 59 ANOS;BR | BRASIL;;;;NÃO;NÃO;;NÃO;BR | BRASIL;RS;4300604 | ALVORADA;NÃO SABE INFORMAR;;;BRANCA;;;;;;;LIBERDADE>DIREITOS INDIVIDUAIS>TRÁFICO DE CRIANÇAS - NACIONAL
A45128C4A187C6354B86F964F549580DE0EEDB2668BD323748E797C597477A48;2025-03-03 17:26:58.447;TELEFÔNICO;NÃO;TERCEIRO;CASA ONDE RESIDE A VÍTIMA E O SUSPEITO;BR | BRASIL;RS;4300604 | ALVORADA;DIARIAMENTE;HÁ MAIS DE UM ANO;3;VIOLÊNCIA CONTRA CRIANÇA OU ADOLESCENTE;OUTRO(S) ELEMENTO(S);DESCONHECIDO(A);PESSOA FÍSICA;MASCULINO;NÃO;12 ANOS;BR | BRASIL;;;;NÃO;NÃO;;NÃO;BR | BRASIL;RS;4300604 | ALVORADA;;;;BRANCA;;;PESSOA FÍSICA;FEMININO;NÃO;35 A 39 ANOS;BR | BRASIL;;;;NÃO;NÃO;;NÃO;BR | BRASIL;RS;4300604 | ALVORADA;NÃO SABE INFORMAR;;;BRANCA;;;;;;;LIBERDADE>DIREITOS INDIVIDUAIS>TRÁFICO DE CRIANÇAS - NACIONAL
81D82AC0FB81F3B931B0B414FBE556A1525BEA0D1396CDD10007BA849C2EEB1D;2025-03-03 17:26:58.447;TELEFÔNICO;NÃO;TERCEIRO;CASA ONDE RESIDE A VÍTIMA E O SUSPEITO;BR | BRASIL;RS;4300604 | ALVORADA;DIARIAMENTE;HÁ MAIS DE UM ANO;3;VIOLÊNCIA CONTRA CRIANÇA OU ADOLESCENTE;OUTRO(S) ELEMENTO(S);DESCONHECIDO(A);PESSOA FÍSICA;MASCULINO;NÃO;12 ANOS;BR | BRASIL;;;;NÃO;NÃO;;NÃO;BR | BRASIL;RS;4300604 | ALVORADA;;;;BRANCA;;;PESSOA FÍSICA;MASCULINO;NÃO;60 A 64 ANOS;BR | BRASIL;;;;NÃO;NÃO;;NÃO;BR | BRASIL;RS;4300604 | ALVORADA;NÃO SABE INFORMAR;;;BRANCA;;;;;;;LIBERDADE>DIREITOS INDIVIDUAIS>TRÁFICO DE CRIANÇAS - NACIONAL
E40AFB9445DE3AABA9006222B2D3F719F1D2B3072432D2CAA7407D66050BB7B8;2025-03-03 17:26:58.447;TELEFÔNICO;NÃO;TERCEIRO;CASA ONDE RESIDE A VÍTIMA E O SUSPEITO;BR | BRASIL;RS;4300604 | ALVORADA;DIARIAMENTE;HÁ MAIS DE UM ANO;3;VIOLÊNCIA CONTRA CRIANÇA OU ADOLESCENTE;;DESCONHECIDO(A);PESSOA FÍSICA;MASCULINO;NÃO;13 ANOS;BR | BRASIL;;;;;NÃO;;NÃO;BR | BRASIL;RS;4300604 | ALVORADA;;;;PARDA;;;PESSOA FÍSICA;MASCULINO;NÃO;30 A 34 ANOS;BR | BRASIL;;;;;NÃO;;NÃO;BR | BRASIL;RS;4300604 | ALVORADA;NÃO SABE INFORMAR;;;BRANCA;;;;;;;LIBERDADE>DIREITOS INDIVIDUAIS>TRÁFICO DE PESSOAS - NACIONAL
8BF598C35A9ECDDC48E1E1732FAC01EA5618E84AD7518317DEAED037D10E982D;2025-03-03 17:26:58.447;TELEFÔNICO;NÃO;TERCEIRO;CASA ONDE RESIDE A VÍTIMA E O SUSPEITO;BR | BRASIL;RS;4300604 | ALVORADA;DIARIAMENTE;HÁ MAIS DE UM ANO;3;VIOLÊNCIA CONTRA CRIANÇA OU ADOLESCENTE;OUTRO(S) ELEMENTO(S);DESCONHECIDO(A);PESSOA FÍSICA;MASCULINO;NÃO;13 ANOS;BR | BRASIL;;;;NÃO;NÃO;;NÃO;BR | BRASIL;RS;4300604 | ALVORADA;;;;BRANCA;;;PESSOA FÍSICA;MASCULINO;NÃO;;BR | BRASIL;;;;NÃO;NÃO;;;BR | BRASIL;RS;4300604 | ALVORADA;;;;;;;;;;;LIBERDADE>DIREITOS INDIVIDUAIS>TRÁFICO DE CRIANÇAS - NACIONAL
8F79D2C4D7F89A9395747F9B50AA7F7D7662F72FA11D880EAC103CC3EBCDD8CB;2025-03-03 17:26:58.447;TELEFÔNICO;NÃO;TERCEIRO;CASA ONDE RESIDE A VÍTIMA E O SUSPEITO;BR | BRASIL;RS;4300604 | ALVORADA;DIARIAMENTE;HÁ MAIS DE UM ANO;3;VIOLÊNCIA CONTRA CRIANÇA OU ADOLESCENTE;OUTRO(S) ELEMENTO(S);DESCONHECIDO(A);PESSOA FÍSICA;FEMININO;NÃO;14 ANOS;BR | BRASIL;;;;NÃO;NÃO;;NÃO;BR | BRASIL;RS;4300604 | ALVORADA;;;;BRANCA;;;PESSOA FÍSICA;MASCULINO;NÃO;55 A 59 ANOS;BR | BRASIL;;;;NÃO;NÃO;;NÃO;BR | BRASIL;RS;4300604 | ALVORADA;NÃO SABE INFORMAR;;;BRANCA;;;;;;;LIBERDADE>DIREITOS INDIVIDUAIS>TRÁFICO DE CRIANÇAS - NACIONAL
D138FA763920B028380A860039B0BD75FED68F66EECCBDB681B693BAA26E120B;2025-03-03 17:26:58.447;TELEFÔNICO;NÃO;TERCEIRO;CASA ONDE RESIDE A VÍTIMA E O SUSPEITO;BR | BRASIL;RS;4300604 | ALVORADA;DIARIAMENTE;HÁ MAIS DE UM ANO;3;VIOLÊNCIA CONTRA CRIANÇA OU ADOLESCENTE;OUTRO(S) ELEMENTO(S);DESCONHECIDO(A);PESSOA FÍSICA;MASCULINO;NÃO;16 ANOS;BR | BRASIL;;;;NÃO;NÃO;;NÃO;BR | BRASIL;RS;4300604 | ALVORADA;;;;BRANCA;;;PESSOA FÍSICA;MASCULINO;NÃO;30 A 34 ANOS;BR | BRASIL;;;;NÃO;NÃO;;NÃO;BR | BRASIL;RS;4300604 | ALVORADA;NÃO SABE INFORMAR;;;BRANCA;;;;;;;LIBERDADE>DIREITOS INDIVIDUAIS>TRÁFICO DE CRIANÇAS - NACIONAL
E587F7CC94D47153C0EF273C355645C95A94EA3D819AB89BC9873A8C7220A1BF;2025-03-03 17:26:58.447;TELEFÔNICO;NÃO;TERCEIRO;CASA ONDE RESIDE A VÍTIMA E O SUSPEITO;BR | BRASIL;RS;4300604 | ALVORADA;DIARIAMENTE;HÁ MAIS DE UM ANO;3;VIOLÊNCIA CONTRA CRIANÇA OU ADOLESCENTE;OUTRO(S) ELEMENTO(S);DESCONHECIDO(A);PESSOA FÍSICA;MASCULINO;NÃO;13 ANOS;BR | BRASIL;;;;NÃO;NÃO;;NÃO;BR | BRASIL;RS;4300604 | ALVORADA;;;;BRANCA;;;PESSOA FÍSICA;MASCULINO;NÃO;30 A 34 ANOS;BR | BRASIL;;;;NÃO;NÃO;;NÃO;BR | BRASIL;RS;4300604 | ALVORADA;NÃO SABE INFORMAR;;;BRANCA;;;;;;;LIBERDADE>DIREITOS INDIVIDUAIS>TRÁFICO DE CRIANÇAS - NACIONAL
E40AFB9445DE3AABA9006222B2D3F719F1D2B3072432D2CAA7407D66050BB7B8;2025-03-03 17:26:58.447;TELEFÔNICO;NÃO;TERCEIRO;CASA ONDE RESIDE A VÍTIMA E O SUSPEITO;BR | BRASIL;RS;4300604 | ALVORADA;DIARIAMENTE;HÁ MAIS DE UM ANO;3;VIOLÊNCIA CONTRA CRIANÇA OU ADOLESCENTE;OUTRO(S) ELEMENTO(S);DESCONHECIDO(A);PESSOA FÍSICA;MASCULINO;NÃO;13 ANOS;BR | BRASIL;;;;NÃO;NÃO;;NÃO;BR | BRASIL;RS;4300604 | ALVORADA;;;;PARDA;;;PESSOA FÍSICA;MASCULINO;NÃO;30 A 34 ANOS;BR | BRASIL;;;;NÃO;NÃO;;NÃO;BR | BRASIL;RS;4300604 | ALVORADA;NÃO SABE INFORMAR;;;BRANCA;;;;;;;LIBERDADE>DIREITOS INDIVIDUAIS>TRÁFICO DE CRIANÇAS - NACIONAL
F51D2D52DF05C47391D5150F059CBD48BCA36573DF325FE7DD40F5CD03C6566A;2025-03-03 17:26:58.447;TELEFÔNICO;NÃO;TERCEIRO;CASA ONDE RESIDE A VÍTIMA E O SUSPEITO;BR | BRASIL;RS;4300604 | ALVORADA;DIARIAMENTE;HÁ MAIS DE UM ANO;3;VIOLÊNCIA CONTRA CRIANÇA OU ADOLESCENTE;OUTRO(S) ELEMENTO(S);DESCONHECIDO(A);PESSOA FÍSICA;FEMININO;NÃO;14 ANOS;BR | BRASIL;;;;NÃO;NÃO;;NÃO;BR | BRASIL;RS;4300604 | ALVORADA;;;;BRANCA;;;PESSOA FÍSICA;MASCULINO;NÃO;60 A 64 ANOS;BR | BRASIL;;;;NÃO;NÃO;;NÃO;BR | BRASIL;RS;4300604 | ALVORADA;NÃO SABE INFORMAR;;;BRANCA;;;;;;;LIBERDADE>DIREITOS INDIVIDUAIS>TRÁFICO DE CRIANÇAS - NACIONAL
FD5DB6427ADC01BFEEB8B4446AE7D88B9F761EFBB7E726BE5C006E0A775DEB82;2025-03-03 17:26:58.447;TELEFÔNICO;NÃO;TERCEIRO;CASA ONDE RESIDE A VÍTIMA E O SUSPEITO;BR | BRASIL;RS;4300604 | ALVORADA;DIARIAMENTE;HÁ MAIS DE UM ANO;3;VIOLÊNCIA CONTRA CRIANÇA OU ADOLESCENTE;OUTRO(S) ELEMENTO(S);DESCONHECIDO(A);PESSOA FÍSICA;FEMININO;NÃO;14 ANOS;BR | BRASIL;;;;NÃO;NÃO;;NÃO;BR | BRASIL;RS;4300604 | ALVORADA;;;;BRANCA;;;PESSOA FÍSICA;FEMININO;NÃO;35 A 39 ANOS;BR | BRASIL;;;;NÃO;NÃO;;NÃO;BR | BRASIL;RS;4300604 | ALVORADA;NÃO SABE INFORMAR;;;BRANCA;;;;;;;LIBERDADE>DIREITOS INDIVIDUAIS>TRÁFICO DE CRIANÇAS - NACIONAL
68E5806BA3494EAB1A8B77505AE36F5DCB9EF2D0E7AB65B4022F4973E0799170;2025-03-03 18:03:48.867;TELEFÔNICO;NÃO;TERCEIRO;CASA ONDE RESIDE A VÍTIMA E O SUSPEITO;BR | BRASIL;RS;4300604 | ALVORADA;DIARIAMENTE;HÁ MAIS DE SEIS MESES;3;VIOLÊNCIA CONTRA CRIANÇA OU ADOLESCENTE;;OUTROS;PESSOA FÍSICA;MASCULINO;NÃO;13 ANOS;BR | BRASIL;;;;;NÃO;;NÃO;BR | BRASIL;RS;4300604 | ALVORADA;;;;PARDA;;;PESSOA FÍSICA;MASCULINO;NÃO;;BR | BRASIL;;;;;NÃO;;;BR | BRASIL;RS;4300604 | ALVORADA;;;;;;;;;;;LIBERDADE>DIREITOS INDIVIDUAIS>TRÁFICO DE CRIANÇAS - NACIONAL
5D289EEAB22136608C4D6E9C3E02DAF57BAF2DAF6696A1D92A2EE19DC3857867;2025-03-03 18:03:48.867;TELEFÔNICO;NÃO;TERCEIRO;CASA ONDE RESIDE A VÍTIMA E O SUSPEITO;BR | BRASIL;RS;4300604 | ALVORADA;DIARIAMENTE;HÁ MAIS DE SEIS MESES;3;VIOLÊNCIA CONTRA CRIANÇA OU ADOLESCENTE;;OUTROS;PESSOA FÍSICA;MASCULINO;NÃO;13 ANOS;BR | BRASIL;;;;;NÃO;;NÃO;BR | BRASIL;RS;4300604 | ALVORADA;;;;PARDA;;;PESSOA FÍSICA;FEMININO;NÃO;;BR | BRASIL;;;;;NÃO;;;BR | BRASIL;RS;4300604 | ALVORADA;;;;;;;;;;;LIBERDADE>DIREITOS INDIVIDUAIS>TRÁFICO DE CRIANÇAS - NACIONAL
B8F0DDE95E881E4307711CEF90C18A9C940AA8ABF70596B87C502FE71F147998;2025-03-03 18:03:48.867;TELEFÔNICO;NÃO;TERCEIRO;CASA ONDE RESIDE A VÍTIMA E O SUSPEITO;BR | BRASIL;RS;4300604 | ALVORADA;DIARIAMENTE;HÁ MAIS DE SEIS MESES;3;VIOLÊNCIA CONTRA CRIANÇA OU ADOLESCENTE;;OUTROS;PESSOA FÍSICA;MASCULINO;NÃO;13 ANOS;BR | BRASIL;;;;;NÃO;;NÃO;BR | BRASIL;RS;4300604 | ALVORADA;;;;PARDA;;;PESSOA FÍSICA;FEMININO;NÃO;40 A 44 ANOS;BR | BRASIL;;;;;NÃO;;NÃO;BR | BRASIL;RS;4300604 | ALVORADA;OUTROS NÃO LISTADOS;;;;;;;;;;LIBERDADE>DIREITOS INDIVIDUAIS>TRÁFICO DE CRIANÇAS - NACIONAL
8A8ADB7B6CFB02F6D8E37D872A5E8CFB49707D5AAEEEACEEE440CDD918DCD917;2025-03-03 18:03:48.867;TELEFÔNICO;NÃO;TERCEIRO;CASA ONDE RESIDE A VÍTIMA E O SUSPEITO;BR | BRASIL;RS;4300604 | ALVORADA;DIARIAMENTE;HÁ MAIS DE SEIS MESES;3;VIOLÊNCIA CONTRA CRIANÇA OU ADOLESCENTE;;OUTROS;PESSOA FÍSICA;MASCULINO;NÃO;13 ANOS;BR | BRASIL;;;;;NÃO;;NÃO;BR | BRASIL;RS;4300604 | ALVORADA;;;;PARDA;;;PESSOA FÍSICA;MASCULINO;NÃO;;BR | BRASIL;;;;;NÃO;;;BR | BRASIL;RS;4300604 | ALVORADA;;;;;;;;;;;LIBERDADE>DIREITOS INDIVIDUAIS>TRÁFICO DE CRIANÇAS - NACIONAL
E2985802E63C06742DB7B30A5083F37982F4232930AB05357616FB91570054F1;2025-03-03 18:03:48.867;TELEFÔNICO;NÃO;TERCEIRO;CASA ONDE RESIDE A VÍTIMA E O SUSPEITO;BR | BRASIL;RS;4300604 | ALVORADA;DIARIAMENTE;HÁ MAIS DE SEIS MESES;3;VIOLÊNCIA CONTRA CRIANÇA OU ADOLESCENTE;;OUTROS;PESSOA FÍSICA;MASCULINO;NÃO;13 ANOS;BR | BRASIL;;;;;NÃO;;NÃO;BR | BRASIL;RS;4300604 | ALVORADA;;;;PARDA;;;PESSOA FÍSICA;MASCULINO;NÃO;;BR | BRASIL;;;;;NÃO;;;BR | BRASIL;RS;4300604 | ALVORADA;;;;;;;;;;;LIBERDADE>DIREITOS INDIVIDUAIS>TRÁFICO DE CRIANÇAS - NACIONAL
F91039188729A7D0CA464B53BBF6D275CEF3B49418D089847142A3AD0B594CB4;2025-03-03 18:03:48.867;TELEFÔNICO;NÃO;TERCEIRO;CASA ONDE RESIDE A VÍTIMA E O SUSPEITO;BR | BRASIL;RS;4300604 | ALVORADA;DIARIAMENTE;HÁ MAIS DE SEIS MESES;3;VIOLÊNCIA CONTRA CRIANÇA OU ADOLESCENTE;;OUTROS;PESSOA FÍSICA;MASCULINO;NÃO;13 ANOS;BR | BRASIL;;;;;NÃO;;NÃO;BR | BRASIL;RS;4300604 | ALVORADA;;;;PARDA;;;PESSOA FÍSICA;FEMININO;NÃO;;BR | BRASIL;;;;;NÃO;;;BR | BRASIL;RS;4300604 | ALVORADA;;;;;;;;;;;LIBERDADE>DIREITOS INDIVIDUAIS>TRÁFICO DE CRIANÇAS - NACIONAL
0FAE5A006D20FD5AAFBF85E22A656F89A566AB08C74A46A5A6C5F39AC2EEF4E5;2025-03-04 09:21:32.237;TELEFÔNICO;NÃO;TERCEIRO;CASA ONDE RESIDE A VÍTIMA E O SUSPEITO;BR | BRASIL;PR;4104006 | CAMPINA GRANDE DO SUL;DIARIAMENTE;HÁ MAIS DE UM ANO;1;VIOLÊNCIA CONTRA CRIANÇA OU ADOLESCENTE;;OUTROS;COMUNIDADE/FAMÍLIA;;;CRIANÇA/ADOLESCENTE IDADE NÃO INFORMADA;BR | BRASIL;;;;;;;;BR | BRASIL;PR;4104006 | CAMPINA GRANDE DO SUL;;;;NÃO INFORMADO;;;PESSOA FÍSICA;FEMININO;NÃO;40 A 44 ANOS;BR | BRASIL;;;;;NÃO;;NÃO INFORMADO;BR | BRASIL;PR;4104006 | CAMPINA GRANDE DO SUL;OUTROS NÃO LISTADOS;;;BRANCA;;;;;;;LIBERDADE>DIREITOS INDIVIDUAIS>TRÁFICO DE CRIANÇAS - NACIONAL
3421AF72CC4843DDF91F67390D0B50AB2221A72664B614006D09665DC388D0A5;2025-03-04 09:21:32.237;TELEFÔNICO;NÃO;TERCEIRO;CASA ONDE RESIDE A VÍTIMA E O SUSPEITO;BR | BRASIL;PR;4104006 | CAMPINA GRANDE DO SUL;DIARIAMENTE;HÁ MAIS DE UM ANO;1;VIOLÊNCIA CONTRA CRIANÇA OU ADOLESCENTE;;OUTROS;COMUNIDADE/FAMÍLIA;;;CRIANÇA/ADOLESCENTE IDADE NÃO INFORMADA;BR | BRASIL;;;;;;;;BR | BRASIL;PR;4104006 | CAMPINA GRANDE DO SUL;;;;NÃO INFORMADO;;;COMUNIDADE/FAMÍLIA;;;;BR | BRASIL;;;;;;;;BR | BRASIL;PR;4104006 | CAMPINA GRANDE DO SUL;;;;;;;;;;;LIBERDADE>DIREITOS INDIVIDUAIS>TRÁFICO DE CRIANÇAS - NACIONAL
39CB4C8EBD005070F37DE9A47F09BD876F02A029D92EAABE772B860AB7330F01;2025-03-08 13:24:22.300;TELEFÔNICO;NÃO;TERCEIRO;OUTROS;BR | BRASIL;CE;2307601 | LIMOEIRO DO NORTE;DIARIAMENTE;HÁ MAIS DE SEIS MESES;1;VIOLÊNCIA CONTRA CRIANÇA OU ADOLESCENTE;;MÃE;PESSOA FÍSICA;MASCULINO;;MENOS DE 01 ANO;BR | BRASIL;;;;;NÃO;;;BR | BRASIL;PB;;;ENSINO FUNDAMENTAL INCOMPLETO;;PARDA;;;PESSOA FÍSICA;FEMININO;NÃO;35 A 39 ANOS;BR | BRASIL;;;;;NÃO;;NÃO;BR | BRASIL;PB;DENUNCIANTE NÃO SOUBE INFORMAR;OUTROS NÃO LISTADOS;;;;;;;;;;LIBERDADE>DIREITOS INDIVIDUAIS>TRÁFICO DE CRIANÇAS - NACIONAL
801202BA5BCCC66AE97935569B8BBA603FA68BB4034EE298EE8E53AA84828F15;2025-03-08 13:24:22.300;TELEFÔNICO;NÃO;TERCEIRO;OUTROS;BR | BRASIL;CE;2307601 | LIMOEIRO DO NORTE;DIARIAMENTE;HÁ MAIS DE SEIS MESES;1;VIOLÊNCIA CONTRA CRIANÇA OU ADOLESCENTE;;MÃE;PESSOA FÍSICA;MASCULINO;;MENOS DE 01 ANO;BR | BRASIL;;;;;NÃO;;;BR | BRASIL;PB;;;ENSINO FUNDAMENTAL INCOMPLETO;;PARDA;;;PESSOA FÍSICA;MASCULINO;NÃO;40 A 44 ANOS;BR | BRASIL;;;;;NÃO;;NÃO;BR | BRASIL;PB;;OUTROS NÃO LISTADOS;;;PRETA;;;;;;;LIBERDADE>DIREITOS INDIVIDUAIS>TRÁFICO DE CRIANÇAS - NACIONAL
19F5AE0C9366C8D540FA8A1892BC744D84CA2E32D74E8986C1D7B259A04197B4;2025-03-13 18:27:47.873;TELEFÔNICO;NÃO;TERCEIRO;OUTROS;BR | BRASIL;MG;3106200 | BELO HORIZONTE;MENSALMENTE;HÁ MAIS DE UM ANO;1;VIOLÊNCIA CONTRA CIDADÃO, FAMÍLIA OU COMUNIDADE;OUTRO(S) ELEMENTO(S);OUTROS;COMUNIDADE/FAMÍLIA;;;18 A 19 ANOS;BR | BRASIL;;;;;;;;BR | BRASIL;DENUNCIANTE NÃO SOUBE INFORMAR;DENUNCIANTE NÃO SOUBE INFORMAR;;;;NÃO INFORMADO;;;PESSOA FÍSICA;MASCULINO;NÃO;40 A 44 ANOS;BR | BRASIL;;;;;NÃO;;NÃO INFORMADO;BR | BRASIL;MG;3131307 | IPATINGA;OUTROS NÃO LISTADOS;;;PARDA;;;;;;;LIBERDADE>DIREITOS INDIVIDUAIS>TRÁFICO DE PESSOAS - INTERNACIONAL
1390F737F0CC630D991F4FD3C2C3495E137F39655D5125F33561B7D4E01B8595;2025-03-16 20:09:36.803;TELEFÔNICO;NÃO;TERCEIRO;VIA PÚBLICA;BR | BRASIL;DENUNCIANTE NÃO SOUBE INFORMAR;DENUNCIANTE NÃO SOUBE INFORMAR;NÃO SABE INFORMAR;NÃO SABE INFORMAR;2;VIOLÊNCIA CONTRA CRIANÇA OU ADOLESCENTE;;NÃO SABE INFORMAR;PESSOA FÍSICA;MASCULINO;;10 ANOS;BR | BRASIL;;;;;NÃO;;;BR | BRASIL;PI;2211001 | TERESINA;;;;INDÍGENA;;;PESSOA FÍSICA;FEMININO;NÃO;;BR | BRASIL;;;;;NÃO;;;BR | BRASIL;PI;2211001 | TERESINA;;;;;;;;;;;LIBERDADE>DIREITOS INDIVIDUAIS>TRÁFICO DE CRIANÇAS - INTERNACIONAL
235E2BB44C1F7E828A72928C6FF6D951FFAD4B0A4898D52162F890EE18B2C041;2025-03-16 20:09:36.803;TELEFÔNICO;NÃO;TERCEIRO;VIA PÚBLICA;BR | BRASIL;DENUNCIANTE NÃO SOUBE INFORMAR;DENUNCIANTE NÃO SOUBE INFORMAR;NÃO SABE INFORMAR;NÃO SABE INFORMAR;2;VIOLÊNCIA CONTRA CRIANÇA OU ADOLESCENTE;;NÃO SABE INFORMAR;PESSOA FÍSICA;MASCULINO;;10 ANOS;BR | BRASIL;;;;;NÃO;;;BR | BRASIL;PI;2211001 | TERESINA;;;;INDÍGENA;;;PESSOA FÍSICA;MASCULINO;NÃO;;BR | BRASIL;;;;;NÃO;;;BR | BRASIL;PI;2211001 | TERESINA;;;;;;;;;;;LIBERDADE>DIREITOS INDIVIDUAIS>TRÁFICO DE CRIANÇAS - INTERNACIONAL
4237485F13325B100DC490E38D2360991F6FEE26800F23076107C3AE4FAB708F;2025-03-16 20:09:36.803;TELEFÔNICO;NÃO;TERCEIRO;VIA PÚBLICA;BR | BRASIL;DENUNCIANTE NÃO SOUBE INFORMAR;DENUNCIANTE NÃO SOUBE INFORMAR;ÚNICA OCORRÊNCIA;NÃO SE APLICA;2;VIOLÊNCIA CONTRA CRIANÇA OU ADOLESCENTE;OUTRO(S) ELEMENTO(S);NÃO SABE INFORMAR;PESSOA FÍSICA;FEMININO;NÃO;13 ANOS;BR | BRASIL;;;;;NÃO;;NÃO;BR | BRASIL;PI;2211001 | TERESINA;;;;INDÍGENA;;;PESSOA FÍSICA;FEMININO;NÃO;;BR | BRASIL;;;;;NÃO;;;BR | BRASIL;PI;2211001 | TERESINA;;;;;;;;;;;LIBERDADE>DIREITOS INDIVIDUAIS>TRÁFICO DE CRIANÇAS - INTERNACIONAL
691A04BA965EEB450EB24D98992E6E5D227F042AC5FCFE79A466F8A9FB9F367C;2025-03-16 20:09:36.803;TELEFÔNICO;NÃO;TERCEIRO;VIA PÚBLICA;BR | BRASIL;DENUNCIANTE NÃO SOUBE INFORMAR;DENUNCIANTE NÃO SOUBE INFORMAR;NÃO SABE INFORMAR;NÃO SABE INFORMAR;2;VIOLÊNCIA CONTRA CRIANÇA OU ADOLESCENTE;;NÃO SABE INFORMAR;PESSOA FÍSICA;MASCULINO;;10 ANOS;BR | BRASIL;;;;;NÃO;;;BR | BRASIL;PI;2211001 | TERESINA;;;;INDÍGENA;;;PESSOA FÍSICA;NÃO SE APLICA - VÍTIMA COMUNIDADE/FAMÍLIA;NÃO;;BR | BRASIL;;;;;NÃO;;;BR | BRASIL;PI;2211001 | TERESINA;;;;;;;;;;;LIBERDADE>DIREITOS INDIVIDUAIS>TRÁFICO DE CRIANÇAS - INTERNACIONAL
651D765AB7D67C4884D6ABE29D793C2634D03670DD49AF9EF6AA4B66C5E6AB2E;2025-03-16 20:09:36.803;TELEFÔNICO;NÃO;TERCEIRO;VIA PÚBLICA;BR | BRASIL;DENUNCIANTE NÃO SOUBE INFORMAR;DENUNCIANTE NÃO SOUBE INFORMAR;NÃO SABE INFORMAR;NÃO SABE INFORMAR;2;VIOLÊNCIA CONTRA CRIANÇA OU ADOLESCENTE;;NÃO SABE INFORMAR;PESSOA FÍSICA;MASCULINO;;10 ANOS;BR | BRASIL;;;;;NÃO;;;BR | BRASIL;PI;2211001 | TERESINA;;;;INDÍGENA;;;PESSOA FÍSICA;MASCULINO;NÃO;;BR | BRASIL;;;;;NÃO;;;BR | BRASIL;SP;3513801 | DIADEMA;;;;;;;;;;;LIBERDADE>DIREITOS INDIVIDUAIS>TRÁFICO DE CRIANÇAS - INTERNACIONAL
2C08C32AF7DF60B4244AF8EA2C65F62821D142D590901E8951AE0506CFDD5F2D;2025-03-16 20:09:36.803;TELEFÔNICO;NÃO;TERCEIRO;VIA PÚBLICA;BR | BRASIL;DENUNCIANTE NÃO SOUBE INFORMAR;DENUNCIANTE NÃO SOUBE INFORMAR;ÚNICA OCORRÊNCIA;NÃO SE APLICA;2;VIOLÊNCIA CONTRA CRIANÇA OU ADOLESCENTE;OUTRO(S) ELEMENTO(S);NÃO SABE INFORMAR;PESSOA FÍSICA;FEMININO;NÃO;13 ANOS;BR | BRASIL;;;;;NÃO;;NÃO;BR | BRASIL;PI;2211001 | TERESINA;;;;INDÍGENA;;;PESSOA FÍSICA;MASCULINO;NÃO;;BR | BRASIL;;;;;NÃO;;;BR | BRASIL;PI;2211001 | TERESINA;POLICIAL CIVIL;;;;;;;;;;LIBERDADE>DIREITOS INDIVIDUAIS>TRÁFICO DE CRIANÇAS - INTERNACIONAL
EB4B43694AF72516F0FD854D6EE201EE3D603A6E4591969202FE253EF5FC70AD;2025-03-16 20:09:36.803;TELEFÔNICO;NÃO;TERCEIRO;VIA PÚBLICA;BR | BRASIL;DENUNCIANTE NÃO SOUBE INFORMAR;DENUNCIANTE NÃO SOUBE INFORMAR;ÚNICA OCORRÊNCIA;NÃO SE APLICA;2;VIOLÊNCIA CONTRA CRIANÇA OU ADOLESCENTE;OUTRO(S) ELEMENTO(S);NÃO SABE INFORMAR;PESSOA FÍSICA;FEMININO;NÃO;13 ANOS;BR | BRASIL;;;;;NÃO;;NÃO;BR | BRASIL;PI;2211001 | TERESINA;;;;INDÍGENA;;;PESSOA FÍSICA;NÃO SE APLICA - VÍTIMA COMUNIDADE/FAMÍLIA;NÃO;;BR | BRASIL;;;;;NÃO;;;BR | BRASIL;PI;2211001 | TERESINA;;;;;;;;;;;LIBERDADE>DIREITOS INDIVIDUAIS>TRÁFICO DE CRIANÇAS - INTERNACIONAL
F09A7BCD0A0F16392D5741B57EFB2C29850F8C33EB94A2B1A7B898D8ACABBABA;2025-03-16 20:09:36.803;TELEFÔNICO;NÃO;TERCEIRO;VIA PÚBLICA;BR | BRASIL;DENUNCIANTE NÃO SOUBE INFORMAR;DENUNCIANTE NÃO SOUBE INFORMAR;NÃO SABE INFORMAR;NÃO SABE INFORMAR;2;VIOLÊNCIA CONTRA CRIANÇA OU ADOLESCENTE;;NÃO SABE INFORMAR;PESSOA FÍSICA;MASCULINO;;10 ANOS;BR | BRASIL;;;;;NÃO;;;BR | BRASIL;PI;2211001 | TERESINA;;;;INDÍGENA;;;PESSOA FÍSICA;MASCULINO;NÃO;;BR | BRASIL;;;;;NÃO;;;BR | BRASIL;PI;2211001 | TERESINA;POLICIAL CIVIL;;;;;;;;;;LIBERDADE>DIREITOS INDIVIDUAIS>TRÁFICO DE CRIANÇAS - INTERNACIONAL
36449FE6C2E51D80A4317EFD8D472409E8366A7031C09381F96C02C8CF9A397F;2025-03-16 20:09:36.803;TELEFÔNICO;NÃO;TERCEIRO;VIA PÚBLICA;BR | BRASIL;DENUNCIANTE NÃO SOUBE INFORMAR;DENUNCIANTE NÃO SOUBE INFORMAR;NÃO SABE INFORMAR;NÃO SABE INFORMAR;2;VIOLÊNCIA CONTRA CRIANÇA OU ADOLESCENTE;;NÃO SABE INFORMAR;PESSOA FÍSICA;MASCULINO;;10 ANOS;BR | BRASIL;;;;;NÃO;;;BR | BRASIL;PI;2211001 | TERESINA;;;;INDÍGENA;;;PESSOA FÍSICA;FEMININO;NÃO;;BR | BRASIL;;;;;NÃO;;;BR | BRASIL;PI;2211001 | TERESINA;;;;;;;;;;;LIBERDADE>DIREITOS INDIVIDUAIS>TRÁFICO DE CRIANÇAS - INTERNACIONAL
B20F5FC087A4FEB47A05879B11C9CC92CD387847B40742A1048DBB6227291D02;2025-03-16 20:09:36.803;TELEFÔNICO;NÃO;TERCEIRO;VIA PÚBLICA;BR | BRASIL;DENUNCIANTE NÃO SOUBE INFORMAR;DENUNCIANTE NÃO SOUBE INFORMAR;ÚNICA OCORRÊNCIA;NÃO SE APLICA;2;VIOLÊNCIA CONTRA CRIANÇA OU ADOLESCENTE;OUTRO(S) ELEMENTO(S);NÃO SABE INFORMAR;PESSOA FÍSICA;FEMININO;NÃO;13 ANOS;BR | BRASIL;;;;;NÃO;;NÃO;BR | BRASIL;PI;2211001 | TERESINA;;;;INDÍGENA;;;PESSOA FÍSICA;MASCULINO;NÃO;;BR | BRASIL;;;;;NÃO;;;BR | BRASIL;PI;2211001 | TERESINA;;;;;;;;;;;LIBERDADE>DIREITOS INDIVIDUAIS>TRÁFICO DE CRIANÇAS - INTERNACIONAL
F112BA1885F640FA7B283C0F71D9257E64B2F1BAFE3A85F3ABE11F6639B6E0F2;2025-03-16 20:09:36.803;TELEFÔNICO;NÃO;TERCEIRO;VIA PÚBLICA;BR | BRASIL;DENUNCIANTE NÃO SOUBE INFORMAR;DENUNCIANTE NÃO SOUBE INFORMAR;NÃO SABE INFORMAR;NÃO SABE INFORMAR;2;VIOLÊNCIA CONTRA CRIANÇA OU ADOLESCENTE;;NÃO SABE INFORMAR;PESSOA FÍSICA;MASCULINO;;10 ANOS;BR | BRASIL;;;;;NÃO;;;BR | BRASIL;PI;2211001 | TERESINA;;;;INDÍGENA;;;PESSOA FÍSICA;MASCULINO;NÃO;;BR | BRASIL;;;;;NÃO;;;BR | BRASIL;PI;2211001 | TERESINA;;;;;;;;;;;LIBERDADE>DIREITOS INDIVIDUAIS>TRÁFICO DE CRIANÇAS - INTERNACIONAL
7FBB3873658594AD4FF91F5E4F4DDF1760E0C2192D27D54575F4ED05745BBCF3;2025-03-16 20:09:36.803;TELEFÔNICO;NÃO;TERCEIRO;VIA PÚBLICA;BR | BRASIL;DENUNCIANTE NÃO SOUBE INFORMAR;DENUNCIANTE NÃO SOUBE INFORMAR;ÚNICA OCORRÊNCIA;NÃO SE APLICA;2;VIOLÊNCIA CONTRA CRIANÇA OU ADOLESCENTE;OUTRO(S) ELEMENTO(S);NÃO SABE INFORMAR;PESSOA FÍSICA;FEMININO;NÃO;13 ANOS;BR | BRASIL;;;;;NÃO;;NÃO;BR | BRASIL;PI;2211001 | TERESINA;;;;INDÍGENA;;;PESSOA FÍSICA;MASCULINO;NÃO;;BR | BRASIL;;;;;NÃO;;;BR | BRASIL;SP;3513801 | DIADEMA;;;;;;;;;;;LIBERDADE>DIREITOS INDIVIDUAIS>TRÁFICO DE CRIANÇAS - INTERNACIONAL
868A2DF47586510788B320368E84CEACE13F54D918EA5A01F85BECCC5CC57E2C;2025-03-16 20:09:36.803;TELEFÔNICO;NÃO;TERCEIRO;VIA PÚBLICA;BR | BRASIL;DENUNCIANTE NÃO SOUBE INFORMAR;DENUNCIANTE NÃO SOUBE INFORMAR;NÃO SABE INFORMAR;NÃO SABE INFORMAR;2;VIOLÊNCIA CONTRA CRIANÇA OU ADOLESCENTE;;NÃO SABE INFORMAR;PESSOA FÍSICA;MASCULINO;;10 ANOS;BR | BRASIL;;;;;NÃO;;;BR | BRASIL;PI;2211001 | TERESINA;;;;INDÍGENA;;;PESSOA FÍSICA;MASCULINO;NÃO;;BR | BRASIL;;;;;NÃO;;;BR | BRASIL;PI;2211001 | TERESINA;;;;;;;;;;;LIBERDADE>DIREITOS INDIVIDUAIS>TRÁFICO DE CRIANÇAS - INTERNACIONAL
B84889A6E5CC6CAF3A4A58CFBDA4D4A345025B7EC52292600D6F8EB1B227B4EC;2025-03-16 20:09:36.803;TELEFÔNICO;NÃO;TERCEIRO;VIA PÚBLICA;BR | BRASIL;DENUNCIANTE NÃO SOUBE INFORMAR;DENUNCIANTE NÃO SOUBE INFORMAR;ÚNICA OCORRÊNCIA;NÃO SE APLICA;2;VIOLÊNCIA CONTRA CRIANÇA OU ADOLESCENTE;OUTRO(S) ELEMENTO(S);NÃO SABE INFORMAR;PESSOA FÍSICA;FEMININO;NÃO;13 ANOS;BR | BRASIL;;;;;NÃO;;NÃO;BR | BRASIL;PI;2211001 | TERESINA;;;;INDÍGENA;;;PESSOA FÍSICA;MASCULINO;NÃO;;BR | BRASIL;;;;;NÃO;;;BR | BRASIL;PI;2211001 | TERESINA;;;;;;;;;;;LIBERDADE>DIREITOS INDIVIDUAIS>TRÁFICO DE CRIANÇAS - INTERNACIONAL
9B6CFF6A0678B9511C038DD0D197506E4CC5D10E4AC1ADBF6EE4055DFE639470;2025-03-16 20:09:36.803;TELEFÔNICO;NÃO;TERCEIRO;VIA PÚBLICA;BR | BRASIL;DENUNCIANTE NÃO SOUBE INFORMAR;DENUNCIANTE NÃO SOUBE INFORMAR;ÚNICA OCORRÊNCIA;NÃO SE APLICA;2;VIOLÊNCIA CONTRA CRIANÇA OU ADOLESCENTE;OUTRO(S) ELEMENTO(S);NÃO SABE INFORMAR;PESSOA FÍSICA;FEMININO;NÃO;13 ANOS;BR | BRASIL;;;;;NÃO;;NÃO;BR | BRASIL;PI;2211001 | TERESINA;;;;INDÍGENA;;;PESSOA FÍSICA;FEMININO;NÃO;;BR | BRASIL;;;;;NÃO;;;BR | BRASIL;PI;2211001 | TERESINA;;;;;;;;;;;LIBERDADE>DIREITOS INDIVIDUAIS>TRÁFICO DE CRIANÇAS - INTERNACIONAL
A22258CA4BBE19A4BCE9C0618225BA4D6B8A178ACC222E072E654EE268B54A58;2025-03-16 20:09:36.803;TELEFÔNICO;NÃO;TERCEIRO;VIA PÚBLICA;BR | BRASIL;DENUNCIANTE NÃO SOUBE INFORMAR;DENUNCIANTE NÃO SOUBE INFORMAR;ÚNICA OCORRÊNCIA;NÃO SE APLICA;2;VIOLÊNCIA CONTRA CRIANÇA OU ADOLESCENTE;OUTRO(S) ELEMENTO(S);NÃO SABE INFORMAR;PESSOA FÍSICA;FEMININO;NÃO;13 ANOS;BR | BRASIL;;;;;NÃO;;NÃO;BR | BRASIL;PI;2211001 | TERESINA;;;;INDÍGENA;;;PESSOA FÍSICA;MASCULINO;NÃO;;BR | BRASIL;;;;;NÃO;;;BR | BRASIL;PI;2211001 | TERESINA;;;;;;;;;;;LIBERDADE>DIREITOS INDIVIDUAIS>TRÁFICO DE CRIANÇAS - INTERNACIONAL
AF08D5218B4F38AB7AA9437B2EE87042EABB2DAC37299C5F0DA757B5B3C2B635;2025-03-17 09:57:27.883;WHATSAPP;NÃO;A PRÓPRIA VÍTIMA;OUTROS;AU | AUSTRÁLIA;DENUNCIANTE NÃO SOUBE INFORMAR;DENUNCIANTE NÃO SOUBE INFORMAR;DIARIAMENTE;NÃO SE APLICA;1;VIOLÊNCIA CONTRA A MULHER;;OUTROS;PESSOA FÍSICA;FEMININO;NÃO;35 A 39 ANOS;BR | BRASIL;;;;;NÃO;;NÃO;BR | BRASIL;MG;3143302 | MONTES CLAROS;;;;PARDA;;;PESSOA FÍSICA;MASCULINO;NÃO;NÃO INFORMADO;BR | BRASIL;;;;;NÃO;;NÃO;AU | AUSTRÁLIA;DENUNCIANTE NÃO SOUBE INFORMAR;DENUNCIANTE NÃO SOUBE INFORMAR;NÃO SABE INFORMAR;;;PRETA;;;;;;;LIBERDADE>DIREITOS INDIVIDUAIS>TRÁFICO DE MULHERES - INTERNACIONAL
CBAE3EC39554AC8416E968ADDBA5BC2214FB0563FD69D5BE3E072DAD7DD307CA;2025-03-18 14:36:39.810;TELEFÔNICO;NÃO;A PRÓPRIA VÍTIMA;CASA DA VÍTIMA;BR | BRASIL;PR;4119905 | PONTA GROSSA;OCASIONALMENTE;HÁ MAIS DE DEZ ANOS;1;VIOLÊNCIA CONTRA A MULHER;;TIO(A);PESSOA FÍSICA;FEMININO;NÃO;35 A 39 ANOS;BR | BRASIL;;;;;NÃO;;NÃO;BR | BRASIL;PR;4119905 | PONTA GROSSA;;;;BRANCA;;;PESSOA FÍSICA;FEMININO;NÃO;40 A 44 ANOS;BR | BRASIL;;;;;NÃO;;NÃO;BR | BRASIL;PR;4119905 | PONTA GROSSA;OUTROS NÃO LISTADOS;;;PARDA;;;;;;;LIBERDADE>DIREITOS INDIVIDUAIS>TRÁFICO DE CRIANÇAS - NACIONAL
9D1ADAFDBF0A2BE24181599F12C0B579148BC5BC4C3665C04BA2435F57A106B4;2025-03-18 14:36:39.810;TELEFÔNICO;NÃO;A PRÓPRIA VÍTIMA;CASA DA VÍTIMA;BR | BRASIL;PR;4119905 | PONTA GROSSA;OCASIONALMENTE;HÁ MAIS DE DEZ ANOS;1;VIOLÊNCIA CONTRA A MULHER;;TIO(A);PESSOA FÍSICA;FEMININO;NÃO;35 A 39 ANOS;BR | BRASIL;;;;;NÃO;;NÃO;BR | BRASIL;PR;4119905 | PONTA GROSSA;;;;BRANCA;;;PESSOA FÍSICA;FEMININO;NÃO;50 A 54 ANOS;BR | BRASIL;;;;;NÃO;;NÃO;BR | BRASIL;PR;4119905 | PONTA GROSSA;OUTROS NÃO LISTADOS;;;PRETA;;;;;;;LIBERDADE>DIREITOS INDIVIDUAIS>TRÁFICO DE CRIANÇAS - NACIONAL
07779775621FE1EBDF885F9CE4455A44D053FCD736A7E268CC4C1DD004E59F38;2025-03-18 14:36:39.810;TELEFÔNICO;NÃO;A PRÓPRIA VÍTIMA;CASA DA VÍTIMA;BR | BRASIL;PR;4119905 | PONTA GROSSA;OCASIONALMENTE;HÁ MAIS DE DEZ ANOS;1;VIOLÊNCIA CONTRA A MULHER;;TIO(A);PESSOA FÍSICA;FEMININO;NÃO;35 A 39 ANOS;BR | BRASIL;;;;;NÃO;;NÃO;BR | BRASIL;PR;4119905 | PONTA GROSSA;;;;BRANCA;;;PESSOA FÍSICA;FEMININO;NÃO;30 A 34 ANOS;BR | BRASIL;;;;;NÃO;;NÃO;BR | BRASIL;PR;4119905 | PONTA GROSSA;NÃO SABE INFORMAR;;;PARDA;;;;;;;LIBERDADE>DIREITOS INDIVIDUAIS>TRÁFICO DE CRIANÇAS - NACIONAL
0C251CEFE70FC16F6E4EBFEA442CB558B6132E2125E10052227E38A3501A95EC;2025-03-19 11:05:23.273;TELEFÔNICO;NÃO;TERCEIRO;ESTABELECIMENTO DE SAÚDE;BR | BRASIL;SP;3550308 | SÃO PAULO;DIARIAMENTE;HÁ UM MÊS;1;VIOLÊNCIA CONTRA CRIANÇA OU ADOLESCENTE;;OUTROS;PESSOA FÍSICA;NÃO INFORMADO;;CRIANÇA/ADOLESCENTE IDADE NÃO INFORMADA;BR | BRASIL;;;;;NÃO;;;BR | BRASIL;DENUNCIANTE NÃO SOUBE INFORMAR;DENUNCIANTE NÃO SOUBE INFORMAR;;;;NÃO INFORMADO;;;ÓRGÃO PÚBLICO;;;;BR | BRASIL;;;;;;;;BR | BRASIL;SP;3550308 | SÃO PAULO;;;;;;;;PODER EXECUTIVO EM GERAL - MUNICIPAL;;;LIBERDADE>DIREITOS INDIVIDUAIS>TRÁFICO DE CRIANÇAS - NACIONAL
DB6C32419964B956B585F29137E15A515C2EAA7BBBA216842DB7A57CC30B60CC;2025-03-19 11:05:23.273;TELEFÔNICO;NÃO;TERCEIRO;ESTABELECIMENTO DE SAÚDE;BR | BRASIL;SP;3550308 | SÃO PAULO;DIARIAMENTE;HÁ UM MÊS;1;VIOLÊNCIA CONTRA CRIANÇA OU ADOLESCENTE;;OUTROS;PESSOA FÍSICA;NÃO INFORMADO;;CRIANÇA/ADOLESCENTE IDADE NÃO INFORMADA;BR | BRASIL;;;;;NÃO;;;BR | BRASIL;DENUNCIANTE NÃO SOUBE INFORMAR;DENUNCIANTE NÃO SOUBE INFORMAR;;;;NÃO INFORMADO;;;PESSOA FÍSICA;FEMININO;NÃO;50 A 54 ANOS;BR | BRASIL;;;;;NÃO;;NÃO;BR | BRASIL;SP;3550308 | SÃO PAULO;ASSISTENTE SOCIAL;;;BRANCA;;;;;;;LIBERDADE>DIREITOS INDIVIDUAIS>TRÁFICO DE CRIANÇAS - NACIONAL
C613DD63A5AE68419F07354E4AA9381AD2DBF53683C385228131E8FCFEFF93EA;2025-03-19 19:39:50.320;TELEFÔNICO;NÃO;TERCEIRO;CASA DO SUSPEITO;BR | BRASIL;BA;2927408 | SALVADOR;DIARIAMENTE;HÁ UM MÊS;1;VIOLÊNCIA CONTRA CIDADÃO, FAMÍLIA OU COMUNIDADE;OUTRO(S) ELEMENTO(S);OUTROS;PESSOA FÍSICA;MASCULINO;NÃO;20 A 24 ANOS;BR | BRASIL;;;;NÃO;NÃO;;NÃO;BR | BRASIL;BA;2927408 | SALVADOR;;ENSINO MÉDIO COMPLETO;;PRETA;;;PESSOA FÍSICA;FEMININO;NÃO;30 A 34 ANOS;BR | BRASIL;;;;NÃO;NÃO;;NÃO;BR | BRASIL;BA;2927408 | SALVADOR;NÃO SABE INFORMAR;;;BRANCA;;;;;;;LIBERDADE>DIREITOS INDIVIDUAIS>TRÁFICO DE PESSOAS - INTERNACIONAL
931F08ED6B493308265D14EC51C601FDFE8BEFFA39499F14488765886022EC59;2025-03-19 19:39:50.320;TELEFÔNICO;NÃO;TERCEIRO;CASA DO SUSPEITO;BR | BRASIL;BA;2927408 | SALVADOR;DIARIAMENTE;HÁ UM MÊS;1;VIOLÊNCIA CONTRA CIDADÃO, FAMÍLIA OU COMUNIDADE;OUTRO(S) ELEMENTO(S);OUTROS;PESSOA FÍSICA;MASCULINO;NÃO;20 A 24 ANOS;BR | BRASIL;;;;NÃO;NÃO;;NÃO;BR | BRASIL;BA;2927408 | SALVADOR;;ENSINO MÉDIO COMPLETO;;PRETA;;;PESSOA FÍSICA;MASCULINO;NÃO;35 A 39 ANOS;BR | BRASIL;;;;NÃO;NÃO;;NÃO;BR | BRASIL;BA;2927408 | SALVADOR;OUTROS NÃO LISTADOS;;;BRANCA;;;;;;;LIBERDADE>DIREITOS INDIVIDUAIS>TRÁFICO DE PESSOAS - INTERNACIONAL
273868D842A890185D582B30C2419CAD76DB80D57D17E66003664D7C14067288;2025-03-21 12:04:34.010;TELEFÔNICO;NÃO;TERCEIRO;ESTABELECIMENTO COMERCIAL;BR | BRASIL;RN;2408102 | NATAL;DIARIAMENTE;HÁ MAIS DE CINCO ANOS;1;VIOLÊNCIA CONTRA CRIANÇA OU ADOLESCENTE;;OUTROS;COMUNIDADE/FAMÍLIA;;;17 ANOS;BR | BRASIL;;;;;;;NÃO;BR | BRASIL;RN;2408102 | NATAL;;;;NÃO INFORMADO;;;PESSOA FÍSICA;MASCULINO;NÃO;55 A 59 ANOS;BR | BRASIL;;;;;NÃO;;NÃO;BR | BRASIL;RN;2408102 | NATAL;OUTROS NÃO LISTADOS;;;PARDA;;;;;;;LIBERDADE>DIREITOS INDIVIDUAIS>TRÁFICO DE MULHERES - NACIONAL
DC2597DC7E9B4E201B2E23E404256216743F35E236145244CDE7EF0949178AA9;2025-03-21 12:04:34.010;TELEFÔNICO;NÃO;TERCEIRO;ESTABELECIMENTO COMERCIAL;BR | BRASIL;RN;2408102 | NATAL;DIARIAMENTE;HÁ MAIS DE CINCO ANOS;1;VIOLÊNCIA CONTRA CRIANÇA OU ADOLESCENTE;;OUTROS;COMUNIDADE/FAMÍLIA;;;17 ANOS;BR | BRASIL;;;;;;;NÃO;BR | BRASIL;RN;2408102 | NATAL;;;;NÃO INFORMADO;;;PESSOA FÍSICA;FEMININO;NÃO;45 A 49 ANOS;BR | BRASIL;;;;;NÃO;;NÃO;BR | BRASIL;RN;2408102 | NATAL;OUTROS NÃO LISTADOS;;;PARDA;;;;;;;LIBERDADE>DIREITOS INDIVIDUAIS>TRÁFICO DE MULHERES - NACIONAL
5B74EAFB1ADCB95C63D759F905E0BD6BDFB3192A19BFB4D70583673720F680C3;2025-03-22 14:34:16.433;WHATSAPP;NÃO;A PRÓPRIA VÍTIMA;CASA ONDE RESIDE A VÍTIMA E O SUSPEITO;BR | BRASIL;DF;5300108 | BRASÍLIA;DIARIAMENTE;HÁ UM MÊS;2;VIOLÊNCIA CONTRA CRIANÇA OU ADOLESCENTE;AGRAVANTE.COM FINS CORRETIVOS;OUTROS;PESSOA FÍSICA;MASCULINO;NÃO;14 ANOS;BR | BRASIL;;;;NÃO;NÃO;;NÃO;BR | BRASIL;DF;5300108 | BRASÍLIA;;;;BRANCA;;;ÓRGÃO PÚBLICO;;;;BR | BRASIL;;;;;;;;BR | BRASIL;DF;5300108 | BRASÍLIA;;;;;;;;PODER EXECUTIVO EM GERAL ? ESTADUAL/DISTRITO FEDERAL;;;LIBERDADE>DIREITOS INDIVIDUAIS>TRÁFICO DE PESSOAS - NACIONAL
9D7A52B32A5B5A0CF0421F22C1936D530A73A49C44F027EC6E117732CBE499C2;2025-03-22 14:34:16.433;WHATSAPP;NÃO;A PRÓPRIA VÍTIMA;CASA ONDE RESIDE A VÍTIMA E O SUSPEITO;BR | BRASIL;DF;5300108 | BRASÍLIA;DIARIAMENTE;HÁ UM MÊS;2;VIOLÊNCIA CONTRA CRIANÇA OU ADOLESCENTE;AGRAVANTE.COM FINS CORRETIVOS;OUTROS;PESSOA FÍSICA;MASCULINO;NÃO;14 ANOS;BR | BRASIL;;;;NÃO;NÃO;;NÃO;BR | BRASIL;DF;5300108 | BRASÍLIA;;;;BRANCA;;;PESSOA JURÍDICA DE DIREITO PRIVADO;;;;BR | BRASIL;;;;;;;;BR | BRASIL;DENUNCIANTE NÃO SOUBE INFORMAR;DENUNCIANTE NÃO SOUBE INFORMAR;;;;;;;;OUTRAS ATIVIDADES DE SERVIÇOS;;;LIBERDADE>DIREITOS INDIVIDUAIS>TRÁFICO DE PESSOAS - NACIONAL
8F2845A451E9A5026841F0C06748E23E1BEC53FC35DD69F9C7C95B820FC5372E;2025-03-24 09:04:20.523;WHATSAPP;RISCO IMINENTE DE MORTE DA VÍTIMA;TERCEIRO;CASA DO SUSPEITO;BR | BRASIL;DF;5300108 | BRASÍLIA;DIARIAMENTE;HÁ UM MÊS;1;VIOLÊNCIA CONTRA CRIANÇA OU ADOLESCENTE;;OUTROS;COMUNIDADE/FAMÍLIA;;NÃO;07 ANOS;BR | BRASIL;;;;;;;NÃO;BR | BRASIL;DF;5300108 | BRASÍLIA;;;;NÃO INFORMADO;;;PESSOA FÍSICA;MASCULINO;NÃO;;BR | BRASIL;;;;;NÃO;;;BR | BRASIL;DF;5300108 | BRASÍLIA;OUTROS NÃO LISTADOS;;;;;;;;;;LIBERDADE>DIREITOS INDIVIDUAIS>TRÁFICO DE CRIANÇAS - INTERNACIONAL
8F2845A451E9A5026841F0C06748E23E1BEC53FC35DD69F9C7C95B820FC5372E;2025-03-24 09:04:20.523;WHATSAPP;RISCO IMINENTE DE MORTE DA VÍTIMA;TERCEIRO;CASA DO SUSPEITO;BR | BRASIL;DF;5300108 | BRASÍLIA;DIARIAMENTE;HÁ UM MÊS;1;VIOLÊNCIA CONTRA CRIANÇA OU ADOLESCENTE;;OUTROS;COMUNIDADE/FAMÍLIA;;NÃO;07 ANOS;BR | BRASIL;;;;;;;NÃO;BR | BRASIL;DF;5300108 | BRASÍLIA;;;;NÃO INFORMADO;;;PESSOA FÍSICA;MASCULINO;NÃO;;BR | BRASIL;;;;;NÃO;;;BR | BRASIL;DF;5300108 | BRASÍLIA;OUTROS NÃO LISTADOS;;;;;;;;;;LIBERDADE>DIREITOS INDIVIDUAIS>TRÁFICO DE CRIANÇAS - NACIONAL
33B680EED4F493B4C0C13BF3DCD2F1B0FF7CEB28DA24D383041F5E1EE0A3088C;2025-03-24 20:50:32.623;TELEFÔNICO;NÃO;A PRÓPRIA VÍTIMA;LOCAL DE TRABALHO DA VÍTIMA;BR | BRASIL;RN;2405801 | JOÃO CÂMARA;DIARIAMENTE;HÁ MAIS DE CINCO ANOS;1;VIOLÊNCIA CONTRA CRIANÇA OU ADOLESCENTE;;OUTROS;PESSOA FÍSICA;MASCULINO;NÃO;30 A 34 ANOS;BR | BRASIL;;;;;NÃO;;NÃO;BR | BRASIL;SP;3543402 | RIBEIRÃO PRETO;;;;PARDA;;;PESSOA FÍSICA;MASCULINO;NÃO;65 A 69 ANOS;BR | BRASIL;;;;;NÃO;;NÃO;BR | BRASIL;DENUNCIANTE NÃO SOUBE INFORMAR;DENUNCIANTE NÃO SOUBE INFORMAR;OUTROS NÃO LISTADOS;;;BRANCA;;;;;;;LIBERDADE>DIREITOS INDIVIDUAIS>TRÁFICO DE CRIANÇAS - NACIONAL
785318F1AC9F888617C314C883734B117FED31E85458E660C30322C5B6A8C0D9;2025-03-24 20:50:32.623;TELEFÔNICO;NÃO;A PRÓPRIA VÍTIMA;LOCAL DE TRABALHO DA VÍTIMA;BR | BRASIL;RN;2405801 | JOÃO CÂMARA;DIARIAMENTE;HÁ MAIS DE CINCO ANOS;1;VIOLÊNCIA CONTRA CRIANÇA OU ADOLESCENTE;;OUTROS;PESSOA FÍSICA;MASCULINO;NÃO;30 A 34 ANOS;BR | BRASIL;;;;;NÃO;;NÃO;BR | BRASIL;SP;3543402 | RIBEIRÃO PRETO;;;;PARDA;;;PESSOA FÍSICA;FEMININO;NÃO;70 A 74 ANOS;BR | BRASIL;;;;;NÃO;;NÃO;BR | BRASIL;SP;3543402 | RIBEIRÃO PRETO;NÃO SABE INFORMAR;;;PARDA;;;;;;;LIBERDADE>DIREITOS INDIVIDUAIS>TRÁFICO DE CRIANÇAS - NACIONAL
3189E37B801C29A1A04C90820C9A088B8CE5EDE84A0A050E0AAB0CCD8C4F2D43;2025-03-25 09:25:35.970;TELEFÔNICO;NÃO;TERCEIRO;CASA DO SUSPEITO;BR | BRASIL;SC;4202131 | BELA VISTA DO TOLDO;DIARIAMENTE;HÁ MAIS DE SEIS MESES;1;VIOLÊNCIA CONTRA CRIANÇA OU ADOLESCENTE;;MÃE;PESSOA FÍSICA;FEMININO;;MENOS DE 01 ANO;BR | BRASIL;;;;;NÃO;;;BR | BRASIL;SC;4202131 | BELA VISTA DO TOLDO;;;;NÃO INFORMADO;;;PESSOA FÍSICA;FEMININO;NÃO;25 A 29 ANOS;BR | BRASIL;;;;;NÃO;;NÃO;BR | BRASIL;SC;4202131 | BELA VISTA DO TOLDO;OUTROS NÃO LISTADOS;;;BRANCA;;;;;;;LIBERDADE>DIREITOS INDIVIDUAIS>TRÁFICO DE CRIANÇAS - NACIONAL
040E00C2E2A1FFAA14C2BE4B469ED0C10DA3BB3A1C060FAA7D20E9AFCA8F343A;2025-03-26 15:19:28.127;TELEFÔNICO;NÃO;TERCEIRO;SERVIÇO DE ABRIGAMENTO;BR | BRASIL;SP;3549904 | SÃO JOSÉ DOS CAMPOS;DIARIAMENTE;HÁ MAIS DE UM ANO;1;VIOLÊNCIA CONTRA CRIANÇA OU ADOLESCENTE;;OUTROS;PESSOA FÍSICA;FEMININO;NÃO;12 ANOS;BR | BRASIL;;;;;NÃO;;NÃO;BR | BRASIL;SP;3549904 | SÃO JOSÉ DOS CAMPOS;;;;PARDA;;;ÓRGÃO PÚBLICO;;;;BR | BRASIL;;;;;;;;BR | BRASIL;SP;3549904 | SÃO JOSÉ DOS CAMPOS;;;;;;;;AGÊNCIA REGULADORA ? MUNICIPAL;;;LIBERDADE>DIREITOS INDIVIDUAIS>TRÁFICO DE CRIANÇAS - NACIONAL
0630DF84D09DA56482E31102E1F94FCC7687AA06F988DFFA84A5891D21937AD5;2025-03-26 15:19:28.127;TELEFÔNICO;NÃO;TERCEIRO;OUTROS;BR | BRASIL;SP;3549904 | SÃO JOSÉ DOS CAMPOS;DIARIAMENTE;HÁ MAIS DE UM ANO;1;VIOLÊNCIA CONTRA CIDADÃO, FAMÍLIA OU COMUNIDADE;;OUTROS;PESSOA FÍSICA;MASCULINO;NÃO;40 A 44 ANOS;BR | BRASIL;;;;;NÃO;;NÃO;BR | BRASIL;ATENDIMENTO INTERROMPIDO;ATENDIMENTO INTERROMPIDO;;;;NÃO INFORMADO;;;PESSOA FÍSICA;MASCULINO;NÃO;NÃO INFORMADO;BR | BRASIL;;;;;NÃO;;NÃO INFORMADO;BR | BRASIL;SP;3549904 | SÃO JOSÉ DOS CAMPOS;ADVOGADO;;;NÃO INFORMADO;;;;;;;LIBERDADE>DIREITOS INDIVIDUAIS>TRÁFICO DE MULHERES - NACIONAL
040E00C2E2A1FFAA14C2BE4B469ED0C10DA3BB3A1C060FAA7D20E9AFCA8F343A;2025-03-26 15:19:28.127;TELEFÔNICO;NÃO;TERCEIRO;SERVIÇO DE ABRIGAMENTO;BR | BRASIL;SP;3549904 | SÃO JOSÉ DOS CAMPOS;DIARIAMENTE;HÁ MAIS DE UM ANO;1;VIOLÊNCIA CONTRA CRIANÇA OU ADOLESCENTE;;OUTROS;PESSOA FÍSICA;FEMININO;NÃO;12 ANOS;BR | BRASIL;;;;;NÃO;;NÃO;BR | BRASIL;SP;3549904 | SÃO JOSÉ DOS CAMPOS;;;;PARDA;;;ÓRGÃO PÚBLICO;;;;BR | BRASIL;;;;;;;;BR | BRASIL;SP;3549904 | SÃO JOSÉ DOS CAMPOS;;;;;;;;AGÊNCIA REGULADORA ? MUNICIPAL;;;LIBERDADE>DIREITOS INDIVIDUAIS>TRÁFICO DE MULHERES - NACIONAL
0F17C8542B0AA23AB0CE0215BE48BA5D9436529BB876963900C4CDCE79D4EF19;2025-03-26 15:19:28.127;TELEFÔNICO;NÃO;TERCEIRO;OUTROS;BR | BRASIL;SP;3549904 | SÃO JOSÉ DOS CAMPOS;DIARIAMENTE;HÁ MAIS DE UM ANO;1;VIOLÊNCIA CONTRA CRIANÇA OU ADOLESCENTE;;OUTROS;PESSOA FÍSICA;MASCULINO;NÃO;16 ANOS;BR | BRASIL;;;;;NÃO;;NÃO;BR | BRASIL;ATENDIMENTO INTERROMPIDO;ATENDIMENTO INTERROMPIDO;;;;NÃO INFORMADO;;;ÓRGÃO PÚBLICO;;;;BR | BRASIL;;;;;;;;BR | BRASIL;SP;3549904 | SÃO JOSÉ DOS CAMPOS;;;;;;;;AGÊNCIA REGULADORA ? MUNICIPAL;;;LIBERDADE>DIREITOS INDIVIDUAIS>TRÁFICO DE CRIANÇAS - NACIONAL
0630DF84D09DA56482E31102E1F94FCC7687AA06F988DFFA84A5891D21937AD5;2025-03-26 15:19:28.127;TELEFÔNICO;NÃO;TERCEIRO;OUTROS;BR | BRASIL;SP;3549904 | SÃO JOSÉ DOS CAMPOS;DIARIAMENTE;HÁ MAIS DE UM ANO;1;VIOLÊNCIA CONTRA CIDADÃO, FAMÍLIA OU COMUNIDADE;;OUTROS;PESSOA FÍSICA;MASCULINO;NÃO;40 A 44 ANOS;BR | BRASIL;;;;;NÃO;;NÃO;BR | BRASIL;ATENDIMENTO INTERROMPIDO;ATENDIMENTO INTERROMPIDO;;;;NÃO INFORMADO;;;PESSOA FÍSICA;MASCULINO;NÃO;NÃO INFORMADO;BR | BRASIL;;;;;NÃO;;NÃO INFORMADO;BR | BRASIL;SP;3549904 | SÃO JOSÉ DOS CAMPOS;ADVOGADO;;;NÃO INFORMADO;;;;;;;LIBERDADE>DIREITOS INDIVIDUAIS>TRÁFICO DE CRIANÇAS - NACIONAL
32DFAB54BB4D33216979681A2312918EBB8ABBAF17AAAF0A1D04B5E6F373A20B;2025-03-26 15:19:28.127;TELEFÔNICO;NÃO;TERCEIRO;OUTROS;BR | BRASIL;SP;3549904 | SÃO JOSÉ DOS CAMPOS;DIARIAMENTE;HÁ MAIS DE UM ANO;1;VIOLÊNCIA CONTRA CRIANÇA OU ADOLESCENTE;;OUTROS;PESSOA FÍSICA;MASCULINO;NÃO;16 ANOS;BR | BRASIL;;;;;NÃO;;NÃO;BR | BRASIL;ATENDIMENTO INTERROMPIDO;ATENDIMENTO INTERROMPIDO;;;;NÃO INFORMADO;;;ÓRGÃO PÚBLICO;;;;BR | BRASIL;;;;;;;;BR | BRASIL;SP;3549904 | SÃO JOSÉ DOS CAMPOS;;;;;;;;AGÊNCIA REGULADORA ? MUNICIPAL;;;LIBERDADE>DIREITOS INDIVIDUAIS>TRÁFICO DE CRIANÇAS - NACIONAL
0F17C8542B0AA23AB0CE0215BE48BA5D9436529BB876963900C4CDCE79D4EF19;2025-03-26 15:19:28.127;TELEFÔNICO;NÃO;TERCEIRO;OUTROS;BR | BRASIL;SP;3549904 | SÃO JOSÉ DOS CAMPOS;DIARIAMENTE;HÁ MAIS DE UM ANO;1;VIOLÊNCIA CONTRA CRIANÇA OU ADOLESCENTE;;OUTROS;PESSOA FÍSICA;MASCULINO;NÃO;16 ANOS;BR | BRASIL;;;;;NÃO;;NÃO;BR | BRASIL;ATENDIMENTO INTERROMPIDO;ATENDIMENTO INTERROMPIDO;;;;NÃO INFORMADO;;;ÓRGÃO PÚBLICO;;;;BR | BRASIL;;;;;;;;BR | BRASIL;SP;3549904 | SÃO JOSÉ DOS CAMPOS;;;;;;;;AGÊNCIA REGULADORA ? MUNICIPAL;;;LIBERDADE>DIREITOS INDIVIDUAIS>TRÁFICO DE MULHERES - NACIONAL
8623DB1A68D2C00891491D8B68315A5C2254D55DF39D8A11F0CFD0BE9B558005;2025-03-26 15:19:28.127;TELEFÔNICO;NÃO;TERCEIRO;SERVIÇO DE ABRIGAMENTO;BR | BRASIL;SP;3549904 | SÃO JOSÉ DOS CAMPOS;DIARIAMENTE;HÁ MAIS DE UM ANO;1;VIOLÊNCIA CONTRA CRIANÇA OU ADOLESCENTE;;OUTROS;PESSOA FÍSICA;FEMININO;NÃO;12 ANOS;BR | BRASIL;;;;;NÃO;;NÃO;BR | BRASIL;SP;3549904 | SÃO JOSÉ DOS CAMPOS;;;;PARDA;;;ÓRGÃO PÚBLICO;;;;BR | BRASIL;;;;;;;;BR | BRASIL;SP;3549904 | SÃO JOSÉ DOS CAMPOS;;;;;;;;AGÊNCIA REGULADORA ? MUNICIPAL;;;LIBERDADE>DIREITOS INDIVIDUAIS>TRÁFICO DE CRIANÇAS - NACIONAL
1D979B75B8CD02B88B7EB48B3FF4E68A4ED1F1C82BF7E9FB121CD7CA315C1826;2025-03-26 15:19:28.127;TELEFÔNICO;NÃO;TERCEIRO;SERVIÇO DE ABRIGAMENTO;BR | BRASIL;SP;3549904 | SÃO JOSÉ DOS CAMPOS;DIARIAMENTE;HÁ MAIS DE UM ANO;1;VIOLÊNCIA CONTRA CRIANÇA OU ADOLESCENTE;;OUTROS;PESSOA FÍSICA;FEMININO;NÃO;12 ANOS;BR | BRASIL;;;;;NÃO;;NÃO;BR | BRASIL;SP;3549904 | SÃO JOSÉ DOS CAMPOS;;;;PARDA;;;ÓRGÃO PÚBLICO;;;;BR | BRASIL;;;;;;;;BR | BRASIL;SP;3549904 | SÃO JOSÉ DOS CAMPOS;;;;;;;;MINISTÉRIO PÚBLICO - ESTADUAL;;;LIBERDADE>DIREITOS INDIVIDUAIS>TRÁFICO DE MULHERES - NACIONAL
32DFAB54BB4D33216979681A2312918EBB8ABBAF17AAAF0A1D04B5E6F373A20B;2025-03-26 15:19:28.127;TELEFÔNICO;NÃO;TERCEIRO;OUTROS;BR | BRASIL;SP;3549904 | SÃO JOSÉ DOS CAMPOS;DIARIAMENTE;HÁ MAIS DE UM ANO;1;VIOLÊNCIA CONTRA CRIANÇA OU ADOLESCENTE;;OUTROS;PESSOA FÍSICA;MASCULINO;NÃO;16 ANOS;BR | BRASIL;;;;;NÃO;;NÃO;BR | BRASIL;ATENDIMENTO INTERROMPIDO;ATENDIMENTO INTERROMPIDO;;;;NÃO INFORMADO;;;ÓRGÃO PÚBLICO;;;;BR | BRASIL;;;;;;;;BR | BRASIL;SP;3549904 | SÃO JOSÉ DOS CAMPOS;;;;;;;;AGÊNCIA REGULADORA ? MUNICIPAL;;;LIBERDADE>DIREITOS INDIVIDUAIS>TRÁFICO DE MULHERES - NACIONAL
1D979B75B8CD02B88B7EB48B3FF4E68A4ED1F1C82BF7E9FB121CD7CA315C1826;2025-03-26 15:19:28.127;TELEFÔNICO;NÃO;TERCEIRO;SERVIÇO DE ABRIGAMENTO;BR | BRASIL;SP;3549904 | SÃO JOSÉ DOS CAMPOS;DIARIAMENTE;HÁ MAIS DE UM ANO;1;VIOLÊNCIA CONTRA CRIANÇA OU ADOLESCENTE;;OUTROS;PESSOA FÍSICA;FEMININO;NÃO;12 ANOS;BR | BRASIL;;;;;NÃO;;NÃO;BR | BRASIL;SP;3549904 | SÃO JOSÉ DOS CAMPOS;;;;PARDA;;;ÓRGÃO PÚBLICO;;;;BR | BRASIL;;;;;;;;BR | BRASIL;SP;3549904 | SÃO JOSÉ DOS CAMPOS;;;;;;;;MINISTÉRIO PÚBLICO - ESTADUAL;;;LIBERDADE>DIREITOS INDIVIDUAIS>TRÁFICO DE CRIANÇAS - NACIONAL
DAE11D0DF8A998CDA84EBEECE19A8A727D0ACCA8238ABB5949B2BB79930C24F5;2025-03-26 15:19:28.127;TELEFÔNICO;NÃO;TERCEIRO;OUTROS;BR | BRASIL;SP;3549904 | SÃO JOSÉ DOS CAMPOS;DIARIAMENTE;HÁ MAIS DE UM ANO;1;VIOLÊNCIA CONTRA CIDADÃO, FAMÍLIA OU COMUNIDADE;;OUTROS;PESSOA FÍSICA;MASCULINO;NÃO;40 A 44 ANOS;BR | BRASIL;;;;;NÃO;;NÃO;BR | BRASIL;ATENDIMENTO INTERROMPIDO;ATENDIMENTO INTERROMPIDO;;;;NÃO INFORMADO;;;ÓRGÃO PÚBLICO;;;;BR | BRASIL;;;;;;;;BR | BRASIL;SP;3549904 | SÃO JOSÉ DOS CAMPOS;;;;;;;;AGÊNCIA REGULADORA ? MUNICIPAL;;;LIBERDADE>DIREITOS INDIVIDUAIS>TRÁFICO DE CRIANÇAS - NACIONAL
DAE11D0DF8A998CDA84EBEECE19A8A727D0ACCA8238ABB5949B2BB79930C24F5;2025-03-26 15:19:28.127;TELEFÔNICO;NÃO;TERCEIRO;OUTROS;BR | BRASIL;SP;3549904 | SÃO JOSÉ DOS CAMPOS;DIARIAMENTE;HÁ MAIS DE UM ANO;1;VIOLÊNCIA CONTRA CIDADÃO, FAMÍLIA OU COMUNIDADE;;OUTROS;PESSOA FÍSICA;MASCULINO;NÃO;40 A 44 ANOS;BR | BRASIL;;;;;NÃO;;NÃO;BR | BRASIL;ATENDIMENTO INTERROMPIDO;ATENDIMENTO INTERROMPIDO;;;;NÃO INFORMADO;;;ÓRGÃO PÚBLICO;;;;BR | BRASIL;;;;;;;;BR | BRASIL;SP;3549904 | SÃO JOSÉ DOS CAMPOS;;;;;;;;AGÊNCIA REGULADORA ? MUNICIPAL;;;LIBERDADE>DIREITOS INDIVIDUAIS>TRÁFICO DE MULHERES - NACIONAL
D734F9928BCC1072E88EB4DAE2CD8D8EA789C1DE25ABC0C0CF69B56A096728F7;2025-03-26 15:19:28.127;TELEFÔNICO;NÃO;TERCEIRO;OUTROS;BR | BRASIL;SP;3549904 | SÃO JOSÉ DOS CAMPOS;DIARIAMENTE;HÁ MAIS DE UM ANO;1;VIOLÊNCIA CONTRA CRIANÇA OU ADOLESCENTE;;OUTROS;PESSOA FÍSICA;MASCULINO;NÃO;16 ANOS;BR | BRASIL;;;;;NÃO;;NÃO;BR | BRASIL;ATENDIMENTO INTERROMPIDO;ATENDIMENTO INTERROMPIDO;;;;NÃO INFORMADO;;;ÓRGÃO PÚBLICO;;;;BR | BRASIL;;;;;;;;BR | BRASIL;SP;3549904 | SÃO JOSÉ DOS CAMPOS;;;;;;;;MINISTÉRIO PÚBLICO - ESTADUAL;;;LIBERDADE>DIREITOS INDIVIDUAIS>TRÁFICO DE MULHERES - NACIONAL
ADB895E9C9D4E5D605AE2D2456180E92AF7ADB1D10E16FC567ADEA2CA1DB5947;2025-03-26 15:19:28.127;TELEFÔNICO;NÃO;TERCEIRO;OUTROS;BR | BRASIL;SP;3549904 | SÃO JOSÉ DOS CAMPOS;DIARIAMENTE;HÁ MAIS DE UM ANO;1;VIOLÊNCIA CONTRA CIDADÃO, FAMÍLIA OU COMUNIDADE;;OUTROS;PESSOA FÍSICA;MASCULINO;NÃO;40 A 44 ANOS;BR | BRASIL;;;;;NÃO;;NÃO;BR | BRASIL;ATENDIMENTO INTERROMPIDO;ATENDIMENTO INTERROMPIDO;;;;NÃO INFORMADO;;;ÓRGÃO PÚBLICO;;;;BR | BRASIL;;;;;;;;BR | BRASIL;SP;3549904 | SÃO JOSÉ DOS CAMPOS;;;;;;;;MINISTÉRIO PÚBLICO - ESTADUAL;;;LIBERDADE>DIREITOS INDIVIDUAIS>TRÁFICO DE MULHERES - NACIONAL
8623DB1A68D2C00891491D8B68315A5C2254D55DF39D8A11F0CFD0BE9B558005;2025-03-26 15:19:28.127;TELEFÔNICO;NÃO;TERCEIRO;SERVIÇO DE ABRIGAMENTO;BR | BRASIL;SP;3549904 | SÃO JOSÉ DOS CAMPOS;DIARIAMENTE;HÁ MAIS DE UM ANO;1;VIOLÊNCIA CONTRA CRIANÇA OU ADOLESCENTE;;OUTROS;PESSOA FÍSICA;FEMININO;NÃO;12 ANOS;BR | BRASIL;;;;;NÃO;;NÃO;BR | BRASIL;SP;3549904 | SÃO JOSÉ DOS CAMPOS;;;;PARDA;;;ÓRGÃO PÚBLICO;;;;BR | BRASIL;;;;;;;;BR | BRASIL;SP;3549904 | SÃO JOSÉ DOS CAMPOS;;;;;;;;AGÊNCIA REGULADORA ? MUNICIPAL;;;LIBERDADE>DIREITOS INDIVIDUAIS>TRÁFICO DE MULHERES - NACIONAL
AE8AD696AED5F2E6E092CB15365AC850A3105F8508E3086E0CC2F315D26F7CBE;2025-03-26 15:19:28.127;TELEFÔNICO;NÃO;TERCEIRO;OUTROS;BR | BRASIL;SP;3549904 | SÃO JOSÉ DOS CAMPOS;DIARIAMENTE;HÁ MAIS DE UM ANO;1;VIOLÊNCIA CONTRA CIDADÃO, FAMÍLIA OU COMUNIDADE;;OUTROS;PESSOA FÍSICA;MASCULINO;NÃO;40 A 44 ANOS;BR | BRASIL;;;;;NÃO;;NÃO;BR | BRASIL;ATENDIMENTO INTERROMPIDO;ATENDIMENTO INTERROMPIDO;;;;NÃO INFORMADO;;;ÓRGÃO PÚBLICO;;;;BR | BRASIL;;;;;;;;BR | BRASIL;SP;3549904 | SÃO JOSÉ DOS CAMPOS;;;;;;;;AGÊNCIA REGULADORA ? MUNICIPAL;;;LIBERDADE>DIREITOS INDIVIDUAIS>TRÁFICO DE MULHERES - NACIONAL
ADB895E9C9D4E5D605AE2D2456180E92AF7ADB1D10E16FC567ADEA2CA1DB5947;2025-03-26 15:19:28.127;TELEFÔNICO;NÃO;TERCEIRO;OUTROS;BR | BRASIL;SP;3549904 | SÃO JOSÉ DOS CAMPOS;DIARIAMENTE;HÁ MAIS DE UM ANO;1;VIOLÊNCIA CONTRA CIDADÃO, FAMÍLIA OU COMUNIDADE;;OUTROS;PESSOA FÍSICA;MASCULINO;NÃO;40 A 44 ANOS;BR | BRASIL;;;;;NÃO;;NÃO;BR | BRASIL;ATENDIMENTO INTERROMPIDO;ATENDIMENTO INTERROMPIDO;;;;NÃO INFORMADO;;;ÓRGÃO PÚBLICO;;;;BR | BRASIL;;;;;;;;BR | BRASIL;SP;3549904 | SÃO JOSÉ DOS CAMPOS;;;;;;;;MINISTÉRIO PÚBLICO - ESTADUAL;;;LIBERDADE>DIREITOS INDIVIDUAIS>TRÁFICO DE CRIANÇAS - NACIONAL
C894FC06846E10F0E1C7EDCAE0441B031D6D00920933DC822D2FDACA23C93C7B;2025-03-26 15:19:28.127;TELEFÔNICO;NÃO;TERCEIRO;SERVIÇO DE ABRIGAMENTO;BR | BRASIL;SP;3549904 | SÃO JOSÉ DOS CAMPOS;DIARIAMENTE;HÁ MAIS DE UM ANO;1;VIOLÊNCIA CONTRA CRIANÇA OU ADOLESCENTE;;OUTROS;PESSOA FÍSICA;FEMININO;NÃO;12 ANOS;BR | BRASIL;;;;;NÃO;;NÃO;BR | BRASIL;SP;3549904 | SÃO JOSÉ DOS CAMPOS;;;;PARDA;;;PESSOA FÍSICA;MASCULINO;NÃO;NÃO INFORMADO;BR | BRASIL;;;;;NÃO;;NÃO INFORMADO;BR | BRASIL;SP;3549904 | SÃO JOSÉ DOS CAMPOS;ADVOGADO;;;NÃO INFORMADO;;;;;;;LIBERDADE>DIREITOS INDIVIDUAIS>TRÁFICO DE CRIANÇAS - NACIONAL
C894FC06846E10F0E1C7EDCAE0441B031D6D00920933DC822D2FDACA23C93C7B;2025-03-26 15:19:28.127;TELEFÔNICO;NÃO;TERCEIRO;SERVIÇO DE ABRIGAMENTO;BR | BRASIL;SP;3549904 | SÃO JOSÉ DOS CAMPOS;DIARIAMENTE;HÁ MAIS DE UM ANO;1;VIOLÊNCIA CONTRA CRIANÇA OU ADOLESCENTE;;OUTROS;PESSOA FÍSICA;FEMININO;NÃO;12 ANOS;BR | BRASIL;;;;;NÃO;;NÃO;BR | BRASIL;SP;3549904 | SÃO JOSÉ DOS CAMPOS;;;;PARDA;;;PESSOA FÍSICA;MASCULINO;NÃO;NÃO INFORMADO;BR | BRASIL;;;;;NÃO;;NÃO INFORMADO;BR | BRASIL;SP;3549904 | SÃO JOSÉ DOS CAMPOS;ADVOGADO;;;NÃO INFORMADO;;;;;;;LIBERDADE>DIREITOS INDIVIDUAIS>TRÁFICO DE MULHERES - NACIONAL
AE8AD696AED5F2E6E092CB15365AC850A3105F8508E3086E0CC2F315D26F7CBE;2025-03-26 15:19:28.127;TELEFÔNICO;NÃO;TERCEIRO;OUTROS;BR | BRASIL;SP;3549904 | SÃO JOSÉ DOS CAMPOS;DIARIAMENTE;HÁ MAIS DE UM ANO;1;VIOLÊNCIA CONTRA CIDADÃO, FAMÍLIA OU COMUNIDADE;;OUTROS;PESSOA FÍSICA;MASCULINO;NÃO;40 A 44 ANOS;BR | BRASIL;;;;;NÃO;;NÃO;BR | BRASIL;ATENDIMENTO INTERROMPIDO;ATENDIMENTO INTERROMPIDO;;;;NÃO INFORMADO;;;ÓRGÃO PÚBLICO;;;;BR | BRASIL;;;;;;;;BR | BRASIL;SP;3549904 | SÃO JOSÉ DOS CAMPOS;;;;;;;;AGÊNCIA REGULADORA ? MUNICIPAL;;;LIBERDADE>DIREITOS INDIVIDUAIS>TRÁFICO DE CRIANÇAS - NACIONAL
CCA416CEBA7CD888B27143FDA03A87C3825813131462C2BB996967C943C868AE;2025-03-26 15:19:28.127;TELEFÔNICO;NÃO;TERCEIRO;OUTROS;BR | BRASIL;SP;3549904 | SÃO JOSÉ DOS CAMPOS;DIARIAMENTE;HÁ MAIS DE UM ANO;1;VIOLÊNCIA CONTRA CRIANÇA OU ADOLESCENTE;;OUTROS;PESSOA FÍSICA;MASCULINO;NÃO;16 ANOS;BR | BRASIL;;;;;NÃO;;NÃO;BR | BRASIL;ATENDIMENTO INTERROMPIDO;ATENDIMENTO INTERROMPIDO;;;;NÃO INFORMADO;;;PESSOA FÍSICA;MASCULINO;NÃO;NÃO INFORMADO;BR | BRASIL;;;;;NÃO;;NÃO INFORMADO;BR | BRASIL;SP;3549904 | SÃO JOSÉ DOS CAMPOS;ADVOGADO;;;NÃO INFORMADO;;;;;;;LIBERDADE>DIREITOS INDIVIDUAIS>TRÁFICO DE CRIANÇAS - NACIONAL
CCA416CEBA7CD888B27143FDA03A87C3825813131462C2BB996967C943C868AE;2025-03-26 15:19:28.127;TELEFÔNICO;NÃO;TERCEIRO;OUTROS;BR | BRASIL;SP;3549904 | SÃO JOSÉ DOS CAMPOS;DIARIAMENTE;HÁ MAIS DE UM ANO;1;VIOLÊNCIA CONTRA CRIANÇA OU ADOLESCENTE;;OUTROS;PESSOA FÍSICA;MASCULINO;NÃO;16 ANOS;BR | BRASIL;;;;;NÃO;;NÃO;BR | BRASIL;ATENDIMENTO INTERROMPIDO;ATENDIMENTO INTERROMPIDO;;;;NÃO INFORMADO;;;PESSOA FÍSICA;MASCULINO;NÃO;NÃO INFORMADO;BR | BRASIL;;;;;NÃO;;NÃO INFORMADO;BR | BRASIL;SP;3549904 | SÃO JOSÉ DOS CAMPOS;ADVOGADO;;;NÃO INFORMADO;;;;;;;LIBERDADE>DIREITOS INDIVIDUAIS>TRÁFICO DE MULHERES - NACIONAL
D734F9928BCC1072E88EB4DAE2CD8D8EA789C1DE25ABC0C0CF69B56A096728F7;2025-03-26 15:19:28.127;TELEFÔNICO;NÃO;TERCEIRO;OUTROS;BR | BRASIL;SP;3549904 | SÃO JOSÉ DOS CAMPOS;DIARIAMENTE;HÁ MAIS DE UM ANO;1;VIOLÊNCIA CONTRA CRIANÇA OU ADOLESCENTE;;OUTROS;PESSOA FÍSICA;MASCULINO;NÃO;16 ANOS;BR | BRASIL;;;;;NÃO;;NÃO;BR | BRASIL;ATENDIMENTO INTERROMPIDO;ATENDIMENTO INTERROMPIDO;;;;NÃO INFORMADO;;;ÓRGÃO PÚBLICO;;;;BR | BRASIL;;;;;;;;BR | BRASIL;SP;3549904 | SÃO JOSÉ DOS CAMPOS;;;;;;;;MINISTÉRIO PÚBLICO - ESTADUAL;;;LIBERDADE>DIREITOS INDIVIDUAIS>TRÁFICO DE CRIANÇAS - NACIONAL
8A71489428750DD7C960FA4FC4D54D78EC83F3DE3B9D06B1E69AE86F9AF687A1;2025-03-30 11:39:59.293;TELEFÔNICO;NÃO;TERCEIRO;AMBIENTE VIRTUAL (NO ÂMBITO DA INTERNET);BR | BRASIL;DENUNCIANTE NÃO SOUBE INFORMAR;DENUNCIANTE NÃO SOUBE INFORMAR;NÃO SABE INFORMAR;NÃO SABE INFORMAR;1;VIOLÊNCIA CONTRA CIDADÃO, FAMÍLIA OU COMUNIDADE;MOTIVAÇÃO.EM RAZÃO DA CONDIÇÃO SOCIAL;OUTROS;COMUNIDADE/FAMÍLIA;;;25 A 29 ANOS;BR | BRASIL;;;;;;;;BR | BRASIL;DENUNCIANTE NÃO SOUBE INFORMAR;DENUNCIANTE NÃO SOUBE INFORMAR;;;;NÃO INFORMADO;;;PESSOA FÍSICA;NÃO INFORMADO;NÃO;NÃO INFORMADO;BR | BRASIL;;;;NÃO;NÃO;;NÃO INFORMADO;BR | BRASIL;DENUNCIANTE NÃO SOUBE INFORMAR;DENUNCIANTE NÃO SOUBE INFORMAR;NÃO SABE INFORMAR;;;;;;;;;;LIBERDADE>DIREITOS INDIVIDUAIS>TRÁFICO DE PESSOAS - INTERNACIONAL
C240FB72C7BD46BCC66F3F6BF625A9DA893D3EC7495658DC15828D600E736FDD;2025-03-30 16:08:50.350;TELEFÔNICO;RISCO IMINENTE DE MORTE DA VÍTIMA;TERCEIRO;OUTROS;KH | CAMBOJA;DENUNCIANTE NÃO SOUBE INFORMAR;DENUNCIANTE NÃO SOUBE INFORMAR;DIARIAMENTE;HÁ UMA SEMANA;1;VIOLÊNCIA CONTRA CIDADÃO, FAMÍLIA OU COMUNIDADE;;OUTROS;PESSOA FÍSICA;MASCULINO;HOMOSSEXUAL.GAY;20 A 24 ANOS;BR | BRASIL;;;;;NÃO;;NÃO;BR | BRASIL;DENUNCIANTE NÃO SOUBE INFORMAR;DENUNCIANTE NÃO SOUBE INFORMAR;;;;PARDA;;;PESSOA FÍSICA;MASCULINO;NÃO;40 A 44 ANOS;CN | CHINA;;;;;NÃO;;NÃO;BR | BRASIL;DENUNCIANTE NÃO SOUBE INFORMAR;DENUNCIANTE NÃO SOUBE INFORMAR;NÃO SABE INFORMAR;;;AMARELA;;;;;;;LIBERDADE>DIREITOS INDIVIDUAIS>TRÁFICO DE PESSOAS - INTERNACIONAL
C240FB72C7BD46BCC66F3F6BF625A9DA893D3EC7495658DC15828D600E736FDD;2025-03-30 16:08:50.350;TELEFÔNICO;RISCO IMINENTE DE MORTE DA VÍTIMA;TERCEIRO;OUTROS;KH | CAMBOJA;DENUNCIANTE NÃO SOUBE INFORMAR;DENUNCIANTE NÃO SOUBE INFORMAR;DIARIAMENTE;HÁ UMA SEMANA;1;VIOLÊNCIA CONTRA POPULAÇÃO LGBTQIA+;;OUTROS;PESSOA FÍSICA;MASCULINO;HOMOSSEXUAL.GAY;20 A 24 ANOS;BR | BRASIL;;;;;NÃO;;NÃO;BR | BRASIL;DENUNCIANTE NÃO SOUBE INFORMAR;DENUNCIANTE NÃO SOUBE INFORMAR;;;;PARDA;;;PESSOA FÍSICA;MASCULINO;NÃO;40 A 44 ANOS;CN | CHINA;;;;;NÃO;;NÃO;BR | BRASIL;DENUNCIANTE NÃO SOUBE INFORMAR;DENUNCIANTE NÃO SOUBE INFORMAR;NÃO SABE INFORMAR;;;AMARELA;;;;;;;LIBERDADE>DIREITOS INDIVIDUAIS>TRÁFICO DE PESSOAS - INTERNACIONAL
BD83FDCE518143632FB24BDF38FC2F16D230D15F03D6F4EAB489989E404C7683;2025-03-30 17:51:44.737;WHATSAPP;NÃO;TERCEIRO;LOCAL DE TRABALHO DA VÍTIMA;KH | CAMBOJA;;;DIARIAMENTE;HÁ UMA SEMANA;1;VIOLÊNCIA CONTRA CIDADÃO, FAMÍLIA OU COMUNIDADE;;EMPREGADOR/PATRÃO (HIERARQUICAMENTE SUPERIOR);PESSOA FÍSICA;MASCULINO;NÃO;20 A 24 ANOS;BR | BRASIL;;;;;NÃO;;NÃO;KH | CAMBOJA;;;;;;PARDA;;;PESSOA FÍSICA;MASCULINO;NÃO;40 A 44 ANOS;BR | BRASIL;;;;;NÃO;;NÃO;KH | CAMBOJA;;;OUTROS NÃO LISTADOS;;;AMARELA;;;;;;;LIBERDADE>DIREITOS INDIVIDUAIS>TRÁFICO DE PESSOAS - INTERNACIONAL
BB427F8D8847AACA40359B6961D6C27841AE7E30E25F3693D87109C5A2E02F84;2025-03-31 13:48:19.997;TELEFÔNICO;NÃO;TERCEIRO;CASA ONDE RESIDE A VÍTIMA E O SUSPEITO;BR | BRASIL;SP;3513801 | DIADEMA;DIARIAMENTE;HÁ MAIS DE CINCO ANOS;1;VIOLÊNCIA CONTRA CRIANÇA OU ADOLESCENTE;;MÃE;PESSOA FÍSICA;FEMININO;;06 ANOS;BR | BRASIL;;;;;NÃO;;;BR | BRASIL;SP;3513801 | DIADEMA;;;;PARDA;;;PESSOA FÍSICA;FEMININO;NÃO;35 A 39 ANOS;BR | BRASIL;;;;;NÃO;;NÃO;BR | BRASIL;SP;3513801 | DIADEMA;OUTROS NÃO LISTADOS;;;PARDA;;;;;;;LIBERDADE>DIREITOS INDIVIDUAIS>TRÁFICO DE CRIANÇAS - NACIONAL
53783DCF5D2D7A1BFE3271D7EE062251D76A564307A39AC48CCAC31F8BC8860F;2025-03-31 13:48:19.997;TELEFÔNICO;NÃO;TERCEIRO;CASA ONDE RESIDE A VÍTIMA E O SUSPEITO;BR | BRASIL;SP;3513801 | DIADEMA;DIARIAMENTE;HÁ MAIS DE CINCO ANOS;1;VIOLÊNCIA CONTRA CRIANÇA OU ADOLESCENTE;;MÃE;PESSOA FÍSICA;FEMININO;;06 ANOS;BR | BRASIL;;;;;NÃO;;;BR | BRASIL;SP;3513801 | DIADEMA;;;;PARDA;;;PESSOA FÍSICA;FEMININO;NÃO;25 A 29 ANOS;BR | BRASIL;;;;;NÃO;;NÃO;BR | BRASIL;SP;3513801 | DIADEMA;OUTROS NÃO LISTADOS;;;PRETA;;;;;;;LIBERDADE>DIREITOS INDIVIDUAIS>TRÁFICO DE CRIANÇAS - NACIONAL
0E4CD3AB9AA8C35DD477D1AE617E945D8853FF7B8E7DE70F4B2C7323EE803FFB;2025-04-01 10:22:12.323;TELEFÔNICO;NÃO;A PRÓPRIA VÍTIMA;CASA DA VÍTIMA;BR | BRASIL;ES;3201308 | CARIACICA;DIARIAMENTE;HÁ MAIS DE DEZ ANOS;1;VIOLÊNCIA CONTRA A MULHER;;VIZINHO(A);PESSOA FÍSICA;FEMININO;NÃO;45 A 49 ANOS;BR | BRASIL;;;;;NÃO;;NÃO;BR | BRASIL;ES;3201308 | CARIACICA;;SUPERIOR INCOMPLETO;;PARDA;;;PESSOA FÍSICA;FEMININO;NÃO;NÃO INFORMADO;BR | BRASIL;;;;;NÃO;;NÃO INFORMADO;BR | BRASIL;ES;3201308 | CARIACICA;NÃO SABE INFORMAR;;;NÃO INFORMADO;;;;;;;LIBERDADE>DIREITOS INDIVIDUAIS>TRÁFICO DE PESSOAS - INTERNACIONAL
9C6112F26D5BE7343755B6A430794AE1F94656D411171B9D6724D584232EE62E;2025-04-01 10:22:12.323;TELEFÔNICO;NÃO;A PRÓPRIA VÍTIMA;CASA DA VÍTIMA;BR | BRASIL;ES;3201308 | CARIACICA;DIARIAMENTE;HÁ MAIS DE DEZ ANOS;1;VIOLÊNCIA CONTRA A MULHER;;VIZINHO(A);PESSOA FÍSICA;FEMININO;NÃO;45 A 49 ANOS;BR | BRASIL;;;;;NÃO;;NÃO;BR | BRASIL;ES;3201308 | CARIACICA;;SUPERIOR INCOMPLETO;;PARDA;;;PESSOA FÍSICA;FEMININO;NÃO;50 A 54 ANOS;BR | BRASIL;;;;;NÃO;;NÃO;BR | BRASIL;ES;3201308 | CARIACICA;OUTROS NÃO LISTADOS;;;PARDA;;;;;;;LIBERDADE>DIREITOS INDIVIDUAIS>TRÁFICO DE PESSOAS - INTERNACIONAL
71F43F854C8A0456A4E6BFF95ED7E9FEE2300DDE4163967858055BBA65F4E656;2025-04-01 10:22:12.323;TELEFÔNICO;NÃO;A PRÓPRIA VÍTIMA;CASA DA VÍTIMA;BR | BRASIL;ES;3201308 | CARIACICA;DIARIAMENTE;HÁ MAIS DE DEZ ANOS;1;VIOLÊNCIA CONTRA A MULHER;;VIZINHO(A);PESSOA FÍSICA;FEMININO;NÃO;45 A 49 ANOS;BR | BRASIL;;;;;NÃO;;NÃO;BR | BRASIL;ES;3201308 | CARIACICA;;SUPERIOR INCOMPLETO;;PARDA;;;PESSOA FÍSICA;MASCULINO;NÃO;50 A 54 ANOS;BR | BRASIL;;;;;NÃO;;NÃO;BR | BRASIL;ES;3201308 | CARIACICA;MOTORISTA PROFISSIONAL (ÔNIBUS, TÁXI, CAMINHÃO, MOTOTÁXI, OUTROS);;;;;;;;;;LIBERDADE>DIREITOS INDIVIDUAIS>TRÁFICO DE PESSOAS - INTERNACIONAL
5552E376066796E9068B037DAD98A592F6FD28074725B1F1FC3460105136231B;2025-04-03 12:36:46.410;WHATSAPP;RISCO IMINENTE DE MORTE DA VÍTIMA;TERCEIRO;CASA DA VÍTIMA;BR | BRASIL;DF;5300108 | BRASÍLIA;DIARIAMENTE;HÁ UM MÊS;1;VIOLÊNCIA CONTRA CRIANÇA OU ADOLESCENTE;;OUTROS;COMUNIDADE/FAMÍLIA;;NÃO;14 ANOS;BR | BRASIL;;;;;;;NÃO;BR | BRASIL;DF;5300108 | BRASÍLIA;;;;NÃO INFORMADO;;;PESSOA FÍSICA;MASCULINO;NÃO;;BR | BRASIL;;;;;NÃO;;;BR | BRASIL;DF;5300108 | BRASÍLIA;OUTROS NÃO LISTADOS;;;;;;;;;;LIBERDADE>DIREITOS INDIVIDUAIS>TRÁFICO DE CRIANÇAS - INTERNACIONAL
5552E376066796E9068B037DAD98A592F6FD28074725B1F1FC3460105136231B;2025-04-03 12:36:46.410;WHATSAPP;RISCO IMINENTE DE MORTE DA VÍTIMA;TERCEIRO;CASA DA VÍTIMA;BR | BRASIL;DF;5300108 | BRASÍLIA;DIARIAMENTE;HÁ UM MÊS;1;VIOLÊNCIA CONTRA CRIANÇA OU ADOLESCENTE;;OUTROS;COMUNIDADE/FAMÍLIA;;NÃO;14 ANOS;BR | BRASIL;;;;;;;NÃO;BR | BRASIL;DF;5300108 | BRASÍLIA;;;;NÃO INFORMADO;;;PESSOA FÍSICA;MASCULINO;NÃO;;BR | BRASIL;;;;;NÃO;;;BR | BRASIL;DF;5300108 | BRASÍLIA;OUTROS NÃO LISTADOS;;;;;;;;;;LIBERDADE>DIREITOS INDIVIDUAIS>TRÁFICO DE PESSOAS - INTERNACIONAL
FBD0853E2CD342CD5BF9F78BAD618DB7459F012240660E7F80BF9C1428C17441;2025-04-09 09:31:19.977;E-MAIL;NÃO;TERCEIRO;ESTABELECIMENTO COMERCIAL;BR | BRASIL;SP;3550308 | SÃO PAULO;NÃO SABE INFORMAR;NÃO SABE INFORMAR;2;VIOLÊNCIA CONTRA CRIANÇA OU ADOLESCENTE;;OUTROS;PESSOA FÍSICA;FEMININO;NÃO;17 ANOS;BR | BRASIL;;;;;NÃO;;NÃO;BR | BRASIL;SP;3550308 | SÃO PAULO;;;NÃO SABE;NÃO INFORMADO;;;PESSOA JURÍDICA DE DIREITO PRIVADO;;;;BR | BRASIL;;;;;;;;BR | BRASIL;SP;3550308 | SÃO PAULO;;;;;;;;ARTES, CULTURA, ESPORTE E RECREAÇÃO;;;LIBERDADE>DIREITOS INDIVIDUAIS>TRÁFICO DE MULHERES - NACIONAL
081F002DB1775AF991CFDB4AA3740489BBBA790C1C5BD493475160EBC92C96EF;2025-04-09 09:31:19.977;E-MAIL;NÃO;TERCEIRO;ESTABELECIMENTO COMERCIAL;BR | BRASIL;SP;3550308 | SÃO PAULO;NÃO SABE INFORMAR;NÃO SABE INFORMAR;2;VIOLÊNCIA CONTRA CRIANÇA OU ADOLESCENTE;;OUTROS;PESSOA FÍSICA;FEMININO;NÃO;17 ANOS;BR | BRASIL;;;;;NÃO;;NÃO;BR | BRASIL;SP;3550308 | SÃO PAULO;;;NÃO SABE;NÃO INFORMADO;;;PESSOA JURÍDICA DE DIREITO PRIVADO;;;;BR | BRASIL;;;;;;;;BR | BRASIL;SP;3550308 | SÃO PAULO;;;;;;;;ARTES, CULTURA, ESPORTE E RECREAÇÃO;;;LIBERDADE>DIREITOS INDIVIDUAIS>TRÁFICO DE MULHERES - NACIONAL
3B6B895CAA4D5BE9820E8D3AC7E1C89CDD78CD26C5678BAB77B5A2BE3CA987D4;2025-04-09 09:31:19.977;E-MAIL;NÃO;TERCEIRO;ESTABELECIMENTO COMERCIAL;BR | BRASIL;SP;3550308 | SÃO PAULO;NÃO SABE INFORMAR;NÃO SABE INFORMAR;2;VIOLÊNCIA CONTRA CRIANÇA OU ADOLESCENTE;;OUTROS;PESSOA FÍSICA;FEMININO;NÃO;17 ANOS;BR | BRASIL;;;;;NÃO;;NÃO;BR | BRASIL;SP;3550308 | SÃO PAULO;;;;NÃO INFORMADO;;;PESSOA JURÍDICA DE DIREITO PRIVADO;;;;BR | BRASIL;;;;;;;;BR | BRASIL;SP;3550308 | SÃO PAULO;;;;;;;;ARTES, CULTURA, ESPORTE E RECREAÇÃO;;;LIBERDADE>DIREITOS INDIVIDUAIS>TRÁFICO DE MULHERES - NACIONAL
C76C04015EC1C3ED1760C4F47960B47ADE7F8041096415FBB11AAF03506406D2;2025-04-09 09:31:19.977;E-MAIL;NÃO;TERCEIRO;ESTABELECIMENTO COMERCIAL;BR | BRASIL;SP;3550308 | SÃO PAULO;NÃO SABE INFORMAR;NÃO SABE INFORMAR;2;VIOLÊNCIA CONTRA CRIANÇA OU ADOLESCENTE;;OUTROS;PESSOA FÍSICA;FEMININO;NÃO;17 ANOS;BR | BRASIL;;;;;NÃO;;NÃO;BR | BRASIL;SP;3550308 | SÃO PAULO;;;;NÃO INFORMADO;;;PESSOA JURÍDICA DE DIREITO PRIVADO;;;;BR | BRASIL;;;;;;;;BR | BRASIL;SP;3550308 | SÃO PAULO;;;;;;;;ARTES, CULTURA, ESPORTE E RECREAÇÃO;;;LIBERDADE>DIREITOS INDIVIDUAIS>TRÁFICO DE MULHERES - NACIONAL
9241EC7122AAEF7CBA990529B0A8FC2245774921E7B598A340E46754AB2BFA4E;2025-04-10 22:19:04.100;TELEFÔNICO;NÃO;TERCEIRO;NÃO SABE INFORMAR;BR | BRASIL;MG;3106200 | BELO HORIZONTE;OCASIONALMENTE;HÁ MAIS DE UM ANO;1;VIOLÊNCIA CONTRA A MULHER;OUTRO(S) ELEMENTO(S);OUTROS;PESSOA FÍSICA;FEMININO;NÃO;20 A 24 ANOS;BR | BRASIL;;;;NÃO;NÃO;;NÃO INFORMADO;BR | BRASIL;MG;3106200 | BELO HORIZONTE;;;;NÃO INFORMADO;;;PESSOA FÍSICA;FEMININO;NÃO;45 A 49 ANOS;BR | BRASIL;;;;NÃO;NÃO;;NÃO INFORMADO;PT | PORTUGAL;;;NÃO SABE INFORMAR;;;BRANCA;;;;;;;LIBERDADE>DIREITOS INDIVIDUAIS>TRÁFICO DE MULHERES - INTERNACIONAL
6AEA2714DA77883EB03330B454D9ED67B320B66FE20A389CBF2AFD9C63DE358B;2025-04-10 22:19:04.100;TELEFÔNICO;NÃO;TERCEIRO;NÃO SABE INFORMAR;BR | BRASIL;MG;3106200 | BELO HORIZONTE;OCASIONALMENTE;HÁ MAIS DE UM ANO;1;VIOLÊNCIA CONTRA A MULHER;OUTRO(S) ELEMENTO(S);OUTROS;PESSOA FÍSICA;FEMININO;NÃO;20 A 24 ANOS;BR | BRASIL;;;;NÃO;NÃO;;NÃO INFORMADO;BR | BRASIL;MG;3106200 | BELO HORIZONTE;;;;NÃO INFORMADO;;;PESSOA FÍSICA;FEMININO;NÃO;40 A 44 ANOS;BR | BRASIL;;;;NÃO;NÃO;;NÃO INFORMADO;BR | BRASIL;MG;3106200 | BELO HORIZONTE;OUTROS NÃO LISTADOS;;;BRANCA;;;;;;;LIBERDADE>DIREITOS INDIVIDUAIS>TRÁFICO DE MULHERES - INTERNACIONAL
77177974828B9818CFEB3A3D33FE24297C50FFED61013EDE7106EDB60FDE32CD;2025-04-11 20:00:25.823;WHATSAPP;RISCO IMINENTE DE MORTE DA VÍTIMA;TERCEIRO;OUTROS;BR | BRASIL;CE;2304400 | FORTALEZA;NÃO SABE INFORMAR;NÃO SABE INFORMAR;1;VIOLÊNCIA CONTRA CIDADÃO, FAMÍLIA OU COMUNIDADE;OUTRO(S) ELEMENTO(S);OUTROS;PESSOA FÍSICA;MASCULINO;NÃO INFORMADO;NÃO INFORMADO;BR | BRASIL;;;;NÃO;NÃO;;NÃO;BR | BRASIL;CE;2304400 | FORTALEZA;;;;NÃO INFORMADO;;;PESSOA FÍSICA;NÃO INFORMADO;NÃO;;BR | BRASIL;;;;NÃO INFORMADO;NÃO;;;BR | BRASIL;DENUNCIANTE NÃO SOUBE INFORMAR;DENUNCIANTE NÃO SOUBE INFORMAR;NÃO SABE INFORMAR;;;;;;;;;;LIBERDADE>DIREITOS INDIVIDUAIS>TRÁFICO DE PESSOAS - INTERNACIONAL
08F804BB4A85E95910CDC5AFB76C54DE46E92CDF833EA73B8CFF9907DB99FAFC;2025-04-12 09:25:57.537;WHATSAPP;NÃO;TERCEIRO;LOCAL DE TRABALHO DO AGRESSOR;BR | BRASIL;SP;3550308 | SÃO PAULO;NÃO SABE INFORMAR;NÃO SABE INFORMAR;1;VIOLÊNCIA CONTRA A MULHER;OUTRO(S) ELEMENTO(S);NÃO SABE INFORMAR;PESSOA FÍSICA;FEMININO;NÃO;30 A 34 ANOS;BR | BRASIL;;;;NÃO;NÃO;;NÃO;BR | BRASIL;SP;3550308 | SÃO PAULO;;;;NÃO INFORMADO;;;PESSOA FÍSICA;NÃO INFORMADO;NÃO;;BR | BRASIL;;;;NÃO;NÃO;;;BR | BRASIL;SP;3550308 | SÃO PAULO;NÃO SABE INFORMAR;;;;;;;;;;LIBERDADE>DIREITOS INDIVIDUAIS>TRÁFICO DE PESSOAS - NACIONAL
5E031DC7E33A8925C77B65B1F212DA526D0579C6FAFB761A47CC7E0003ADF690;2025-04-14 08:10:19.047;WHATSAPP;NÃO;TERCEIRO;AMBIENTE VIRTUAL (NO ÂMBITO DA INTERNET);BR | BRASIL;DENUNCIANTE NÃO SOUBE INFORMAR;DENUNCIANTE NÃO SOUBE INFORMAR;NÃO SABE INFORMAR;NÃO SABE INFORMAR;1;VIOLÊNCIA CONTRA A MULHER;OUTRO(S) ELEMENTO(S);NÃO SABE INFORMAR;PESSOA FÍSICA;FEMININO;NÃO INFORMADO;18 A 19 ANOS;BR | BRASIL;;;;NÃO;NÃO;;NÃO;BR | BRASIL;DENUNCIANTE NÃO SOUBE INFORMAR;DENUNCIANTE NÃO SOUBE INFORMAR;;;;NÃO INFORMADO;;;PESSOA FÍSICA;FEMININO;NÃO;30 A 34 ANOS;BR | BRASIL;;;;NÃO;NÃO;;NÃO INFORMADO;BR | BRASIL;SP;3550308 | SÃO PAULO;OUTROS NÃO LISTADOS;;;PRETA;;;;;;;LIBERDADE>DIREITOS INDIVIDUAIS>TRÁFICO DE MULHERES - INTERNACIONAL
689D8B5D9E6A21E097F5C40855470110ACEE196F89C2A4F95FA9324495D5A20A;2025-04-14 08:36:32.267;TELEFÔNICO;NÃO;TERCEIRO;TAXI/TRANSPORTE APLICATIVO;BR | BRASIL;DENUNCIANTE NÃO SOUBE INFORMAR;DENUNCIANTE NÃO SOUBE INFORMAR;ÚNICA OCORRÊNCIA;NÃO SE APLICA;1;VIOLÊNCIA CONTRA CRIANÇA OU ADOLESCENTE;;NÃO SABE INFORMAR;COMUNIDADE/FAMÍLIA;;;CRIANÇA/ADOLESCENTE IDADE NÃO INFORMADA;BR | BRASIL;;;;;;;;BR | BRASIL;SC;4209300 | LAGES;;;;NÃO INFORMADO;;;PESSOA FÍSICA;MASCULINO;NÃO;45 A 49 ANOS;BR | BRASIL;;;;;NÃO;;NÃO;BR | BRASIL;SC;4209300 | LAGES;NÃO SABE INFORMAR;;;BRANCA;;;;;;;LIBERDADE>DIREITOS INDIVIDUAIS>TRÁFICO DE CRIANÇAS - NACIONAL
2196417C0CA7E65AC553A059BF097DF05A3169DC0E0BC8D21D7D5B902D470541;2025-04-16 20:56:02.957;TELEFÔNICO;NÃO;TERCEIRO;CASA DA VÍTIMA;BR | BRASIL;RS;4314902 | PORTO ALEGRE;DIARIAMENTE;HÁ UMA SEMANA;1;VIOLÊNCIA CONTRA A MULHER;;EMPREGADOR/PATRÃO (HIERARQUICAMENTE SUPERIOR);PESSOA FÍSICA;FEMININO;NÃO;20 A 24 ANOS;BR | BRASIL;;;;;NÃO;;NÃO;BR | BRASIL;RS;4314902 | PORTO ALEGRE;;;;BRANCA;;;PESSOA JURÍDICA DE DIREITO PRIVADO;;;;AM | ARMÊNIA;;;;;;;;AM | ARMÊNIA;DENUNCIANTE NÃO SOUBE INFORMAR;DENUNCIANTE NÃO SOUBE INFORMAR;;;;;;;;OUTRAS ATIVIDADES DE SERVIÇOS;;;LIBERDADE>DIREITOS INDIVIDUAIS>TRÁFICO DE MULHERES - INTERNACIONAL
2196417C0CA7E65AC553A059BF097DF05A3169DC0E0BC8D21D7D5B902D470541;2025-04-16 20:56:02.957;TELEFÔNICO;NÃO;TERCEIRO;CASA DA VÍTIMA;BR | BRASIL;RS;4314902 | PORTO ALEGRE;DIARIAMENTE;HÁ UMA SEMANA;1;VIOLÊNCIA CONTRA A MULHER;;EMPREGADOR/PATRÃO (HIERARQUICAMENTE SUPERIOR);PESSOA FÍSICA;FEMININO;NÃO;20 A 24 ANOS;BR | BRASIL;;;;;NÃO;;NÃO;BR | BRASIL;RS;4314902 | PORTO ALEGRE;;;;BRANCA;;;PESSOA JURÍDICA DE DIREITO PRIVADO;;;;AM | ARMÊNIA;;;;;;;;AM | ARMÊNIA;DENUNCIANTE NÃO SOUBE INFORMAR;DENUNCIANTE NÃO SOUBE INFORMAR;;;;;;;;OUTRAS ATIVIDADES DE SERVIÇOS;;;LIBERDADE>DIREITOS INDIVIDUAIS>TRÁFICO DE PESSOAS - INTERNACIONAL
6699E0BB673A6F92A9B06064194738EFF36116773D3BCF630742EB60B722139B;2025-04-17 08:57:22.497;TELEFÔNICO;NÃO;TERCEIRO;OUTROS;BR | BRASIL;SP;3543402 | RIBEIRÃO PRETO;DIARIAMENTE;HÁ MAIS DE UM ANO;1;VIOLÊNCIA CONTRA CIDADÃO, FAMÍLIA OU COMUNIDADE;;NETO(A);PESSOA FÍSICA;NÃO INFORMADO;NÃO;55 A 59 ANOS;BR | BRASIL;;;;;NÃO;;NÃO;BR | BRASIL;DENUNCIANTE NÃO SOUBE INFORMAR;DENUNCIANTE NÃO SOUBE INFORMAR;;;;NÃO INFORMADO;;;PESSOA FÍSICA;MASCULINO;NÃO;30 A 34 ANOS;BR | BRASIL;;;;;NÃO;;NÃO INFORMADO;BR | BRASIL;SP;3543402 | RIBEIRÃO PRETO;OUTROS NÃO LISTADOS;;;BRANCA;;;;;;;LIBERDADE>DIREITOS INDIVIDUAIS>TRÁFICO DE PESSOAS - INTERNACIONAL
A5E697E4DD0223852B4559D2FF35DBC9D2251AE4808A5B55B870B19B0CD58C77;2025-04-20 08:13:59.613;WHATSAPP;NÃO;TERCEIRO;VIA PÚBLICA;BR | BRASIL;RJ;3304557 | RIO DE JANEIRO;NÃO SABE INFORMAR;NÃO SABE INFORMAR;2;VIOLÊNCIA CONTRA CRIANÇA OU ADOLESCENTE;;NÃO SABE INFORMAR;PESSOA FÍSICA;FEMININO;;CRIANÇA/ADOLESCENTE IDADE NÃO INFORMADA;BR | BRASIL;;;;;NÃO;;;BR | BRASIL;RJ;3304557 | RIO DE JANEIRO;;ANALFABETO/SEM INSTRUÇÃO;;NÃO INFORMADO;;;PESSOA FÍSICA;MASCULINO;NÃO;NÃO INFORMADO;BR | BRASIL;;;;;NÃO;;NÃO INFORMADO;BR | BRASIL;RJ;3304557 | RIO DE JANEIRO;NÃO SABE INFORMAR;;;NÃO INFORMADO;;;;;;;LIBERDADE>DIREITOS INDIVIDUAIS>TRÁFICO DE MULHERES - NACIONAL
BB3DF8644CC807007696AF342EDFF368E205EC5E3F77FFC2523380CC93DE1C41;2025-04-20 21:13:21.320;TELEFÔNICO;NÃO;TERCEIRO;OUTROS;BR | BRASIL;DENUNCIANTE NÃO SOUBE INFORMAR;DENUNCIANTE NÃO SOUBE INFORMAR;NÃO SABE INFORMAR;HÁ MAIS DE UM ANO;1;VIOLÊNCIA CONTRA CRIANÇA OU ADOLESCENTE;;OUTROS;COMUNIDADE/FAMÍLIA;;;CRIANÇA/ADOLESCENTE IDADE NÃO INFORMADA;BR | BRASIL;;;;;;;;BR | BRASIL;DENUNCIANTE NÃO SOUBE INFORMAR;DENUNCIANTE NÃO SOUBE INFORMAR;;;;NÃO INFORMADO;;;PESSOA FÍSICA;FEMININO;NÃO;30 A 34 ANOS;BR | BRASIL;;;;;NÃO;;TEMPORÁRIA;BR | BRASIL;SP;3533502 | NOVO HORIZONTE;NÃO SABE INFORMAR;;;;;;;;;;LIBERDADE>DIREITOS INDIVIDUAIS>TRÁFICO DE CRIANÇAS - NACIONAL
A6514AEC199569843D29934728A0A668FEBABBC3E5F280D4A8D2DED3A6411DAE;2025-04-21 13:15:30.813;TELEFÔNICO;NÃO;A PRÓPRIA VÍTIMA;CASA DO SUSPEITO;BR | BRASIL;SE;2800308 | ARACAJU;DIARIAMENTE;HÁ MAIS DE UM ANO;1;VIOLÊNCIA CONTRA POPULAÇÃO LGBTQIA+;;LÍDER RELIGIOSO(A);PESSOA FÍSICA;MASCULINO;HOMOSSEXUAL.GAY;25 A 29 ANOS;BR | BRASIL;;;;;NÃO;;NÃO;BR | BRASIL;SE;2800308 | ARACAJU;;SUPERIOR INCOMPLETO;;PARDA;;;PESSOA JURÍDICA DE DIREITO PRIVADO;;;;BR | BRASIL;;;;;;;;BR | BRASIL;SE;2800308 | ARACAJU;;;;;;;;INFORMAÇÃO E COMUNICAÇÃO;;;LIBERDADE>DIREITOS INDIVIDUAIS>TRÁFICO DE CRIANÇAS - NACIONAL
A6514AEC199569843D29934728A0A668FEBABBC3E5F280D4A8D2DED3A6411DAE;2025-04-21 13:15:30.813;TELEFÔNICO;NÃO;A PRÓPRIA VÍTIMA;CASA DO SUSPEITO;BR | BRASIL;SE;2800308 | ARACAJU;DIARIAMENTE;HÁ MAIS DE UM ANO;1;VIOLÊNCIA CONTRA CIDADÃO, FAMÍLIA OU COMUNIDADE;;LÍDER RELIGIOSO(A);PESSOA FÍSICA;MASCULINO;HOMOSSEXUAL.GAY;25 A 29 ANOS;BR | BRASIL;;;;;NÃO;;NÃO;BR | BRASIL;SE;2800308 | ARACAJU;;SUPERIOR INCOMPLETO;;PARDA;;;PESSOA JURÍDICA DE DIREITO PRIVADO;;;;BR | BRASIL;;;;;;;;BR | BRASIL;SE;2800308 | ARACAJU;;;;;;;;INFORMAÇÃO E COMUNICAÇÃO;;;LIBERDADE>DIREITOS INDIVIDUAIS>TRÁFICO DE CRIANÇAS - NACIONAL
A6514AEC199569843D29934728A0A668FEBABBC3E5F280D4A8D2DED3A6411DAE;2025-04-21 13:15:30.813;TELEFÔNICO;NÃO;A PRÓPRIA VÍTIMA;CASA DO SUSPEITO;BR | BRASIL;SE;2800308 | ARACAJU;DIARIAMENTE;HÁ MAIS DE UM ANO;1;VIOLÊNCIA CONTRA CIDADÃO, FAMÍLIA OU COMUNIDADE;;LÍDER RELIGIOSO(A);PESSOA FÍSICA;MASCULINO;HOMOSSEXUAL.GAY;25 A 29 ANOS;BR | BRASIL;;;;;NÃO;;NÃO;BR | BRASIL;SE;2800308 | ARACAJU;;SUPERIOR INCOMPLETO;;PARDA;;;PESSOA JURÍDICA DE DIREITO PRIVADO;;;;BR | BRASIL;;;;;;;;BR | BRASIL;SE;2800308 | ARACAJU;;;;;;;;INFORMAÇÃO E COMUNICAÇÃO;;;LIBERDADE>DIREITOS INDIVIDUAIS>TRÁFICO DE CRIANÇAS - INTERNACIONAL
A6514AEC199569843D29934728A0A668FEBABBC3E5F280D4A8D2DED3A6411DAE;2025-04-21 13:15:30.813;TELEFÔNICO;NÃO;A PRÓPRIA VÍTIMA;CASA DO SUSPEITO;BR | BRASIL;SE;2800308 | ARACAJU;DIARIAMENTE;HÁ MAIS DE UM ANO;1;VIOLÊNCIA CONTRA POPULAÇÃO LGBTQIA+;;LÍDER RELIGIOSO(A);PESSOA FÍSICA;MASCULINO;HOMOSSEXUAL.GAY;25 A 29 ANOS;BR | BRASIL;;;;;NÃO;;NÃO;BR | BRASIL;SE;2800308 | ARACAJU;;SUPERIOR INCOMPLETO;;PARDA;;;PESSOA JURÍDICA DE DIREITO PRIVADO;;;;BR | BRASIL;;;;;;;;BR | BRASIL;SE;2800308 | ARACAJU;;;;;;;;INFORMAÇÃO E COMUNICAÇÃO;;;LIBERDADE>DIREITOS INDIVIDUAIS>TRÁFICO DE CRIANÇAS - INTERNACIONAL
B98174AA7C4DA2DE821B60CED19E7E17377A0D60730371A061711BA57B52600A;2025-04-21 13:15:30.813;TELEFÔNICO;NÃO;A PRÓPRIA VÍTIMA;CASA DO SUSPEITO;BR | BRASIL;SE;2800308 | ARACAJU;DIARIAMENTE;HÁ MAIS DE UM ANO;1;VIOLÊNCIA CONTRA CIDADÃO, FAMÍLIA OU COMUNIDADE;;LÍDER RELIGIOSO(A);PESSOA FÍSICA;MASCULINO;HOMOSSEXUAL.GAY;25 A 29 ANOS;BR | BRASIL;;;;;NÃO;;NÃO;BR | BRASIL;SE;2800308 | ARACAJU;;SUPERIOR INCOMPLETO;;PARDA;;;PESSOA FÍSICA;FEMININO;NÃO;30 A 34 ANOS;BR | BRASIL;;;;;NÃO;;NÃO;BR | BRASIL;SE;2800308 | ARACAJU;OUTROS NÃO LISTADOS;;;BRANCA;;;;;;;LIBERDADE>DIREITOS INDIVIDUAIS>TRÁFICO DE CRIANÇAS - INTERNACIONAL
B98174AA7C4DA2DE821B60CED19E7E17377A0D60730371A061711BA57B52600A;2025-04-21 13:15:30.813;TELEFÔNICO;NÃO;A PRÓPRIA VÍTIMA;CASA DO SUSPEITO;BR | BRASIL;SE;2800308 | ARACAJU;DIARIAMENTE;HÁ MAIS DE UM ANO;1;VIOLÊNCIA CONTRA POPULAÇÃO LGBTQIA+;;LÍDER RELIGIOSO(A);PESSOA FÍSICA;MASCULINO;HOMOSSEXUAL.GAY;25 A 29 ANOS;BR | BRASIL;;;;;NÃO;;NÃO;BR | BRASIL;SE;2800308 | ARACAJU;;SUPERIOR INCOMPLETO;;PARDA;;;PESSOA FÍSICA;FEMININO;NÃO;30 A 34 ANOS;BR | BRASIL;;;;;NÃO;;NÃO;BR | BRASIL;SE;2800308 | ARACAJU;OUTROS NÃO LISTADOS;;;BRANCA;;;;;;;LIBERDADE>DIREITOS INDIVIDUAIS>TRÁFICO DE CRIANÇAS - NACIONAL
E3A06F331CCEA4710939DD464B8B97F8C01BE9CBC9F1E3752E21B648C61EEEE7;2025-04-21 13:15:30.813;TELEFÔNICO;NÃO;A PRÓPRIA VÍTIMA;CASA DO SUSPEITO;BR | BRASIL;SE;2800308 | ARACAJU;DIARIAMENTE;HÁ MAIS DE UM ANO;1;VIOLÊNCIA CONTRA CIDADÃO, FAMÍLIA OU COMUNIDADE;;LÍDER RELIGIOSO(A);PESSOA FÍSICA;MASCULINO;HOMOSSEXUAL.GAY;25 A 29 ANOS;BR | BRASIL;;;;;NÃO;;NÃO;BR | BRASIL;SE;2800308 | ARACAJU;;SUPERIOR INCOMPLETO;;PARDA;;;PESSOA FÍSICA;FEMININO;NÃO;45 A 49 ANOS;BR | BRASIL;;;;;NÃO;;NÃO;BR | BRASIL;SE;2800308 | ARACAJU;OUTROS NÃO LISTADOS;;;PARDA;;;;;;;LIBERDADE>DIREITOS INDIVIDUAIS>TRÁFICO DE CRIANÇAS - NACIONAL
B98174AA7C4DA2DE821B60CED19E7E17377A0D60730371A061711BA57B52600A;2025-04-21 13:15:30.813;TELEFÔNICO;NÃO;A PRÓPRIA VÍTIMA;CASA DO SUSPEITO;BR | BRASIL;SE;2800308 | ARACAJU;DIARIAMENTE;HÁ MAIS DE UM ANO;1;VIOLÊNCIA CONTRA POPULAÇÃO LGBTQIA+;;LÍDER RELIGIOSO(A);PESSOA FÍSICA;MASCULINO;HOMOSSEXUAL.GAY;25 A 29 ANOS;BR | BRASIL;;;;;NÃO;;NÃO;BR | BRASIL;SE;2800308 | ARACAJU;;SUPERIOR INCOMPLETO;;PARDA;;;PESSOA FÍSICA;FEMININO;NÃO;30 A 34 ANOS;BR | BRASIL;;;;;NÃO;;NÃO;BR | BRASIL;SE;2800308 | ARACAJU;OUTROS NÃO LISTADOS;;;BRANCA;;;;;;;LIBERDADE>DIREITOS INDIVIDUAIS>TRÁFICO DE CRIANÇAS - INTERNACIONAL
C3C7E9F26F11783E7463E3A8CA66BB1A494A105F0FB06643073725A18F48AF82;2025-04-21 13:15:30.813;TELEFÔNICO;NÃO;A PRÓPRIA VÍTIMA;CASA DO SUSPEITO;BR | BRASIL;SE;2800308 | ARACAJU;DIARIAMENTE;HÁ MAIS DE UM ANO;1;VIOLÊNCIA CONTRA POPULAÇÃO LGBTQIA+;;LÍDER RELIGIOSO(A);PESSOA FÍSICA;MASCULINO;HOMOSSEXUAL.GAY;25 A 29 ANOS;BR | BRASIL;;;;;NÃO;;NÃO;BR | BRASIL;SE;2800308 | ARACAJU;;SUPERIOR INCOMPLETO;;PARDA;;;PESSOA FÍSICA;FEMININO;NÃO;45 A 49 ANOS;BR | BRASIL;;;;;NÃO;;NÃO;BR | BRASIL;SE;2800308 | ARACAJU;OUTROS NÃO LISTADOS;;;PARDA;;;;;;;LIBERDADE>DIREITOS INDIVIDUAIS>TRÁFICO DE CRIANÇAS - INTERNACIONAL
B98174AA7C4DA2DE821B60CED19E7E17377A0D60730371A061711BA57B52600A;2025-04-21 13:15:30.813;TELEFÔNICO;NÃO;A PRÓPRIA VÍTIMA;CASA DO SUSPEITO;BR | BRASIL;SE;2800308 | ARACAJU;DIARIAMENTE;HÁ MAIS DE UM ANO;1;VIOLÊNCIA CONTRA CIDADÃO, FAMÍLIA OU COMUNIDADE;;LÍDER RELIGIOSO(A);PESSOA FÍSICA;MASCULINO;HOMOSSEXUAL.GAY;25 A 29 ANOS;BR | BRASIL;;;;;NÃO;;NÃO;BR | BRASIL;SE;2800308 | ARACAJU;;SUPERIOR INCOMPLETO;;PARDA;;;PESSOA FÍSICA;FEMININO;NÃO;30 A 34 ANOS;BR | BRASIL;;;;;NÃO;;NÃO;BR | BRASIL;SE;2800308 | ARACAJU;OUTROS NÃO LISTADOS;;;BRANCA;;;;;;;LIBERDADE>DIREITOS INDIVIDUAIS>TRÁFICO DE CRIANÇAS - NACIONAL
E3A06F331CCEA4710939DD464B8B97F8C01BE9CBC9F1E3752E21B648C61EEEE7;2025-04-21 13:15:30.813;TELEFÔNICO;NÃO;A PRÓPRIA VÍTIMA;CASA DO SUSPEITO;BR | BRASIL;SE;2800308 | ARACAJU;DIARIAMENTE;HÁ MAIS DE UM ANO;1;VIOLÊNCIA CONTRA POPULAÇÃO LGBTQIA+;;LÍDER RELIGIOSO(A);PESSOA FÍSICA;MASCULINO;HOMOSSEXUAL.GAY;25 A 29 ANOS;BR | BRASIL;;;;;NÃO;;NÃO;BR | BRASIL;SE;2800308 | ARACAJU;;SUPERIOR INCOMPLETO;;PARDA;;;PESSOA FÍSICA;FEMININO;NÃO;45 A 49 ANOS;BR | BRASIL;;;;;NÃO;;NÃO;BR | BRASIL;SE;2800308 | ARACAJU;OUTROS NÃO LISTADOS;;;PARDA;;;;;;;LIBERDADE>DIREITOS INDIVIDUAIS>TRÁFICO DE CRIANÇAS - NACIONAL
C3C7E9F26F11783E7463E3A8CA66BB1A494A105F0FB06643073725A18F48AF82;2025-04-21 13:15:30.813;TELEFÔNICO;NÃO;A PRÓPRIA VÍTIMA;CASA DO SUSPEITO;BR | BRASIL;SE;2800308 | ARACAJU;DIARIAMENTE;HÁ MAIS DE UM ANO;1;VIOLÊNCIA CONTRA CIDADÃO, FAMÍLIA OU COMUNIDADE;;LÍDER RELIGIOSO(A);PESSOA FÍSICA;MASCULINO;HOMOSSEXUAL.GAY;25 A 29 ANOS;BR | BRASIL;;;;;NÃO;;NÃO;BR | BRASIL;SE;2800308 | ARACAJU;;SUPERIOR INCOMPLETO;;PARDA;;;PESSOA FÍSICA;FEMININO;NÃO;45 A 49 ANOS;BR | BRASIL;;;;;NÃO;;NÃO;BR | BRASIL;SE;2800308 | ARACAJU;OUTROS NÃO LISTADOS;;;PARDA;;;;;;;LIBERDADE>DIREITOS INDIVIDUAIS>TRÁFICO DE CRIANÇAS - NACIONAL
C3C7E9F26F11783E7463E3A8CA66BB1A494A105F0FB06643073725A18F48AF82;2025-04-21 13:15:30.813;TELEFÔNICO;NÃO;A PRÓPRIA VÍTIMA;CASA DO SUSPEITO;BR | BRASIL;SE;2800308 | ARACAJU;DIARIAMENTE;HÁ MAIS DE UM ANO;1;VIOLÊNCIA CONTRA CIDADÃO, FAMÍLIA OU COMUNIDADE;;LÍDER RELIGIOSO(A);PESSOA FÍSICA;MASCULINO;HOMOSSEXUAL.GAY;25 A 29 ANOS;BR | BRASIL;;;;;NÃO;;NÃO;BR | BRASIL;SE;2800308 | ARACAJU;;SUPERIOR INCOMPLETO;;PARDA;;;PESSOA FÍSICA;FEMININO;NÃO;45 A 49 ANOS;BR | BRASIL;;;;;NÃO;;NÃO;BR | BRASIL;SE;2800308 | ARACAJU;OUTROS NÃO LISTADOS;;;PARDA;;;;;;;LIBERDADE>DIREITOS INDIVIDUAIS>TRÁFICO DE CRIANÇAS - INTERNACIONAL
E3A06F331CCEA4710939DD464B8B97F8C01BE9CBC9F1E3752E21B648C61EEEE7;2025-04-21 13:15:30.813;TELEFÔNICO;NÃO;A PRÓPRIA VÍTIMA;CASA DO SUSPEITO;BR | BRASIL;SE;2800308 | ARACAJU;DIARIAMENTE;HÁ MAIS DE UM ANO;1;VIOLÊNCIA CONTRA CIDADÃO, FAMÍLIA OU COMUNIDADE;;LÍDER RELIGIOSO(A);PESSOA FÍSICA;MASCULINO;HOMOSSEXUAL.GAY;25 A 29 ANOS;BR | BRASIL;;;;;NÃO;;NÃO;BR | BRASIL;SE;2800308 | ARACAJU;;SUPERIOR INCOMPLETO;;PARDA;;;PESSOA FÍSICA;FEMININO;NÃO;45 A 49 ANOS;BR | BRASIL;;;;;NÃO;;NÃO;BR | BRASIL;SE;2800308 | ARACAJU;OUTROS NÃO LISTADOS;;;PARDA;;;;;;;LIBERDADE>DIREITOS INDIVIDUAIS>TRÁFICO DE CRIANÇAS - INTERNACIONAL
C3C7E9F26F11783E7463E3A8CA66BB1A494A105F0FB06643073725A18F48AF82;2025-04-21 13:15:30.813;TELEFÔNICO;NÃO;A PRÓPRIA VÍTIMA;CASA DO SUSPEITO;BR | BRASIL;SE;2800308 | ARACAJU;DIARIAMENTE;HÁ MAIS DE UM ANO;1;VIOLÊNCIA CONTRA POPULAÇÃO LGBTQIA+;;LÍDER RELIGIOSO(A);PESSOA FÍSICA;MASCULINO;HOMOSSEXUAL.GAY;25 A 29 ANOS;BR | BRASIL;;;;;NÃO;;NÃO;BR | BRASIL;SE;2800308 | ARACAJU;;SUPERIOR INCOMPLETO;;PARDA;;;PESSOA FÍSICA;FEMININO;NÃO;45 A 49 ANOS;BR | BRASIL;;;;;NÃO;;NÃO;BR | BRASIL;SE;2800308 | ARACAJU;OUTROS NÃO LISTADOS;;;PARDA;;;;;;;LIBERDADE>DIREITOS INDIVIDUAIS>TRÁFICO DE CRIANÇAS - NACIONAL
E3A06F331CCEA4710939DD464B8B97F8C01BE9CBC9F1E3752E21B648C61EEEE7;2025-04-21 13:15:30.813;TELEFÔNICO;NÃO;A PRÓPRIA VÍTIMA;CASA DO SUSPEITO;BR | BRASIL;SE;2800308 | ARACAJU;DIARIAMENTE;HÁ MAIS DE UM ANO;1;VIOLÊNCIA CONTRA POPULAÇÃO LGBTQIA+;;LÍDER RELIGIOSO(A);PESSOA FÍSICA;MASCULINO;HOMOSSEXUAL.GAY;25 A 29 ANOS;BR | BRASIL;;;;;NÃO;;NÃO;BR | BRASIL;SE;2800308 | ARACAJU;;SUPERIOR INCOMPLETO;;PARDA;;;PESSOA FÍSICA;FEMININO;NÃO;45 A 49 ANOS;BR | BRASIL;;;;;NÃO;;NÃO;BR | BRASIL;SE;2800308 | ARACAJU;OUTROS NÃO LISTADOS;;;PARDA;;;;;;;LIBERDADE>DIREITOS INDIVIDUAIS>TRÁFICO DE CRIANÇAS - INTERNACIONAL
0893CAD39C9CEC91BDAAD1D064AD953A27A996EAE6F04B0099D14480E2C6605B;2025-04-22 18:24:59.757;TELEFÔNICO;NÃO;TERCEIRO;CASA DA VÍTIMA;BR | BRASIL;SE;2800308 | ARACAJU;DIARIAMENTE;HÁ MAIS DE CINCO ANOS;1;VIOLÊNCIA CONTRA CRIANÇA OU ADOLESCENTE;;LÍDER RELIGIOSO(A);COMUNIDADE/FAMÍLIA;;;CRIANÇA/ADOLESCENTE IDADE NÃO INFORMADA;BR | BRASIL;;;;;;;;BR | BRASIL;SE;2800308 | ARACAJU;;;;NÃO INFORMADO;;;PESSOA JURÍDICA DE DIREITO PRIVADO;;;;BR | BRASIL;;;;;;;;BR | BRASIL;SE;2800308 | ARACAJU;;;;;;;;OUTRAS ATIVIDADES DE SERVIÇOS;;;LIBERDADE>DIREITOS INDIVIDUAIS>TRÁFICO DE CRIANÇAS - NACIONAL
34EBA1781136A0DE98DCC40E130FA2BB50D7CE18185CD410347CD0AAFE3F0CB8;2025-04-25 15:44:09.180;WHATSAPP;NÃO;TERCEIRO;CASA DO SUSPEITO;BR | BRASIL;PR;4124020 | SANTA TEREZA DO OESTE;DIARIAMENTE;HÁ MAIS DE UM ANO;1;VIOLÊNCIA CONTRA CRIANÇA OU ADOLESCENTE;;MÃE;PESSOA FÍSICA;FEMININO;NÃO;14 ANOS;BR | BRASIL;;;;;NÃO;;NÃO;BR | BRASIL;DENUNCIANTE NÃO SOUBE INFORMAR;DENUNCIANTE NÃO SOUBE INFORMAR;;;;BRANCA;;;PESSOA FÍSICA;FEMININO;NÃO;50 A 54 ANOS;BR | BRASIL;;;;;NÃO;;NÃO;BR | BRASIL;PR;4124020 | SANTA TEREZA DO OESTE;PROFESSOR DO ENSINO FUNDAMENTAL;;;BRANCA;;;;;;;LIBERDADE>DIREITOS INDIVIDUAIS>TRÁFICO DE CRIANÇAS - NACIONAL
9BB8DD4EEB5F38672E0F94750AC00AC17C67E932213A8C0A4481FA8E186B6E23;2025-04-25 15:44:09.180;WHATSAPP;NÃO;TERCEIRO;CASA DO SUSPEITO;BR | BRASIL;PR;4124020 | SANTA TEREZA DO OESTE;DIARIAMENTE;HÁ MAIS DE UM ANO;1;VIOLÊNCIA CONTRA CRIANÇA OU ADOLESCENTE;;MÃE;PESSOA FÍSICA;FEMININO;NÃO;14 ANOS;BR | BRASIL;;;;;NÃO;;NÃO;BR | BRASIL;DENUNCIANTE NÃO SOUBE INFORMAR;DENUNCIANTE NÃO SOUBE INFORMAR;;;;BRANCA;;;PESSOA FÍSICA;FEMININO;NÃO;30 A 34 ANOS;BR | BRASIL;;;;;NÃO;;NÃO;BR | BRASIL;DENUNCIANTE NÃO SOUBE INFORMAR;DENUNCIANTE NÃO SOUBE INFORMAR;OUTROS NÃO LISTADOS;;;PARDA;;;;;;;LIBERDADE>DIREITOS INDIVIDUAIS>TRÁFICO DE CRIANÇAS - NACIONAL
FADF7CBA8782913781F72462D2D7965093479B4F43E892AE2276F79B47B93A13;2025-04-27 18:09:03.530;TELEFÔNICO;NÃO;TERCEIRO;ESTABELECIMENTO COMERCIAL;BR | BRASIL;DF;5300108 | BRASÍLIA;DIARIAMENTE;HÁ MAIS DE UM ANO;1;VIOLÊNCIA CONTRA CIDADÃO, FAMÍLIA OU COMUNIDADE;;EMPREGADOR/PATRÃO (HIERARQUICAMENTE SUPERIOR);PESSOA FÍSICA;MASCULINO;NÃO;45 A 49 ANOS;BR | BRASIL;;;;;NÃO;;NÃO;BR | BRASIL;DF;5300108 | BRASÍLIA;;;;AMARELA;;;PESSOA FÍSICA;MASCULINO;NÃO;30 A 34 ANOS;BR | BRASIL;;;;;NÃO;;NÃO;BR | BRASIL;DF;5300108 | BRASÍLIA;ADMINISTRADOR;;;AMARELA;;;;;;;LIBERDADE>DIREITOS INDIVIDUAIS>TRÁFICO DE PESSOAS - INTERNACIONAL
007E8ED8E6552B24B9A9B3A33E86D98FB1F9F9BE049F8CB7926E965FFF435B57;2025-04-28 12:11:05.807;TELEFÔNICO;NÃO;TERCEIRO;CASA ONDE RESIDE A VÍTIMA E O SUSPEITO;BR | BRASIL;SC;4215000 | RIO NEGRINHO;DIARIAMENTE;HÁ MAIS DE UM ANO;1;VIOLÊNCIA CONTRA A MULHER;;OUTROS;PESSOA FÍSICA;FEMININO;NÃO;25 A 29 ANOS;BR | BRASIL;;;;;NÃO;;NÃO;BR | BRASIL;SC;4215000 | RIO NEGRINHO;;;;BRANCA;;;PESSOA JURÍDICA DE DIREITO PRIVADO;;;;BR | BRASIL;;;;;;;;BR | BRASIL;SC;4215000 | RIO NEGRINHO;;;;;;;;OUTRAS ATIVIDADES DE SERVIÇOS;;;LIBERDADE>DIREITOS INDIVIDUAIS>TRÁFICO DE MULHERES - NACIONAL
007E8ED8E6552B24B9A9B3A33E86D98FB1F9F9BE049F8CB7926E965FFF435B57;2025-04-28 12:11:05.807;TELEFÔNICO;NÃO;TERCEIRO;CASA ONDE RESIDE A VÍTIMA E O SUSPEITO;BR | BRASIL;SC;4215000 | RIO NEGRINHO;DIARIAMENTE;HÁ MAIS DE UM ANO;1;VIOLÊNCIA CONTRA PESSOA COM DEFICIÊNCIA;;OUTROS;PESSOA FÍSICA;FEMININO;NÃO;25 A 29 ANOS;BR | BRASIL;;;;;NÃO;;NÃO;BR | BRASIL;SC;4215000 | RIO NEGRINHO;;;;BRANCA;;;PESSOA JURÍDICA DE DIREITO PRIVADO;;;;BR | BRASIL;;;;;;;;BR | BRASIL;SC;4215000 | RIO NEGRINHO;;;;;;;;OUTRAS ATIVIDADES DE SERVIÇOS;;;LIBERDADE>DIREITOS INDIVIDUAIS>TRÁFICO DE MULHERES - NACIONAL
9AD9A13CEB37B2CF1FF83B58DF637533888817CC05038BC7FB89619B288476A8;2025-04-28 14:24:19.493;TELEFÔNICO;NÃO;TERCEIRO;EVENTO PÚBLICO;BR | BRASIL;MT;5105150 | JUÍNA;ÚNICA OCORRÊNCIA;NÃO SE APLICA;1;VIOLÊNCIA CONTRA A MULHER;;OUTROS;PESSOA FÍSICA;FEMININO;NÃO;18 A 19 ANOS;BR | BRASIL;;;;;NÃO;;NÃO;BR | BRASIL;AC;1200435 | SANTA ROSA DO PURUS;;;;INDÍGENA;POVOS INDÍGENAS;;PESSOA FÍSICA;NÃO INFORMADO;NÃO;NÃO INFORMADO;BR | BRASIL;;;;;NÃO;;NÃO INFORMADO;BR | BRASIL;MT;5105150 | JUÍNA;NÃO SABE INFORMAR;;;NÃO INFORMADO;;;;;;;LIBERDADE>DIREITOS INDIVIDUAIS>TRÁFICO DE MULHERES - NACIONAL
BBB2397026AF9F0795FC12E91C86CAF598E12D6451BC998F4309980728F29F87;2025-04-28 17:44:05.767;TELEFÔNICO;NÃO;TERCEIRO;CASA ONDE RESIDE A VÍTIMA E O SUSPEITO;BR | BRASIL;DF;5300108 | BRASÍLIA;DIARIAMENTE;HÁ MAIS DE UM ANO;1;VIOLÊNCIA CONTRA CIDADÃO, FAMÍLIA OU COMUNIDADE;;EMPREGADOR/PATRÃO (HIERARQUICAMENTE SUPERIOR);PESSOA FÍSICA;MASCULINO;NÃO;45 A 49 ANOS;BR | BRASIL;;;;;NÃO;;NÃO;BR | BRASIL;DF;5300108 | BRASÍLIA;;;;PARDA;;;PESSOA JURÍDICA DE DIREITO PRIVADO;;;;BR | BRASIL;;;;;;;;BR | BRASIL;DF;5300108 | BRASÍLIA;;;;;;;;ALOJAMENTO E ALIMENTAÇÃO;;;LIBERDADE>DIREITOS INDIVIDUAIS>TRÁFICO DE PESSOAS - INTERNACIONAL
3E6D2BEBC0FA447E62B9DE8E03061DC85AD239A9794B87783B2071FBAA24521B;2025-04-28 21:49:13.220;TELEFÔNICO;NÃO;TERCEIRO;CASA ONDE RESIDE A VÍTIMA E O SUSPEITO;BR | BRASIL;SP;3550308 | SÃO PAULO;DIARIAMENTE;HÁ UMA SEMANA;1;VIOLÊNCIA CONTRA CRIANÇA OU ADOLESCENTE;;EMPREGADOR/PATRÃO (HIERARQUICAMENTE SUPERIOR);PESSOA FÍSICA;FEMININO;NÃO;15 ANOS;BR | BRASIL;;;;;NÃO;;NÃO;BR | BRASIL;SP;3550308 | SÃO PAULO;;;;BRANCA;;;PESSOA FÍSICA;FEMININO;NÃO;25 A 29 ANOS;BR | BRASIL;;;;;NÃO;;NÃO;BR | BRASIL;SP;3550308 | SÃO PAULO;OUTROS NÃO LISTADOS;;;BRANCA;;;;;;;LIBERDADE>DIREITOS INDIVIDUAIS>TRÁFICO DE CRIANÇAS - INTERNACIONAL
FD79DA17169B4C4C79A4C3D7A02A40067708D27FC42D73104F9AB9A6571C246E;2025-05-05 22:41:31.287;WHATSAPP;NÃO;TERCEIRO;CASA DA VÍTIMA;BR | BRASIL;SP;3554102 | TAUBATÉ;DIARIAMENTE;HÁ MAIS DE CINCO ANOS;1;VIOLÊNCIA CONTRA A MULHER;;NÃO SABE INFORMAR;PESSOA FÍSICA;FEMININO;NÃO;40 A 44 ANOS;BR | BRASIL;;;;;NÃO;;NÃO;BR | BRASIL;SP;3554102 | TAUBATÉ;;;;BRANCA;;;PESSOA FÍSICA;FEMININO;NÃO;45 A 49 ANOS;BR | BRASIL;;;;;NÃO;;NÃO INFORMADO;BR | BRASIL;DENUNCIANTE NÃO SOUBE INFORMAR;DENUNCIANTE NÃO SOUBE INFORMAR;NÃO SABE INFORMAR;;;BRANCA;;;;;;;LIBERDADE>DIREITOS INDIVIDUAIS>TRÁFICO DE MULHERES - NACIONAL
80CE76C76D42B1F797DCC3AFE407753DC852E49C1219E48E591E121F9D18FD42;2025-05-07 11:50:07.627;TELEFÔNICO;NÃO;TERCEIRO;AMBIENTE VIRTUAL (NO ÂMBITO DA INTERNET);BR | BRASIL;SP;3553708 | TAQUARITINGA;ÚNICA OCORRÊNCIA;NÃO SE APLICA;1;VIOLÊNCIA CONTRA CRIANÇA OU ADOLESCENTE;;OUTROS;COMUNIDADE/FAMÍLIA;;;03 ANOS;BR | BRASIL;;;;;;;;BR | BRASIL;DENUNCIANTE NÃO SOUBE INFORMAR;DENUNCIANTE NÃO SOUBE INFORMAR;;;;NÃO INFORMADO;;;PESSOA FÍSICA;FEMININO;NÃO;35 A 39 ANOS;BR | BRASIL;;;;;NÃO;;NÃO;BR | BRASIL;SP;3553708 | TAQUARITINGA;OUTROS NÃO LISTADOS;;;PRETA;;;;;;;LIBERDADE>DIREITOS INDIVIDUAIS>TRÁFICO DE CRIANÇAS - NACIONAL
5AE7C9F85F9267AE76A51770BDCF7F840831EE34B10BFEFECD9B27621A78AC83;2025-05-14 09:35:11.980;TELEFÔNICO;NÃO;TERCEIRO;CASA ONDE RESIDE A VÍTIMA E O SUSPEITO;BR | BRASIL;RJ;3306107 | VALENÇA;DIARIAMENTE;HÁ UMA SEMANA;2;VIOLÊNCIA CONTRA CRIANÇA OU ADOLESCENTE;;MÃE;PESSOA FÍSICA;FEMININO;;01 ANO;BR | BRASIL;;;;;NÃO;;;BR | BRASIL;RJ;3306107 | VALENÇA;;;;PARDA;;;PESSOA FÍSICA;FEMININO;NÃO;30 A 34 ANOS;BR | BRASIL;;;;;NÃO;;NÃO;BR | BRASIL;RJ;3306107 | VALENÇA;OUTROS NÃO LISTADOS;;;PARDA;;;;;;;LIBERDADE>DIREITOS INDIVIDUAIS>TRÁFICO DE CRIANÇAS - NACIONAL
CAD9DE0F8A434498331E8E5EB314EB25E111161AA2735C73854DF1F5C863D7CD;2025-05-14 09:35:11.980;TELEFÔNICO;NÃO;TERCEIRO;CASA ONDE RESIDE A VÍTIMA E O SUSPEITO;BR | BRASIL;RJ;3306107 | VALENÇA;DIARIAMENTE;HÁ UMA SEMANA;2;VIOLÊNCIA CONTRA CRIANÇA OU ADOLESCENTE;;MÃE;PESSOA FÍSICA;FEMININO;;MENOS DE 01 ANO;BR | BRASIL;;;;;NÃO;;;BR | BRASIL;RJ;3306107 | VALENÇA;;;;PARDA;;;PESSOA FÍSICA;FEMININO;NÃO;30 A 34 ANOS;BR | BRASIL;;;;;NÃO;;NÃO;BR | BRASIL;RJ;3306107 | VALENÇA;OUTROS NÃO LISTADOS;;;PARDA;;;;;;;LIBERDADE>DIREITOS INDIVIDUAIS>TRÁFICO DE CRIANÇAS - NACIONAL
2CF5370B53B32F54BFC377A0BDB88CBA7FDF13ADA01EB5EFF8EDFF59A259FE6B;2025-05-20 11:58:41.927;TELEFÔNICO;NÃO;TERCEIRO;CASA ONDE RESIDE A VÍTIMA E O SUSPEITO;BR | BRASIL;CE;2312403 | SÃO GONÇALO DO AMARANTE;DIARIAMENTE;HÁ MAIS DE UM ANO;1;VIOLÊNCIA CONTRA CRIANÇA OU ADOLESCENTE;;NÃO SE APLICA;PESSOA FÍSICA;MASCULINO;NÃO;01 ANO;BR | BRASIL;;;;;NÃO;;NÃO;BR | BRASIL;CE;2312403 | SÃO GONÇALO DO AMARANTE;;;;BRANCA;;;PESSOA FÍSICA;MASCULINO;NÃO;25 A 29 ANOS;BR | BRASIL;;;;;NÃO;;NÃO;BR | BRASIL;CE;2312403 | SÃO GONÇALO DO AMARANTE;OUTROS NÃO LISTADOS;;;PRETA;;;;;;;LIBERDADE>DIREITOS INDIVIDUAIS>TRÁFICO DE CRIANÇAS - NACIONAL
69314D305F36F319B113F8BDC11AF920DC8DAFFB7822A91A64DA03FB75FAC172;2025-05-20 11:58:41.927;TELEFÔNICO;NÃO;TERCEIRO;CASA ONDE RESIDE A VÍTIMA E O SUSPEITO;BR | BRASIL;CE;2312403 | SÃO GONÇALO DO AMARANTE;DIARIAMENTE;HÁ MAIS DE UM ANO;1;VIOLÊNCIA CONTRA CRIANÇA OU ADOLESCENTE;;NÃO SE APLICA;PESSOA FÍSICA;MASCULINO;NÃO;01 ANO;BR | BRASIL;;;;;NÃO;;NÃO;BR | BRASIL;CE;2312403 | SÃO GONÇALO DO AMARANTE;;;;BRANCA;;;PESSOA FÍSICA;FEMININO;NÃO;16 ANOS;BR | BRASIL;;;;;NÃO;;NÃO;BR | BRASIL;CE;2312403 | SÃO GONÇALO DO AMARANTE;OUTROS NÃO LISTADOS;;;BRANCA;;;;;;;LIBERDADE>DIREITOS INDIVIDUAIS>TRÁFICO DE CRIANÇAS - NACIONAL
0E5CA15584EE9BFCE42AC24D465656BA7129A11A4C9D25D92B592301DBD643B7;2025-05-23 20:16:11.077;WHATSAPP;NÃO;A PRÓPRIA VÍTIMA;OUTROS;MX | MÉXICO;;;DIARIAMENTE;HÁ UM MÊS;1;VIOLÊNCIA CONTRA CIDADÃO, FAMÍLIA OU COMUNIDADE;;DESCONHECIDO(A);PESSOA FÍSICA;MASCULINO;NÃO;20 A 24 ANOS;BR | BRASIL;;;;;NÃO;;NÃO;BR | BRASIL;MG;3139201 | MALACACHETA;;;;PRETA;;;PESSOA FÍSICA;MASCULINO;NÃO;NÃO INFORMADO;BR | BRASIL;;;;;NÃO;;NÃO INFORMADO;BR | BRASIL;DENUNCIANTE NÃO SOUBE INFORMAR;DENUNCIANTE NÃO SOUBE INFORMAR;OUTROS NÃO LISTADOS;;;;;;;;;;LIBERDADE>DIREITOS INDIVIDUAIS>TRÁFICO DE PESSOAS - INTERNACIONAL
55212BA9B2E1D1493531FC95D4DF647CCD7B1B2FB601D2AF6435EE1587242D9E;2025-05-29 11:54:45.613;TELEFÔNICO;RISCO IMINENTE DE MORTE DA VÍTIMA;TERCEIRO;CASA ONDE RESIDE A VÍTIMA E O SUSPEITO;BR | BRASIL;MG;3106200 | BELO HORIZONTE;DIARIAMENTE;HÁ MAIS DE UM ANO;1;VIOLÊNCIA CONTRA A MULHER;;OUTROS;PESSOA FÍSICA;FEMININO;NÃO;25 A 29 ANOS;BR | BRASIL;;;;;NÃO;;NÃO;BR | BRASIL;MG;3106200 | BELO HORIZONTE;;;;NÃO INFORMADO;;;PESSOA FÍSICA;FEMININO;BISSEXUAL;;BR | BRASIL;;;;;NÃO;;;BR | BRASIL;MG;3106200 | BELO HORIZONTE;ASSISTENTE ADMINISTRATIVO/AUXILIAR DE ESCRITÓRIO;;;;;;;;;;LIBERDADE>DIREITOS INDIVIDUAIS>TRÁFICO DE MULHERES - NACIONAL
F3ACF5B7CDBFC721B8A7858F07527559DD584CD0B9EBA1C74A1E77B3D4460B16;2025-05-29 14:24:58.140;TELEFÔNICO;NÃO;TERCEIRO;CASA ONDE RESIDE A VÍTIMA E O SUSPEITO;BR | BRASIL;DF;5300108 | BRASÍLIA;DIARIAMENTE;HÁ MAIS DE CINCO ANOS;1;VIOLÊNCIA CONTRA CRIANÇA OU ADOLESCENTE;;OUTROS;PESSOA FÍSICA;FEMININO;NÃO;09 ANOS;BR | BRASIL;;;;;NÃO;;NÃO;BR | BRASIL;DF;5300108 | BRASÍLIA;;;;BRANCA;;;PESSOA FÍSICA;MASCULINO;NÃO;50 A 54 ANOS;BR | BRASIL;;;;;NÃO;;NÃO;BR | BRASIL;DF;5300108 | BRASÍLIA;OUTROS NÃO LISTADOS;;;PARDA;;;;;;;LIBERDADE>DIREITOS INDIVIDUAIS>TRÁFICO DE CRIANÇAS - NACIONAL
E1426FAF161E44A97FA7AD821A5D39C2F81D2A279917C1115749F49E2953D799;2025-05-29 14:24:58.140;TELEFÔNICO;NÃO;TERCEIRO;CASA ONDE RESIDE A VÍTIMA E O SUSPEITO;BR | BRASIL;DF;5300108 | BRASÍLIA;DIARIAMENTE;HÁ MAIS DE CINCO ANOS;1;VIOLÊNCIA CONTRA CRIANÇA OU ADOLESCENTE;;OUTROS;PESSOA FÍSICA;FEMININO;NÃO;09 ANOS;BR | BRASIL;;;;;NÃO;;NÃO;BR | BRASIL;DF;5300108 | BRASÍLIA;;;;BRANCA;;;PESSOA FÍSICA;FEMININO;NÃO;45 A 49 ANOS;BR | BRASIL;;;;;NÃO;;NÃO;BR | BRASIL;DF;5300108 | BRASÍLIA;NÃO SABE INFORMAR;;;PRETA;;;;;;;LIBERDADE>DIREITOS INDIVIDUAIS>TRÁFICO DE CRIANÇAS - NACIONAL
2B7B3AB24B2DD84E5ED45B6E5F12C1277F2A1D056F30F3FF7D580CC9E861D506;2025-05-30 10:36:05.823;TELEFÔNICO;NÃO;TERCEIRO;CASA DO SUSPEITO;BR | BRASIL;SP;3549904 | SÃO JOSÉ DOS CAMPOS;DIARIAMENTE;NÃO SABE INFORMAR;1;VIOLÊNCIA CONTRA CIDADÃO, FAMÍLIA OU COMUNIDADE;;OUTROS;COMUNIDADE/FAMÍLIA;;;20 A 24 ANOS;BR | BRASIL;;;;;;;;BR | BRASIL;DENUNCIANTE NÃO SOUBE INFORMAR;DENUNCIANTE NÃO SOUBE INFORMAR;;;;NÃO INFORMADO;;;PESSOA FÍSICA;MASCULINO;NÃO;65 A 69 ANOS;BR | BRASIL;;;;;NÃO;;NÃO;BR | BRASIL;SP;3549904 | SÃO JOSÉ DOS CAMPOS;OUTROS NÃO LISTADOS;;;PRETA;;;;;;;LIBERDADE>DIREITOS INDIVIDUAIS>TRÁFICO DE CRIANÇAS - INTERNACIONAL
2B7B3AB24B2DD84E5ED45B6E5F12C1277F2A1D056F30F3FF7D580CC9E861D506;2025-05-30 10:36:05.823;TELEFÔNICO;NÃO;TERCEIRO;CASA DO SUSPEITO;BR | BRASIL;SP;3549904 | SÃO JOSÉ DOS CAMPOS;DIARIAMENTE;NÃO SABE INFORMAR;1;VIOLÊNCIA CONTRA CIDADÃO, FAMÍLIA OU COMUNIDADE;;OUTROS;COMUNIDADE/FAMÍLIA;;;20 A 24 ANOS;BR | BRASIL;;;;;;;;BR | BRASIL;DENUNCIANTE NÃO SOUBE INFORMAR;DENUNCIANTE NÃO SOUBE INFORMAR;;;;NÃO INFORMADO;;;PESSOA FÍSICA;MASCULINO;NÃO;65 A 69 ANOS;BR | BRASIL;;;;;NÃO;;NÃO;BR | BRASIL;SP;3549904 | SÃO JOSÉ DOS CAMPOS;OUTROS NÃO LISTADOS;;;PRETA;;;;;;;LIBERDADE>DIREITOS INDIVIDUAIS>TRÁFICO DE MULHERES - INTERNACIONAL
A19D03E240A323F1252463181C159F658F18CCCB3FD904F70B015932975B4A85;2025-05-30 10:36:05.823;TELEFÔNICO;NÃO;TERCEIRO;CASA DO SUSPEITO;BR | BRASIL;SP;3549904 | SÃO JOSÉ DOS CAMPOS;DIARIAMENTE;NÃO SABE INFORMAR;1;VIOLÊNCIA CONTRA CIDADÃO, FAMÍLIA OU COMUNIDADE;;OUTROS;COMUNIDADE/FAMÍLIA;;;20 A 24 ANOS;BR | BRASIL;;;;;;;;BR | BRASIL;DENUNCIANTE NÃO SOUBE INFORMAR;DENUNCIANTE NÃO SOUBE INFORMAR;;;;NÃO INFORMADO;;;PESSOA FÍSICA;FEMININO;NÃO;45 A 49 ANOS;BR | BRASIL;;;;;NÃO;;NÃO;BR | BRASIL;SP;3549904 | SÃO JOSÉ DOS CAMPOS;OUTROS NÃO LISTADOS;;;PRETA;;;;;;;LIBERDADE>DIREITOS INDIVIDUAIS>TRÁFICO DE CRIANÇAS - INTERNACIONAL
A19D03E240A323F1252463181C159F658F18CCCB3FD904F70B015932975B4A85;2025-05-30 10:36:05.823;TELEFÔNICO;NÃO;TERCEIRO;CASA DO SUSPEITO;BR | BRASIL;SP;3549904 | SÃO JOSÉ DOS CAMPOS;DIARIAMENTE;NÃO SABE INFORMAR;1;VIOLÊNCIA CONTRA CIDADÃO, FAMÍLIA OU COMUNIDADE;;OUTROS;COMUNIDADE/FAMÍLIA;;;20 A 24 ANOS;BR | BRASIL;;;;;;;;BR | BRASIL;DENUNCIANTE NÃO SOUBE INFORMAR;DENUNCIANTE NÃO SOUBE INFORMAR;;;;NÃO INFORMADO;;;PESSOA FÍSICA;FEMININO;NÃO;45 A 49 ANOS;BR | BRASIL;;;;;NÃO;;NÃO;BR | BRASIL;SP;3549904 | SÃO JOSÉ DOS CAMPOS;OUTROS NÃO LISTADOS;;;PRETA;;;;;;;LIBERDADE>DIREITOS INDIVIDUAIS>TRÁFICO DE MULHERES - INTERNACIONAL
F4B724A980CA19B4FE8BE31B438B2EBC10FA0EFA92E93441697526F9EEB19EAF;2025-06-02 17:59:29.407;TELEFÔNICO;NÃO;TERCEIRO;CASA DO SUSPEITO;BR | BRASIL;MG;3144805 | NOVA LIMA;DIARIAMENTE;HÁ UM MÊS;1;VIOLÊNCIA CONTRA CRIANÇA OU ADOLESCENTE;;NÃO SABE INFORMAR;COMUNIDADE/FAMÍLIA;;NÃO INFORMADO;CRIANÇA/ADOLESCENTE IDADE NÃO INFORMADA;BR | BRASIL;;;;;;;NÃO INFORMADO;BR | BRASIL;MG;3144805 | NOVA LIMA;;;;NÃO INFORMADO;;;PESSOA FÍSICA;FEMININO;NÃO;30 A 34 ANOS;BR | BRASIL;;;;;NÃO;;NÃO;BR | BRASIL;MG;3144805 | NOVA LIMA;NÃO SABE INFORMAR;;;PARDA;;;;;;;LIBERDADE>DIREITOS INDIVIDUAIS>TRÁFICO DE PESSOAS - NACIONAL
6C5F81568C9BC99D9FC7C465BE83B7F323B43E7DFE24B2CB0D7330571DC9B2C0;2025-06-02 17:59:29.407;TELEFÔNICO;NÃO;TERCEIRO;CASA DO SUSPEITO;BR | BRASIL;MG;3144805 | NOVA LIMA;DIARIAMENTE;HÁ UM MÊS;1;VIOLÊNCIA CONTRA CRIANÇA OU ADOLESCENTE;;NÃO SABE INFORMAR;COMUNIDADE/FAMÍLIA;;NÃO INFORMADO;CRIANÇA/ADOLESCENTE IDADE NÃO INFORMADA;BR | BRASIL;;;;;;;NÃO INFORMADO;BR | BRASIL;MG;3144805 | NOVA LIMA;;;;NÃO INFORMADO;;;PESSOA FÍSICA;FEMININO;NÃO;50 A 54 ANOS;BR | BRASIL;;;;;NÃO;;NÃO;BR | BRASIL;MG;3144805 | NOVA LIMA;NÃO SABE INFORMAR;;;PARDA;;;;;;;LIBERDADE>DIREITOS INDIVIDUAIS>TRÁFICO DE PESSOAS - NACIONAL
6D899A0D16BBEECD47C72D584002B206CFE1491B4C58AA4C05387C415AFB6FD4;2025-06-02 17:59:29.407;TELEFÔNICO;NÃO;TERCEIRO;CASA DO SUSPEITO;BR | BRASIL;MG;3144805 | NOVA LIMA;DIARIAMENTE;HÁ UM MÊS;1;VIOLÊNCIA CONTRA CRIANÇA OU ADOLESCENTE;;NÃO SABE INFORMAR;COMUNIDADE/FAMÍLIA;;NÃO INFORMADO;CRIANÇA/ADOLESCENTE IDADE NÃO INFORMADA;BR | BRASIL;;;;;;;NÃO INFORMADO;BR | BRASIL;MG;3144805 | NOVA LIMA;;;;NÃO INFORMADO;;;PESSOA FÍSICA;MASCULINO;NÃO;50 A 54 ANOS;BR | BRASIL;;;;;NÃO;;NÃO;BR | BRASIL;MG;3144805 | NOVA LIMA;NÃO SABE INFORMAR;;;PARDA;;;;;;;LIBERDADE>DIREITOS INDIVIDUAIS>TRÁFICO DE PESSOAS - NACIONAL
885E17F4FAF694C33B261DFCB45CB39EE854DB2131D558ABA58E4B0A2BBFAB60;2025-06-03 09:25:09.500;TELEFÔNICO;NÃO;TERCEIRO;CASA ONDE RESIDE A VÍTIMA E O SUSPEITO;BR | BRASIL;RJ;3304557 | RIO DE JANEIRO;NÃO SABE INFORMAR;NÃO SABE INFORMAR;1;VIOLÊNCIA CONTRA A MULHER;;DESCONHECIDO(A);PESSOA FÍSICA;FEMININO;NÃO;20 A 24 ANOS;BR | BRASIL;;;;;NÃO;;NÃO;BR | BRASIL;RJ;3304557 | RIO DE JANEIRO;;;;PARDA;;;PESSOA FÍSICA;MASCULINO;NÃO;45 A 49 ANOS;BR | BRASIL;;;;;NÃO;;NÃO;BR | BRASIL;RJ;3304557 | RIO DE JANEIRO;NÃO SABE INFORMAR;;;BRANCA;;;;;;;LIBERDADE>DIREITOS INDIVIDUAIS>TRÁFICO DE MULHERES - INTERNACIONAL
2EAB2D84062EB93C2ADCE877F2287446F17F99CF6E243B6E5A1BC961AD2C1C13;2025-06-04 01:43:09.890;TELEFÔNICO;NÃO;TERCEIRO;AMBIENTE VIRTUAL (NO ÂMBITO DA INTERNET);BR | BRASIL;DENUNCIANTE NÃO SOUBE INFORMAR;DENUNCIANTE NÃO SOUBE INFORMAR;DIARIAMENTE;HÁ MAIS DE UM ANO;1;VIOLÊNCIA CONTRA A MULHER;OUTRO(S) ELEMENTO(S);OUTROS;PESSOA FÍSICA;FEMININO;NÃO;30 A 34 ANOS;BR | BRASIL;;;;NÃO;NÃO;;NÃO;BR | BRASIL;DENUNCIANTE NÃO SOUBE INFORMAR;DENUNCIANTE NÃO SOUBE INFORMAR;;;;NÃO INFORMADO;;;PESSOA JURÍDICA DE DIREITO PRIVADO;;;;BR | BRASIL;;;;;;;;BR | BRASIL;DENUNCIANTE NÃO SOUBE INFORMAR;DENUNCIANTE NÃO SOUBE INFORMAR;;;;;;;;OUTRAS ATIVIDADES DE SERVIÇOS;;;LIBERDADE>DIREITOS INDIVIDUAIS>TRÁFICO DE MULHERES - INTERNACIONAL
2EAB2D84062EB93C2ADCE877F2287446F17F99CF6E243B6E5A1BC961AD2C1C13;2025-06-04 01:43:09.890;TELEFÔNICO;NÃO;TERCEIRO;AMBIENTE VIRTUAL (NO ÂMBITO DA INTERNET);BR | BRASIL;DENUNCIANTE NÃO SOUBE INFORMAR;DENUNCIANTE NÃO SOUBE INFORMAR;DIARIAMENTE;HÁ MAIS DE UM ANO;1;VIOLÊNCIA CONTRA A MULHER;;OUTROS;PESSOA FÍSICA;FEMININO;NÃO;30 A 34 ANOS;BR | BRASIL;;;;;NÃO;;NÃO;BR | BRASIL;DENUNCIANTE NÃO SOUBE INFORMAR;DENUNCIANTE NÃO SOUBE INFORMAR;;;;NÃO INFORMADO;;;PESSOA JURÍDICA DE DIREITO PRIVADO;;;;BR | BRASIL;;;;;;;;BR | BRASIL;DENUNCIANTE NÃO SOUBE INFORMAR;DENUNCIANTE NÃO SOUBE INFORMAR;;;;;;;;OUTRAS ATIVIDADES DE SERVIÇOS;;;LIBERDADE>DIREITOS INDIVIDUAIS>TRÁFICO DE PESSOAS - INTERNACIONAL
DAAAB464003EC5AB8F434A578FC93DFD56DEAD8E7F808280F60276B3117F886D;2025-06-11 13:56:36.663;TELEFÔNICO;NÃO;TERCEIRO;OUTROS;BE | BÉLGICA;DENUNCIANTE NÃO SOUBE INFORMAR;DENUNCIANTE NÃO SOUBE INFORMAR;DIARIAMENTE;NÃO SE APLICA;1;VIOLÊNCIA CONTRA CIDADÃO, FAMÍLIA OU COMUNIDADE;;OUTROS;COMUNIDADE/FAMÍLIA;;;35 A 39 ANOS;BR | BRASIL;;;;;;;;BE | BÉLGICA;DENUNCIANTE NÃO SOUBE INFORMAR;DENUNCIANTE NÃO SOUBE INFORMAR;;;;NÃO INFORMADO;;;PESSOA FÍSICA;MASCULINO;NÃO;40 A 44 ANOS;BR | BRASIL;;;;;NÃO;;NÃO;BE | BÉLGICA;;;OUTROS NÃO LISTADOS;;;BRANCA;;;;;;;LIBERDADE>DIREITOS INDIVIDUAIS>TRÁFICO DE MULHERES - INTERNACIONAL
74AA72759C8EDEEBCF07F3501007D88A6B3885AB25563E6974EC1566D765B7A6;2025-06-11 13:56:36.663;TELEFÔNICO;NÃO;TERCEIRO;OUTROS;BE | BÉLGICA;DENUNCIANTE NÃO SOUBE INFORMAR;DENUNCIANTE NÃO SOUBE INFORMAR;DIARIAMENTE;NÃO SE APLICA;1;VIOLÊNCIA CONTRA CIDADÃO, FAMÍLIA OU COMUNIDADE;;OUTROS;COMUNIDADE/FAMÍLIA;;;35 A 39 ANOS;BR | BRASIL;;;;;;;;BE | BÉLGICA;DENUNCIANTE NÃO SOUBE INFORMAR;DENUNCIANTE NÃO SOUBE INFORMAR;;;;NÃO INFORMADO;;;PESSOA FÍSICA;FEMININO;NÃO;;BR | BRASIL;;;;;NÃO;;;BR | BRASIL;CE;2304400 | FORTALEZA;OUTROS NÃO LISTADOS;;;;;;;;;;LIBERDADE>DIREITOS INDIVIDUAIS>TRÁFICO DE MULHERES - INTERNACIONAL
0AECF7410F32F793CB2022DBA82C3C5DAE398E45253EE30163989014CCC9C703;2025-06-12 10:26:26.103;E-MAIL;NÃO;TERCEIRO;AMBIENTE VIRTUAL (NO ÂMBITO DA INTERNET);BR | BRASIL;PB;2503704 | CAJAZEIRAS;DIARIAMENTE;HÁ MAIS DE UM ANO;1;VIOLÊNCIA CONTRA CRIANÇA OU ADOLESCENTE;;OUTROS;COMUNIDADE/FAMÍLIA;;;11 ANOS;BR | BRASIL;;;;;;;;BR | BRASIL;PB;2503704 | CAJAZEIRAS;;;;NÃO INFORMADO;;;PESSOA FÍSICA;MASCULINO;NÃO;;BR | BRASIL;;;;;NÃO;;;BR | BRASIL;PB;2503704 | CAJAZEIRAS;INFLUENCIADOR DIGITAL;;;;;;;;;;LIBERDADE>DIREITOS INDIVIDUAIS>TRÁFICO DE CRIANÇAS - NACIONAL
5D5FB3B968975392B5E2A25A3BF70464287B450A65C6FD255753FBEB3B3031C9;2025-06-16 17:15:57.127;TELEFÔNICO;NÃO;TERCEIRO;OUTROS;BR | BRASIL;RS;4305173 | CERRO GRANDE DO SUL;OCASIONALMENTE;HÁ MAIS DE SEIS MESES;1;VIOLÊNCIA CONTRA CRIANÇA OU ADOLESCENTE;;OUTROS;COMUNIDADE/FAMÍLIA;;;CRIANÇA/ADOLESCENTE IDADE NÃO INFORMADA;BR | BRASIL;;;;;;;;BR | BRASIL;RS;4305173 | CERRO GRANDE DO SUL;;;;;;;ÓRGÃO PÚBLICO;;;;BR | BRASIL;;;;;;;;BR | BRASIL;RS;4305173 | CERRO GRANDE DO SUL;;;;;;;;PODER EXECUTIVO EM GERAL - MUNICIPAL;;;LIBERDADE>DIREITOS INDIVIDUAIS>TRÁFICO DE CRIANÇAS - NACIONAL
8D614AD95BA748380C3A54BD49D2F5DEEF0B301BF258EB93CA423B37416F6F8A;2025-06-16 17:15:57.127;TELEFÔNICO;NÃO;TERCEIRO;OUTROS;BR | BRASIL;RS;4305173 | CERRO GRANDE DO SUL;OCASIONALMENTE;HÁ MAIS DE SEIS MESES;1;VIOLÊNCIA CONTRA CRIANÇA OU ADOLESCENTE;;OUTROS;COMUNIDADE/FAMÍLIA;;;CRIANÇA/ADOLESCENTE IDADE NÃO INFORMADA;BR | BRASIL;;;;;;;;BR | BRASIL;RS;4305173 | CERRO GRANDE DO SUL;;;;;;;ÓRGÃO PÚBLICO;;;;BR | BRASIL;;;;;;;;BR | BRASIL;RS;4305173 | CERRO GRANDE DO SUL;;;;;;;;PODER EXECUTIVO EM GERAL - MUNICIPAL;;;LIBERDADE>DIREITOS INDIVIDUAIS>TRÁFICO DE CRIANÇAS - NACIONAL
B3FE07DAC2C08CB32E96F4E5E7CFC3C5725A6F5069D6DDB8517864BE7D4C62A8;2025-06-18 19:36:53.267;TELEFÔNICO;NÃO;TERCEIRO;OUTROS;BR | BRASIL;SP;3515004 | EMBU DAS ARTES;DIARIAMENTE;HÁ UM MÊS;1;VIOLÊNCIA CONTRA CRIANÇA OU ADOLESCENTE;;DESCONHECIDO(A);COMUNIDADE/FAMÍLIA;;;16 ANOS;BR | BRASIL;;;;;;;NÃO;BR | BRASIL;SP;3515004 | EMBU DAS ARTES;;;;NÃO INFORMADO;;;PESSOA FÍSICA;MASCULINO;NÃO;35 A 39 ANOS;BR | BRASIL;;;;;NÃO;;NÃO INFORMADO;BR | BRASIL;SP;3550308 | SÃO PAULO;ADMINISTRADOR;;;PARDA;;;;;;;LIBERDADE>DIREITOS INDIVIDUAIS>TRÁFICO DE CRIANÇAS - NACIONAL
43AE6846843F1E84A30E2CAFC13591D651AF04F42FBA4A3F96DB05AE82DACEDF;2025-06-18 19:36:53.267;TELEFÔNICO;NÃO;TERCEIRO;OUTROS;BR | BRASIL;SP;3515004 | EMBU DAS ARTES;DIARIAMENTE;HÁ UM MÊS;1;VIOLÊNCIA CONTRA CRIANÇA OU ADOLESCENTE;;DESCONHECIDO(A);COMUNIDADE/FAMÍLIA;;;16 ANOS;BR | BRASIL;;;;;;;NÃO;BR | BRASIL;SP;3515004 | EMBU DAS ARTES;;;;NÃO INFORMADO;;;PESSOA FÍSICA;MASCULINO;NÃO;35 A 39 ANOS;BR | BRASIL;;;;;NÃO;;NÃO INFORMADO;BR | BRASIL;SP;3515004 | EMBU DAS ARTES;ADMINISTRADOR;;;PRETA;;;;;;;LIBERDADE>DIREITOS INDIVIDUAIS>TRÁFICO DE CRIANÇAS - NACIONAL
837FDF64E5D16DE2B323E44A058A5A89E18FFBE10B6934750FACFFAE604C8625;2025-06-18 20:58:30.973;TELEFÔNICO;NÃO;TERCEIRO;CASA DO SUSPEITO;BR | BRASIL;MG;3127701 | GOVERNADOR VALADARES;NÃO SABE INFORMAR;HÁ MAIS DE CINCO ANOS;1;VIOLÊNCIA CONTRA A MULHER;;OUTROS;PESSOA FÍSICA;FEMININO;NÃO;20 A 24 ANOS;BR | BRASIL;;;;;NÃO;;NÃO;BR | BRASIL;MG;3127701 | GOVERNADOR VALADARES;;;;PARDA;;;PESSOA FÍSICA;FEMININO;NÃO;;BR | BRASIL;;;;;NÃO;;;BR | BRASIL;MG;3127701 | GOVERNADOR VALADARES;;;;;;;;;;;LIBERDADE>DIREITOS INDIVIDUAIS>TRÁFICO DE MULHERES - INTERNACIONAL
837FDF64E5D16DE2B323E44A058A5A89E18FFBE10B6934750FACFFAE604C8625;2025-06-18 20:58:30.973;TELEFÔNICO;NÃO;TERCEIRO;CASA DO SUSPEITO;BR | BRASIL;MG;3127701 | GOVERNADOR VALADARES;NÃO SABE INFORMAR;HÁ MAIS DE CINCO ANOS;1;VIOLÊNCIA CONTRA PESSOA COM DEFICIÊNCIA;;OUTROS;PESSOA FÍSICA;FEMININO;NÃO;20 A 24 ANOS;BR | BRASIL;;;;;NÃO;;NÃO;BR | BRASIL;MG;3127701 | GOVERNADOR VALADARES;;;;PARDA;;;PESSOA FÍSICA;FEMININO;NÃO;;BR | BRASIL;;;;;NÃO;;;BR | BRASIL;MG;3127701 | GOVERNADOR VALADARES;;;;;;;;;;;LIBERDADE>DIREITOS INDIVIDUAIS>TRÁFICO DE MULHERES - INTERNACIONAL
4F6873AFF79A7481628A10CECBFBBE389DF8C44C3257ABA2753B98F19BAB951E;2025-06-20 22:00:03.410;WHATSAPP;NÃO;TERCEIRO;CASA DO SUSPEITO;BR | BRASIL;SP;3509700 | CAMPOS DO JORDÃO;NÃO SABE INFORMAR;HÁ MAIS DE UM ANO;1;VIOLÊNCIA CONTRA CIDADÃO, FAMÍLIA OU COMUNIDADE;;OUTROS;COMUNIDADE/FAMÍLIA;;NÃO INFORMADO;20 A 24 ANOS;BR | BRASIL;;;;;;;;BR | BRASIL;DENUNCIANTE NÃO SOUBE INFORMAR;DENUNCIANTE NÃO SOUBE INFORMAR;;;;NÃO INFORMADO;;;PESSOA FÍSICA;MASCULINO;NÃO INFORMADO;25 A 29 ANOS;BR | BRASIL;;;;;NÃO;;NÃO INFORMADO;BR | BRASIL;SP;3509700 | CAMPOS DO JORDÃO;;;;;;;;;;;LIBERDADE>DIREITOS INDIVIDUAIS>TRÁFICO DE PESSOAS - INTERNACIONAL
A36D3348D21398C3EBD0C3CBB82FEFA4C94224BF15F12FCFD5053C9C9F09C1E3;2025-06-20 22:00:03.410;WHATSAPP;NÃO;TERCEIRO;CASA DO SUSPEITO;BR | BRASIL;SP;3509700 | CAMPOS DO JORDÃO;NÃO SABE INFORMAR;HÁ MAIS DE UM ANO;1;VIOLÊNCIA CONTRA CIDADÃO, FAMÍLIA OU COMUNIDADE;;OUTROS;COMUNIDADE/FAMÍLIA;;NÃO INFORMADO;20 A 24 ANOS;BR | BRASIL;;;;;;;;BR | BRASIL;DENUNCIANTE NÃO SOUBE INFORMAR;DENUNCIANTE NÃO SOUBE INFORMAR;;;;NÃO INFORMADO;;;PESSOA FÍSICA;MASCULINO;NÃO;25 A 29 ANOS;BR | BRASIL;;;;;NÃO;;NÃO INFORMADO;BR | BRASIL;SP;3509700 | CAMPOS DO JORDÃO;;;;;;;;;;;LIBERDADE>DIREITOS INDIVIDUAIS>TRÁFICO DE PESSOAS - INTERNACIONAL
3A314A2D5F11FEB3AD54FB6BF3F7B7EB42795D5FAAB671270DE3A552EDC2AEA6;2025-06-22 08:46:58.517;TELEFÔNICO;NÃO;TERCEIRO;ÓRGÃOS PÚBLICOS;BR | BRASIL;PR;4109807 | IBIPORÃ;DIARIAMENTE;HÁ MAIS DE SEIS MESES;1;VIOLÊNCIA CONTRA CRIANÇA OU ADOLESCENTE;;DIRETOR/GESTOR DE INSTITUIÇÃO;PESSOA FÍSICA;NÃO INFORMADO;NÃO;CRIANÇA/ADOLESCENTE IDADE NÃO INFORMADA;BR | BRASIL;;;;;NÃO;;NÃO;BR | BRASIL;PR;4109807 | IBIPORÃ;;;;NÃO INFORMADO;;;ÓRGÃO PÚBLICO;;;;BR | BRASIL;;;;;;;;BR | BRASIL;PR;4109807 | IBIPORÃ;;;;;;;;PODER EXECUTIVO EM GERAL - MUNICIPAL;;;LIBERDADE>DIREITOS INDIVIDUAIS>TRÁFICO DE CRIANÇAS - INTERNACIONAL
BFF7926A390CAF399CED2402D1C1B9B2F488D6E9E45FDE0E8D23CC6CD08449BA;2025-06-25 19:03:51.690;WHATSAPP;NÃO;TERCEIRO;OUTROS;BR | BRASIL;RR;1400100 | BOA VISTA;ÚNICA OCORRÊNCIA;NÃO SE APLICA;1;VIOLÊNCIA CONTRA CIDADÃO, FAMÍLIA OU COMUNIDADE;OUTRO(S) ELEMENTO(S);DESCONHECIDO(A);COMUNIDADE/FAMÍLIA;;;40 A 44 ANOS;BR | BRASIL;;;;NÃO;;;;BR | BRASIL;RR;1400100 | BOA VISTA;;;;NÃO INFORMADO;;;PESSOA FÍSICA;MASCULINO;NÃO;;BR | BRASIL;;;;NÃO;NÃO;;;BR | BRASIL;RR;1400100 | BOA VISTA;OUTROS NÃO LISTADOS;;;;;;;;;;LIBERDADE>DIREITOS INDIVIDUAIS>TRÁFICO DE PESSOAS - INTERNACIONAL
943E1744190B6573BB4F79FFEE499A38A4ED593A5BA0B8FC7AE31C2031681FB3;2025-06-25 19:03:51.690;WHATSAPP;NÃO;TERCEIRO;OUTROS;BR | BRASIL;RR;1400100 | BOA VISTA;ÚNICA OCORRÊNCIA;NÃO SE APLICA;1;VIOLÊNCIA CONTRA CIDADÃO, FAMÍLIA OU COMUNIDADE;OUTRO(S) ELEMENTO(S);DESCONHECIDO(A);COMUNIDADE/FAMÍLIA;;;40 A 44 ANOS;BR | BRASIL;;;;NÃO;;;;BR | BRASIL;RR;1400100 | BOA VISTA;;;;NÃO INFORMADO;;;PESSOA FÍSICA;MASCULINO;NÃO;;BR | BRASIL;;;;NÃO;NÃO;;;BR | BRASIL;RR;1400100 | BOA VISTA;OUTROS NÃO LISTADOS;;;;;;;;;;LIBERDADE>DIREITOS INDIVIDUAIS>TRÁFICO DE PESSOAS - INTERNACIONAL
943E1744190B6573BB4F79FFEE499A38A4ED593A5BA0B8FC7AE31C2031681FB3;2025-06-25 19:03:51.690;WHATSAPP;NÃO;TERCEIRO;OUTROS;BR | BRASIL;RR;1400100 | BOA VISTA;ÚNICA OCORRÊNCIA;NÃO SE APLICA;1;VIOLÊNCIA CONTRA CIDADÃO, FAMÍLIA OU COMUNIDADE;;DESCONHECIDO(A);COMUNIDADE/FAMÍLIA;;;40 A 44 ANOS;BR | BRASIL;;;;;;;;BR | BRASIL;RR;1400100 | BOA VISTA;;;;NÃO INFORMADO;;;PESSOA FÍSICA;MASCULINO;NÃO;;BR | BRASIL;;;;;NÃO;;;BR | BRASIL;RR;1400100 | BOA VISTA;OUTROS NÃO LISTADOS;;;;;;;;;;LIBERDADE>DIREITOS INDIVIDUAIS>TRÁFICO DE PESSOAS - NACIONAL
BFF7926A390CAF399CED2402D1C1B9B2F488D6E9E45FDE0E8D23CC6CD08449BA;2025-06-25 19:03:51.690;WHATSAPP;NÃO;TERCEIRO;OUTROS;BR | BRASIL;RR;1400100 | BOA VISTA;ÚNICA OCORRÊNCIA;NÃO SE APLICA;1;VIOLÊNCIA CONTRA CIDADÃO, FAMÍLIA OU COMUNIDADE;;DESCONHECIDO(A);COMUNIDADE/FAMÍLIA;;;40 A 44 ANOS;BR | BRASIL;;;;;;;;BR | BRASIL;RR;1400100 | BOA VISTA;;;;NÃO INFORMADO;;;PESSOA FÍSICA;MASCULINO;NÃO;;BR | BRASIL;;;;;NÃO;;;BR | BRASIL;RR;1400100 | BOA VISTA;OUTROS NÃO LISTADOS;;;;;;;;;;LIBERDADE>DIREITOS INDIVIDUAIS>TRÁFICO DE PESSOAS - NACIONAL
