hash;data_de_cadastro;canal_de_atendimento;denuncia_emergencial;denunciante;cenario_da_violacao;pais;uf;municipio;frequencia;inicio_das_violacoes;sl_quantidade_vitimas;grupo_vulneravel;motivacao;relacao_vitima_suspeito;sl_vitima_cadastro;genero_da_vitima;orientacao_sexual_da_vitima;faixa_etaria_da_vitima;nacionalidade_da_vitima;sl_vitima_naturalidade;sl_vitima_naturalizado_uf;sl_vitima_naturalizado_municipio;deficiencia_da_vitima;doenca_rara_da_vitima;deficiencia_relacionada_a_doenca_rara;vitima_preso_a;pais_da_vitima;uf_da_vitima;municipio_da_vitima;profissao_da_vitima;grau_de_instrucao_da_vitima;religiao_da_vitima;raca_cor_da_vitima;etnia_da_vitima;faixa_de_renda_da_vitima;natureza_juridica_do_suspeito;genero_do_suspeito;orientacao_sexual_do_suspeito;faixa_etaria_do_suspeito;suspeito_nacionalidade;sl_suspeito_naturalidade;sl_suspeito_naturalizado_uf;sl_suspeito_naturalizado_municipio;deficiencia_do_suspeito;doenca_rara_do_suspeito;deficiencia_relacionada_a_doenca_rara_suspeito;suspeito_preso;pais_do_suspeito;uf_do_suspeito;sl_suspeito_municipio;profissao_do_suspeito;grau_de_instrucao_do_suspeito;religiao_do_suspeito;raca_cor_do_suspeito;suspeito_etnia;faixa_de_renda_do_suspeito;vinculo_orgao_pj_do_suspeito;sl_suspeito_ramo;suspeito_especificacao_etnia;vitima_especificacao_etnia;violacao
005929E4587AF2DA96A76E5590A542467A1E397D0FAAEEDE13ABF1ADC110883B;2023-03-18 19:22:56.520;TELEFÔNICO;NÃO;TERCEIRO;CASA DO SUSPEITO;BR | BRASIL;SP;353060 | MOGI DAS CRUZES;DIARIAMENTE;HÁ MAIS DE DEZ ANOS;1;VIOLÊNCIA CONTRA CRIANÇA OU ADOLESCENTE;MOTIVAÇÃO.EM RAZÃO DA IDADE;NÃO SABE INFORMAR;PESSOA FÍSICA;FEMININO;;09 ANOS;BR | BRASIL;;;;;NÃO;;;BR | BRASIL;BA;290405 | BONITO;;;;NÃO INFORMADO;;;PESSOA FÍSICA;FEMININO;NÃO;30 A 34 ANOS;BR | BRASIL;;;;;NÃO;;NÃO;BR | BRASIL;SP;353060 | MOGI DAS CRUZES;NÃO SABE INFORMAR;;;PARDA;;;;;;;LIBERDADE>DIREITOS INDIVIDUAIS>TRÁFICO DE PESSOAS - NACIONAL
05822FC45CD6407EF013E58AC96E9686E658E241B6F05AF76BEB4A455A65D09A;2023-01-06 12:17:46.953;TELEFÔNICO;NÃO;TERCEIRO;CASA DE TERCEIRO;BR | BRASIL;CE;230440 | FORTALEZA;DIARIAMENTE;HÁ UM MÊS;1;VIOLÊNCIA CONTRA CRIANÇA OU ADOLESCENTE;AGRAVANTE.FOI PRATICADO POR DUAS OU MAIS PESSOAS;OUTROS;PESSOA FÍSICA;FEMININO;NÃO;15 ANOS;BR | BRASIL;;;;NÃO;NÃO;;NÃO INFORMADO;BR | BRASIL;CE;230440 | FORTALEZA;;;;PARDA;;;PESSOA FÍSICA;FEMININO;NÃO;50 A 54 ANOS;BR | BRASIL;;;;NÃO;NÃO;;NÃO INFORMADO;BR | BRASIL;PE;261160 | RECIFE;PROFESSOR DO ENSINO FUNDAMENTAL;;;PARDA;;;;;;;LIBERDADE>DIREITOS INDIVIDUAIS>TRÁFICO DE PESSOAS - INTERNACIONAL
0859CFD9ABC21AF2AC7C35B8C936EB29E2310D3AFAE8D2E53C0C058EEED32DC2;2023-03-28 14:43:23.797;TELEFÔNICO;NÃO;TERCEIRO;OUTROS;BR | BRASIL;PR;410690 | CURITIBA;DIARIAMENTE;HÁ MAIS DE UM ANO;1;VIOLÊNCIA CONTRA CIDADÃO, FAMÍLIA OU COMUNIDADE;AGRAVANTE.POR CONDUTAS EXCESSIVAS/DESNECESSÁRIAS/DESACONSELHADAS;OUTROS;COMUNIDADE/FAMÍLIA;NÃO SE APLICA - VÍTIMA COMUNIDADE/FAMÍLIA;NÃO INFORMADO;NÃO INFORMADO;BR | BRASIL;;;;;NÃO;;NÃO;BR | BRASIL;PR;410690 | CURITIBA;OUTROS NÃO LISTADOS;SUPERIOR COMPLETO;;NÃO INFORMADO;;;COMUNIDADE/FAMÍLIA;;;;BR | BRASIL;;;;;;;;BR | BRASIL;PR;410690 | CURITIBA;;;NÃO SABE;;DEMAIS COMUNIDADES TRADICIONAIS;;;;;OUTROS;LIBERDADE>DIREITOS INDIVIDUAIS>TRÁFICO DE PESSOAS - INTERNACIONAL
0859CFD9ABC21AF2AC7C35B8C936EB29E2310D3AFAE8D2E53C0C058EEED32DC2;2023-03-28 14:43:23.797;TELEFÔNICO;NÃO;TERCEIRO;OUTROS;BR | BRASIL;PR;410690 | CURITIBA;DIARIAMENTE;HÁ MAIS DE UM ANO;1;VIOLÊNCIA CONTRA CIDADÃO, FAMÍLIA OU COMUNIDADE;AGRAVANTE.POR MOTIVO VIL, TORPE, INSIDIOSO, CRUEL, À TRAIÇÃO, OU POR DINHEIRO;OUTROS;COMUNIDADE/FAMÍLIA;NÃO SE APLICA - VÍTIMA COMUNIDADE/FAMÍLIA;NÃO INFORMADO;NÃO INFORMADO;BR | BRASIL;;;;;NÃO;;NÃO;BR | BRASIL;PR;410690 | CURITIBA;OUTROS NÃO LISTADOS;SUPERIOR COMPLETO;;NÃO INFORMADO;;;COMUNIDADE/FAMÍLIA;;;;BR | BRASIL;;;;;;;;BR | BRASIL;PR;410690 | CURITIBA;;;NÃO SABE;;DEMAIS COMUNIDADES TRADICIONAIS;;;;;OUTROS;LIBERDADE>DIREITOS INDIVIDUAIS>TRÁFICO DE PESSOAS - NACIONAL
0AE247FE3901D8828B146844CFACD2713A1D5F06671BDBF9AC5B1113D6AC7504;2023-03-18 19:22:56.520;TELEFÔNICO;NÃO;TERCEIRO;CASA ONDE RESIDE A VÍTIMA E O SUSPEITO;BR | BRASIL;SP;353060 | MOGI DAS CRUZES;DIARIAMENTE;HÁ MAIS DE DEZ ANOS;1;VIOLÊNCIA CONTRA CRIANÇA OU ADOLESCENTE;MOTIVAÇÃO.EM RAZÃO DA IDADE;NÃO SABE INFORMAR;PESSOA FÍSICA;FEMININO;NÃO;09 ANOS;BR | BRASIL;;;;;NÃO;;;BR | BRASIL;SP;353060 | MOGI DAS CRUZES;;;;PARDA;;;PESSOA FÍSICA;FEMININO;NÃO;60 A 64 ANOS;BR | BRASIL;;;;;NÃO;;NÃO;BR | BRASIL;SP;353060 | MOGI DAS CRUZES;NÃO SABE INFORMAR;;;;;;;;;;LIBERDADE>DIREITOS INDIVIDUAIS>TRÁFICO DE PESSOAS - NACIONAL
15CA0E7AFF46B06F8A2F7EF651F197A36BE3BE356BA0099D2E302636F7620D45;2023-03-01 21:36:32.900;TELEFÔNICO;NÃO;TERCEIRO;MANICÔMIO/HOSPITAL PSIQUIÁTRICO/CASA DE SAÚDE MENTAL;BR | BRASIL;BA;291080 | FEIRA DE SANTANA;NÃO SABE INFORMAR;HÁ MAIS DE CINCO ANOS;1;VIOLÊNCIA CONTRA CIDADÃO, FAMÍLIA OU COMUNIDADE;;OUTROS;COMUNIDADE/FAMÍLIA;NÃO SE APLICA - VÍTIMA COMUNIDADE/FAMÍLIA;NÃO;30 A 34 ANOS;BR | BRASIL;;;;;NÃO;;NÃO;BR | BRASIL;BA;291080 | FEIRA DE SANTANA;;;;PRETA;;;COMUNIDADE/FAMÍLIA;;;;BR | BRASIL;;;;;;;;BR | BRASIL;BA;291080 | FEIRA DE SANTANA;;;NÃO SABE;;;;;;;;LIBERDADE>DIREITOS INDIVIDUAIS>TRÁFICO DE PESSOAS - INTERNACIONAL
16190F3A785AF8B94BF799C414534E18A618D8039C03C3FD5097AC2343322180;2023-05-20 10:42:39.420;TELEFÔNICO;NÃO;TERCEIRO;LOCAL DE TRABALHO DO AGRESSOR;BR | BRASIL;MG;311340 | CARATINGA;DIARIAMENTE;HÁ MAIS DE UM ANO;2;VIOLÊNCIA CONTRA CRIANÇA OU ADOLESCENTE;AGRAVANTE.POR CONDUTAS EXCESSIVAS/DESNECESSÁRIAS/DESACONSELHADAS;OUTROS;COMUNIDADE/FAMÍLIA;NÃO SE APLICA - VÍTIMA COMUNIDADE/FAMÍLIA;NÃO INFORMADO;30 A 34 ANOS;BR | BRASIL;;;;;NÃO;;NÃO;BR | BRASIL;MG;311340 | CARATINGA;;;;NÃO INFORMADO;;;PESSOA FÍSICA;MASCULINO;NÃO;20 A 24 ANOS;BR | BRASIL;;;;NÃO;NÃO;;NÃO;BR | BRASIL;MG;311340 | CARATINGA;OUTROS NÃO LISTADOS;;;AMARELA;;;;;;;LIBERDADE>DIREITOS INDIVIDUAIS>TRÁFICO DE PESSOAS - INTERNACIONAL
14B1891494733CE1F60244A8466A7047B9BC1A9AF2A94305C39B90AA17AF7425;2023-03-23 11:49:06.580;TELEFÔNICO;NÃO;TERCEIRO;CASA ONDE RESIDE A VÍTIMA E O SUSPEITO;BR | BRASIL;RS;431690 | SANTA MARIA;DIARIAMENTE;HÁ UM MÊS;1;VIOLÊNCIA CONTRA CRIANÇA OU ADOLESCENTE;AGRAVANTE.NA RELAÇÃO FAMILIAR;MÃE;PESSOA FÍSICA;FEMININO;NÃO;MENOS DE 01 ANO;BR | BRASIL;;;;;NÃO;;;BR | BRASIL;RS;431690 | SANTA MARIA;;;;PARDA;;;PESSOA FÍSICA;FEMININO;NÃO;35 A 39 ANOS;GW | GUINÉ-BISSAU;;;;NÃO;NÃO;;NÃO INFORMADO;BR | BRASIL;RS;431690 | SANTA MARIA;ESTUDANTE;;;PRETA;;;;;;;LIBERDADE>DIREITOS INDIVIDUAIS>TRÁFICO DE PESSOAS - INTERNACIONAL
16190F3A785AF8B94BF799C414534E18A618D8039C03C3FD5097AC2343322180;2023-05-20 10:42:39.420;TELEFÔNICO;NÃO;TERCEIRO;LOCAL DE TRABALHO DO AGRESSOR;BR | BRASIL;MG;311340 | CARATINGA;DIARIAMENTE;HÁ MAIS DE UM ANO;2;VIOLÊNCIA CONTRA CIDADÃO, FAMÍLIA OU COMUNIDADE;AGRAVANTE.POR MOTIVO VIL, TORPE, INSIDIOSO, CRUEL, À TRAIÇÃO, OU POR DINHEIRO;OUTROS;COMUNIDADE/FAMÍLIA;NÃO SE APLICA - VÍTIMA COMUNIDADE/FAMÍLIA;;CRIANÇA/ADOLESCENTE IDADE NÃO INFORMADA;BR | BRASIL;;;;;NÃO;;;BR | BRASIL;MG;311340 | CARATINGA;;;;;;;PESSOA FÍSICA;MASCULINO;NÃO;20 A 24 ANOS;BR | BRASIL;;;;;NÃO;;NÃO;BR | BRASIL;MG;311340 | CARATINGA;OUTROS NÃO LISTADOS;;;AMARELA;;;;;;;LIBERDADE>DIREITOS INDIVIDUAIS>TRÁFICO DE PESSOAS - INTERNACIONAL
16190F3A785AF8B94BF799C414534E18A618D8039C03C3FD5097AC2343322180;2023-05-20 10:42:39.420;TELEFÔNICO;NÃO;TERCEIRO;LOCAL DE TRABALHO DO AGRESSOR;BR | BRASIL;MG;311340 | CARATINGA;DIARIAMENTE;HÁ MAIS DE UM ANO;2;VIOLÊNCIA CONTRA CIDADÃO, FAMÍLIA OU COMUNIDADE;AGRAVANTE.POR CONDUTAS EXCESSIVAS/DESNECESSÁRIAS/DESACONSELHADAS;OUTROS;COMUNIDADE/FAMÍLIA;NÃO SE APLICA - VÍTIMA COMUNIDADE/FAMÍLIA;NÃO INFORMADO;30 A 34 ANOS;BR | BRASIL;;;;;NÃO;;NÃO;BR | BRASIL;MG;311340 | CARATINGA;;;;NÃO INFORMADO;;;PESSOA FÍSICA;MASCULINO;NÃO;20 A 24 ANOS;BR | BRASIL;;;;NÃO;NÃO;;NÃO;BR | BRASIL;MG;311340 | CARATINGA;OUTROS NÃO LISTADOS;;;AMARELA;;;;;;;LIBERDADE>DIREITOS INDIVIDUAIS>TRÁFICO DE PESSOAS - INTERNACIONAL
16190F3A785AF8B94BF799C414534E18A618D8039C03C3FD5097AC2343322180;2023-05-20 10:42:39.420;TELEFÔNICO;NÃO;TERCEIRO;LOCAL DE TRABALHO DO AGRESSOR;BR | BRASIL;MG;311340 | CARATINGA;DIARIAMENTE;HÁ MAIS DE UM ANO;2;VIOLÊNCIA CONTRA CRIANÇA OU ADOLESCENTE;AGRAVANTE.POR MOTIVO VIL, TORPE, INSIDIOSO, CRUEL, À TRAIÇÃO, OU POR DINHEIRO;OUTROS;COMUNIDADE/FAMÍLIA;NÃO SE APLICA - VÍTIMA COMUNIDADE/FAMÍLIA;;CRIANÇA/ADOLESCENTE IDADE NÃO INFORMADA;BR | BRASIL;;;;;NÃO;;;BR | BRASIL;MG;311340 | CARATINGA;;;;;;;PESSOA FÍSICA;MASCULINO;NÃO;20 A 24 ANOS;BR | BRASIL;;;;;NÃO;;NÃO;BR | BRASIL;MG;311340 | CARATINGA;OUTROS NÃO LISTADOS;;;AMARELA;;;;;;;LIBERDADE>DIREITOS INDIVIDUAIS>TRÁFICO DE PESSOAS - INTERNACIONAL
17FC5CC08D7EAC5B19A13A0357A23E88F7683BDF1285A2ED36BEDC97C6AE4804;2023-05-23 12:02:06.970;TELEFÔNICO;NÃO;TERCEIRO;CASA DE TERCEIRO;BR | BRASIL;RJ;330490 | SÃO GONÇALO;DIARIAMENTE;HÁ MAIS DE SEIS MESES;1;VIOLÊNCIA CONTRA CRIANÇA OU ADOLESCENTE;;MÃE;PESSOA FÍSICA;FEMININO;;01 ANO;BR | BRASIL;;;;;NÃO;;;BR | BRASIL;RJ;330490 | SÃO GONÇALO;;;;BRANCA;;;PESSOA FÍSICA;FEMININO;NÃO;30 A 34 ANOS;BR | BRASIL;;;;;NÃO;;NÃO;BR | BRASIL;RJ;330490 | SÃO GONÇALO;OUTROS NÃO LISTADOS;;;PARDA;;;;;;;LIBERDADE>DIREITOS INDIVIDUAIS>TRÁFICO DE PESSOAS - NACIONAL
1A5B81E52D35B2A4F9E0655686CD0E1607BEB6517E84CB6789034BDD19A81407;2023-02-17 23:44:23.817;TELEFÔNICO;RISCO IMINENTE DE MORTE DA VÍTIMA;TERCEIRO;CASA DE FAMILIARES;BR | BRASIL;SP;351550 | FERNANDÓPOLIS;DIARIAMENTE;HÁ UM MÊS;1;VIOLÊNCIA CONTRA CRIANÇA OU ADOLESCENTE;;OUTROS PROFISSIONAIS DA EDUCAÇÃO;PESSOA FÍSICA;NÃO INFORMADO;NÃO;CRIANÇA/ADOLESCENTE IDADE NÃO INFORMADA;BR | BRASIL;;;;;NÃO;;NÃO;BR | BRASIL;SP;351550 | FERNANDÓPOLIS;NÃO SABE INFORMAR;;;;;;ÓRGÃO PÚBLICO;;;;BR | BRASIL;;;;;;;;BR | BRASIL;DENUNCIANTE NÃO SOUBE INFORMAR;DENUNCIANTE NÃO SOUBE INFORMAR;;;;;;;;PODER LEGISLATIVO ? ESTADUAL/DISTRITO FEDERAL;;;LIBERDADE>DIREITOS INDIVIDUAIS>TRÁFICO DE PESSOAS - INTERNACIONAL
1B912323B50EA81A730D147B9C83AD066EF7AFDF890FFBB47817A788E10541E9;2023-04-10 17:51:29.730;TELEFÔNICO;NÃO;TERCEIRO;CASA ONDE RESIDE A VÍTIMA E O SUSPEITO;BR | BRASIL;MG;310620 | BELO HORIZONTE;DIARIAMENTE;HÁ MAIS DE CINCO ANOS;1;VIOLÊNCIA CONTRA CIDADÃO, FAMÍLIA OU COMUNIDADE;AGRAVANTE.NA RELAÇÃO FAMILIAR;IRMÃO(Ã);PESSOA FÍSICA;MASCULINO;NÃO;40 A 44 ANOS;BR | BRASIL;;;;;NÃO;;NÃO;BR | BRASIL;MG;310620 | BELO HORIZONTE;OUTROS NÃO LISTADOS;;;PARDA;;;PESSOA FÍSICA;MASCULINO;NÃO;;BR | BRASIL;;;;;NÃO;;NÃO;BR | BRASIL;DENUNCIANTE NÃO SOUBE INFORMAR;DENUNCIANTE NÃO SOUBE INFORMAR;NÃO SABE INFORMAR;;;NÃO INFORMADO;;;;;;;LIBERDADE>DIREITOS INDIVIDUAIS>TRÁFICO DE PESSOAS - NACIONAL
19C1C3D175F01345C7266246852E2BDD34563EC8A4A103A2D55474B12790F8C5;2023-05-19 18:58:45.160;TELEFÔNICO;RISCO IMINENTE DE MORTE DA VÍTIMA;TERCEIRO;AMBIENTE VIRTUAL (NO ÂMBITO DA INTERNET);AR | ARGENTINA;;;DIARIAMENTE;HÁ MAIS DE SEIS MESES;1;VIOLÊNCIA CONTRA CIDADÃO, FAMÍLIA OU COMUNIDADE;AGRAVANTE.FOI PRATICADO POR DUAS OU MAIS PESSOAS;OUTROS;COMUNIDADE/FAMÍLIA;NÃO SE APLICA - VÍTIMA COMUNIDADE/FAMÍLIA;NÃO;20 A 24 ANOS;AR | ARGENTINA;;;;;NÃO;;NÃO;AR | ARGENTINA;;;;;;NÃO INFORMADO;;;PESSOA FÍSICA;MASCULINO;NÃO;25 A 29 ANOS;AR | ARGENTINA;;;;;NÃO;;NÃO INFORMADO;AR | ARGENTINA;;;OUTROS NÃO LISTADOS;;;BRANCA;;;;;;;LIBERDADE>DIREITOS INDIVIDUAIS>TRÁFICO DE PESSOAS - NACIONAL
19F9226A80D434CEE110C6C41F7A9132E3F17F4A587DC7F93E9CBC75151335E4;2023-05-19 17:15:00.240;TELEFÔNICO;NÃO;TERCEIRO;AMBIENTE VIRTUAL (NO ÂMBITO DA INTERNET);AR | ARGENTINA;DENUNCIANTE NÃO SOUBE INFORMAR;;SEMANALMENTE;HÁ MAIS DE SEIS MESES;1;VIOLÊNCIA CONTRA CIDADÃO, FAMÍLIA OU COMUNIDADE;AGRAVANTE.FOI PRATICADO POR DUAS OU MAIS PESSOAS;OUTROS;COMUNIDADE/FAMÍLIA;NÃO SE APLICA - VÍTIMA COMUNIDADE/FAMÍLIA;NÃO;20 A 24 ANOS;AR | ARGENTINA;;;;;NÃO;;NÃO INFORMADO;AR | ARGENTINA;;;;;;NÃO INFORMADO;;;PESSOA FÍSICA;FEMININO;NÃO;45 A 49 ANOS;AR | ARGENTINA;;;;;NÃO;;NÃO INFORMADO;AR | ARGENTINA;;;PROFESSOR DO ENSINO INFANTIL;;;BRANCA;;;;;;;LIBERDADE>DIREITOS INDIVIDUAIS>TRÁFICO DE PESSOAS - INTERNACIONAL
19F9226A80D434CEE110C6C41F7A9132E3F17F4A587DC7F93E9CBC75151335E4;2023-05-19 17:15:00.240;TELEFÔNICO;NÃO;TERCEIRO;AMBIENTE VIRTUAL (NO ÂMBITO DA INTERNET);AR | ARGENTINA;DENUNCIANTE NÃO SOUBE INFORMAR;;SEMANALMENTE;HÁ MAIS DE SEIS MESES;1;VIOLÊNCIA CONTRA PESSOA COM DEFICIÊNCIA;AGRAVANTE.FOI PRATICADO POR DUAS OU MAIS PESSOAS;OUTROS;COMUNIDADE/FAMÍLIA;NÃO SE APLICA - VÍTIMA COMUNIDADE/FAMÍLIA;NÃO;20 A 24 ANOS;AR | ARGENTINA;;;;;NÃO;;NÃO INFORMADO;AR | ARGENTINA;;;;;;NÃO INFORMADO;;;PESSOA FÍSICA;FEMININO;NÃO;45 A 49 ANOS;AR | ARGENTINA;;;;;NÃO;;NÃO INFORMADO;AR | ARGENTINA;;;PROFESSOR DO ENSINO INFANTIL;;;BRANCA;;;;;;;LIBERDADE>DIREITOS INDIVIDUAIS>TRÁFICO DE PESSOAS - INTERNACIONAL
1A5B81E52D35B2A4F9E0655686CD0E1607BEB6517E84CB6789034BDD19A81407;2023-02-17 23:44:23.817;TELEFÔNICO;RISCO IMINENTE DE MORTE DA VÍTIMA;TERCEIRO;CASA DE FAMILIARES;BR | BRASIL;SP;351550 | FERNANDÓPOLIS;DIARIAMENTE;HÁ UM MÊS;1;VIOLÊNCIA CONTRA CRIANÇA OU ADOLESCENTE;;OUTROS PROFISSIONAIS DA EDUCAÇÃO;PESSOA FÍSICA;NÃO INFORMADO;NÃO;CRIANÇA/ADOLESCENTE IDADE NÃO INFORMADA;BR | BRASIL;;;;;NÃO;;NÃO;BR | BRASIL;SP;351550 | FERNANDÓPOLIS;NÃO SABE INFORMAR;;;;;;ÓRGÃO PÚBLICO;;;;BR | BRASIL;;;;;;;;BR | BRASIL;DENUNCIANTE NÃO SOUBE INFORMAR;DENUNCIANTE NÃO SOUBE INFORMAR;;;;;;;;PODER LEGISLATIVO ? ESTADUAL/DISTRITO FEDERAL;;;LIBERDADE>DIREITOS INDIVIDUAIS>TRÁFICO DE PESSOAS - NACIONAL
1CFAE6575AAFBCC63A1EE74932D1DF5A7FE83C08ABA00D686E927C5E27891295;2023-01-06 12:17:46.953;TELEFÔNICO;NÃO;TERCEIRO;CASA DE TERCEIRO;BR | BRASIL;CE;230440 | FORTALEZA;DIARIAMENTE;HÁ UM MÊS;1;VIOLÊNCIA CONTRA CRIANÇA OU ADOLESCENTE;AGRAVANTE.FOI PRATICADO POR DUAS OU MAIS PESSOAS;OUTROS;PESSOA FÍSICA;FEMININO;NÃO;15 ANOS;BR | BRASIL;;;;NÃO;NÃO;;NÃO INFORMADO;BR | BRASIL;CE;230440 | FORTALEZA;;;;PARDA;;;PESSOA FÍSICA;FEMININO;NÃO;30 A 34 ANOS;BR | BRASIL;;;;NÃO;NÃO;;NÃO INFORMADO;BR | BRASIL;CE;230440 | FORTALEZA;OUTROS NÃO LISTADOS;;;BRANCA;;;;;;;LIBERDADE>DIREITOS INDIVIDUAIS>TRÁFICO DE PESSOAS - INTERNACIONAL
1D244F58F7FB18E85002F429E13197576F5220AE8C8802C5FF3FADB829A4F6B8;2023-02-17 20:27:22.797;TELEFÔNICO;RISCO IMINENTE DE MORTE DA VÍTIMA;TERCEIRO;CASA DE FAMILIARES;BR | BRASIL;SP;351550 | FERNANDÓPOLIS;DIARIAMENTE;HÁ UM MÊS;1;VIOLÊNCIA CONTRA CRIANÇA OU ADOLESCENTE;;OUTROS FAMILIARES;PESSOA FÍSICA;MASCULINO;NÃO;14 ANOS;BR | BRASIL;;;;;NÃO;;NÃO INFORMADO;BR | BRASIL;SP;351550 | FERNANDÓPOLIS;;;;;;;PESSOA FÍSICA;MASCULINO;NÃO;NÃO INFORMADO;BR | BRASIL;;;;;NÃO;;NÃO INFORMADO;BR | BRASIL;SP;351550 | FERNANDÓPOLIS;NÃO SABE INFORMAR;;;;;;;;;;LIBERDADE>DIREITOS INDIVIDUAIS>TRÁFICO DE PESSOAS - NACIONAL
1B3972C8D119FBAAAB77F4B5093F97ABA736639D2BA388F74606DF578DFDD248;2023-06-07 20:09:58.440;TELEFÔNICO;SITUAÇÃO FLAGRANTE - ATÉ 24H DA OCORRÊNCIA - SEM FREQUÊNCIA;TERCEIRO;CASA ONDE RESIDE A VÍTIMA E O SUSPEITO;BR | BRASIL;GO;520870 | GOIÂNIA;ÚNICA OCORRÊNCIA;NÃO SE APLICA;2;VIOLÊNCIA CONTRA CRIANÇA OU ADOLESCENTE;;MÃE;PESSOA FÍSICA;MASCULINO;NÃO;08 ANOS;BR | BRASIL;;;;;NÃO;;NÃO;BR | BRASIL;GO;520870 | GOIÂNIA;;;;;;;PESSOA FÍSICA;MASCULINO;NÃO;30 A 34 ANOS;BR | BRASIL;;;;;NÃO;;NÃO;BR | BRASIL;GO;520870 | GOIÂNIA;NÃO SABE INFORMAR;;;NÃO INFORMADO;;;;;;;LIBERDADE>DIREITOS INDIVIDUAIS>TRÁFICO DE PESSOAS - INTERNACIONAL
1CA8FBFCB3178BE127C2051DAF2693B300F386F94DF9AA25D00B4703F05401AA;2023-06-19 09:50:15.897;TELEFÔNICO;NÃO;TERCEIRO;ESTABELECIMENTO COMERCIAL;BR | BRASIL;PE;260290 | CABO DE SANTO AGOSTINHO;SEMANALMENTE;NÃO SABE INFORMAR;2;VIOLÊNCIA CONTRA CRIANÇA OU ADOLESCENTE;MOTIVAÇÃO.PARA FINS DE ATIVIDADE ILÍCITA;NÃO SABE INFORMAR;PESSOA FÍSICA;FEMININO;NÃO;13 ANOS;BR | BRASIL;;;;;NÃO;;NÃO;BR | BRASIL;PE;260290 | CABO DE SANTO AGOSTINHO;;ANALFABETO/SEM INSTRUÇÃO;;NÃO INFORMADO;;;PESSOA FÍSICA;NÃO INFORMADO;NÃO;NÃO INFORMADO;BR | BRASIL;;;;;NÃO;;NÃO INFORMADO;BR | BRASIL;PE;260290 | CABO DE SANTO AGOSTINHO;NÃO SABE INFORMAR;;;NÃO INFORMADO;;;;;;;LIBERDADE>DIREITOS INDIVIDUAIS>TRÁFICO DE PESSOAS - NACIONAL
1D244F58F7FB18E85002F429E13197576F5220AE8C8802C5FF3FADB829A4F6B8;2023-02-17 20:27:22.797;TELEFÔNICO;RISCO IMINENTE DE MORTE DA VÍTIMA;TERCEIRO;CASA DE FAMILIARES;BR | BRASIL;SP;351550 | FERNANDÓPOLIS;DIARIAMENTE;HÁ UM MÊS;1;VIOLÊNCIA CONTRA CRIANÇA OU ADOLESCENTE;;OUTROS FAMILIARES;PESSOA FÍSICA;MASCULINO;NÃO;14 ANOS;BR | BRASIL;;;;;NÃO;;NÃO INFORMADO;BR | BRASIL;SP;351550 | FERNANDÓPOLIS;;;;;;;PESSOA FÍSICA;MASCULINO;NÃO;NÃO INFORMADO;BR | BRASIL;;;;;NÃO;;NÃO INFORMADO;BR | BRASIL;SP;351550 | FERNANDÓPOLIS;NÃO SABE INFORMAR;;;;;;;;;;LIBERDADE>DIREITOS INDIVIDUAIS>TRÁFICO DE PESSOAS - INTERNACIONAL
22B1A4176248719EEE1B4C61F2F349BDE8722CA5D85617191567232C68B6D403;2023-02-17 22:48:26.417;TELEFÔNICO;RISCO IMINENTE DE MORTE DA VÍTIMA;TERCEIRO;CASA DE FAMILIARES;BR | BRASIL;SP;351550 | FERNANDÓPOLIS;DIARIAMENTE;HÁ UM MÊS;1;VIOLÊNCIA CONTRA CRIANÇA OU ADOLESCENTE;;OUTROS FAMILIARES;PESSOA FÍSICA;MASCULINO;NÃO;CRIANÇA/ADOLESCENTE IDADE NÃO INFORMADA;BR | BRASIL;;;;;NÃO;;NÃO;BR | BRASIL;SP;351550 | FERNANDÓPOLIS;;;;;;;PESSOA FÍSICA;MASCULINO;NÃO;NÃO INFORMADO;BR | BRASIL;;;;;NÃO;;NÃO INFORMADO;BR | BRASIL;SP;351550 | FERNANDÓPOLIS;NÃO SABE INFORMAR;;;;;;;;;;LIBERDADE>DIREITOS INDIVIDUAIS>TRÁFICO DE PESSOAS - INTERNACIONAL
22B1A4176248719EEE1B4C61F2F349BDE8722CA5D85617191567232C68B6D403;2023-02-17 22:48:26.417;TELEFÔNICO;RISCO IMINENTE DE MORTE DA VÍTIMA;TERCEIRO;CASA DE FAMILIARES;BR | BRASIL;SP;351550 | FERNANDÓPOLIS;DIARIAMENTE;HÁ UM MÊS;1;VIOLÊNCIA CONTRA CRIANÇA OU ADOLESCENTE;;OUTROS FAMILIARES;PESSOA FÍSICA;MASCULINO;NÃO;CRIANÇA/ADOLESCENTE IDADE NÃO INFORMADA;BR | BRASIL;;;;;NÃO;;NÃO;BR | BRASIL;SP;351550 | FERNANDÓPOLIS;;;;;;;PESSOA FÍSICA;MASCULINO;NÃO;NÃO INFORMADO;BR | BRASIL;;;;;NÃO;;NÃO INFORMADO;BR | BRASIL;SP;351550 | FERNANDÓPOLIS;NÃO SABE INFORMAR;;;;;;;;;;LIBERDADE>DIREITOS INDIVIDUAIS>TRÁFICO DE PESSOAS - NACIONAL
268BE03507E04F156845D6C63A298F7AC5001477B7BE91005D36CF15522070A7;2023-02-17 20:06:48.397;TELEFÔNICO;RISCO IMINENTE DE MORTE DA VÍTIMA;TERCEIRO;CASA DE FAMILIARES;BR | BRASIL;SP;351550 | FERNANDÓPOLIS;DIARIAMENTE;HÁ UM MÊS;1;VIOLÊNCIA CONTRA CRIANÇA OU ADOLESCENTE;;OUTROS FAMILIARES;PESSOA FÍSICA;MASCULINO;NÃO INFORMADO;CRIANÇA/ADOLESCENTE IDADE NÃO INFORMADA;BR | BRASIL;;;;;NÃO;;NÃO;BR | BRASIL;SP;351550 | FERNANDÓPOLIS;NÃO SABE INFORMAR;ENSINO FUNDAMENTAL INCOMPLETO;;PRETA;;;PESSOA FÍSICA;MASCULINO;NÃO;NÃO INFORMADO;BR | BRASIL;;;;;NÃO;;NÃO INFORMADO;BR | BRASIL;SP;351550 | FERNANDÓPOLIS;NÃO SABE INFORMAR;;;;;;;;;;LIBERDADE>DIREITOS INDIVIDUAIS>TRÁFICO DE PESSOAS - NACIONAL
268BE03507E04F156845D6C63A298F7AC5001477B7BE91005D36CF15522070A7;2023-02-17 20:06:48.397;TELEFÔNICO;RISCO IMINENTE DE MORTE DA VÍTIMA;TERCEIRO;CASA DE FAMILIARES;BR | BRASIL;SP;351550 | FERNANDÓPOLIS;DIARIAMENTE;HÁ UM MÊS;1;VIOLÊNCIA CONTRA CRIANÇA OU ADOLESCENTE;;OUTROS FAMILIARES;PESSOA FÍSICA;MASCULINO;NÃO INFORMADO;CRIANÇA/ADOLESCENTE IDADE NÃO INFORMADA;BR | BRASIL;;;;;NÃO;;NÃO;BR | BRASIL;SP;351550 | FERNANDÓPOLIS;NÃO SABE INFORMAR;ENSINO FUNDAMENTAL INCOMPLETO;;PRETA;;;PESSOA FÍSICA;MASCULINO;NÃO;NÃO INFORMADO;BR | BRASIL;;;;;NÃO;;NÃO INFORMADO;BR | BRASIL;SP;351550 | FERNANDÓPOLIS;NÃO SABE INFORMAR;;;;;;;;;;LIBERDADE>DIREITOS INDIVIDUAIS>TRÁFICO DE PESSOAS - INTERNACIONAL
282110403F70838BDD58BC53BA6B67B48E38C5D6C1A52E08A8D644E95C2F8B86;2023-03-07 12:16:46.717;TELEFÔNICO;NÃO;TERCEIRO;OUTROS;BR | BRASIL;RR;140010 | BOA VISTA;DIARIAMENTE;NÃO SABE INFORMAR;1;VIOLÊNCIA CONTRA CRIANÇA OU ADOLESCENTE;;DESCONHECIDO(A);PESSOA FÍSICA;FEMININO;NÃO;12 ANOS;BR | BRASIL;;;;;NÃO;;NÃO INFORMADO;BR | BRASIL;RR;140010 | BOA VISTA;ESTUDANTE;;;PARDA;;;PESSOA FÍSICA;MASCULINO;NÃO;NÃO INFORMADO;BR | BRASIL;;;;;NÃO;;NÃO INFORMADO;BR | BRASIL;RR;140010 | BOA VISTA;NÃO SABE INFORMAR;;;NÃO INFORMADO;;;;;;;LIBERDADE>DIREITOS INDIVIDUAIS>TRÁFICO DE PESSOAS - NACIONAL
2CC6B34431C5C9189677508C0C4DC7D4641ABE9A31B48721B63282D826D77525;2023-02-20 13:24:13.743;TELEFÔNICO;NÃO;TERCEIRO;CASA DA VÍTIMA;BR | BRASIL;SP;355030 | SÃO PAULO;NÃO SABE INFORMAR;NÃO SABE INFORMAR;1;VIOLÊNCIA CONTRA CRIANÇA OU ADOLESCENTE;;OUTROS;PESSOA FÍSICA;FEMININO;NÃO;03 ANOS;BR | BRASIL;;;;;NÃO;;NÃO;BR | BRASIL;SP;355030 | SÃO PAULO;;;;BRANCA;;;PESSOA FÍSICA;FEMININO;NÃO;30 A 34 ANOS;BR | BRASIL;;;;;NÃO;;NÃO;BR | BRASIL;SP;355030 | SÃO PAULO;NÃO SABE INFORMAR;;;BRANCA;;;;;;;LIBERDADE>DIREITOS INDIVIDUAIS>TRÁFICO DE PESSOAS - NACIONAL
2DB382A9BCC2ABF7BACD3826F39F283192008020E85160E62A5D51EFCA2B5F83;2023-03-03 11:36:34.247;TELEFÔNICO;NÃO;TERCEIRO;CASA ONDE RESIDE A VÍTIMA E O SUSPEITO;BR | BRASIL;SP;350950 | CAMPINAS;DIARIAMENTE;HÁ MAIS DE SEIS MESES;1;VIOLÊNCIA CONTRA CRIANÇA OU ADOLESCENTE;MOTIVAÇÃO.EM RAZÃO DE SER MULHER;OUTROS;PESSOA FÍSICA;FEMININO;NÃO;16 ANOS;BR | BRASIL;;;;;NÃO;;NÃO;BR | BRASIL;SP;350950 | CAMPINAS;OUTROS PROFISSIONAIS LIBERAIS;ENSINO FUNDAMENTAL INCOMPLETO;;NÃO INFORMADO;;ATÉ 1/2 SALÁRIO MÍNIMO;PESSOA FÍSICA;FEMININO;NÃO;25 A 29 ANOS;BR | BRASIL;;;;;NÃO;;PENA (RECLUSÃO);BR | BRASIL;SP;350950 | CAMPINAS;OUTROS PROFISSIONAIS LIBERAIS;;;PARDA;DEMAIS COMUNIDADES TRADICIONAIS;;;;;OUTROS;LIBERDADE>DIREITOS INDIVIDUAIS>TRÁFICO DE PESSOAS - NACIONAL
2F80468ED9106B37FC5429B1EE590F03737233A6D4FEBBE24CAB8990076169BC;2023-02-28 14:32:07.273;TELEFÔNICO;NÃO;TERCEIRO;ESTABELECIMENTO COMERCIAL;BR | BRASIL;PA;150220 | CAPANEMA;ÚNICA OCORRÊNCIA;NÃO SE APLICA;1;VIOLÊNCIA CONTRA CRIANÇA OU ADOLESCENTE;MOTIVAÇÃO.EM RAZÃO DA IDADE;DESCONHECIDO(A);PESSOA FÍSICA;FEMININO;NÃO;13 ANOS;BR | BRASIL;;;;;NÃO;;NÃO;BR | BRASIL;PA;150220 | CAPANEMA;;;;PARDA;;;PESSOA FÍSICA;FEMININO;NÃO;20 A 24 ANOS;BR | BRASIL;;;;;NÃO;;NÃO;BR | BRASIL;PA;150220 | CAPANEMA;NÃO SABE INFORMAR;;;BRANCA;;;;;;;LIBERDADE>DIREITOS INDIVIDUAIS>TRÁFICO DE PESSOAS - NACIONAL
2C190A36B1D171D8F6C34B3F403B2FC307D206F041557CFDDA0C1011257E6C84;2023-03-04 00:14:45.013;TELEFÔNICO;NÃO;TERCEIRO;OUTROS;BR | BRASIL;BA;292740 | SALVADOR;MENSALMENTE;HÁ MAIS DE UM ANO;1;VIOLÊNCIA CONTRA CIDADÃO, FAMÍLIA OU COMUNIDADE;AGRAVANTE.POR MOTIVO VIL, TORPE, INSIDIOSO, CRUEL, À TRAIÇÃO, OU POR DINHEIRO;NÃO SE APLICA;COMUNIDADE/FAMÍLIA;NÃO SE APLICA - VÍTIMA COMUNIDADE/FAMÍLIA;NÃO INFORMADO;30 A 34 ANOS;BR | BRASIL;;;;;NÃO;;NÃO;BR | BRASIL;BA;292740 | SALVADOR;;;;NÃO INFORMADO;;;PESSOA FÍSICA;MASCULINO;NÃO;50 A 54 ANOS;BR | BRASIL;;;;;NÃO;;NÃO;BR | BRASIL;BA;292740 | SALVADOR;OUTROS NÃO LISTADOS;;;PARDA;;;;;;;LIBERDADE>DIREITOS INDIVIDUAIS>TRÁFICO DE PESSOAS - NACIONAL
2F80468ED9106B37FC5429B1EE590F03737233A6D4FEBBE24CAB8990076169BC;2023-02-28 14:32:07.273;TELEFÔNICO;NÃO;TERCEIRO;ESTABELECIMENTO COMERCIAL;BR | BRASIL;PA;150220 | CAPANEMA;ÚNICA OCORRÊNCIA;NÃO SE APLICA;1;VIOLÊNCIA CONTRA CRIANÇA OU ADOLESCENTE;MOTIVAÇÃO.EM RAZÃO DA IDADE;DESCONHECIDO(A);PESSOA FÍSICA;FEMININO;NÃO;13 ANOS;BR | BRASIL;;;;;NÃO;;NÃO;BR | BRASIL;PA;150220 | CAPANEMA;;;;PARDA;;;PESSOA FÍSICA;MASCULINO;NÃO;30 A 34 ANOS;BR | BRASIL;;;;;NÃO;;NÃO;BR | BRASIL;PA;150220 | CAPANEMA;NÃO SABE INFORMAR;;;BRANCA;;;;;;;LIBERDADE>DIREITOS INDIVIDUAIS>TRÁFICO DE PESSOAS - NACIONAL
357591CD66ECDE8214875C94AD5AD9DEB67045711E8219299A847ADA70DDE89C;2023-04-14 18:14:19.470;TELEFÔNICO;NÃO;TERCEIRO;VIA PÚBLICA;BR | BRASIL;MG;310620 | BELO HORIZONTE;ÚNICA OCORRÊNCIA;NÃO SE APLICA;1;VIOLÊNCIA CONTRA PESSOA EM SITUAÇÃO DE RUA;AGRAVANTE.NA RELAÇÃO FAMILIAR;MÃE;PESSOA FÍSICA;FEMININO;NÃO;05 ANOS;BR | BRASIL;;;;;NÃO;;NÃO;BR | BRASIL;MG;310620 | BELO HORIZONTE;;ANALFABETO/SEM INSTRUÇÃO;;PARDA;;;PESSOA FÍSICA;FEMININO;NÃO;35 A 39 ANOS;BR | BRASIL;;;;;NÃO;;NÃO;BR | BRASIL;MG;310620 | BELO HORIZONTE;NÃO SABE INFORMAR;;;PARDA;;;;;;;LIBERDADE>DIREITOS INDIVIDUAIS>TRÁFICO DE PESSOAS - NACIONAL
34309042498267AD28BD6BC0148B695CD9F4D4C8D1D8C8329E1A6C3462959B95;2023-02-20 10:16:24.377;TELEFÔNICO;NÃO;TERCEIRO;CASA ONDE RESIDE A VÍTIMA E O SUSPEITO;BR | BRASIL;RS;431740 | SANTIAGO;DIARIAMENTE;HÁ UMA SEMANA;1;VIOLÊNCIA CONTRA CRIANÇA OU ADOLESCENTE;MOTIVAÇÃO.EM RAZÃO DA IDADE;NÃO SE APLICA;COMUNIDADE/FAMÍLIA;NÃO SE APLICA - VÍTIMA COMUNIDADE/FAMÍLIA;NÃO;CRIANÇA/ADOLESCENTE IDADE NÃO INFORMADA;BR | BRASIL;;;;;NÃO;;NÃO;BR | BRASIL;RS;431740 | SANTIAGO;;;;NÃO INFORMADO;;;PESSOA FÍSICA;MASCULINO;NÃO;NÃO INFORMADO;BR | BRASIL;;;;;NÃO;;NÃO;BR | BRASIL;RS;431740 | SANTIAGO;OUTROS NÃO LISTADOS;;;NÃO INFORMADO;;;;;;;LIBERDADE>DIREITOS INDIVIDUAIS>TRÁFICO DE PESSOAS - NACIONAL
3AA3C9348358F130161D58114FBBF539726DF8ADED18459D10C7D7ADEE917DBD;2023-01-04 13:10:01.160;TELEFÔNICO;NÃO;TERCEIRO;CASA ONDE RESIDE A VÍTIMA E O SUSPEITO;BR | BRASIL;SP;350130 | ÁLVARES MACHADO;DIARIAMENTE;HÁ UM MÊS;1;VIOLÊNCIA CONTRA CRIANÇA OU ADOLESCENTE;MOTIVAÇÃO.EM RAZÃO DE CONDIÇÕES FÍSICAS, SENSORIAIS, INTELECTUAIS OU MENTAIS;MÃE;PESSOA FÍSICA;MASCULINO;NÃO;06 ANOS;BR | BRASIL;;;;;NÃO;;NÃO;BR | BRASIL;SP;350130 | ÁLVARES MACHADO;;;;PARDA;;;PESSOA FÍSICA;FEMININO;NÃO;30 A 34 ANOS;BR | BRASIL;;;;;NÃO;;NÃO;BR | BRASIL;SP;350130 | ÁLVARES MACHADO;NÃO SABE INFORMAR;;;PARDA;;;;;;;LIBERDADE>DIREITOS INDIVIDUAIS>TRÁFICO DE PESSOAS - NACIONAL
3AD5C429E4C6704184B92B0C008CA5FB46CAED38F42DFE1D6CCEB08A66E1C562;2023-02-21 09:27:19.940;TELEFÔNICO;NÃO;TERCEIRO;OUTROS;BR | BRASIL;SP;350320 | ARARAQUARA;NÃO SABE INFORMAR;NÃO SABE INFORMAR;1;VIOLÊNCIA CONTRA CIDADÃO, FAMÍLIA OU COMUNIDADE;;DESCONHECIDO(A);COMUNIDADE/FAMÍLIA;NÃO SE APLICA - VÍTIMA COMUNIDADE/FAMÍLIA;;20 A 24 ANOS;BR | BRASIL;;;;;NÃO;;;BR | BRASIL;;;;;;PARDA;;;PESSOA FÍSICA;MASCULINO;NÃO;NÃO INFORMADO;BR | BRASIL;;;;;NÃO;;NÃO INFORMADO;BR | BRASIL;;;NÃO SABE INFORMAR;;;NÃO INFORMADO;;;;;;;LIBERDADE>DIREITOS INDIVIDUAIS>TRÁFICO DE PESSOAS - NACIONAL
3AA3C9348358F130161D58114FBBF539726DF8ADED18459D10C7D7ADEE917DBD;2023-01-04 13:10:01.160;TELEFÔNICO;NÃO;TERCEIRO;CASA ONDE RESIDE A VÍTIMA E O SUSPEITO;BR | BRASIL;SP;350130 | ÁLVARES MACHADO;DIARIAMENTE;HÁ UM MÊS;1;VIOLÊNCIA CONTRA PESSOA COM DEFICIÊNCIA;MOTIVAÇÃO.EM RAZÃO DE CONDIÇÕES FÍSICAS, SENSORIAIS, INTELECTUAIS OU MENTAIS;MÃE;PESSOA FÍSICA;MASCULINO;NÃO;06 ANOS;BR | BRASIL;;;;;NÃO;;NÃO;BR | BRASIL;SP;350130 | ÁLVARES MACHADO;;;;PARDA;;;PESSOA FÍSICA;FEMININO;NÃO;30 A 34 ANOS;BR | BRASIL;;;;;NÃO;;NÃO;BR | BRASIL;SP;350130 | ÁLVARES MACHADO;NÃO SABE INFORMAR;;;PARDA;;;;;;;LIBERDADE>DIREITOS INDIVIDUAIS>TRÁFICO DE PESSOAS - NACIONAL
357591CD66ECDE8214875C94AD5AD9DEB67045711E8219299A847ADA70DDE89C;2023-04-14 18:14:19.470;TELEFÔNICO;NÃO;TERCEIRO;VIA PÚBLICA;BR | BRASIL;MG;310620 | BELO HORIZONTE;ÚNICA OCORRÊNCIA;NÃO SE APLICA;1;VIOLÊNCIA CONTRA CRIANÇA OU ADOLESCENTE;AGRAVANTE.NA RELAÇÃO FAMILIAR;MÃE;PESSOA FÍSICA;FEMININO;NÃO;05 ANOS;BR | BRASIL;;;;;NÃO;;NÃO;BR | BRASIL;MG;310620 | BELO HORIZONTE;;ANALFABETO/SEM INSTRUÇÃO;;PARDA;;;PESSOA FÍSICA;FEMININO;NÃO;35 A 39 ANOS;BR | BRASIL;;;;;NÃO;;NÃO;BR | BRASIL;MG;310620 | BELO HORIZONTE;NÃO SABE INFORMAR;;;PARDA;;;;;;;LIBERDADE>DIREITOS INDIVIDUAIS>TRÁFICO DE PESSOAS - NACIONAL
3AD5C429E4C6704184B92B0C008CA5FB46CAED38F42DFE1D6CCEB08A66E1C562;2023-02-21 09:27:19.940;TELEFÔNICO;NÃO;TERCEIRO;OUTROS;BR | BRASIL;SP;350320 | ARARAQUARA;NÃO SABE INFORMAR;NÃO SABE INFORMAR;1;VIOLÊNCIA CONTRA CIDADÃO, FAMÍLIA OU COMUNIDADE;AGRAVANTE.POR MOTIVO VIL, TORPE, INSIDIOSO, CRUEL, À TRAIÇÃO, OU POR DINHEIRO;DESCONHECIDO(A);COMUNIDADE/FAMÍLIA;NÃO SE APLICA - VÍTIMA COMUNIDADE/FAMÍLIA;;20 A 24 ANOS;BR | BRASIL;;;;;NÃO;;;BR | BRASIL;;;;;;PARDA;;;PESSOA FÍSICA;MASCULINO;NÃO;NÃO INFORMADO;BR | BRASIL;;;;;NÃO;;NÃO INFORMADO;BR | BRASIL;;;NÃO SABE INFORMAR;;;NÃO INFORMADO;;;;;;;LIBERDADE>DIREITOS INDIVIDUAIS>TRÁFICO DE PESSOAS - INTERNACIONAL
3AE3473497031B9660376FAEA36A4A0101929C1E2FEF8616047C051E434E17EF;2023-01-18 10:32:16.273;TELEFÔNICO;NÃO;TERCEIRO;CASA DO SUSPEITO;BR | BRASIL;DF;530010 | BRASÍLIA;DIARIAMENTE;HÁ MAIS DE SEIS MESES;1;VIOLÊNCIA CONTRA CRIANÇA OU ADOLESCENTE;;DESCONHECIDO(A);PESSOA FÍSICA;FEMININO;NÃO INFORMADO;17 ANOS;BR | BRASIL;;;;;NÃO;;NÃO;BR | BRASIL;DF;530010 | BRASÍLIA;;;;NÃO INFORMADO;;;PESSOA FÍSICA;FEMININO;HOMOSSEXUAL.LÉSBICA;NÃO INFORMADO;BR | BRASIL;;;;;NÃO;;NÃO INFORMADO;BR | BRASIL;DF;530010 | BRASÍLIA;OUTROS NÃO LISTADOS;;;;;;;;;;LIBERDADE>DIREITOS INDIVIDUAIS>TRÁFICO DE PESSOAS - INTERNACIONAL
3B10BF2FDC6E97B267114F1038BA6A7A5C2F7269568DD4C095BCBFCA0EB7CE9C;2023-02-16 15:19:42.160;TELEFÔNICO;NÃO;TERCEIRO;CASA DO SUSPEITO;BR | BRASIL;ES;320500 | SERRA;DIARIAMENTE;HÁ MAIS DE CINCO ANOS;1;VIOLÊNCIA CONTRA CRIANÇA OU ADOLESCENTE;MOTIVAÇÃO.EM RAZÃO DA IDADE;MÃE;PESSOA FÍSICA;FEMININO;NÃO;12 ANOS;BR | BRASIL;;;;;NÃO;;NÃO;BR | BRASIL;ES;320500 | SERRA;;;;PARDA;;;PESSOA FÍSICA;FEMININO;NÃO;50 A 54 ANOS;BR | BRASIL;;;;;NÃO;;NÃO;BR | BRASIL;DENUNCIANTE NÃO SOUBE INFORMAR;DENUNCIANTE NÃO SOUBE INFORMAR;NÃO SABE INFORMAR;;;;;;;;;;LIBERDADE>DIREITOS INDIVIDUAIS>TRÁFICO DE PESSOAS - NACIONAL
3F49A260F60878D18340A378F44B4BD329E307A9FE4FD0C6F6B9CD51E8FABF20;2023-03-07 12:16:46.717;TELEFÔNICO;NÃO;TERCEIRO;OUTROS;BR | BRASIL;RR;140010 | BOA VISTA;DIARIAMENTE;NÃO SABE INFORMAR;1;VIOLÊNCIA CONTRA CRIANÇA OU ADOLESCENTE;;DESCONHECIDO(A);PESSOA FÍSICA;FEMININO;NÃO;12 ANOS;BR | BRASIL;;;;;NÃO;;NÃO INFORMADO;BR | BRASIL;RR;140010 | BOA VISTA;ESTUDANTE;;;PARDA;;;PESSOA FÍSICA;FEMININO;NÃO;NÃO INFORMADO;BR | BRASIL;;;;;NÃO;;NÃO INFORMADO;BR | BRASIL;RR;140010 | BOA VISTA;NÃO SABE INFORMAR;;;NÃO INFORMADO;;;;;;;LIBERDADE>DIREITOS INDIVIDUAIS>TRÁFICO DE PESSOAS - NACIONAL
43C20C3A5C8DBE5B63D40FA25D1AD7DFDE5C7FB877DB57AEFE9D11C41776B466;2023-02-16 15:20:15.307;TELEFÔNICO;NÃO;TERCEIRO;CASA DO SUSPEITO;BR | BRASIL;ES;320500 | SERRA;DIARIAMENTE;HÁ MAIS DE CINCO ANOS;1;VIOLÊNCIA CONTRA CRIANÇA OU ADOLESCENTE;AGRAVANTE.DA COABITAÇÃO/CONVIVÊNCIA FAMILIAR/RELAÇÃO AFETIVA;MÃE;PESSOA FÍSICA;FEMININO;NÃO;12 ANOS;BR | BRASIL;;;;;NÃO;;NÃO;BR | BRASIL;ES;320500 | SERRA;;;;PARDA;;;PESSOA FÍSICA;MASCULINO;NÃO;40 A 44 ANOS;BR | BRASIL;;;;NÃO;NÃO;;PENA (RECLUSÃO);BR | BRASIL;BA;293135 | TEIXEIRA DE FREITAS;NÃO SABE INFORMAR;;;PARDA;;;;;;;LIBERDADE>DIREITOS INDIVIDUAIS>TRÁFICO DE PESSOAS - NACIONAL
4BD62AEF9B3A523984C2EB040CBBCBACE57243B6B9A5A19C73808F9D765F4345;2023-03-07 12:16:46.717;TELEFÔNICO;NÃO;TERCEIRO;OUTROS;BR | BRASIL;RR;140010 | BOA VISTA;DIARIAMENTE;NÃO SABE INFORMAR;1;VIOLÊNCIA CONTRA CRIANÇA OU ADOLESCENTE;;DESCONHECIDO(A);PESSOA FÍSICA;FEMININO;NÃO;08 ANOS;BR | BRASIL;;;;;NÃO;;;BR | BRASIL;RR;140010 | BOA VISTA;;ANALFABETO/SEM INSTRUÇÃO;;PARDA;;;PESSOA FÍSICA;MASCULINO;NÃO;NÃO INFORMADO;BR | BRASIL;;;;;NÃO;;NÃO INFORMADO;BR | BRASIL;RR;140010 | BOA VISTA;NÃO SABE INFORMAR;;;NÃO INFORMADO;;;;;;;LIBERDADE>DIREITOS INDIVIDUAIS>TRÁFICO DE PESSOAS - NACIONAL
4AD25179ABBFF1578579856E44B9A54D933F2422C63D7BA84E8FBF62155CD305;2023-02-15 22:19:57.567;TELEFÔNICO;NÃO;TERCEIRO;CASA ONDE RESIDE A VÍTIMA E O SUSPEITO;BR | BRASIL;RS;430120 | ARROIO DO TIGRE;DIARIAMENTE;HÁ MAIS DE CINCO ANOS;1;VIOLÊNCIA CONTRA CRIANÇA OU ADOLESCENTE;;AVÔ(Ó);PESSOA FÍSICA;FEMININO;;05 ANOS;BR | BRASIL;;;;;NÃO;;;BR | BRASIL;RS;430120 | ARROIO DO TIGRE;;;;BRANCA;;;PESSOA FÍSICA;FEMININO;NÃO;NÃO INFORMADO;BR | BRASIL;;;;;NÃO;;NÃO;BR | BRASIL;RS;430120 | ARROIO DO TIGRE;NÃO SABE INFORMAR;;;NÃO INFORMADO;;;;;;;LIBERDADE>DIREITOS INDIVIDUAIS>TRÁFICO DE PESSOAS - NACIONAL
4F58B436DA33A4C9AB808353C96AF960C1812E974C2838ADA893E0FCB22C57DE;2023-03-18 19:22:56.520;TELEFÔNICO;NÃO;TERCEIRO;CASA ONDE RESIDE A VÍTIMA E O SUSPEITO;BR | BRASIL;SP;353060 | MOGI DAS CRUZES;DIARIAMENTE;HÁ MAIS DE DEZ ANOS;1;VIOLÊNCIA CONTRA CRIANÇA OU ADOLESCENTE;MOTIVAÇÃO.EM RAZÃO DA IDADE;NÃO SABE INFORMAR;PESSOA FÍSICA;FEMININO;NÃO;09 ANOS;BR | BRASIL;;;;;NÃO;;;BR | BRASIL;SP;353060 | MOGI DAS CRUZES;;;;PARDA;;;PESSOA FÍSICA;MASCULINO;NÃO;55 A 59 ANOS;BR | BRASIL;;;;;NÃO;;NÃO INFORMADO;BR | BRASIL;SP;353060 | MOGI DAS CRUZES;NÃO SABE INFORMAR;;;;;;;;;;LIBERDADE>DIREITOS INDIVIDUAIS>TRÁFICO DE PESSOAS - NACIONAL
56E0C77AAD9A8C804F3B35F9FA9C6043380CC6B9B89871EF33A46C2DF6AEC1BE;2023-02-17 23:58:58.370;TELEFÔNICO;RISCO IMINENTE DE MORTE DA VÍTIMA;TERCEIRO;CASA DE FAMILIARES;BR | BRASIL;SP;351550 | FERNANDÓPOLIS;MENSALMENTE;HÁ UM MÊS;1;VIOLÊNCIA CONTRA CRIANÇA OU ADOLESCENTE;;DESCONHECIDO(A);PESSOA FÍSICA;FEMININO;NÃO;12 ANOS;BR | BRASIL;;;;;NÃO;;NÃO INFORMADO;BR | BRASIL;SP;351550 | FERNANDÓPOLIS;;;;NÃO INFORMADO;;;PESSOA FÍSICA;MASCULINO;NÃO;40 A 44 ANOS;BR | BRASIL;;;;;NÃO;;NÃO INFORMADO;BR | BRASIL;SP;351550 | FERNANDÓPOLIS;NÃO SABE INFORMAR;;;;;;;;;;LIBERDADE>DIREITOS INDIVIDUAIS>TRÁFICO DE PESSOAS - NACIONAL
512B279BD2FBA0D7B442FE7B5ED984C214952F4B4BD374998F7E4C373E192328;2023-06-27 10:41:08.310;TELEFÔNICO;NÃO;TERCEIRO;CASA ONDE RESIDE A VÍTIMA E O SUSPEITO;BR | BRASIL;SP;355030 | SÃO PAULO;DIARIAMENTE;HÁ UM MÊS;1;VIOLÊNCIA CONTRA CIDADÃO, FAMÍLIA OU COMUNIDADE;MOTIVAÇÃO.EM RAZÃO DA ORIGEM;DESCONHECIDO(A);COMUNIDADE/FAMÍLIA;NÃO SE APLICA - VÍTIMA COMUNIDADE/FAMÍLIA;NÃO;25 A 29 ANOS;BR | BRASIL;;;;;NÃO;;NÃO;BR | BRASIL;SP;355030 | SÃO PAULO;NÃO SABE INFORMAR;ANALFABETO/SEM INSTRUÇÃO;;NÃO INFORMADO;;;PESSOA FÍSICA;MASCULINO;NÃO;35 A 39 ANOS;BR | BRASIL;;;;;NÃO;;NÃO;BR | BRASIL;SP;355030 | SÃO PAULO;OUTROS NÃO LISTADOS;;;PARDA;;;;;;;LIBERDADE>DIREITOS INDIVIDUAIS>TRÁFICO DE PESSOAS - INTERNACIONAL
52B72DE9BBE095AE65A05AACD32998420DE8B9257CFEF9DD3B9E2D3DD2067873;2023-04-10 17:51:29.730;TELEFÔNICO;NÃO;TERCEIRO;CASA ONDE RESIDE A VÍTIMA E O SUSPEITO;BR | BRASIL;MG;310620 | BELO HORIZONTE;DIARIAMENTE;HÁ MAIS DE CINCO ANOS;1;VIOLÊNCIA CONTRA CIDADÃO, FAMÍLIA OU COMUNIDADE;AGRAVANTE.NA RELAÇÃO FAMILIAR;IRMÃO(Ã);PESSOA FÍSICA;MASCULINO;NÃO;40 A 44 ANOS;BR | BRASIL;;;;;NÃO;;NÃO;BR | BRASIL;MG;310620 | BELO HORIZONTE;OUTROS NÃO LISTADOS;;;PARDA;;;PESSOA FÍSICA;MASCULINO;NÃO;NÃO INFORMADO;BR | BRASIL;;;;;NÃO;;NÃO;BR | BRASIL;MG;310620 | BELO HORIZONTE;NÃO SABE INFORMAR;;;NÃO INFORMADO;;;;;;;LIBERDADE>DIREITOS INDIVIDUAIS>TRÁFICO DE PESSOAS - NACIONAL
536F91F2CDAB5C18A40923788A8672B82609CD94FCE21F676EE99B40C41A576F;2023-03-28 14:43:23.797;TELEFÔNICO;NÃO;TERCEIRO;OUTROS;BR | BRASIL;PR;410690 | CURITIBA;DIARIAMENTE;HÁ MAIS DE UM ANO;1;VIOLÊNCIA CONTRA CIDADÃO, FAMÍLIA OU COMUNIDADE;AGRAVANTE.POR MOTIVO VIL, TORPE, INSIDIOSO, CRUEL, À TRAIÇÃO, OU POR DINHEIRO;OUTROS;COMUNIDADE/FAMÍLIA;NÃO SE APLICA - VÍTIMA COMUNIDADE/FAMÍLIA;NÃO INFORMADO;NÃO INFORMADO;BR | BRASIL;;;;;NÃO;;NÃO;BR | BRASIL;PR;410690 | CURITIBA;OUTROS NÃO LISTADOS;SUPERIOR COMPLETO;;NÃO INFORMADO;;;PESSOA FÍSICA;MASCULINO;NÃO;NÃO INFORMADO;BR | BRASIL;;;;;NÃO;;NÃO INFORMADO;BR | BRASIL;PR;410690 | CURITIBA;OUTROS TRABALHADORES DO SETOR DE SERVIÇOS;;;NÃO INFORMADO;DEMAIS COMUNIDADES TRADICIONAIS;;;;;NÃO INFORMADO;LIBERDADE>DIREITOS INDIVIDUAIS>TRÁFICO DE PESSOAS - NACIONAL
5662810C45BB87060C673CC167C78D65CE0D9AAC97952FA3010582FAF4813417;2023-01-31 15:50:51.490;TELEFÔNICO;NÃO;A PRÓPRIA VÍTIMA;CASA DA VÍTIMA;BR | BRASIL;PE;261260 | SANTA MARIA DA BOA VISTA;DIARIAMENTE;HÁ MAIS DE UM ANO;2;VIOLÊNCIA CONTRA CRIANÇA OU ADOLESCENTE;AGRAVANTE.NA RELAÇÃO FAMILIAR;AVÔ(Ó);PESSOA FÍSICA;FEMININO;;01 ANO;BR | BRASIL;;;;NÃO;NÃO;;;BR | BRASIL;PE;261260 | SANTA MARIA DA BOA VISTA;;;;BRANCA;;;PESSOA FÍSICA;FEMININO;NÃO;50 A 54 ANOS;BR | BRASIL;;;;NÃO;NÃO;;NÃO INFORMADO;BR | BRASIL;PE;261260 | SANTA MARIA DA BOA VISTA;NÃO SABE INFORMAR;;;PRETA;;;;;;;LIBERDADE>DIREITOS INDIVIDUAIS>TRÁFICO DE PESSOAS - NACIONAL
536F91F2CDAB5C18A40923788A8672B82609CD94FCE21F676EE99B40C41A576F;2023-03-28 14:43:23.797;TELEFÔNICO;NÃO;TERCEIRO;OUTROS;BR | BRASIL;PR;410690 | CURITIBA;DIARIAMENTE;HÁ MAIS DE UM ANO;1;VIOLÊNCIA CONTRA CIDADÃO, FAMÍLIA OU COMUNIDADE;AGRAVANTE.POR CONDUTAS EXCESSIVAS/DESNECESSÁRIAS/DESACONSELHADAS;OUTROS;COMUNIDADE/FAMÍLIA;NÃO SE APLICA - VÍTIMA COMUNIDADE/FAMÍLIA;NÃO INFORMADO;NÃO INFORMADO;BR | BRASIL;;;;;NÃO;;NÃO;BR | BRASIL;PR;410690 | CURITIBA;OUTROS NÃO LISTADOS;SUPERIOR COMPLETO;;NÃO INFORMADO;;;PESSOA FÍSICA;MASCULINO;NÃO;NÃO INFORMADO;BR | BRASIL;;;;;NÃO;;NÃO INFORMADO;BR | BRASIL;PR;410690 | CURITIBA;OUTROS TRABALHADORES DO SETOR DE SERVIÇOS;;;NÃO INFORMADO;DEMAIS COMUNIDADES TRADICIONAIS;;;;;NÃO INFORMADO;LIBERDADE>DIREITOS INDIVIDUAIS>TRÁFICO DE PESSOAS - INTERNACIONAL
56784CE4971FC38477A21A3F960A6C82D608AFAE4EBBB95A06C27741DF08DA27;2023-02-16 19:58:33.457;TELEFÔNICO;RISCO IMINENTE DE MORTE DA VÍTIMA;TERCEIRO;CASA DE FAMILIARES;BR | BRASIL;SP;351550 | FERNANDÓPOLIS;DIARIAMENTE;HÁ UM MÊS;1;VIOLÊNCIA CONTRA CIDADÃO, FAMÍLIA OU COMUNIDADE;;OUTROS FAMILIARES;PESSOA FÍSICA;MASCULINO;NÃO;NÃO INFORMADO;BR | BRASIL;;;;;NÃO;;NÃO;BR | BRASIL;SP;351550 | FERNANDÓPOLIS;OUTROS NÃO LISTADOS;ENSINO FUNDAMENTAL INCOMPLETO;;;;;COMUNIDADE/FAMÍLIA;;;;;;;;;;;;BR | BRASIL;SP;351550 | FERNANDÓPOLIS;;;;;;;;;;;LIBERDADE>DIREITOS INDIVIDUAIS>TRÁFICO DE PESSOAS - NACIONAL
56E0C77AAD9A8C804F3B35F9FA9C6043380CC6B9B89871EF33A46C2DF6AEC1BE;2023-02-17 23:58:58.370;TELEFÔNICO;RISCO IMINENTE DE MORTE DA VÍTIMA;TERCEIRO;CASA DE FAMILIARES;BR | BRASIL;SP;351550 | FERNANDÓPOLIS;MENSALMENTE;HÁ UM MÊS;1;VIOLÊNCIA CONTRA CRIANÇA OU ADOLESCENTE;;DESCONHECIDO(A);PESSOA FÍSICA;FEMININO;NÃO;12 ANOS;BR | BRASIL;;;;;NÃO;;NÃO INFORMADO;BR | BRASIL;SP;351550 | FERNANDÓPOLIS;;;;NÃO INFORMADO;;;PESSOA FÍSICA;MASCULINO;NÃO;40 A 44 ANOS;BR | BRASIL;;;;;NÃO;;NÃO INFORMADO;BR | BRASIL;SP;351550 | FERNANDÓPOLIS;NÃO SABE INFORMAR;;;;;;;;;;LIBERDADE>DIREITOS INDIVIDUAIS>TRÁFICO DE PESSOAS - INTERNACIONAL
591E1CC286434B1EA76C053EFCE75574D64BC083CC7D401984937E2C4ACF074F;2023-02-13 16:33:07.717;PORTAL;NÃO;TERCEIRO;LOCAL DE TRABALHO DA VÍTIMA;BR | BRASIL;SP;355100 | SÃO VICENTE;DIARIAMENTE;NÃO SABE INFORMAR;1;VIOLÊNCIA CONTRA CIDADÃO, FAMÍLIA OU COMUNIDADE;;NÃO SABE INFORMAR;PESSOA FÍSICA;MASCULINO;NÃO;25 A 29 ANOS;BR | BRASIL;;;;;NÃO;;NÃO INFORMADO;BR | BRASIL;SP;355100 | SÃO VICENTE;;;;AMARELA;;;PESSOA FÍSICA;NÃO INFORMADO;NÃO;NÃO INFORMADO;BR | BRASIL;;;;;NÃO;;NÃO INFORMADO;BR | BRASIL;SP;355100 | SÃO VICENTE;NÃO SABE INFORMAR;;;NÃO INFORMADO;;;;;;;LIBERDADE>DIREITOS INDIVIDUAIS>TRÁFICO DE PESSOAS - INTERNACIONAL
56784CE4971FC38477A21A3F960A6C82D608AFAE4EBBB95A06C27741DF08DA27;2023-02-16 19:58:33.457;TELEFÔNICO;RISCO IMINENTE DE MORTE DA VÍTIMA;TERCEIRO;CASA DE FAMILIARES;BR | BRASIL;SP;351550 | FERNANDÓPOLIS;DIARIAMENTE;HÁ UM MÊS;1;VIOLÊNCIA CONTRA CIDADÃO, FAMÍLIA OU COMUNIDADE;;OUTROS FAMILIARES;PESSOA FÍSICA;MASCULINO;NÃO;NÃO INFORMADO;BR | BRASIL;;;;;NÃO;;NÃO;BR | BRASIL;SP;351550 | FERNANDÓPOLIS;OUTROS NÃO LISTADOS;ENSINO FUNDAMENTAL INCOMPLETO;;;;;COMUNIDADE/FAMÍLIA;;;;;;;;;;;;BR | BRASIL;SP;351550 | FERNANDÓPOLIS;;;;;;;;;;;LIBERDADE>DIREITOS INDIVIDUAIS>TRÁFICO DE PESSOAS - INTERNACIONAL
5FE76A19A1EB5CC99706C7D9A3086163F6C8DAE3596FABCC87E373C70B5407CB;2023-01-06 12:17:46.953;TELEFÔNICO;NÃO;TERCEIRO;CASA DE TERCEIRO;BR | BRASIL;CE;230440 | FORTALEZA;DIARIAMENTE;HÁ UM MÊS;1;VIOLÊNCIA CONTRA CRIANÇA OU ADOLESCENTE;AGRAVANTE.FOI PRATICADO POR DUAS OU MAIS PESSOAS;OUTROS;PESSOA FÍSICA;FEMININO;NÃO;15 ANOS;BR | BRASIL;;;;NÃO;NÃO;;NÃO INFORMADO;BR | BRASIL;CE;230440 | FORTALEZA;;;;PARDA;;;PESSOA FÍSICA;MASCULINO;NÃO;55 A 59 ANOS;BR | BRASIL;;;;NÃO;NÃO;;NÃO INFORMADO;DE | ALEMANHA;;;OUTROS NÃO LISTADOS;;;BRANCA;;;;;;;LIBERDADE>DIREITOS INDIVIDUAIS>TRÁFICO DE PESSOAS - INTERNACIONAL
61E9CA2A8C160F724BAE7ED2C2DA560F5F5BD8267F7FBDD5DBCE4273D13572B5;2023-02-17 20:06:48.397;TELEFÔNICO;RISCO IMINENTE DE MORTE DA VÍTIMA;TERCEIRO;CASA DE FAMILIARES;BR | BRASIL;SP;351550 | FERNANDÓPOLIS;DIARIAMENTE;HÁ UM MÊS;1;VIOLÊNCIA CONTRA CRIANÇA OU ADOLESCENTE;;OUTROS FAMILIARES;PESSOA FÍSICA;MASCULINO;NÃO INFORMADO;CRIANÇA/ADOLESCENTE IDADE NÃO INFORMADA;BR | BRASIL;;;;;NÃO;;NÃO;BR | BRASIL;SP;351550 | FERNANDÓPOLIS;NÃO SABE INFORMAR;ENSINO FUNDAMENTAL INCOMPLETO;;PRETA;;;PESSOA FÍSICA;FEMININO;NÃO;NÃO INFORMADO;BR | BRASIL;;;;;NÃO;;NÃO INFORMADO;BR | BRASIL;SP;351550 | FERNANDÓPOLIS;NÃO SABE INFORMAR;;;NÃO INFORMADO;;;;;;;LIBERDADE>DIREITOS INDIVIDUAIS>TRÁFICO DE PESSOAS - NACIONAL
5C7F21555138E4D66F65EA4BC5ED9EA0B0EFF9EA5D2CDAF6A5D0D9971BD1774A;2023-01-31 15:50:51.490;TELEFÔNICO;NÃO;A PRÓPRIA VÍTIMA;CASA ONDE RESIDE A VÍTIMA E O SUSPEITO;BR | BRASIL;PE;261260 | SANTA MARIA DA BOA VISTA;DIARIAMENTE;HÁ UMA SEMANA;2;VIOLÊNCIA CONTRA CRIANÇA OU ADOLESCENTE;AGRAVANTE.NA RELAÇÃO FAMILIAR;AVÔ(Ó);PESSOA FÍSICA;MASCULINO;;01 ANO;BR | BRASIL;;;;NÃO INFORMADO;NÃO;;;BR | BRASIL;PE;261260 | SANTA MARIA DA BOA VISTA;;ANALFABETO/SEM INSTRUÇÃO;;PARDA;;;PESSOA FÍSICA;FEMININO;NÃO;50 A 54 ANOS;BR | BRASIL;;;;NÃO;NÃO;;NÃO INFORMADO;BR | BRASIL;PE;261260 | SANTA MARIA DA BOA VISTA;NÃO SABE INFORMAR;;;PRETA;;;;;;;LIBERDADE>DIREITOS INDIVIDUAIS>TRÁFICO DE PESSOAS - NACIONAL
667EA5B64AFFA0C1600BF58C986B2C7B96B483AB34566E8BBD53422EDF58B6F9;2023-06-15 16:20:50.830;TELEFÔNICO;NÃO;TERCEIRO;AMBIENTE VIRTUAL (NO ÂMBITO DA INTERNET);BR | BRASIL;DENUNCIANTE NÃO SOUBE INFORMAR;DENUNCIANTE NÃO SOUBE INFORMAR;DIARIAMENTE;NÃO SABE INFORMAR;1;VIOLÊNCIA CONTRA CRIANÇA OU ADOLESCENTE;;DESCONHECIDO(A);PESSOA FÍSICA;FEMININO;NÃO;CRIANÇA/ADOLESCENTE IDADE NÃO INFORMADA;BR | BRASIL;;;;;NÃO;;NÃO;BR | BRASIL;DENUNCIANTE NÃO SOUBE INFORMAR;DENUNCIANTE NÃO SOUBE INFORMAR;;;;NÃO INFORMADO;;;PESSOA FÍSICA;FEMININO;NÃO;;BR | BRASIL;;;;;NÃO;;;BR | BRASIL;DENUNCIANTE NÃO SOUBE INFORMAR;DENUNCIANTE NÃO SOUBE INFORMAR;;;;;;;;;;;LIBERDADE>DIREITOS INDIVIDUAIS>TRÁFICO DE PESSOAS - INTERNACIONAL
6795C3398C27BC1A8838A5E860693C7B93E432E0727424B4265E75B6FE6D89F1;2023-02-18 11:25:50.303;TELEFÔNICO;RISCO IMINENTE DE MORTE DA VÍTIMA;TERCEIRO;CASA DE FAMILIARES;BR | BRASIL;SP;351550 | FERNANDÓPOLIS;DIARIAMENTE;HÁ UM MÊS;2;VIOLÊNCIA CONTRA CRIANÇA OU ADOLESCENTE;;OUTROS FAMILIARES;PESSOA FÍSICA;MASCULINO;NÃO;CRIANÇA/ADOLESCENTE IDADE NÃO INFORMADA;BR | BRASIL;;;;;NÃO;;NÃO INFORMADO;BR | BRASIL;SP;351550 | FERNANDÓPOLIS;NÃO SABE INFORMAR;ENSINO FUNDAMENTAL INCOMPLETO;;PRETA;;;PESSOA FÍSICA;MASCULINO;NÃO;NÃO INFORMADO;BR | BRASIL;;;;;NÃO;;NÃO;BR | BRASIL;SP;351550 | FERNANDÓPOLIS;NÃO SABE INFORMAR;;;NÃO INFORMADO;;;;;;;LIBERDADE>DIREITOS INDIVIDUAIS>TRÁFICO DE PESSOAS - NACIONAL
61E9CA2A8C160F724BAE7ED2C2DA560F5F5BD8267F7FBDD5DBCE4273D13572B5;2023-02-17 20:06:48.397;TELEFÔNICO;RISCO IMINENTE DE MORTE DA VÍTIMA;TERCEIRO;CASA DE FAMILIARES;BR | BRASIL;SP;351550 | FERNANDÓPOLIS;DIARIAMENTE;HÁ UM MÊS;1;VIOLÊNCIA CONTRA CRIANÇA OU ADOLESCENTE;;OUTROS FAMILIARES;PESSOA FÍSICA;MASCULINO;NÃO INFORMADO;CRIANÇA/ADOLESCENTE IDADE NÃO INFORMADA;BR | BRASIL;;;;;NÃO;;NÃO;BR | BRASIL;SP;351550 | FERNANDÓPOLIS;NÃO SABE INFORMAR;ENSINO FUNDAMENTAL INCOMPLETO;;PRETA;;;PESSOA FÍSICA;FEMININO;NÃO;NÃO INFORMADO;BR | BRASIL;;;;;NÃO;;NÃO INFORMADO;BR | BRASIL;SP;351550 | FERNANDÓPOLIS;NÃO SABE INFORMAR;;;NÃO INFORMADO;;;;;;;LIBERDADE>DIREITOS INDIVIDUAIS>TRÁFICO DE PESSOAS - INTERNACIONAL
6795FB7930C30B8D93C373ACE0B780368D333696E8B399A4A759B999F2466E1A;2023-03-07 12:16:46.717;TELEFÔNICO;NÃO;TERCEIRO;OUTROS;BR | BRASIL;RR;140010 | BOA VISTA;DIARIAMENTE;NÃO SABE INFORMAR;1;VIOLÊNCIA CONTRA CRIANÇA OU ADOLESCENTE;;DESCONHECIDO(A);PESSOA FÍSICA;FEMININO;NÃO;08 ANOS;BR | BRASIL;;;;;NÃO;;;BR | BRASIL;RR;140010 | BOA VISTA;;ANALFABETO/SEM INSTRUÇÃO;;PARDA;;;PESSOA FÍSICA;FEMININO;NÃO;NÃO INFORMADO;BR | BRASIL;;;;;NÃO;;NÃO INFORMADO;BR | BRASIL;RR;140010 | BOA VISTA;NÃO SABE INFORMAR;;;NÃO INFORMADO;;;;;;;LIBERDADE>DIREITOS INDIVIDUAIS>TRÁFICO DE PESSOAS - NACIONAL
641A9A88889AF9002BD90213AA192E36CA64472A6BAEFED45CD12FACF880F8B4;2023-02-15 22:20:07.593;TELEFÔNICO;NÃO;TERCEIRO;CASA ONDE RESIDE A VÍTIMA E O SUSPEITO;BR | BRASIL;RS;430120 | ARROIO DO TIGRE;DIARIAMENTE;HÁ MAIS DE CINCO ANOS;1;VIOLÊNCIA CONTRA CRIANÇA OU ADOLESCENTE;;AVÔ(Ó);PESSOA FÍSICA;FEMININO;;05 ANOS;BR | BRASIL;;;;;NÃO;;;BR | BRASIL;RS;430120 | ARROIO DO TIGRE;;;;BRANCA;;;PESSOA FÍSICA;FEMININO;NÃO;NÃO INFORMADO;BR | BRASIL;;;;;NÃO;;NÃO;BR | BRASIL;RS;430120 | ARROIO DO TIGRE;NÃO SABE INFORMAR;;;NÃO INFORMADO;;;;;;;LIBERDADE>DIREITOS INDIVIDUAIS>TRÁFICO DE PESSOAS - NACIONAL
6795C3398C27BC1A8838A5E860693C7B93E432E0727424B4265E75B6FE6D89F1;2023-02-18 11:25:50.303;TELEFÔNICO;RISCO IMINENTE DE MORTE DA VÍTIMA;TERCEIRO;CASA DE FAMILIARES;BR | BRASIL;SP;351550 | FERNANDÓPOLIS;DIARIAMENTE;HÁ UM MÊS;2;VIOLÊNCIA CONTRA CRIANÇA OU ADOLESCENTE;;OUTROS FAMILIARES;PESSOA FÍSICA;MASCULINO;NÃO;CRIANÇA/ADOLESCENTE IDADE NÃO INFORMADA;BR | BRASIL;;;;;NÃO;;NÃO INFORMADO;BR | BRASIL;SP;351550 | FERNANDÓPOLIS;NÃO SABE INFORMAR;ENSINO FUNDAMENTAL INCOMPLETO;;PRETA;;;PESSOA FÍSICA;MASCULINO;NÃO;NÃO INFORMADO;BR | BRASIL;;;;;NÃO;;NÃO;BR | BRASIL;SP;351550 | FERNANDÓPOLIS;NÃO SABE INFORMAR;;;NÃO INFORMADO;;;;;;;LIBERDADE>DIREITOS INDIVIDUAIS>TRÁFICO DE PESSOAS - INTERNACIONAL
6D711FDA301B214815880B89607EDA37AD026BE28403483AD8847E3DF97B28DF;2023-01-19 17:59:00.047;TELEFÔNICO;NÃO;TERCEIRO;LOCAL DE TRABALHO DO AGRESSOR;BR | BRASIL;SP;355030 | SÃO PAULO;NÃO SABE INFORMAR;NÃO SABE INFORMAR;1;VIOLÊNCIA CONTRA CIDADÃO, FAMÍLIA OU COMUNIDADE;;OUTROS;COMUNIDADE/FAMÍLIA;NÃO SE APLICA - VÍTIMA COMUNIDADE/FAMÍLIA;NÃO INFORMADO;20 A 24 ANOS;BR | BRASIL;;;;;NÃO;;NÃO;BR | BRASIL;SP;355030 | SÃO PAULO;;;;NÃO INFORMADO;;;PESSOA FÍSICA;MASCULINO;NÃO;30 A 34 ANOS;BR | BRASIL;;;;;NÃO;;NÃO INFORMADO;BR | BRASIL;SP;355030 | SÃO PAULO;NÃO SABE INFORMAR;;;BRANCA;;;;;;;LIBERDADE>DIREITOS INDIVIDUAIS>TRÁFICO DE PESSOAS - INTERNACIONAL
67D62E1DB0620B7970F37B5E57B100B4AAFA19E4CBC7E1967904721C6B6E7DA7;2023-03-28 14:43:23.797;TELEFÔNICO;NÃO;TERCEIRO;OUTROS;BR | BRASIL;PR;410690 | CURITIBA;DIARIAMENTE;HÁ MAIS DE UM ANO;1;VIOLÊNCIA CONTRA CIDADÃO, FAMÍLIA OU COMUNIDADE;AGRAVANTE.POR MOTIVO VIL, TORPE, INSIDIOSO, CRUEL, À TRAIÇÃO, OU POR DINHEIRO;OUTROS;COMUNIDADE/FAMÍLIA;NÃO SE APLICA - VÍTIMA COMUNIDADE/FAMÍLIA;NÃO INFORMADO;NÃO INFORMADO;BR | BRASIL;;;;;NÃO;;NÃO;BR | BRASIL;PR;410690 | CURITIBA;OUTROS NÃO LISTADOS;SUPERIOR COMPLETO;;NÃO INFORMADO;;;COMUNIDADE/FAMÍLIA;;;;BR | BRASIL;;;;;;;;BR | BRASIL;PR;410690 | CURITIBA;;;NÃO SABE;;DEMAIS COMUNIDADES TRADICIONAIS;;;;;OUTROS;LIBERDADE>DIREITOS INDIVIDUAIS>TRÁFICO DE PESSOAS - NACIONAL
72764B8241972B4D8A9C1B6C4D5913BCD128747EA295EB689A08035913B308E4;2023-02-17 22:48:26.417;TELEFÔNICO;RISCO IMINENTE DE MORTE DA VÍTIMA;TERCEIRO;CASA DE FAMILIARES;BR | BRASIL;SP;351550 | FERNANDÓPOLIS;DIARIAMENTE;HÁ UM MÊS;1;VIOLÊNCIA CONTRA CRIANÇA OU ADOLESCENTE;;OUTROS FAMILIARES;PESSOA FÍSICA;MASCULINO;NÃO;CRIANÇA/ADOLESCENTE IDADE NÃO INFORMADA;BR | BRASIL;;;;;NÃO;;NÃO;BR | BRASIL;SP;351550 | FERNANDÓPOLIS;;;;;;;PESSOA FÍSICA;MASCULINO;NÃO;NÃO INFORMADO;BR | BRASIL;;;;;NÃO;;NÃO INFORMADO;BR | BRASIL;SP;351550 | FERNANDÓPOLIS;NÃO SABE INFORMAR;;;PRETA;;;;;;;LIBERDADE>DIREITOS INDIVIDUAIS>TRÁFICO DE PESSOAS - NACIONAL
67D62E1DB0620B7970F37B5E57B100B4AAFA19E4CBC7E1967904721C6B6E7DA7;2023-03-28 14:43:23.797;TELEFÔNICO;NÃO;TERCEIRO;OUTROS;BR | BRASIL;PR;410690 | CURITIBA;DIARIAMENTE;HÁ MAIS DE UM ANO;1;VIOLÊNCIA CONTRA CIDADÃO, FAMÍLIA OU COMUNIDADE;AGRAVANTE.POR CONDUTAS EXCESSIVAS/DESNECESSÁRIAS/DESACONSELHADAS;OUTROS;COMUNIDADE/FAMÍLIA;NÃO SE APLICA - VÍTIMA COMUNIDADE/FAMÍLIA;NÃO INFORMADO;NÃO INFORMADO;BR | BRASIL;;;;;NÃO;;NÃO;BR | BRASIL;PR;410690 | CURITIBA;OUTROS NÃO LISTADOS;SUPERIOR COMPLETO;;NÃO INFORMADO;;;COMUNIDADE/FAMÍLIA;;;;BR | BRASIL;;;;;;;;BR | BRASIL;PR;410690 | CURITIBA;;;NÃO SABE;;DEMAIS COMUNIDADES TRADICIONAIS;;;;;OUTROS;LIBERDADE>DIREITOS INDIVIDUAIS>TRÁFICO DE PESSOAS - INTERNACIONAL
73AD0A013FFD1285855595976B277F7F4A2E47E0051081B329342964724B1140;2023-02-17 20:27:22.797;TELEFÔNICO;RISCO IMINENTE DE MORTE DA VÍTIMA;TERCEIRO;CASA DE FAMILIARES;BR | BRASIL;SP;351550 | FERNANDÓPOLIS;DIARIAMENTE;HÁ UM MÊS;1;VIOLÊNCIA CONTRA CRIANÇA OU ADOLESCENTE;;OUTROS FAMILIARES;PESSOA FÍSICA;MASCULINO;NÃO;14 ANOS;BR | BRASIL;;;;;NÃO;;NÃO INFORMADO;BR | BRASIL;SP;351550 | FERNANDÓPOLIS;;;;;;;PESSOA FÍSICA;MASCULINO;NÃO;;BR | BRASIL;;;;;NÃO;;NÃO INFORMADO;BR | BRASIL;SP;351550 | FERNANDÓPOLIS;NÃO SABE INFORMAR;;;;;;;;;;LIBERDADE>DIREITOS INDIVIDUAIS>TRÁFICO DE PESSOAS - INTERNACIONAL
76B795EEB774196DF4377AE7C689F978CE02F04D9B14629D8F67D19424E9B008;2023-02-17 20:06:48.397;TELEFÔNICO;RISCO IMINENTE DE MORTE DA VÍTIMA;TERCEIRO;CASA DE FAMILIARES;BR | BRASIL;SP;351550 | FERNANDÓPOLIS;DIARIAMENTE;HÁ UM MÊS;1;VIOLÊNCIA CONTRA CRIANÇA OU ADOLESCENTE;;OUTROS FAMILIARES;PESSOA FÍSICA;MASCULINO;NÃO INFORMADO;CRIANÇA/ADOLESCENTE IDADE NÃO INFORMADA;BR | BRASIL;;;;;NÃO;;NÃO;BR | BRASIL;SP;351550 | FERNANDÓPOLIS;NÃO SABE INFORMAR;ENSINO FUNDAMENTAL INCOMPLETO;;PRETA;;;PESSOA FÍSICA;MASCULINO;NÃO;NÃO INFORMADO;BR | BRASIL;;;;;NÃO;;NÃO INFORMADO;BR | BRASIL;SP;351550 | FERNANDÓPOLIS;NÃO SABE INFORMAR;;;NÃO INFORMADO;;;;;;;LIBERDADE>DIREITOS INDIVIDUAIS>TRÁFICO DE PESSOAS - INTERNACIONAL
76CCE839F70C38C1E8B1B605E6AF3D70678C7624B1B188B7355BD3B21A00186B;2023-03-18 19:22:56.520;TELEFÔNICO;NÃO;TERCEIRO;CASA DO SUSPEITO;BR | BRASIL;SP;353060 | MOGI DAS CRUZES;DIARIAMENTE;HÁ MAIS DE DEZ ANOS;1;VIOLÊNCIA CONTRA CRIANÇA OU ADOLESCENTE;MOTIVAÇÃO.EM RAZÃO DA IDADE;NÃO SABE INFORMAR;PESSOA FÍSICA;FEMININO;;09 ANOS;BR | BRASIL;;;;;NÃO;;;BR | BRASIL;BA;290405 | BONITO;;;;NÃO INFORMADO;;;PESSOA FÍSICA;MASCULINO;NÃO;55 A 59 ANOS;BR | BRASIL;;;;;NÃO;;NÃO INFORMADO;BR | BRASIL;SP;353060 | MOGI DAS CRUZES;NÃO SABE INFORMAR;;;;;;;;;;LIBERDADE>DIREITOS INDIVIDUAIS>TRÁFICO DE PESSOAS - NACIONAL
76B795EEB774196DF4377AE7C689F978CE02F04D9B14629D8F67D19424E9B008;2023-02-17 20:06:48.397;TELEFÔNICO;RISCO IMINENTE DE MORTE DA VÍTIMA;TERCEIRO;CASA DE FAMILIARES;BR | BRASIL;SP;351550 | FERNANDÓPOLIS;DIARIAMENTE;HÁ UM MÊS;1;VIOLÊNCIA CONTRA CRIANÇA OU ADOLESCENTE;;OUTROS FAMILIARES;PESSOA FÍSICA;MASCULINO;NÃO INFORMADO;CRIANÇA/ADOLESCENTE IDADE NÃO INFORMADA;BR | BRASIL;;;;;NÃO;;NÃO;BR | BRASIL;SP;351550 | FERNANDÓPOLIS;NÃO SABE INFORMAR;ENSINO FUNDAMENTAL INCOMPLETO;;PRETA;;;PESSOA FÍSICA;MASCULINO;NÃO;NÃO INFORMADO;BR | BRASIL;;;;;NÃO;;NÃO INFORMADO;BR | BRASIL;SP;351550 | FERNANDÓPOLIS;NÃO SABE INFORMAR;;;NÃO INFORMADO;;;;;;;LIBERDADE>DIREITOS INDIVIDUAIS>TRÁFICO DE PESSOAS - NACIONAL
78E54BD5896BA6927BE6619AE94A2F0E7F81AA60D6FB4B84717336CE35C4FB80;2023-01-02 12:45:42.250;TELEFÔNICO;NÃO;TERCEIRO;CASA DO SUSPEITO;BR | BRASIL;RJ;330520 | SÃO PEDRO DA ALDEIA;SEMANALMENTE;HÁ MAIS DE UM ANO;1;VIOLÊNCIA CONTRA CRIANÇA OU ADOLESCENTE;;DESCONHECIDO(A);COMUNIDADE/FAMÍLIA;NÃO SE APLICA - VÍTIMA COMUNIDADE/FAMÍLIA;NÃO;CRIANÇA/ADOLESCENTE IDADE NÃO INFORMADA;BR | BRASIL;;;;;NÃO;;NÃO;BR | BRASIL;DENUNCIANTE NÃO SOUBE INFORMAR;DENUNCIANTE NÃO SOUBE INFORMAR;;;;NÃO INFORMADO;;;PESSOA FÍSICA;FEMININO;NÃO;60 A 64 ANOS;BR | BRASIL;;;;;NÃO;;NÃO;BR | BRASIL;RJ;330520 | SÃO PEDRO DA ALDEIA;NÃO SABE INFORMAR;;;PARDA;;;;;;;LIBERDADE>DIREITOS INDIVIDUAIS>TRÁFICO DE PESSOAS - NACIONAL
72764B8241972B4D8A9C1B6C4D5913BCD128747EA295EB689A08035913B308E4;2023-02-17 22:48:26.417;TELEFÔNICO;RISCO IMINENTE DE MORTE DA VÍTIMA;TERCEIRO;CASA DE FAMILIARES;BR | BRASIL;SP;351550 | FERNANDÓPOLIS;DIARIAMENTE;HÁ UM MÊS;1;VIOLÊNCIA CONTRA CRIANÇA OU ADOLESCENTE;;OUTROS FAMILIARES;PESSOA FÍSICA;MASCULINO;NÃO;CRIANÇA/ADOLESCENTE IDADE NÃO INFORMADA;BR | BRASIL;;;;;NÃO;;NÃO;BR | BRASIL;SP;351550 | FERNANDÓPOLIS;;;;;;;PESSOA FÍSICA;MASCULINO;NÃO;NÃO INFORMADO;BR | BRASIL;;;;;NÃO;;NÃO INFORMADO;BR | BRASIL;SP;351550 | FERNANDÓPOLIS;NÃO SABE INFORMAR;;;PRETA;;;;;;;LIBERDADE>DIREITOS INDIVIDUAIS>TRÁFICO DE PESSOAS - INTERNACIONAL
73AD0A013FFD1285855595976B277F7F4A2E47E0051081B329342964724B1140;2023-02-17 20:27:22.797;TELEFÔNICO;RISCO IMINENTE DE MORTE DA VÍTIMA;TERCEIRO;CASA DE FAMILIARES;BR | BRASIL;SP;351550 | FERNANDÓPOLIS;DIARIAMENTE;HÁ UM MÊS;1;VIOLÊNCIA CONTRA CRIANÇA OU ADOLESCENTE;;OUTROS FAMILIARES;PESSOA FÍSICA;MASCULINO;NÃO;14 ANOS;BR | BRASIL;;;;;NÃO;;NÃO INFORMADO;BR | BRASIL;SP;351550 | FERNANDÓPOLIS;;;;;;;PESSOA FÍSICA;MASCULINO;NÃO;;BR | BRASIL;;;;;NÃO;;NÃO INFORMADO;BR | BRASIL;SP;351550 | FERNANDÓPOLIS;NÃO SABE INFORMAR;;;;;;;;;;LIBERDADE>DIREITOS INDIVIDUAIS>TRÁFICO DE PESSOAS - NACIONAL
7DF64841F581D8616FF3501C3F094950919E35B5008C5A5C65A47C0F114C7102;2023-02-17 23:44:23.817;TELEFÔNICO;RISCO IMINENTE DE MORTE DA VÍTIMA;TERCEIRO;CASA DE FAMILIARES;BR | BRASIL;SP;351550 | FERNANDÓPOLIS;DIARIAMENTE;HÁ UM MÊS;1;VIOLÊNCIA CONTRA CRIANÇA OU ADOLESCENTE;;OUTROS PROFISSIONAIS DA EDUCAÇÃO;PESSOA FÍSICA;NÃO INFORMADO;NÃO;CRIANÇA/ADOLESCENTE IDADE NÃO INFORMADA;BR | BRASIL;;;;;NÃO;;NÃO;BR | BRASIL;SP;351550 | FERNANDÓPOLIS;NÃO SABE INFORMAR;;;;;;PESSOA FÍSICA;MASCULINO;NÃO;NÃO INFORMADO;BR | BRASIL;;;;;NÃO;;NÃO INFORMADO;BR | BRASIL;SP;351550 | FERNANDÓPOLIS;NÃO SABE INFORMAR;;;PRETA;;;;;;;LIBERDADE>DIREITOS INDIVIDUAIS>TRÁFICO DE PESSOAS - INTERNACIONAL
78C8EF8FA6B139FE6E7AB010DC1E247CB9841BDE7FD8477A1067D32A93F82B67;2023-02-23 15:42:52.790;E-MAIL;NÃO;TERCEIRO;CASA DA VÍTIMA;BR | BRASIL;CE;230420 | CRATO;ÚNICA OCORRÊNCIA;NÃO SE APLICA;1;VIOLÊNCIA CONTRA PESSOA COM DEFICIÊNCIA;;NÃO SE APLICA;PESSOA FÍSICA;FEMININO;NÃO;40 A 44 ANOS;BR | BRASIL;;;;;NÃO;;NÃO;BR | BRASIL;CE;230420 | CRATO;;;;BRANCA;;;PESSOA FÍSICA;MASCULINO;NÃO;;BR | BRASIL;;;;;NÃO;;;BR | BRASIL;CE;230730 | JUAZEIRO DO NORTE;;;;;;;;;;;LIBERDADE>DIREITOS INDIVIDUAIS>TRÁFICO DE PESSOAS - NACIONAL
7DF64841F581D8616FF3501C3F094950919E35B5008C5A5C65A47C0F114C7102;2023-02-17 23:44:23.817;TELEFÔNICO;RISCO IMINENTE DE MORTE DA VÍTIMA;TERCEIRO;CASA DE FAMILIARES;BR | BRASIL;SP;351550 | FERNANDÓPOLIS;DIARIAMENTE;HÁ UM MÊS;1;VIOLÊNCIA CONTRA CRIANÇA OU ADOLESCENTE;;OUTROS PROFISSIONAIS DA EDUCAÇÃO;PESSOA FÍSICA;NÃO INFORMADO;NÃO;CRIANÇA/ADOLESCENTE IDADE NÃO INFORMADA;BR | BRASIL;;;;;NÃO;;NÃO;BR | BRASIL;SP;351550 | FERNANDÓPOLIS;NÃO SABE INFORMAR;;;;;;PESSOA FÍSICA;MASCULINO;NÃO;NÃO INFORMADO;BR | BRASIL;;;;;NÃO;;NÃO INFORMADO;BR | BRASIL;SP;351550 | FERNANDÓPOLIS;NÃO SABE INFORMAR;;;PRETA;;;;;;;LIBERDADE>DIREITOS INDIVIDUAIS>TRÁFICO DE PESSOAS - NACIONAL
7F11B8E8E41D665BA9B867A137E3133256B99C62E72441BC7EE71CD077415CD0;2023-02-02 15:37:58.977;TELEFÔNICO;RISCO IMINENTE DE MORTE DA VÍTIMA;TERCEIRO;ESTABELECIMENTO DE SAÚDE;BR | BRASIL;PE;260410 | CARUARU;DIARIAMENTE;HÁ MAIS DE DEZ ANOS;1;VIOLÊNCIA CONTRA CRIANÇA OU ADOLESCENTE;MOTIVAÇÃO.PARA FINS DE ADOÇÃO;OUTROS;PESSOA FÍSICA;MASCULINO;;RECÉM-NASCIDO (ATÉ 28 DIAS);BR | BRASIL;;;;;NÃO;;;BR | BRASIL;PE;260410 | CARUARU;;;;;;;PESSOA FÍSICA;FEMININO;NÃO;;BR | BRASIL;;;;;NÃO;;NÃO;BR | BRASIL;ATENDIMENTO INTERROMPIDO;ATENDIMENTO INTERROMPIDO;;;;;;;;;;;LIBERDADE>DIREITOS INDIVIDUAIS>TRÁFICO DE PESSOAS - NACIONAL
86ACDD2A96FB6D4EC761C938073888FFAA162EBACE4AA193B24D86AEB24216D9;2023-02-13 16:33:07.717;PORTAL;NÃO;TERCEIRO;LOCAL DE TRABALHO DA VÍTIMA;BR | BRASIL;SP;355100 | SÃO VICENTE;DIARIAMENTE;NÃO SABE INFORMAR;1;VIOLÊNCIA CONTRA CIDADÃO, FAMÍLIA OU COMUNIDADE;;NÃO SABE INFORMAR;PESSOA FÍSICA;MASCULINO;NÃO;25 A 29 ANOS;BR | BRASIL;;;;;NÃO;;NÃO INFORMADO;BR | BRASIL;SP;355100 | SÃO VICENTE;;;;AMARELA;;;PESSOA FÍSICA;MASCULINO;NÃO;NÃO INFORMADO;BR | BRASIL;;;;;NÃO;;NÃO INFORMADO;BR | BRASIL;SP;355100 | SÃO VICENTE;NÃO SABE INFORMAR;;;NÃO INFORMADO;;;;;;;LIBERDADE>DIREITOS INDIVIDUAIS>TRÁFICO DE PESSOAS - INTERNACIONAL
8C0BC73EB092583FC7C26800E75DEBF9124A88A456F72D19064E787E5573C387;2023-02-17 23:27:13.850;TELEFÔNICO;RISCO IMINENTE DE MORTE DA VÍTIMA;TERCEIRO;CASA DE FAMILIARES;BR | BRASIL;SP;351550 | FERNANDÓPOLIS;DIARIAMENTE;HÁ UM MÊS;1;VIOLÊNCIA CONTRA CRIANÇA OU ADOLESCENTE;;OUTROS FAMILIARES;PESSOA FÍSICA;MASCULINO;NÃO;CRIANÇA/ADOLESCENTE IDADE NÃO INFORMADA;BR | BRASIL;;;;;NÃO;;NÃO INFORMADO;BR | BRASIL;SP;351550 | FERNANDÓPOLIS;NÃO SABE INFORMAR;;;;;;PESSOA FÍSICA;MASCULINO;NÃO;NÃO INFORMADO;BR | BRASIL;;;;;NÃO;;NÃO INFORMADO;BR | BRASIL;SP;351550 | FERNANDÓPOLIS;NÃO SABE INFORMAR;;;NÃO INFORMADO;;;;;;;LIBERDADE>DIREITOS INDIVIDUAIS>TRÁFICO DE PESSOAS - NACIONAL
8D6218B567C6B98D2A9B8E48F8DDC1A202CDE576693C56F2290221ED4BA6528F;2023-02-15 22:41:13.173;TELEFÔNICO;NÃO;TERCEIRO;CASA ONDE RESIDE A VÍTIMA E O SUSPEITO;BR | BRASIL;RS;430120 | ARROIO DO TIGRE;DIARIAMENTE;HÁ MAIS DE UM ANO;2;VIOLÊNCIA CONTRA CRIANÇA OU ADOLESCENTE;MOTIVAÇÃO.PARA FINS DE ADOÇÃO;AVÔ(Ó);PESSOA FÍSICA;FEMININO;;CRIANÇA/ADOLESCENTE IDADE NÃO INFORMADA;BR | BRASIL;;;;;NÃO;;;BR | BRASIL;RS;430120 | ARROIO DO TIGRE;;;;BRANCA;;;PESSOA FÍSICA;FEMININO;NÃO;NÃO INFORMADO;BR | BRASIL;;;;;NÃO;;NÃO INFORMADO;BR | BRASIL;RS;430120 | ARROIO DO TIGRE;NÃO SABE INFORMAR;;;;;;;;;;LIBERDADE>DIREITOS INDIVIDUAIS>TRÁFICO DE PESSOAS - NACIONAL
82B02F002EF881D229CFE7DA314CE974F1E526AC3761021F58B6CCCC43DC5E18;2023-02-03 15:17:59.470;TELEFÔNICO;NÃO;TERCEIRO;CASA ONDE RESIDE A VÍTIMA E O SUSPEITO;BR | BRASIL;MG;314330 | MONTES CLAROS;NÃO SABE INFORMAR;NÃO SABE INFORMAR;1;VIOLÊNCIA CONTRA CRIANÇA OU ADOLESCENTE;AGRAVANTE.NA RELAÇÃO FAMILIAR;MÃE;PESSOA FÍSICA;MASCULINO;NÃO;RECÉM-NASCIDO (ATÉ 28 DIAS);BR | BRASIL;;;;;NÃO;;NÃO;BR | BRASIL;MG;314330 | MONTES CLAROS;;;;NÃO INFORMADO;;;PESSOA FÍSICA;FEMININO;NÃO;18 A 19 ANOS;BR | BRASIL;;;;;NÃO;;NÃO INFORMADO;BR | BRASIL;MG;314330 | MONTES CLAROS;NÃO SABE INFORMAR;;;NÃO INFORMADO;;;;;;;LIBERDADE>DIREITOS INDIVIDUAIS>TRÁFICO DE PESSOAS - NACIONAL
8C0BC73EB092583FC7C26800E75DEBF9124A88A456F72D19064E787E5573C387;2023-02-17 23:27:13.850;TELEFÔNICO;RISCO IMINENTE DE MORTE DA VÍTIMA;TERCEIRO;CASA DE FAMILIARES;BR | BRASIL;SP;351550 | FERNANDÓPOLIS;DIARIAMENTE;HÁ UM MÊS;1;VIOLÊNCIA CONTRA CRIANÇA OU ADOLESCENTE;;OUTROS FAMILIARES;PESSOA FÍSICA;MASCULINO;NÃO;CRIANÇA/ADOLESCENTE IDADE NÃO INFORMADA;BR | BRASIL;;;;;NÃO;;NÃO INFORMADO;BR | BRASIL;SP;351550 | FERNANDÓPOLIS;NÃO SABE INFORMAR;;;;;;PESSOA FÍSICA;MASCULINO;NÃO;NÃO INFORMADO;BR | BRASIL;;;;;NÃO;;NÃO INFORMADO;BR | BRASIL;SP;351550 | FERNANDÓPOLIS;NÃO SABE INFORMAR;;;NÃO INFORMADO;;;;;;;LIBERDADE>DIREITOS INDIVIDUAIS>TRÁFICO DE PESSOAS - INTERNACIONAL
86F466C76425F078D80C00DE192891B4940FEC2FFA5B3C2C19CC2A17ED2EE548;2023-02-17 23:58:58.370;TELEFÔNICO;RISCO IMINENTE DE MORTE DA VÍTIMA;TERCEIRO;CASA DE FAMILIARES;BR | BRASIL;SP;351550 | FERNANDÓPOLIS;MENSALMENTE;HÁ UM MÊS;1;VIOLÊNCIA CONTRA CRIANÇA OU ADOLESCENTE;;DESCONHECIDO(A);PESSOA FÍSICA;FEMININO;NÃO;12 ANOS;BR | BRASIL;;;;;NÃO;;NÃO INFORMADO;BR | BRASIL;SP;351550 | FERNANDÓPOLIS;;;;NÃO INFORMADO;;;PESSOA FÍSICA;MASCULINO;NÃO;35 A 39 ANOS;BR | BRASIL;;;;;NÃO;;NÃO INFORMADO;BR | BRASIL;SP;351550 | FERNANDÓPOLIS;NÃO SABE INFORMAR;;;;;;;;;;LIBERDADE>DIREITOS INDIVIDUAIS>TRÁFICO DE PESSOAS - NACIONAL
9067A7085FFCDD74BBD318D6AB0102AEF267182D052AD82935F3BB330E2CD55C;2023-02-15 22:19:57.567;TELEFÔNICO;NÃO;TERCEIRO;CASA ONDE RESIDE A VÍTIMA E O SUSPEITO;BR | BRASIL;RS;430120 | ARROIO DO TIGRE;DIARIAMENTE;HÁ MAIS DE CINCO ANOS;1;VIOLÊNCIA CONTRA CRIANÇA OU ADOLESCENTE;;AVÔ(Ó);PESSOA FÍSICA;FEMININO;;05 ANOS;BR | BRASIL;;;;;NÃO;;;BR | BRASIL;RS;430120 | ARROIO DO TIGRE;;;;BRANCA;;;PESSOA FÍSICA;FEMININO;NÃO;NÃO INFORMADO;BR | BRASIL;;;;;NÃO;;NÃO;BR | BRASIL;RS;430120 | ARROIO DO TIGRE;NÃO SABE INFORMAR;;;NÃO INFORMADO;;;;;;;LIBERDADE>DIREITOS INDIVIDUAIS>TRÁFICO DE PESSOAS - NACIONAL
8FFC8B0080ACF766D8F4B211789F176F06C6BF45674F3B26A3963D201DCEEB56;2023-03-18 19:22:56.520;TELEFÔNICO;NÃO;TERCEIRO;CASA ONDE RESIDE A VÍTIMA E O SUSPEITO;BR | BRASIL;SP;353060 | MOGI DAS CRUZES;DIARIAMENTE;HÁ MAIS DE DEZ ANOS;1;VIOLÊNCIA CONTRA CRIANÇA OU ADOLESCENTE;MOTIVAÇÃO.EM RAZÃO DA IDADE;NÃO SABE INFORMAR;PESSOA FÍSICA;FEMININO;NÃO;09 ANOS;BR | BRASIL;;;;;NÃO;;;BR | BRASIL;SP;353060 | MOGI DAS CRUZES;;;;PARDA;;;PESSOA FÍSICA;FEMININO;NÃO;30 A 34 ANOS;BR | BRASIL;;;;;NÃO;;NÃO;BR | BRASIL;SP;353060 | MOGI DAS CRUZES;NÃO SABE INFORMAR;;;PARDA;;;;;;;LIBERDADE>DIREITOS INDIVIDUAIS>TRÁFICO DE PESSOAS - NACIONAL
95CF24FE00717B417432BDDC1FF861BD7DBA09A78CA52F7EB966835AE5653824;2023-02-16 15:20:15.307;TELEFÔNICO;NÃO;TERCEIRO;CASA DO SUSPEITO;BR | BRASIL;ES;320500 | SERRA;DIARIAMENTE;HÁ MAIS DE CINCO ANOS;1;VIOLÊNCIA CONTRA CRIANÇA OU ADOLESCENTE;AGRAVANTE.DA COABITAÇÃO/CONVIVÊNCIA FAMILIAR/RELAÇÃO AFETIVA;MÃE;PESSOA FÍSICA;FEMININO;NÃO;12 ANOS;BR | BRASIL;;;;;NÃO;;NÃO;BR | BRASIL;ES;320500 | SERRA;;;;PARDA;;;PESSOA FÍSICA;FEMININO;NÃO;25 A 29 ANOS;BR | BRASIL;;;;NÃO;NÃO;;NÃO;BR | BRASIL;ES;320500 | SERRA;NÃO SABE INFORMAR;;;PARDA;;;;;;;LIBERDADE>DIREITOS INDIVIDUAIS>TRÁFICO DE PESSOAS - NACIONAL
92166F64C2FC4C735D8F7FCA773187A7602B68DF32C68AC3A305664452E17B86;2023-06-19 11:02:03.090;TELEFÔNICO;NÃO;TERCEIRO;CASA DO SUSPEITO;BR | BRASIL;MG;316990 | UBÁ;DIARIAMENTE;HÁ UM MÊS;1;VIOLÊNCIA CONTRA CRIANÇA OU ADOLESCENTE;MOTIVAÇÃO.EM RAZÃO DA IDADE;MÃE;PESSOA FÍSICA;FEMININO;NÃO;MENOS DE 01 ANO;BR | BRASIL;;;;;NÃO;;;BR | BRASIL;MG;316990 | UBÁ;;;;BRANCA;;;PESSOA FÍSICA;FEMININO;NÃO;;BR | BRASIL;;;;;NÃO;;;BR | BRASIL;MG;316990 | UBÁ;;;;;;;;;;;LIBERDADE>DIREITOS INDIVIDUAIS>TRÁFICO DE PESSOAS - NACIONAL
86F466C76425F078D80C00DE192891B4940FEC2FFA5B3C2C19CC2A17ED2EE548;2023-02-17 23:58:58.370;TELEFÔNICO;RISCO IMINENTE DE MORTE DA VÍTIMA;TERCEIRO;CASA DE FAMILIARES;BR | BRASIL;SP;351550 | FERNANDÓPOLIS;MENSALMENTE;HÁ UM MÊS;1;VIOLÊNCIA CONTRA CRIANÇA OU ADOLESCENTE;;DESCONHECIDO(A);PESSOA FÍSICA;FEMININO;NÃO;12 ANOS;BR | BRASIL;;;;;NÃO;;NÃO INFORMADO;BR | BRASIL;SP;351550 | FERNANDÓPOLIS;;;;NÃO INFORMADO;;;PESSOA FÍSICA;MASCULINO;NÃO;35 A 39 ANOS;BR | BRASIL;;;;;NÃO;;NÃO INFORMADO;BR | BRASIL;SP;351550 | FERNANDÓPOLIS;NÃO SABE INFORMAR;;;;;;;;;;LIBERDADE>DIREITOS INDIVIDUAIS>TRÁFICO DE PESSOAS - INTERNACIONAL
8FF01E5535E73609707181427E68E40109CDDCF2B4D87F317AC2DA23C78F4550;2023-02-18 00:12:10.080;TELEFÔNICO;RISCO IMINENTE DE MORTE DA VÍTIMA;TERCEIRO;CASA DE FAMILIARES;BR | BRASIL;SP;351550 | FERNANDÓPOLIS;DIARIAMENTE;HÁ UM MÊS;1;VIOLÊNCIA CONTRA CRIANÇA OU ADOLESCENTE;;OUTROS FAMILIARES;PESSOA FÍSICA;MASCULINO;NÃO INFORMADO;CRIANÇA/ADOLESCENTE IDADE NÃO INFORMADA;BR | BRASIL;;;;;NÃO;;NÃO INFORMADO;BR | BRASIL;SP;351550 | FERNANDÓPOLIS;NÃO SABE INFORMAR;;;;;;PESSOA FÍSICA;MASCULINO;;CRIANÇA/ADOLESCENTE IDADE NÃO INFORMADA;BR | BRASIL;;;;;NÃO;;;BR | BRASIL;SP;351550 | FERNANDÓPOLIS;;;;;;;;;;;LIBERDADE>DIREITOS INDIVIDUAIS>TRÁFICO DE PESSOAS - NACIONAL
8FF01E5535E73609707181427E68E40109CDDCF2B4D87F317AC2DA23C78F4550;2023-02-18 00:12:10.080;TELEFÔNICO;RISCO IMINENTE DE MORTE DA VÍTIMA;TERCEIRO;CASA DE FAMILIARES;BR | BRASIL;SP;351550 | FERNANDÓPOLIS;DIARIAMENTE;HÁ UM MÊS;1;VIOLÊNCIA CONTRA CRIANÇA OU ADOLESCENTE;;OUTROS FAMILIARES;PESSOA FÍSICA;MASCULINO;NÃO INFORMADO;CRIANÇA/ADOLESCENTE IDADE NÃO INFORMADA;BR | BRASIL;;;;;NÃO;;NÃO INFORMADO;BR | BRASIL;SP;351550 | FERNANDÓPOLIS;NÃO SABE INFORMAR;;;;;;PESSOA FÍSICA;MASCULINO;;CRIANÇA/ADOLESCENTE IDADE NÃO INFORMADA;BR | BRASIL;;;;;NÃO;;;BR | BRASIL;SP;351550 | FERNANDÓPOLIS;;;;;;;;;;;LIBERDADE>DIREITOS INDIVIDUAIS>TRÁFICO DE PESSOAS - INTERNACIONAL
97783C355931B91DBC11EA7FBDE97223AE4AB41216CB59B059FFCF6BD7593532;2023-02-17 23:27:13.850;TELEFÔNICO;RISCO IMINENTE DE MORTE DA VÍTIMA;TERCEIRO;CASA DE FAMILIARES;BR | BRASIL;SP;351550 | FERNANDÓPOLIS;DIARIAMENTE;HÁ UM MÊS;1;VIOLÊNCIA CONTRA CRIANÇA OU ADOLESCENTE;;OUTROS FAMILIARES;PESSOA FÍSICA;MASCULINO;NÃO;CRIANÇA/ADOLESCENTE IDADE NÃO INFORMADA;BR | BRASIL;;;;;NÃO;;NÃO INFORMADO;BR | BRASIL;SP;351550 | FERNANDÓPOLIS;NÃO SABE INFORMAR;;;;;;PESSOA FÍSICA;FEMININO;NÃO;NÃO INFORMADO;BR | BRASIL;;;;;NÃO;;NÃO INFORMADO;BR | BRASIL;SP;351550 | FERNANDÓPOLIS;NÃO SABE INFORMAR;;;NÃO INFORMADO;;;;;;;LIBERDADE>DIREITOS INDIVIDUAIS>TRÁFICO DE PESSOAS - NACIONAL
9AA5B7B876BF2FE3592C7F7C543774AEA848BA7FFA377F1AB8DE05004C832343;2023-02-28 14:32:07.273;TELEFÔNICO;NÃO;TERCEIRO;ESTABELECIMENTO COMERCIAL;BR | BRASIL;PA;150220 | CAPANEMA;ÚNICA OCORRÊNCIA;NÃO SE APLICA;1;VIOLÊNCIA CONTRA CRIANÇA OU ADOLESCENTE;MOTIVAÇÃO.EM RAZÃO DA IDADE;DESCONHECIDO(A);PESSOA FÍSICA;FEMININO;NÃO;13 ANOS;BR | BRASIL;;;;;NÃO;;NÃO;BR | BRASIL;PA;150220 | CAPANEMA;;;;PARDA;;;PESSOA FÍSICA;FEMININO;NÃO;30 A 34 ANOS;BR | BRASIL;;;;;NÃO;;NÃO;BR | BRASIL;PA;150220 | CAPANEMA;OUTROS NÃO LISTADOS;;;PARDA;;;;;;;LIBERDADE>DIREITOS INDIVIDUAIS>TRÁFICO DE PESSOAS - NACIONAL
931569A9AF002CCF497E660132DFC6065862A450989FC84041D5B1E436F2AEA2;2023-03-22 22:39:39.523;TELEFÔNICO;NÃO;TERCEIRO;CASA DA VÍTIMA;BR | BRASIL;BA;291360 | ILHÉUS;DIARIAMENTE;HÁ UMA SEMANA;1;VIOLÊNCIA CONTRA CRIANÇA OU ADOLESCENTE;;DESCONHECIDO(A);PESSOA FÍSICA;MASCULINO;NÃO;02 ANOS;BR | BRASIL;;;;;NÃO;;NÃO;BR | BRASIL;BA;291360 | ILHÉUS;;;;BRANCA;;;PESSOA FÍSICA;FEMININO;NÃO;45 A 49 ANOS;BR | BRASIL;;;;;NÃO;;NÃO INFORMADO;BR | BRASIL;BA;291360 | ILHÉUS;OUTROS NÃO LISTADOS;;;BRANCA;;;;;;;LIBERDADE>DIREITOS INDIVIDUAIS>TRÁFICO DE PESSOAS - NACIONAL
9A5CF75052754BDFC8E3DA55745FA644B834838834B28802888F9ED649E5A05B;2023-04-17 22:01:41.397;TELEFÔNICO;NÃO;TERCEIRO;CASA DA VÍTIMA;BR | BRASIL;MG;310620 | BELO HORIZONTE;DIARIAMENTE;HÁ MAIS DE CINCO ANOS;1;VIOLÊNCIA CONTRA CRIANÇA OU ADOLESCENTE;AGRAVANTE.POR MOTIVO VIL, TORPE, INSIDIOSO, CRUEL, À TRAIÇÃO, OU POR DINHEIRO;FUNCIONÁRIO, VOLUNTÁRIO OU PRESTADOR DE SERVIÇO PARA INSTITUIÇÃO;COMUNIDADE/FAMÍLIA;NÃO SE APLICA - VÍTIMA COMUNIDADE/FAMÍLIA;NÃO;03 ANOS;BR | BRASIL;;;;;NÃO;;NÃO;BR | BRASIL;MG;310620 | BELO HORIZONTE;;;;BRANCA;;;ÓRGÃO PÚBLICO;;;;BR | BRASIL;;;;;;;;BR | BRASIL;MG;310620 | BELO HORIZONTE;;;;;;;;PODER JUDICIÁRIO - ESTADUAL;;;LIBERDADE>DIREITOS INDIVIDUAIS>TRÁFICO DE PESSOAS - INTERNACIONAL
94550A2BDD4E8CCB8CC25D138514A807FAB6E789FDF0F73CE4E84DFCDF9B4483;2023-03-18 19:22:56.520;TELEFÔNICO;NÃO;TERCEIRO;CASA DO SUSPEITO;BR | BRASIL;SP;353060 | MOGI DAS CRUZES;DIARIAMENTE;HÁ MAIS DE DEZ ANOS;1;VIOLÊNCIA CONTRA CRIANÇA OU ADOLESCENTE;MOTIVAÇÃO.EM RAZÃO DA IDADE;NÃO SABE INFORMAR;PESSOA FÍSICA;FEMININO;;09 ANOS;BR | BRASIL;;;;;NÃO;;;BR | BRASIL;BA;290405 | BONITO;;;;NÃO INFORMADO;;;PESSOA FÍSICA;FEMININO;NÃO;60 A 64 ANOS;BR | BRASIL;;;;;NÃO;;NÃO;BR | BRASIL;SP;353060 | MOGI DAS CRUZES;NÃO SABE INFORMAR;;;;;;;;;;LIBERDADE>DIREITOS INDIVIDUAIS>TRÁFICO DE PESSOAS - NACIONAL
97783C355931B91DBC11EA7FBDE97223AE4AB41216CB59B059FFCF6BD7593532;2023-02-17 23:27:13.850;TELEFÔNICO;RISCO IMINENTE DE MORTE DA VÍTIMA;TERCEIRO;CASA DE FAMILIARES;BR | BRASIL;SP;351550 | FERNANDÓPOLIS;DIARIAMENTE;HÁ UM MÊS;1;VIOLÊNCIA CONTRA CRIANÇA OU ADOLESCENTE;;OUTROS FAMILIARES;PESSOA FÍSICA;MASCULINO;NÃO;CRIANÇA/ADOLESCENTE IDADE NÃO INFORMADA;BR | BRASIL;;;;;NÃO;;NÃO INFORMADO;BR | BRASIL;SP;351550 | FERNANDÓPOLIS;NÃO SABE INFORMAR;;;;;;PESSOA FÍSICA;FEMININO;NÃO;NÃO INFORMADO;BR | BRASIL;;;;;NÃO;;NÃO INFORMADO;BR | BRASIL;SP;351550 | FERNANDÓPOLIS;NÃO SABE INFORMAR;;;NÃO INFORMADO;;;;;;;LIBERDADE>DIREITOS INDIVIDUAIS>TRÁFICO DE PESSOAS - INTERNACIONAL
9610B4960A7E0A6031509B6E27F0BFB5ECDD4B2CCFCA942EDA1FB2BCB346F485;2023-02-18 11:25:50.303;TELEFÔNICO;RISCO IMINENTE DE MORTE DA VÍTIMA;TERCEIRO;CASA DE FAMILIARES;BR | BRASIL;SP;351550 | FERNANDÓPOLIS;DIARIAMENTE;HÁ UM MÊS;2;VIOLÊNCIA CONTRA CRIANÇA OU ADOLESCENTE;;OUTROS FAMILIARES;PESSOA FÍSICA;MASCULINO;NÃO;CRIANÇA/ADOLESCENTE IDADE NÃO INFORMADA;BR | BRASIL;;;;;NÃO;;NÃO INFORMADO;BR | BRASIL;SP;351550 | FERNANDÓPOLIS;NÃO SABE INFORMAR;ENSINO FUNDAMENTAL INCOMPLETO;;PRETA;;;PESSOA FÍSICA;MASCULINO;NÃO;NÃO INFORMADO;BR | BRASIL;;;;;NÃO;;NÃO INFORMADO;BR | BRASIL;SP;351550 | FERNANDÓPOLIS;NÃO SABE INFORMAR;;;NÃO INFORMADO;;;;;;;LIBERDADE>DIREITOS INDIVIDUAIS>TRÁFICO DE PESSOAS - INTERNACIONAL
9610B4960A7E0A6031509B6E27F0BFB5ECDD4B2CCFCA942EDA1FB2BCB346F485;2023-02-18 11:25:50.303;TELEFÔNICO;RISCO IMINENTE DE MORTE DA VÍTIMA;TERCEIRO;CASA DE FAMILIARES;BR | BRASIL;SP;351550 | FERNANDÓPOLIS;DIARIAMENTE;HÁ UM MÊS;2;VIOLÊNCIA CONTRA CRIANÇA OU ADOLESCENTE;;OUTROS FAMILIARES;PESSOA FÍSICA;MASCULINO;NÃO;CRIANÇA/ADOLESCENTE IDADE NÃO INFORMADA;BR | BRASIL;;;;;NÃO;;NÃO INFORMADO;BR | BRASIL;SP;351550 | FERNANDÓPOLIS;NÃO SABE INFORMAR;ENSINO FUNDAMENTAL INCOMPLETO;;PRETA;;;PESSOA FÍSICA;MASCULINO;NÃO;NÃO INFORMADO;BR | BRASIL;;;;;NÃO;;NÃO INFORMADO;BR | BRASIL;SP;351550 | FERNANDÓPOLIS;NÃO SABE INFORMAR;;;NÃO INFORMADO;;;;;;;LIBERDADE>DIREITOS INDIVIDUAIS>TRÁFICO DE PESSOAS - NACIONAL
9A5CF75052754BDFC8E3DA55745FA644B834838834B28802888F9ED649E5A05B;2023-04-17 22:01:41.397;TELEFÔNICO;NÃO;TERCEIRO;CASA DA VÍTIMA;BR | BRASIL;MG;310620 | BELO HORIZONTE;DIARIAMENTE;HÁ MAIS DE CINCO ANOS;1;VIOLÊNCIA CONTRA CRIANÇA OU ADOLESCENTE;AGRAVANTE.POR VIOLÊNCIA INSTITUCIONAL;FUNCIONÁRIO, VOLUNTÁRIO OU PRESTADOR DE SERVIÇO PARA INSTITUIÇÃO;COMUNIDADE/FAMÍLIA;NÃO SE APLICA - VÍTIMA COMUNIDADE/FAMÍLIA;NÃO;03 ANOS;BR | BRASIL;;;;;NÃO;;NÃO;BR | BRASIL;MG;310620 | BELO HORIZONTE;;;;BRANCA;;;ÓRGÃO PÚBLICO;;;;BR | BRASIL;;;;;;;;BR | BRASIL;MG;310620 | BELO HORIZONTE;;;;;;;;PODER JUDICIÁRIO - ESTADUAL;;;LIBERDADE>DIREITOS INDIVIDUAIS>TRÁFICO DE PESSOAS - NACIONAL
9715DC969D18951DF4D2547379890E4E44B19CE5577DE4DD40C37EFA91057553;2023-03-14 11:05:44.390;TELEFÔNICO;NÃO;TERCEIRO;CASA ONDE RESIDE A VÍTIMA E O SUSPEITO;BR | BRASIL;PR;412402 | SANTA TEREZA DO OESTE;DIARIAMENTE;HÁ UM MÊS;2;VIOLÊNCIA CONTRA CRIANÇA OU ADOLESCENTE;AGRAVANTE.POR CONDUTAS EXCESSIVAS/DESNECESSÁRIAS/DESACONSELHADAS;DESCONHECIDO(A);PESSOA FÍSICA;FEMININO;NÃO;14 ANOS;BR | BRASIL;;;;;NÃO;;NÃO;BR | BRASIL;PR;412402 | SANTA TEREZA DO OESTE;ESTUDANTE;ENSINO FUNDAMENTAL INCOMPLETO;;PARDA;;SEM RENDIMENTO;PESSOA FÍSICA;;NÃO;60 A 64 ANOS;AR | ARGENTINA;;;;;NÃO;;FLAGRANTE;BR | BRASIL;PR;412402 | SANTA TEREZA DO OESTE;ESTUDANTE;;;PARDA;;;;;;;LIBERDADE>DIREITOS INDIVIDUAIS>TRÁFICO DE PESSOAS - INTERNACIONAL
99E6818795403D43C3BFC48149AAAE8B8C32D699923A63B7EC856052417E260D;2023-05-23 12:02:06.970;TELEFÔNICO;NÃO;TERCEIRO;CASA DE TERCEIRO;BR | BRASIL;RJ;330490 | SÃO GONÇALO;DIARIAMENTE;HÁ MAIS DE SEIS MESES;1;VIOLÊNCIA CONTRA CRIANÇA OU ADOLESCENTE;;MÃE;PESSOA FÍSICA;FEMININO;;01 ANO;BR | BRASIL;;;;;NÃO;;;BR | BRASIL;RJ;330490 | SÃO GONÇALO;;;;BRANCA;;;PESSOA FÍSICA;FEMININO;NÃO;30 A 34 ANOS;BR | BRASIL;;;;;NÃO;;NÃO;BR | BRASIL;RJ;330490 | SÃO GONÇALO;TRABALHADOR DO SETOR PRIMÁRIO (AGRICULTURA, PECUÁRIA, MINERAÇÃO, EXTRATIVISMO);;;PARDA;;;;;;;LIBERDADE>DIREITOS INDIVIDUAIS>TRÁFICO DE PESSOAS - NACIONAL
A7E991EAB6C048C0FDAACE3FF1064F4712DB203C0F531D4176F60E99E510FB1C;2023-02-17 23:04:40.807;TELEFÔNICO;RISCO IMINENTE DE MORTE DA VÍTIMA;TERCEIRO;OUTROS;BR | BRASIL;SP;351550 | FERNANDÓPOLIS;DIARIAMENTE;HÁ UM MÊS;1;VIOLÊNCIA CONTRA CRIANÇA OU ADOLESCENTE;;OUTROS;PESSOA FÍSICA;MASCULINO;;CRIANÇA/ADOLESCENTE IDADE NÃO INFORMADA;BR | BRASIL;;;;;NÃO;;;BR | BRASIL;SP;351550 | FERNANDÓPOLIS;;;;;;;PESSOA FÍSICA;MASCULINO;NÃO;;BR | BRASIL;;;;;NÃO;;NÃO INFORMADO;BR | BRASIL;SP;351550 | FERNANDÓPOLIS;NÃO SABE INFORMAR;;;;;;;;;;LIBERDADE>DIREITOS INDIVIDUAIS>TRÁFICO DE PESSOAS - NACIONAL
A7E991EAB6C048C0FDAACE3FF1064F4712DB203C0F531D4176F60E99E510FB1C;2023-02-17 23:04:40.807;TELEFÔNICO;RISCO IMINENTE DE MORTE DA VÍTIMA;TERCEIRO;OUTROS;BR | BRASIL;SP;351550 | FERNANDÓPOLIS;DIARIAMENTE;HÁ UM MÊS;1;VIOLÊNCIA CONTRA CRIANÇA OU ADOLESCENTE;;OUTROS;PESSOA FÍSICA;MASCULINO;;CRIANÇA/ADOLESCENTE IDADE NÃO INFORMADA;BR | BRASIL;;;;;NÃO;;;BR | BRASIL;SP;351550 | FERNANDÓPOLIS;;;;;;;PESSOA FÍSICA;MASCULINO;NÃO;;BR | BRASIL;;;;;NÃO;;NÃO INFORMADO;BR | BRASIL;SP;351550 | FERNANDÓPOLIS;NÃO SABE INFORMAR;;;;;;;;;;LIBERDADE>DIREITOS INDIVIDUAIS>TRÁFICO DE PESSOAS - INTERNACIONAL
B25764A09C0218CC4A0FE0BDD24AD793D5B0999CCE6D039DD756AF926FB69B24;2023-03-31 16:12:01.600;TELEFÔNICO;NÃO;TERCEIRO;ESTABELECIMENTO COMERCIAL;BR | BRASIL;RS;431215 | MATO LEITÃO;DIARIAMENTE;HÁ MAIS DE UM ANO;1;VIOLÊNCIA CONTRA CIDADÃO, FAMÍLIA OU COMUNIDADE;;NÃO SE APLICA;COMUNIDADE/FAMÍLIA;NÃO SE APLICA - VÍTIMA COMUNIDADE/FAMÍLIA;NÃO;30 A 34 ANOS;BR | BRASIL;;;;;NÃO;;NÃO INFORMADO;BR | BRASIL;RS;431215 | MATO LEITÃO;;;;NÃO INFORMADO;;;PESSOA FÍSICA;MASCULINO;NÃO;45 A 49 ANOS;BR | BRASIL;;;;;NÃO;;NÃO;BR | BRASIL;RS;431215 | MATO LEITÃO;TRABALHADOR DO SETOR INDUSTRIAL;;;NÃO INFORMADO;;;;;;;LIBERDADE>DIREITOS INDIVIDUAIS>TRÁFICO DE PESSOAS - NACIONAL
A9BA81493B6DF3F6B08EB4AA7092FFEF6F9D120A70FCE8B58A84BD4FC93BCD0E;2023-04-02 12:24:57.887;TELEFÔNICO;NÃO;TERCEIRO;VIA PÚBLICA;BR | BRASIL;MG;313670 | JUIZ DE FORA;DIARIAMENTE;HÁ MAIS DE UM ANO;2;VIOLÊNCIA CONTRA CIDADÃO, FAMÍLIA OU COMUNIDADE;MOTIVAÇÃO.EM RAZÃO DE CONDIÇÕES FÍSICAS, SENSORIAIS, INTELECTUAIS OU MENTAIS;NÃO SE APLICA;PESSOA FÍSICA;MASCULINO;NÃO;50 A 54 ANOS;BR | BRASIL;;;;;NÃO;;NÃO;BR | BRASIL;MG;313670 | JUIZ DE FORA;;;;BRANCA;;;PESSOA FÍSICA;MASCULINO;NÃO;70 A 74 ANOS;BR | BRASIL;;;;;NÃO;;NÃO;BR | BRASIL;MG;313670 | JUIZ DE FORA;ADVOGADO;;;BRANCA;;;;;;;LIBERDADE>DIREITOS INDIVIDUAIS>TRÁFICO DE PESSOAS - NACIONAL
A9BA81493B6DF3F6B08EB4AA7092FFEF6F9D120A70FCE8B58A84BD4FC93BCD0E;2023-04-02 12:24:57.887;TELEFÔNICO;NÃO;TERCEIRO;VIA PÚBLICA;BR | BRASIL;MG;313670 | JUIZ DE FORA;DIARIAMENTE;HÁ MAIS DE UM ANO;2;VIOLÊNCIA CONTRA PESSOA COM DEFICIÊNCIA;MOTIVAÇÃO.EM RAZÃO DE CONDIÇÕES FÍSICAS, SENSORIAIS, INTELECTUAIS OU MENTAIS;NÃO SE APLICA;PESSOA FÍSICA;MASCULINO;NÃO;50 A 54 ANOS;BR | BRASIL;;;;;NÃO;;NÃO;BR | BRASIL;MG;313670 | JUIZ DE FORA;;;;BRANCA;;;PESSOA FÍSICA;MASCULINO;NÃO;70 A 74 ANOS;BR | BRASIL;;;;;NÃO;;NÃO;BR | BRASIL;MG;313670 | JUIZ DE FORA;ADVOGADO;;;BRANCA;;;;;;;LIBERDADE>DIREITOS INDIVIDUAIS>TRÁFICO DE PESSOAS - NACIONAL
B62641D593CF497F594CAB048EF308DB8DFFE3985245CEC707FA5EF9953977BE;2023-05-19 17:15:00.240;TELEFÔNICO;NÃO;TERCEIRO;AMBIENTE VIRTUAL (NO ÂMBITO DA INTERNET);AR | ARGENTINA;DENUNCIANTE NÃO SOUBE INFORMAR;;SEMANALMENTE;HÁ MAIS DE SEIS MESES;1;VIOLÊNCIA CONTRA CIDADÃO, FAMÍLIA OU COMUNIDADE;AGRAVANTE.FOI PRATICADO POR DUAS OU MAIS PESSOAS;OUTROS;COMUNIDADE/FAMÍLIA;NÃO SE APLICA - VÍTIMA COMUNIDADE/FAMÍLIA;NÃO;20 A 24 ANOS;AR | ARGENTINA;;;;;NÃO;;NÃO INFORMADO;AR | ARGENTINA;;;;;;NÃO INFORMADO;;;PESSOA FÍSICA;MASCULINO;NÃO INFORMADO;50 A 54 ANOS;AR | ARGENTINA;;;;;NÃO;;NÃO INFORMADO;AR | ARGENTINA;;;PROFESSOR DO ENSINO INFANTIL;;;BRANCA;;;;;;;LIBERDADE>DIREITOS INDIVIDUAIS>TRÁFICO DE PESSOAS - INTERNACIONAL
B4714D3FDE5FD7CEE96FEA3BC479D9173570D07085408D7F9E9CED2E3BAAD7B1;2023-02-16 15:20:15.307;TELEFÔNICO;NÃO;TERCEIRO;CASA DO SUSPEITO;BR | BRASIL;ES;320500 | SERRA;DIARIAMENTE;HÁ MAIS DE CINCO ANOS;1;VIOLÊNCIA CONTRA CRIANÇA OU ADOLESCENTE;AGRAVANTE.DA COABITAÇÃO/CONVIVÊNCIA FAMILIAR/RELAÇÃO AFETIVA;MÃE;PESSOA FÍSICA;FEMININO;NÃO;12 ANOS;BR | BRASIL;;;;;NÃO;;NÃO;BR | BRASIL;ES;320500 | SERRA;;;;PARDA;;;PESSOA FÍSICA;FEMININO;NÃO;50 A 54 ANOS;BR | BRASIL;;;;NÃO;NÃO;;NÃO;BR | BRASIL;DENUNCIANTE NÃO SOUBE INFORMAR;DENUNCIANTE NÃO SOUBE INFORMAR;NÃO SABE INFORMAR;;;;;;;;;;LIBERDADE>DIREITOS INDIVIDUAIS>TRÁFICO DE PESSOAS - NACIONAL
AC05E2EE1EF709CDD9B2D700D5CD1ED00E1335C1941C18CB90049F41578F15F9;2023-02-07 11:48:16.167;E-MAIL;NÃO;A PRÓPRIA VÍTIMA;CASA DA VÍTIMA;BR | BRASIL;DENUNCIANTE NÃO SOUBE INFORMAR;DENUNCIANTE NÃO SOUBE INFORMAR;NÃO SABE INFORMAR;NÃO SABE INFORMAR;2;VIOLÊNCIA CONTRA CRIANÇA OU ADOLESCENTE;MOTIVAÇÃO.EM RAZÃO DA IDADE;OUTROS;PESSOA FÍSICA;MASCULINO;NÃO INFORMADO;13 ANOS;BR | BRASIL;;;;;NÃO;;NÃO;DE | ALEMANHA;DENUNCIANTE NÃO SOUBE INFORMAR;DENUNCIANTE NÃO SOUBE INFORMAR;;;;;;;PESSOA FÍSICA;NÃO INFORMADO;NÃO;50 A 54 ANOS;BR | BRASIL;;;;;NÃO;;NÃO INFORMADO;DE | ALEMANHA;;;NÃO SABE INFORMAR;;;NÃO INFORMADO;;;;;;;LIBERDADE>DIREITOS INDIVIDUAIS>TRÁFICO DE PESSOAS - INTERNACIONAL
B4F836E7DBC84C3217EB9E4558F1ECB5B4FFB6B88654886A8E7DBD4C828D7999;2023-02-20 13:24:13.743;TELEFÔNICO;NÃO;TERCEIRO;CASA DA VÍTIMA;BR | BRASIL;SP;355030 | SÃO PAULO;NÃO SABE INFORMAR;NÃO SABE INFORMAR;1;VIOLÊNCIA CONTRA CRIANÇA OU ADOLESCENTE;;OUTROS;PESSOA FÍSICA;FEMININO;NÃO;03 ANOS;BR | BRASIL;;;;;NÃO;;NÃO;BR | BRASIL;SP;355030 | SÃO PAULO;;;;BRANCA;;;PESSOA FÍSICA;FEMININO;NÃO;30 A 34 ANOS;BR | BRASIL;;;;;NÃO;;NÃO INFORMADO;BR | BRASIL;SP;355030 | SÃO PAULO;NÃO SABE INFORMAR;;;BRANCA;;;;;;;LIBERDADE>DIREITOS INDIVIDUAIS>TRÁFICO DE PESSOAS - NACIONAL
B62641D593CF497F594CAB048EF308DB8DFFE3985245CEC707FA5EF9953977BE;2023-05-19 17:15:00.240;TELEFÔNICO;NÃO;TERCEIRO;AMBIENTE VIRTUAL (NO ÂMBITO DA INTERNET);AR | ARGENTINA;DENUNCIANTE NÃO SOUBE INFORMAR;;SEMANALMENTE;HÁ MAIS DE SEIS MESES;1;VIOLÊNCIA CONTRA PESSOA COM DEFICIÊNCIA;AGRAVANTE.FOI PRATICADO POR DUAS OU MAIS PESSOAS;OUTROS;COMUNIDADE/FAMÍLIA;NÃO SE APLICA - VÍTIMA COMUNIDADE/FAMÍLIA;NÃO;20 A 24 ANOS;AR | ARGENTINA;;;;;NÃO;;NÃO INFORMADO;AR | ARGENTINA;;;;;;NÃO INFORMADO;;;PESSOA FÍSICA;MASCULINO;NÃO INFORMADO;50 A 54 ANOS;AR | ARGENTINA;;;;;NÃO;;NÃO INFORMADO;AR | ARGENTINA;;;PROFESSOR DO ENSINO INFANTIL;;;BRANCA;;;;;;;LIBERDADE>DIREITOS INDIVIDUAIS>TRÁFICO DE PESSOAS - INTERNACIONAL
BC295C95048B19B34020F7050C101213D5A7E8E6C2E4B05DC27163412D985F66;2023-01-01 13:05:16.233;TELEFÔNICO;NÃO;TERCEIRO;LOCAL DE TRABALHO DO AGRESSOR;BR | BRASIL;BA;292740 | SALVADOR;DIARIAMENTE;HÁ MAIS DE UM ANO;1;VIOLÊNCIA CONTRA CRIANÇA OU ADOLESCENTE;AGRAVANTE.POR CONDUTAS EXCESSIVAS/DESNECESSÁRIAS/DESACONSELHADAS;OUTROS;PESSOA FÍSICA;INTERSEXO;NÃO INFORMADO;CRIANÇA/ADOLESCENTE IDADE NÃO INFORMADA;BR | BRASIL;;;;NÃO;NÃO;;NÃO INFORMADO;BR | BRASIL;BA;292740 | SALVADOR;;;;NÃO INFORMADO;;;PESSOA FÍSICA;MASCULINO;NÃO;60 A 64 ANOS;BR | BRASIL;;;;NÃO;NÃO;;NÃO;BR | BRASIL;BA;292740 | SALVADOR;OUTROS PROFISSIONAIS LIBERAIS;;;BRANCA;;;;;;;LIBERDADE>DIREITOS INDIVIDUAIS>TRÁFICO DE PESSOAS - NACIONAL
BD8DED908D747074B2C43FA865251FF7E05C0D1A5DC10650FB102DE70E7B5EF8;2023-02-18 11:25:50.303;TELEFÔNICO;RISCO IMINENTE DE MORTE DA VÍTIMA;TERCEIRO;CASA DE FAMILIARES;BR | BRASIL;SP;351550 | FERNANDÓPOLIS;DIARIAMENTE;HÁ UM MÊS;2;VIOLÊNCIA CONTRA CRIANÇA OU ADOLESCENTE;;OUTROS FAMILIARES;PESSOA FÍSICA;FEMININO;NÃO;CRIANÇA/ADOLESCENTE IDADE NÃO INFORMADA;BR | BRASIL;;;;;NÃO;;;BR | BRASIL;SP;351550 | FERNANDÓPOLIS;;ENSINO FUNDAMENTAL INCOMPLETO;;PRETA;;;PESSOA FÍSICA;MASCULINO;NÃO;NÃO INFORMADO;BR | BRASIL;;;;;NÃO;;NÃO INFORMADO;BR | BRASIL;SP;351550 | FERNANDÓPOLIS;NÃO SABE INFORMAR;;;NÃO INFORMADO;;;;;;;LIBERDADE>DIREITOS INDIVIDUAIS>TRÁFICO DE PESSOAS - INTERNACIONAL
BD8DED908D747074B2C43FA865251FF7E05C0D1A5DC10650FB102DE70E7B5EF8;2023-02-18 11:25:50.303;TELEFÔNICO;RISCO IMINENTE DE MORTE DA VÍTIMA;TERCEIRO;CASA DE FAMILIARES;BR | BRASIL;SP;351550 | FERNANDÓPOLIS;DIARIAMENTE;HÁ UM MÊS;2;VIOLÊNCIA CONTRA CRIANÇA OU ADOLESCENTE;;OUTROS FAMILIARES;PESSOA FÍSICA;FEMININO;NÃO;CRIANÇA/ADOLESCENTE IDADE NÃO INFORMADA;BR | BRASIL;;;;;NÃO;;;BR | BRASIL;SP;351550 | FERNANDÓPOLIS;;ENSINO FUNDAMENTAL INCOMPLETO;;PRETA;;;PESSOA FÍSICA;MASCULINO;NÃO;NÃO INFORMADO;BR | BRASIL;;;;;NÃO;;NÃO INFORMADO;BR | BRASIL;SP;351550 | FERNANDÓPOLIS;NÃO SABE INFORMAR;;;NÃO INFORMADO;;;;;;;LIBERDADE>DIREITOS INDIVIDUAIS>TRÁFICO DE PESSOAS - NACIONAL
BB64A5598EA4268D65A6DCF35092B5FCED197F138D417ECB60C25DAED74814F3;2023-02-17 23:44:23.817;TELEFÔNICO;RISCO IMINENTE DE MORTE DA VÍTIMA;TERCEIRO;CASA DE FAMILIARES;BR | BRASIL;SP;351550 | FERNANDÓPOLIS;DIARIAMENTE;HÁ UM MÊS;1;VIOLÊNCIA CONTRA CRIANÇA OU ADOLESCENTE;;OUTROS PROFISSIONAIS DA EDUCAÇÃO;PESSOA FÍSICA;NÃO INFORMADO;NÃO;CRIANÇA/ADOLESCENTE IDADE NÃO INFORMADA;BR | BRASIL;;;;;NÃO;;NÃO;BR | BRASIL;SP;351550 | FERNANDÓPOLIS;NÃO SABE INFORMAR;;;;;;PESSOA FÍSICA;MASCULINO;NÃO;NÃO INFORMADO;BR | BRASIL;;;;;NÃO;;NÃO INFORMADO;BR | BRASIL;SP;351550 | FERNANDÓPOLIS;NÃO SABE INFORMAR;;;;;;;;;;LIBERDADE>DIREITOS INDIVIDUAIS>TRÁFICO DE PESSOAS - INTERNACIONAL
BB64A5598EA4268D65A6DCF35092B5FCED197F138D417ECB60C25DAED74814F3;2023-02-17 23:44:23.817;TELEFÔNICO;RISCO IMINENTE DE MORTE DA VÍTIMA;TERCEIRO;CASA DE FAMILIARES;BR | BRASIL;SP;351550 | FERNANDÓPOLIS;DIARIAMENTE;HÁ UM MÊS;1;VIOLÊNCIA CONTRA CRIANÇA OU ADOLESCENTE;;OUTROS PROFISSIONAIS DA EDUCAÇÃO;PESSOA FÍSICA;NÃO INFORMADO;NÃO;CRIANÇA/ADOLESCENTE IDADE NÃO INFORMADA;BR | BRASIL;;;;;NÃO;;NÃO;BR | BRASIL;SP;351550 | FERNANDÓPOLIS;NÃO SABE INFORMAR;;;;;;PESSOA FÍSICA;MASCULINO;NÃO;NÃO INFORMADO;BR | BRASIL;;;;;NÃO;;NÃO INFORMADO;BR | BRASIL;SP;351550 | FERNANDÓPOLIS;NÃO SABE INFORMAR;;;;;;;;;;LIBERDADE>DIREITOS INDIVIDUAIS>TRÁFICO DE PESSOAS - NACIONAL
AAFA16C3B186E6862C9BF7EEF27CD4726CF0C9ED3B0FFAF1AE748C0D5D37020F;2023-02-15 22:20:07.593;TELEFÔNICO;NÃO;TERCEIRO;CASA ONDE RESIDE A VÍTIMA E O SUSPEITO;BR | BRASIL;RS;430120 | ARROIO DO TIGRE;DIARIAMENTE;HÁ MAIS DE CINCO ANOS;1;VIOLÊNCIA CONTRA CRIANÇA OU ADOLESCENTE;;AVÔ(Ó);PESSOA FÍSICA;FEMININO;;05 ANOS;BR | BRASIL;;;;;NÃO;;;BR | BRASIL;RS;430120 | ARROIO DO TIGRE;;;;BRANCA;;;PESSOA FÍSICA;FEMININO;NÃO;NÃO INFORMADO;BR | BRASIL;;;;;NÃO;;NÃO;BR | BRASIL;RS;430120 | ARROIO DO TIGRE;NÃO SABE INFORMAR;;;NÃO INFORMADO;;;;;;;LIBERDADE>DIREITOS INDIVIDUAIS>TRÁFICO DE PESSOAS - NACIONAL
B5B25DC91126F75E84C24041F3A4834A4D26F6587804B17B79A7EAC72F40554D;2023-05-19 18:58:45.160;TELEFÔNICO;RISCO IMINENTE DE MORTE DA VÍTIMA;TERCEIRO;AMBIENTE VIRTUAL (NO ÂMBITO DA INTERNET);AR | ARGENTINA;;;DIARIAMENTE;HÁ MAIS DE SEIS MESES;1;VIOLÊNCIA CONTRA CIDADÃO, FAMÍLIA OU COMUNIDADE;AGRAVANTE.FOI PRATICADO POR DUAS OU MAIS PESSOAS;OUTROS;COMUNIDADE/FAMÍLIA;NÃO SE APLICA - VÍTIMA COMUNIDADE/FAMÍLIA;NÃO;20 A 24 ANOS;AR | ARGENTINA;;;;;NÃO;;NÃO;AR | ARGENTINA;;;;;;NÃO INFORMADO;;;PESSOA FÍSICA;FEMININO;NÃO INFORMADO;25 A 29 ANOS;BR | BRASIL;;;;;NÃO;;NÃO INFORMADO;AR | ARGENTINA;;;PROFESSOR DO ENSINO INFANTIL;;;BRANCA;;;;;;;LIBERDADE>DIREITOS INDIVIDUAIS>TRÁFICO DE PESSOAS - NACIONAL
B0383003D5342B1447BD3310317736E63B30FF75D312D3F4531A0A66C2BF2C6F;2023-01-31 15:29:26.713;TELEFÔNICO;NÃO;TERCEIRO;ESTABELECIMENTO DE SAÚDE;BR | BRASIL;AM;130260 | MANAUS;DIARIAMENTE;HÁ MAIS DE DEZ ANOS;1;VIOLÊNCIA CONTRA CRIANÇA OU ADOLESCENTE;;DESCONHECIDO(A);COMUNIDADE/FAMÍLIA;NÃO SE APLICA - VÍTIMA COMUNIDADE/FAMÍLIA;NÃO;MENOS DE 01 ANO;BR | BRASIL;;;;;NÃO;;NÃO;BR | BRASIL;AM;130260 | MANAUS;;;;NÃO INFORMADO;;;PESSOA FÍSICA;FEMININO;NÃO;60 A 64 ANOS;BR | BRASIL;;;;;NÃO;;NÃO INFORMADO;BR | BRASIL;AM;130260 | MANAUS;ENFERMEIRO/TÉCNICO DE ENFERMAGEM/AUXILIAR DE ENFERMAGEM;;;BRANCA;;;;;;;LIBERDADE>DIREITOS INDIVIDUAIS>TRÁFICO DE PESSOAS - NACIONAL
B9567864B9A46A6BCF218CE0AB3FC46F02D4DA5B7BC0B76439A021E90E781F7F;2023-02-18 11:25:50.303;TELEFÔNICO;RISCO IMINENTE DE MORTE DA VÍTIMA;TERCEIRO;CASA DE FAMILIARES;BR | BRASIL;SP;351550 | FERNANDÓPOLIS;DIARIAMENTE;HÁ UM MÊS;2;VIOLÊNCIA CONTRA CRIANÇA OU ADOLESCENTE;;OUTROS FAMILIARES;PESSOA FÍSICA;FEMININO;NÃO;CRIANÇA/ADOLESCENTE IDADE NÃO INFORMADA;BR | BRASIL;;;;;NÃO;;;BR | BRASIL;SP;351550 | FERNANDÓPOLIS;;ENSINO FUNDAMENTAL INCOMPLETO;;PRETA;;;PESSOA FÍSICA;MASCULINO;NÃO;NÃO INFORMADO;BR | BRASIL;;;;;NÃO;;NÃO;BR | BRASIL;SP;351550 | FERNANDÓPOLIS;NÃO SABE INFORMAR;;;NÃO INFORMADO;;;;;;;LIBERDADE>DIREITOS INDIVIDUAIS>TRÁFICO DE PESSOAS - INTERNACIONAL
C39907184AC810A12B56BF3E154773E2F452D5454B2E1C44FD8A7CFF9171601F;2023-05-19 17:15:00.240;TELEFÔNICO;NÃO;TERCEIRO;AMBIENTE VIRTUAL (NO ÂMBITO DA INTERNET);AR | ARGENTINA;DENUNCIANTE NÃO SOUBE INFORMAR;;SEMANALMENTE;HÁ MAIS DE SEIS MESES;1;VIOLÊNCIA CONTRA CIDADÃO, FAMÍLIA OU COMUNIDADE;AGRAVANTE.FOI PRATICADO POR DUAS OU MAIS PESSOAS;OUTROS;COMUNIDADE/FAMÍLIA;NÃO SE APLICA - VÍTIMA COMUNIDADE/FAMÍLIA;NÃO;20 A 24 ANOS;AR | ARGENTINA;;;;;NÃO;;NÃO INFORMADO;AR | ARGENTINA;;;;;;NÃO INFORMADO;;;PESSOA FÍSICA;FEMININO;NÃO;25 A 29 ANOS;BR | BRASIL;;;;;NÃO;;NÃO INFORMADO;AR | ARGENTINA;;;PROFESSOR DO ENSINO INFANTIL;;;PARDA;;;;;;;LIBERDADE>DIREITOS INDIVIDUAIS>TRÁFICO DE PESSOAS - INTERNACIONAL
B9567864B9A46A6BCF218CE0AB3FC46F02D4DA5B7BC0B76439A021E90E781F7F;2023-02-18 11:25:50.303;TELEFÔNICO;RISCO IMINENTE DE MORTE DA VÍTIMA;TERCEIRO;CASA DE FAMILIARES;BR | BRASIL;SP;351550 | FERNANDÓPOLIS;DIARIAMENTE;HÁ UM MÊS;2;VIOLÊNCIA CONTRA CRIANÇA OU ADOLESCENTE;;OUTROS FAMILIARES;PESSOA FÍSICA;FEMININO;NÃO;CRIANÇA/ADOLESCENTE IDADE NÃO INFORMADA;BR | BRASIL;;;;;NÃO;;;BR | BRASIL;SP;351550 | FERNANDÓPOLIS;;ENSINO FUNDAMENTAL INCOMPLETO;;PRETA;;;PESSOA FÍSICA;MASCULINO;NÃO;NÃO INFORMADO;BR | BRASIL;;;;;NÃO;;NÃO;BR | BRASIL;SP;351550 | FERNANDÓPOLIS;NÃO SABE INFORMAR;;;NÃO INFORMADO;;;;;;;LIBERDADE>DIREITOS INDIVIDUAIS>TRÁFICO DE PESSOAS - NACIONAL
BE2CDB9B3F0C4CA38888DC67A21808A1CD4385BD27D4703C4478E25D9B61DD4C;2023-05-19 18:58:45.160;TELEFÔNICO;RISCO IMINENTE DE MORTE DA VÍTIMA;TERCEIRO;AMBIENTE VIRTUAL (NO ÂMBITO DA INTERNET);AR | ARGENTINA;;;DIARIAMENTE;HÁ MAIS DE SEIS MESES;1;VIOLÊNCIA CONTRA CIDADÃO, FAMÍLIA OU COMUNIDADE;AGRAVANTE.FOI PRATICADO POR DUAS OU MAIS PESSOAS;OUTROS;COMUNIDADE/FAMÍLIA;NÃO SE APLICA - VÍTIMA COMUNIDADE/FAMÍLIA;NÃO;20 A 24 ANOS;AR | ARGENTINA;;;;;NÃO;;NÃO;AR | ARGENTINA;;;;;;NÃO INFORMADO;;;PESSOA FÍSICA;MASCULINO;NÃO;25 A 29 ANOS;AR | ARGENTINA;;;;;NÃO;;NÃO INFORMADO;AR | ARGENTINA;;;OUTROS NÃO LISTADOS;;;BRANCA;;;;;;;LIBERDADE>DIREITOS INDIVIDUAIS>TRÁFICO DE PESSOAS - NACIONAL
C48EFE6133A7EDFC17DBEBE4BDDAA3F28B2A80CB214D5E7487233E11200B938A;2023-01-16 11:37:57.037;TELEFÔNICO;NÃO;TERCEIRO;CASA DO SUSPEITO;IT | ITÁLIA;DENUNCIANTE NÃO SOUBE INFORMAR;DENUNCIANTE NÃO SOUBE INFORMAR;DIARIAMENTE;HÁ UM MÊS;1;VIOLÊNCIA CONTRA POPULAÇÃO LGBTQIA+;;OUTROS;PESSOA FÍSICA;FEMININO;PESSOA TRANS.TRANSGÊNERO;20 A 24 ANOS;BR | BRASIL;;;;;NÃO;;NÃO;IT | ITÁLIA;DENUNCIANTE NÃO SOUBE INFORMAR;DENUNCIANTE NÃO SOUBE INFORMAR;OUTROS NÃO LISTADOS;ENSINO MÉDIO INCOMPLETO;;PRETA;;;PESSOA FÍSICA;MASCULINO;HOMOSSEXUAL.GAY;30 A 34 ANOS;BR | BRASIL;;;;;NÃO;;NÃO INFORMADO;IT | ITÁLIA;DENUNCIANTE NÃO SOUBE INFORMAR;DENUNCIANTE NÃO SOUBE INFORMAR;OUTROS NÃO LISTADOS;;;PARDA;;;;;;;LIBERDADE>DIREITOS INDIVIDUAIS>TRÁFICO DE PESSOAS - INTERNACIONAL
C39907184AC810A12B56BF3E154773E2F452D5454B2E1C44FD8A7CFF9171601F;2023-05-19 17:15:00.240;TELEFÔNICO;NÃO;TERCEIRO;AMBIENTE VIRTUAL (NO ÂMBITO DA INTERNET);AR | ARGENTINA;DENUNCIANTE NÃO SOUBE INFORMAR;;SEMANALMENTE;HÁ MAIS DE SEIS MESES;1;VIOLÊNCIA CONTRA PESSOA COM DEFICIÊNCIA;AGRAVANTE.FOI PRATICADO POR DUAS OU MAIS PESSOAS;OUTROS;COMUNIDADE/FAMÍLIA;NÃO SE APLICA - VÍTIMA COMUNIDADE/FAMÍLIA;NÃO;20 A 24 ANOS;AR | ARGENTINA;;;;;NÃO;;NÃO INFORMADO;AR | ARGENTINA;;;;;;NÃO INFORMADO;;;PESSOA FÍSICA;FEMININO;NÃO;25 A 29 ANOS;BR | BRASIL;;;;;NÃO;;NÃO INFORMADO;AR | ARGENTINA;;;PROFESSOR DO ENSINO INFANTIL;;;PARDA;;;;;;;LIBERDADE>DIREITOS INDIVIDUAIS>TRÁFICO DE PESSOAS - INTERNACIONAL
CAF9C4E111B3821C06FEC2D7B7244F76ED6123217DD67A1D3CA223A2EEA77690;2023-03-16 18:25:35.880;TELEFÔNICO;NÃO;TERCEIRO;CASA ONDE RESIDE A VÍTIMA E O SUSPEITO;BR | BRASIL;SC;420630 | GUABIRUBA;DIARIAMENTE;NÃO SABE INFORMAR;1;VIOLÊNCIA CONTRA CRIANÇA OU ADOLESCENTE;MOTIVAÇÃO.EM RAZÃO DA RELAÇÃO DE ENSINO;MORA NA MESMA RESIDÊNCIA MAS NÃO É FAMILIAR;PESSOA FÍSICA;MASCULINO;NÃO;07 ANOS;BR | BRASIL;;;;;NÃO;;NÃO;BR | BRASIL;SC;420630 | GUABIRUBA;;;;PARDA;;;PESSOA FÍSICA;MASCULINO;NÃO;50 A 54 ANOS;BR | BRASIL;;;;;NÃO;;NÃO;BR | BRASIL;SC;420630 | GUABIRUBA;SERVIDOR PÚBLICO MUNICIPAL;;;NÃO INFORMADO;;;;;;;LIBERDADE>DIREITOS INDIVIDUAIS>TRÁFICO DE PESSOAS - NACIONAL
BB9C0CB62C49A034E39C512DB02487E0402D7C685D83AFBE3EB09D988A69DF78;2023-02-17 20:27:22.797;TELEFÔNICO;RISCO IMINENTE DE MORTE DA VÍTIMA;TERCEIRO;CASA DE FAMILIARES;BR | BRASIL;SP;351550 | FERNANDÓPOLIS;DIARIAMENTE;HÁ UM MÊS;1;VIOLÊNCIA CONTRA CRIANÇA OU ADOLESCENTE;;OUTROS FAMILIARES;PESSOA FÍSICA;MASCULINO;NÃO;14 ANOS;BR | BRASIL;;;;;NÃO;;NÃO INFORMADO;BR | BRASIL;SP;351550 | FERNANDÓPOLIS;;;;;;;PESSOA FÍSICA;MASCULINO;NÃO;NÃO INFORMADO;BR | BRASIL;;;;;NÃO;;NÃO INFORMADO;BR | BRASIL;SP;351550 | FERNANDÓPOLIS;NÃO SABE INFORMAR;;;;;;;;;;LIBERDADE>DIREITOS INDIVIDUAIS>TRÁFICO DE PESSOAS - INTERNACIONAL
BB9C0CB62C49A034E39C512DB02487E0402D7C685D83AFBE3EB09D988A69DF78;2023-02-17 20:27:22.797;TELEFÔNICO;RISCO IMINENTE DE MORTE DA VÍTIMA;TERCEIRO;CASA DE FAMILIARES;BR | BRASIL;SP;351550 | FERNANDÓPOLIS;DIARIAMENTE;HÁ UM MÊS;1;VIOLÊNCIA CONTRA CRIANÇA OU ADOLESCENTE;;OUTROS FAMILIARES;PESSOA FÍSICA;MASCULINO;NÃO;14 ANOS;BR | BRASIL;;;;;NÃO;;NÃO INFORMADO;BR | BRASIL;SP;351550 | FERNANDÓPOLIS;;;;;;;PESSOA FÍSICA;MASCULINO;NÃO;NÃO INFORMADO;BR | BRASIL;;;;;NÃO;;NÃO INFORMADO;BR | BRASIL;SP;351550 | FERNANDÓPOLIS;NÃO SABE INFORMAR;;;;;;;;;;LIBERDADE>DIREITOS INDIVIDUAIS>TRÁFICO DE PESSOAS - NACIONAL
D4DD79799BAC00083A305C50524D6B2760ECB95DA4893862A56C712307B1E83C;2023-06-19 11:02:03.090;TELEFÔNICO;NÃO;TERCEIRO;CASA DO SUSPEITO;BR | BRASIL;MG;316990 | UBÁ;DIARIAMENTE;HÁ UM MÊS;1;VIOLÊNCIA CONTRA CRIANÇA OU ADOLESCENTE;MOTIVAÇÃO.EM RAZÃO DA IDADE;MÃE;PESSOA FÍSICA;FEMININO;NÃO;MENOS DE 01 ANO;BR | BRASIL;;;;;NÃO;;;BR | BRASIL;MG;316990 | UBÁ;;;;BRANCA;;;PESSOA FÍSICA;MASCULINO;NÃO;;BR | BRASIL;;;;;NÃO;;;BR | BRASIL;MG;316990 | UBÁ;;;;;;;;;;;LIBERDADE>DIREITOS INDIVIDUAIS>TRÁFICO DE PESSOAS - NACIONAL
D2040D4592887C4CF3B8AE19F0924B2F3365D4FA580C224F79DB1017E921EFB2;2023-02-20 10:16:24.377;TELEFÔNICO;NÃO;TERCEIRO;CASA ONDE RESIDE A VÍTIMA E O SUSPEITO;BR | BRASIL;RS;431740 | SANTIAGO;DIARIAMENTE;HÁ UMA SEMANA;1;VIOLÊNCIA CONTRA CRIANÇA OU ADOLESCENTE;MOTIVAÇÃO.EM RAZÃO DA IDADE;NÃO SE APLICA;COMUNIDADE/FAMÍLIA;NÃO SE APLICA - VÍTIMA COMUNIDADE/FAMÍLIA;NÃO;CRIANÇA/ADOLESCENTE IDADE NÃO INFORMADA;BR | BRASIL;;;;;NÃO;;NÃO;BR | BRASIL;RS;431740 | SANTIAGO;;;;NÃO INFORMADO;;;PESSOA FÍSICA;FEMININO;NÃO;25 A 29 ANOS;BR | BRASIL;;;;;NÃO;;NÃO;BR | BRASIL;RS;431740 | SANTIAGO;NÃO SABE INFORMAR;;;BRANCA;;;;;;;LIBERDADE>DIREITOS INDIVIDUAIS>TRÁFICO DE PESSOAS - NACIONAL
CB443F4A5079CD47A138C38DBE09D581EDD9472AD799DB4931FB2B74E7F778DF;2023-02-16 15:19:42.160;TELEFÔNICO;NÃO;TERCEIRO;CASA DO SUSPEITO;BR | BRASIL;ES;320500 | SERRA;DIARIAMENTE;HÁ MAIS DE CINCO ANOS;1;VIOLÊNCIA CONTRA CRIANÇA OU ADOLESCENTE;MOTIVAÇÃO.EM RAZÃO DA IDADE;MÃE;PESSOA FÍSICA;FEMININO;NÃO;12 ANOS;BR | BRASIL;;;;;NÃO;;NÃO;BR | BRASIL;ES;320500 | SERRA;;;;PARDA;;;PESSOA FÍSICA;FEMININO;NÃO;25 A 29 ANOS;BR | BRASIL;;;;;NÃO;;NÃO;BR | BRASIL;ES;320500 | SERRA;NÃO SABE INFORMAR;;;PARDA;;;;;;;LIBERDADE>DIREITOS INDIVIDUAIS>TRÁFICO DE PESSOAS - NACIONAL
CCB9B761D34B17D280470691A2581100B66ACDCD1329387251E510C7C6AFD86D;2023-04-01 16:32:54.667;TELEFÔNICO;NÃO;TERCEIRO;CASA ONDE RESIDE A VÍTIMA E O SUSPEITO;BR | BRASIL;AL;270140 | CAMPO ALEGRE;NÃO SABE INFORMAR;NÃO SABE INFORMAR;1;VIOLÊNCIA CONTRA CRIANÇA OU ADOLESCENTE;MOTIVAÇÃO.EM RAZÃO DA IDADE;MÃE;PESSOA FÍSICA;MASCULINO;NÃO;RECÉM-NASCIDO (ATÉ 28 DIAS);BR | BRASIL;;;;;NÃO;;NÃO;BR | BRASIL;AL;270140 | CAMPO ALEGRE;;;;PARDA;;;PESSOA FÍSICA;FEMININO;NÃO;25 A 29 ANOS;BR | BRASIL;;;;;NÃO;;NÃO;BR | BRASIL;AL;270150 | CAMPO GRANDE;NÃO SABE INFORMAR;;;NÃO INFORMADO;;;;;;;LIBERDADE>DIREITOS INDIVIDUAIS>TRÁFICO DE PESSOAS - NACIONAL
C9FDCB36FF6BCBD2F8DF307B361118471DF2B95C49E8287CB4CE394AE327360F;2023-04-17 22:01:41.397;TELEFÔNICO;NÃO;TERCEIRO;CASA DA VÍTIMA;BR | BRASIL;MG;310620 | BELO HORIZONTE;DIARIAMENTE;HÁ MAIS DE CINCO ANOS;1;VIOLÊNCIA CONTRA CRIANÇA OU ADOLESCENTE;AGRAVANTE.POR MOTIVO VIL, TORPE, INSIDIOSO, CRUEL, À TRAIÇÃO, OU POR DINHEIRO;FUNCIONÁRIO, VOLUNTÁRIO OU PRESTADOR DE SERVIÇO PARA INSTITUIÇÃO;COMUNIDADE/FAMÍLIA;NÃO SE APLICA - VÍTIMA COMUNIDADE/FAMÍLIA;NÃO;03 ANOS;BR | BRASIL;;;;;NÃO;;NÃO;BR | BRASIL;MG;310620 | BELO HORIZONTE;;;;BRANCA;;;PESSOA FÍSICA;FEMININO;NÃO;70 A 74 ANOS;BR | BRASIL;;;;;NÃO;;NÃO;BR | BRASIL;MG;310620 | BELO HORIZONTE;ADMINISTRADOR;;;BRANCA;;;;;;;LIBERDADE>DIREITOS INDIVIDUAIS>TRÁFICO DE PESSOAS - INTERNACIONAL
C9FDCB36FF6BCBD2F8DF307B361118471DF2B95C49E8287CB4CE394AE327360F;2023-04-17 22:01:41.397;TELEFÔNICO;NÃO;TERCEIRO;CASA DA VÍTIMA;BR | BRASIL;MG;310620 | BELO HORIZONTE;DIARIAMENTE;HÁ MAIS DE CINCO ANOS;1;VIOLÊNCIA CONTRA CRIANÇA OU ADOLESCENTE;AGRAVANTE.POR VIOLÊNCIA INSTITUCIONAL;FUNCIONÁRIO, VOLUNTÁRIO OU PRESTADOR DE SERVIÇO PARA INSTITUIÇÃO;COMUNIDADE/FAMÍLIA;NÃO SE APLICA - VÍTIMA COMUNIDADE/FAMÍLIA;NÃO;03 ANOS;BR | BRASIL;;;;;NÃO;;NÃO;BR | BRASIL;MG;310620 | BELO HORIZONTE;;;;BRANCA;;;PESSOA FÍSICA;FEMININO;NÃO;70 A 74 ANOS;BR | BRASIL;;;;;NÃO;;NÃO;BR | BRASIL;MG;310620 | BELO HORIZONTE;ADMINISTRADOR;;;BRANCA;;;;;;;LIBERDADE>DIREITOS INDIVIDUAIS>TRÁFICO DE PESSOAS - NACIONAL
C71C7BF3242C8BB1227BF88E1A7AE10F4FB1DF0B8AF84C2E03FFCB1D3650DEBB;2023-03-06 19:41:06.550;TELEFÔNICO;NÃO;TERCEIRO;CASA ONDE RESIDE A VÍTIMA E O SUSPEITO;BR | BRASIL;SP;355030 | SÃO PAULO;DIARIAMENTE;HÁ UM MÊS;1;VIOLÊNCIA CONTRA CRIANÇA OU ADOLESCENTE;;OUTROS;PESSOA FÍSICA;MASCULINO;NÃO;15 ANOS;BR | BRASIL;;;;;NÃO;;NÃO INFORMADO;BR | BRASIL;SP;355030 | SÃO PAULO;;;;NÃO INFORMADO;;;PESSOA FÍSICA;FEMININO;NÃO;40 A 44 ANOS;BR | BRASIL;;;;;NÃO;;NÃO INFORMADO;BR | BRASIL;SP;355030 | SÃO PAULO;OUTROS NÃO LISTADOS;;;BRANCA;;;;;;;LIBERDADE>DIREITOS INDIVIDUAIS>TRÁFICO DE PESSOAS - NACIONAL
D852B1D7F74B3B2C9D94923330B9DF07CEFCAE329DD5CCE0D7CF4277321ADCA1;2023-04-11 11:13:14.877;E-MAIL;NÃO;TERCEIRO;NÃO SABE INFORMAR;BR | BRASIL;RJ;330330 | NITERÓI;ÚNICA OCORRÊNCIA;NÃO SE APLICA;1;VIOLÊNCIA CONTRA CIDADÃO, FAMÍLIA OU COMUNIDADE;;OUTROS;COMUNIDADE/FAMÍLIA;NÃO INFORMADO;NÃO;45 A 49 ANOS;BR | BRASIL;;;;;NÃO;;NÃO;BR | BRASIL;RJ;330330 | NITERÓI;;;;;;;PESSOA FÍSICA;NÃO INFORMADO;NÃO;;BR | BRASIL;;;;;NÃO;;;BR | BRASIL;RJ;330330 | NITERÓI;;;;;;;;;;;LIBERDADE>DIREITOS INDIVIDUAIS>TRÁFICO DE PESSOAS - NACIONAL
DBB5E2DFE7556BC2098CB42C2274636ACC13D81848FED9BB1F47822AAA8D51BA;2023-02-07 11:48:16.167;E-MAIL;NÃO;A PRÓPRIA VÍTIMA;CASA DA VÍTIMA;BR | BRASIL;DENUNCIANTE NÃO SOUBE INFORMAR;DENUNCIANTE NÃO SOUBE INFORMAR;NÃO SABE INFORMAR;NÃO SABE INFORMAR;2;VIOLÊNCIA CONTRA CRIANÇA OU ADOLESCENTE;MOTIVAÇÃO.EM RAZÃO DA IDADE;OUTROS;PESSOA FÍSICA;MASCULINO;NÃO INFORMADO;13 ANOS;BR | BRASIL;;;;;NÃO;;NÃO;DE | ALEMANHA;DENUNCIANTE NÃO SOUBE INFORMAR;DENUNCIANTE NÃO SOUBE INFORMAR;;;;;;;PESSOA FÍSICA;MASCULINO;NÃO;35 A 39 ANOS;BR | BRASIL;;;;;NÃO;;NÃO;DE | ALEMANHA;;;NÃO SABE INFORMAR;;;NÃO INFORMADO;;;;;;;LIBERDADE>DIREITOS INDIVIDUAIS>TRÁFICO DE PESSOAS - INTERNACIONAL
DBB00C96E07C8C6D65EE1F35A852002A89AF48DBBEE1D5BAECF0EFE4E66C1105;2023-05-18 09:29:03.990;TELEFÔNICO;NÃO;TERCEIRO;ESTABELECIMENTO COMERCIAL;BR | BRASIL;BA;292740 | SALVADOR;DIARIAMENTE;HÁ UMA SEMANA;2;VIOLÊNCIA CONTRA CRIANÇA OU ADOLESCENTE;AGRAVANTE.POR CONDUTAS EXCESSIVAS/DESNECESSÁRIAS/DESACONSELHADAS;OUTROS;PESSOA FÍSICA;FEMININO;NÃO;14 ANOS;BR | BRASIL;;;;;NÃO;;NÃO;BR | BRASIL;BA;292740 | SALVADOR;;;;BRANCA;;;PESSOA FÍSICA;MASCULINO;NÃO;NÃO INFORMADO;BR | BRASIL;;;;NÃO;NÃO;;NÃO INFORMADO;BR | BRASIL;BA;292740 | SALVADOR;OUTROS NÃO LISTADOS;;;;;;;;;;LIBERDADE>DIREITOS INDIVIDUAIS>TRÁFICO DE PESSOAS - NACIONAL
D852B1D7F74B3B2C9D94923330B9DF07CEFCAE329DD5CCE0D7CF4277321ADCA1;2023-04-11 11:13:14.877;E-MAIL;NÃO;TERCEIRO;NÃO SABE INFORMAR;BR | BRASIL;RJ;330330 | NITERÓI;ÚNICA OCORRÊNCIA;NÃO SE APLICA;1;VIOLÊNCIA CONTRA CIDADÃO, FAMÍLIA OU COMUNIDADE;;OUTROS;COMUNIDADE/FAMÍLIA;NÃO INFORMADO;NÃO;45 A 49 ANOS;BR | BRASIL;;;;;NÃO;;NÃO;BR | BRASIL;RJ;330330 | NITERÓI;;;;;;;PESSOA FÍSICA;NÃO INFORMADO;NÃO;;BR | BRASIL;;;;;NÃO;;;BR | BRASIL;RJ;330330 | NITERÓI;;;;;;;;;;;LIBERDADE>DIREITOS INDIVIDUAIS>TRÁFICO DE PESSOAS - INTERNACIONAL
E3F1FA26CD2F159DC7C7680F70598FFFD207113826FA8BAF4DEA0CCF093D412F;2023-03-14 11:05:44.390;TELEFÔNICO;NÃO;TERCEIRO;CASA ONDE RESIDE A VÍTIMA E O SUSPEITO;BR | BRASIL;PR;412402 | SANTA TEREZA DO OESTE;DIARIAMENTE;HÁ UM MÊS;2;VIOLÊNCIA CONTRA CRIANÇA OU ADOLESCENTE;AGRAVANTE.POR CONDUTAS EXCESSIVAS/DESNECESSÁRIAS/DESACONSELHADAS;DESCONHECIDO(A);PESSOA FÍSICA;FEMININO;NÃO;14 ANOS;BR | BRASIL;;;;;NÃO;;NÃO;BR | BRASIL;PR;412402 | SANTA TEREZA DO OESTE;ESTUDANTE;ENSINO FUNDAMENTAL INCOMPLETO;;PARDA;;SEM RENDIMENTO;PESSOA FÍSICA;MASCULINO;NÃO;45 A 49 ANOS;AR | ARGENTINA;;;;;NÃO;;NÃO INFORMADO;BR | BRASIL;PR;412402 | SANTA TEREZA DO OESTE;ESTUDANTE;;;PRETA;;;;;;;LIBERDADE>DIREITOS INDIVIDUAIS>TRÁFICO DE PESSOAS - INTERNACIONAL
E0BD886B48410E5066AE2541A941E80210D945D188EB965584400FFD5D79CCA0;2023-02-18 00:12:10.080;TELEFÔNICO;RISCO IMINENTE DE MORTE DA VÍTIMA;TERCEIRO;CASA DE FAMILIARES;BR | BRASIL;SP;351550 | FERNANDÓPOLIS;DIARIAMENTE;HÁ UM MÊS;1;VIOLÊNCIA CONTRA CRIANÇA OU ADOLESCENTE;;OUTROS FAMILIARES;PESSOA FÍSICA;MASCULINO;NÃO INFORMADO;CRIANÇA/ADOLESCENTE IDADE NÃO INFORMADA;BR | BRASIL;;;;;NÃO;;NÃO INFORMADO;BR | BRASIL;SP;351550 | FERNANDÓPOLIS;NÃO SABE INFORMAR;;;;;;PESSOA FÍSICA;MASCULINO;NÃO;NÃO INFORMADO;BR | BRASIL;;;;;NÃO;;NÃO INFORMADO;BR | BRASIL;SP;351550 | FERNANDÓPOLIS;NÃO SABE INFORMAR;;;;;;;;;;LIBERDADE>DIREITOS INDIVIDUAIS>TRÁFICO DE PESSOAS - NACIONAL
DC8BC8D8F7956E4D8BE4A65ED79D645A1D44236C57761599EF9FCB3D86A865AF;2023-05-18 09:29:03.990;TELEFÔNICO;NÃO;TERCEIRO;ESTABELECIMENTO COMERCIAL;BR | BRASIL;BA;292740 | SALVADOR;DIARIAMENTE;HÁ UMA SEMANA;2;VIOLÊNCIA CONTRA CRIANÇA OU ADOLESCENTE;AGRAVANTE.POR MOTIVO VIL, TORPE, INSIDIOSO, CRUEL, À TRAIÇÃO, OU POR DINHEIRO;OUTROS;PESSOA FÍSICA;FEMININO;;CRIANÇA/ADOLESCENTE IDADE NÃO INFORMADA;BR | BRASIL;;;;;NÃO;;;BR | BRASIL;BA;292740 | SALVADOR;;;;NÃO INFORMADO;;;PESSOA FÍSICA;MASCULINO;NÃO;NÃO INFORMADO;BR | BRASIL;;;;;NÃO;;NÃO INFORMADO;BR | BRASIL;BA;292740 | SALVADOR;OUTROS NÃO LISTADOS;;;;;;;;;;LIBERDADE>DIREITOS INDIVIDUAIS>TRÁFICO DE PESSOAS - NACIONAL
DBB00C96E07C8C6D65EE1F35A852002A89AF48DBBEE1D5BAECF0EFE4E66C1105;2023-05-18 09:29:03.990;TELEFÔNICO;NÃO;TERCEIRO;ESTABELECIMENTO COMERCIAL;BR | BRASIL;BA;292740 | SALVADOR;DIARIAMENTE;HÁ UMA SEMANA;2;VIOLÊNCIA CONTRA CRIANÇA OU ADOLESCENTE;AGRAVANTE.POR CONDUTAS EXCESSIVAS/DESNECESSÁRIAS/DESACONSELHADAS;OUTROS;PESSOA FÍSICA;FEMININO;NÃO;14 ANOS;BR | BRASIL;;;;;NÃO;;NÃO;BR | BRASIL;BA;292740 | SALVADOR;;;;BRANCA;;;PESSOA FÍSICA;MASCULINO;NÃO;NÃO INFORMADO;BR | BRASIL;;;;NÃO;NÃO;;PENA (RECLUSÃO);BR | BRASIL;BA;292740 | SALVADOR;OUTROS NÃO LISTADOS;;;NÃO INFORMADO;;;;;;;LIBERDADE>DIREITOS INDIVIDUAIS>TRÁFICO DE PESSOAS - NACIONAL
E0BD886B48410E5066AE2541A941E80210D945D188EB965584400FFD5D79CCA0;2023-02-18 00:12:10.080;TELEFÔNICO;RISCO IMINENTE DE MORTE DA VÍTIMA;TERCEIRO;CASA DE FAMILIARES;BR | BRASIL;SP;351550 | FERNANDÓPOLIS;DIARIAMENTE;HÁ UM MÊS;1;VIOLÊNCIA CONTRA CRIANÇA OU ADOLESCENTE;;OUTROS FAMILIARES;PESSOA FÍSICA;MASCULINO;NÃO INFORMADO;CRIANÇA/ADOLESCENTE IDADE NÃO INFORMADA;BR | BRASIL;;;;;NÃO;;NÃO INFORMADO;BR | BRASIL;SP;351550 | FERNANDÓPOLIS;NÃO SABE INFORMAR;;;;;;PESSOA FÍSICA;MASCULINO;NÃO;NÃO INFORMADO;BR | BRASIL;;;;;NÃO;;NÃO INFORMADO;BR | BRASIL;SP;351550 | FERNANDÓPOLIS;NÃO SABE INFORMAR;;;;;;;;;;LIBERDADE>DIREITOS INDIVIDUAIS>TRÁFICO DE PESSOAS - INTERNACIONAL
EB8E0EE7B0C0490C94772D33E9AACA8D1E1B11CCC64C29BFBFDA2D81A550D0F0;2023-02-17 23:27:13.850;TELEFÔNICO;RISCO IMINENTE DE MORTE DA VÍTIMA;TERCEIRO;CASA DE FAMILIARES;BR | BRASIL;SP;351550 | FERNANDÓPOLIS;DIARIAMENTE;HÁ UM MÊS;1;VIOLÊNCIA CONTRA CRIANÇA OU ADOLESCENTE;;OUTROS FAMILIARES;PESSOA FÍSICA;MASCULINO;NÃO;CRIANÇA/ADOLESCENTE IDADE NÃO INFORMADA;BR | BRASIL;;;;;NÃO;;NÃO INFORMADO;BR | BRASIL;SP;351550 | FERNANDÓPOLIS;NÃO SABE INFORMAR;;;;;;PESSOA FÍSICA;FEMININO;NÃO;NÃO INFORMADO;BR | BRASIL;;;;;NÃO;;NÃO;BR | BRASIL;SP;351550 | FERNANDÓPOLIS;NÃO SABE INFORMAR;;;PARDA;;;;;;;LIBERDADE>DIREITOS INDIVIDUAIS>TRÁFICO DE PESSOAS - INTERNACIONAL
EB8E0EE7B0C0490C94772D33E9AACA8D1E1B11CCC64C29BFBFDA2D81A550D0F0;2023-02-17 23:27:13.850;TELEFÔNICO;RISCO IMINENTE DE MORTE DA VÍTIMA;TERCEIRO;CASA DE FAMILIARES;BR | BRASIL;SP;351550 | FERNANDÓPOLIS;DIARIAMENTE;HÁ UM MÊS;1;VIOLÊNCIA CONTRA CRIANÇA OU ADOLESCENTE;;OUTROS FAMILIARES;PESSOA FÍSICA;MASCULINO;NÃO;CRIANÇA/ADOLESCENTE IDADE NÃO INFORMADA;BR | BRASIL;;;;;NÃO;;NÃO INFORMADO;BR | BRASIL;SP;351550 | FERNANDÓPOLIS;NÃO SABE INFORMAR;;;;;;PESSOA FÍSICA;FEMININO;NÃO;NÃO INFORMADO;BR | BRASIL;;;;;NÃO;;NÃO;BR | BRASIL;SP;351550 | FERNANDÓPOLIS;NÃO SABE INFORMAR;;;PARDA;;;;;;;LIBERDADE>DIREITOS INDIVIDUAIS>TRÁFICO DE PESSOAS - NACIONAL
F14818A84D5A3F3C4059494684B1DBB1006D0C8B54217B90044175223F289227;2023-04-20 20:54:09.427;TELEFÔNICO;NÃO;TERCEIRO;LOCAL DE TRABALHO DA VÍTIMA;BR | BRASIL;SC;421660 | SÃO JOSÉ;OCASIONALMENTE;NÃO SE APLICA;1;VIOLÊNCIA CONTRA CIDADÃO, FAMÍLIA OU COMUNIDADE;MOTIVAÇÃO.PARA FINS DE EXPLORAÇÃO DO TRABALHO.COMÉRCIO/ INDÚSTRIA;EMPREGADOR/PATRÃO (HIERARQUICAMENTE SUPERIOR);COMUNIDADE/FAMÍLIA;NÃO SE APLICA - VÍTIMA COMUNIDADE/FAMÍLIA;NÃO;25 A 29 ANOS;BR | BRASIL;;;;;NÃO;;NÃO;BR | BRASIL;SC;421660 | SÃO JOSÉ;;ENSINO FUNDAMENTAL INCOMPLETO;;NÃO INFORMADO;;;PESSOA FÍSICA;MASCULINO;NÃO;NÃO INFORMADO;BR | BRASIL;;;;NÃO;NÃO;;NÃO;BR | BRASIL;SC;421660 | SÃO JOSÉ;NÃO SABE INFORMAR;;;NÃO INFORMADO;;;;;;;LIBERDADE>DIREITOS INDIVIDUAIS>TRÁFICO DE PESSOAS - INTERNACIONAL
DEE5B02762BE02A8D46AA5E94605ED931C545298117CCF65CED8F46502C7D94C;2023-02-20 13:24:13.743;TELEFÔNICO;NÃO;TERCEIRO;CASA DA VÍTIMA;BR | BRASIL;SP;355030 | SÃO PAULO;NÃO SABE INFORMAR;NÃO SABE INFORMAR;1;VIOLÊNCIA CONTRA CRIANÇA OU ADOLESCENTE;;OUTROS;PESSOA FÍSICA;FEMININO;NÃO;03 ANOS;BR | BRASIL;;;;;NÃO;;NÃO;BR | BRASIL;SP;355030 | SÃO PAULO;;;;BRANCA;;;PESSOA FÍSICA;FEMININO;NÃO;40 A 44 ANOS;BR | BRASIL;;;;;NÃO;;NÃO;BR | BRASIL;SP;355030 | SÃO PAULO;NÃO SABE INFORMAR;;;BRANCA;;;;;;;LIBERDADE>DIREITOS INDIVIDUAIS>TRÁFICO DE PESSOAS - NACIONAL
EE70E6FB788F6FD897A2F917C9D80158B8F59CA5C2BBCBFBE4079A867BEDD07E;2023-02-17 23:58:58.370;TELEFÔNICO;RISCO IMINENTE DE MORTE DA VÍTIMA;TERCEIRO;CASA DE FAMILIARES;BR | BRASIL;SP;351550 | FERNANDÓPOLIS;MENSALMENTE;HÁ UM MÊS;1;VIOLÊNCIA CONTRA CRIANÇA OU ADOLESCENTE;;DESCONHECIDO(A);PESSOA FÍSICA;FEMININO;NÃO;12 ANOS;BR | BRASIL;;;;;NÃO;;NÃO INFORMADO;BR | BRASIL;SP;351550 | FERNANDÓPOLIS;;;;NÃO INFORMADO;;;PESSOA FÍSICA;MASCULINO;NÃO;35 A 39 ANOS;BR | BRASIL;;;;;NÃO;;NÃO;BR | BRASIL;SP;351550 | FERNANDÓPOLIS;NÃO SABE INFORMAR;;;;;;;;;;LIBERDADE>DIREITOS INDIVIDUAIS>TRÁFICO DE PESSOAS - NACIONAL
DC8BC8D8F7956E4D8BE4A65ED79D645A1D44236C57761599EF9FCB3D86A865AF;2023-05-18 09:29:03.990;TELEFÔNICO;NÃO;TERCEIRO;ESTABELECIMENTO COMERCIAL;BR | BRASIL;BA;292740 | SALVADOR;DIARIAMENTE;HÁ UMA SEMANA;2;VIOLÊNCIA CONTRA CRIANÇA OU ADOLESCENTE;AGRAVANTE.POR MOTIVO VIL, TORPE, INSIDIOSO, CRUEL, À TRAIÇÃO, OU POR DINHEIRO;OUTROS;PESSOA FÍSICA;FEMININO;;CRIANÇA/ADOLESCENTE IDADE NÃO INFORMADA;BR | BRASIL;;;;;NÃO;;;BR | BRASIL;BA;292740 | SALVADOR;;;;NÃO INFORMADO;;;PESSOA FÍSICA;MASCULINO;NÃO;NÃO INFORMADO;BR | BRASIL;;;;;NÃO;;PENA (RECLUSÃO);BR | BRASIL;BA;292740 | SALVADOR;OUTROS NÃO LISTADOS;;;NÃO INFORMADO;;;;;;;LIBERDADE>DIREITOS INDIVIDUAIS>TRÁFICO DE PESSOAS - NACIONAL
F0BC7A9C15141ECD3B2D9CA648F2A4B398418B270BCB8872399F0399420E25BC;2023-01-18 10:32:16.273;TELEFÔNICO;NÃO;TERCEIRO;CASA DO SUSPEITO;BR | BRASIL;DF;530010 | BRASÍLIA;DIARIAMENTE;HÁ MAIS DE SEIS MESES;1;VIOLÊNCIA CONTRA CRIANÇA OU ADOLESCENTE;;DESCONHECIDO(A);PESSOA FÍSICA;FEMININO;NÃO INFORMADO;17 ANOS;BR | BRASIL;;;;;NÃO;;NÃO;BR | BRASIL;DF;530010 | BRASÍLIA;;;;NÃO INFORMADO;;;PESSOA FÍSICA;FEMININO;HOMOSSEXUAL.LÉSBICA;;BR | BRASIL;;;;;NÃO;;;BR | BRASIL;DF;530010 | BRASÍLIA;;;;;;;;;;;LIBERDADE>DIREITOS INDIVIDUAIS>TRÁFICO DE PESSOAS - INTERNACIONAL
F117B712AB90602956AD3889A272E2B8DDFBB3DD47C8F0D837B2077267DFC30B;2023-02-17 23:04:40.807;TELEFÔNICO;RISCO IMINENTE DE MORTE DA VÍTIMA;TERCEIRO;OUTROS;BR | BRASIL;SP;351550 | FERNANDÓPOLIS;DIARIAMENTE;HÁ UM MÊS;1;VIOLÊNCIA CONTRA CRIANÇA OU ADOLESCENTE;;OUTROS;PESSOA FÍSICA;MASCULINO;;CRIANÇA/ADOLESCENTE IDADE NÃO INFORMADA;BR | BRASIL;;;;;NÃO;;;BR | BRASIL;SP;351550 | FERNANDÓPOLIS;;;;;;;PESSOA FÍSICA;MASCULINO;NÃO;IDOSO IDADE NÃO INFORMADA;BR | BRASIL;;;;;NÃO;;NÃO INFORMADO;BR | BRASIL;SP;351550 | FERNANDÓPOLIS;NÃO SABE INFORMAR;;;;;;;;;;LIBERDADE>DIREITOS INDIVIDUAIS>TRÁFICO DE PESSOAS - NACIONAL
E6CC0C49791BAAF09D6D8FBCD8A8065FA4DA9FBC2015971569A16701ED7FC465;2023-02-18 00:12:10.080;TELEFÔNICO;RISCO IMINENTE DE MORTE DA VÍTIMA;TERCEIRO;CASA DE FAMILIARES;BR | BRASIL;SP;351550 | FERNANDÓPOLIS;DIARIAMENTE;HÁ UM MÊS;1;VIOLÊNCIA CONTRA CRIANÇA OU ADOLESCENTE;;OUTROS FAMILIARES;PESSOA FÍSICA;MASCULINO;NÃO INFORMADO;CRIANÇA/ADOLESCENTE IDADE NÃO INFORMADA;BR | BRASIL;;;;;NÃO;;NÃO INFORMADO;BR | BRASIL;SP;351550 | FERNANDÓPOLIS;NÃO SABE INFORMAR;;;;;;PESSOA FÍSICA;MASCULINO;NÃO;NÃO INFORMADO;BR | BRASIL;;;;;NÃO;;NÃO INFORMADO;BR | BRASIL;SP;351550 | FERNANDÓPOLIS;NÃO SABE INFORMAR;;;;;;;;;;LIBERDADE>DIREITOS INDIVIDUAIS>TRÁFICO DE PESSOAS - NACIONAL
ECD4C52C8EE7B55EF546AB952F856A659724946718A9F35452CFEED91730289F;2023-06-07 20:09:58.440;TELEFÔNICO;SITUAÇÃO FLAGRANTE - ATÉ 24H DA OCORRÊNCIA - SEM FREQUÊNCIA;TERCEIRO;CASA ONDE RESIDE A VÍTIMA E O SUSPEITO;BR | BRASIL;GO;520870 | GOIÂNIA;ÚNICA OCORRÊNCIA;NÃO SE APLICA;2;VIOLÊNCIA CONTRA CRIANÇA OU ADOLESCENTE;MOTIVAÇÃO.EM RAZÃO DA IDADE;MÃE;PESSOA FÍSICA;FEMININO;NÃO;06 ANOS;BR | BRASIL;;;;;NÃO;;;BR | BRASIL;GO;520870 | GOIÂNIA;;;;NÃO INFORMADO;;;PESSOA FÍSICA;MASCULINO;NÃO;30 A 34 ANOS;BR | BRASIL;;;;;NÃO;;NÃO;BR | BRASIL;GO;520870 | GOIÂNIA;NÃO SABE INFORMAR;;;NÃO INFORMADO;;;;;;;LIBERDADE>DIREITOS INDIVIDUAIS>TRÁFICO DE PESSOAS - INTERNACIONAL
F8A63A62665029A2B28138227BC2CE6B65A06877264A41878CC05C92917D989F;2023-02-17 22:48:26.417;TELEFÔNICO;RISCO IMINENTE DE MORTE DA VÍTIMA;TERCEIRO;CASA DE FAMILIARES;BR | BRASIL;SP;351550 | FERNANDÓPOLIS;DIARIAMENTE;HÁ UM MÊS;1;VIOLÊNCIA CONTRA CRIANÇA OU ADOLESCENTE;;OUTROS FAMILIARES;PESSOA FÍSICA;MASCULINO;NÃO;CRIANÇA/ADOLESCENTE IDADE NÃO INFORMADA;BR | BRASIL;;;;;NÃO;;NÃO;BR | BRASIL;SP;351550 | FERNANDÓPOLIS;;;;;;;PESSOA FÍSICA;MASCULINO;NÃO;;BR | BRASIL;;;;;NÃO;;;BR | BRASIL;SP;351550 | FERNANDÓPOLIS;;;;NÃO INFORMADO;;;;;;;LIBERDADE>DIREITOS INDIVIDUAIS>TRÁFICO DE PESSOAS - NACIONAL
E6CC0C49791BAAF09D6D8FBCD8A8065FA4DA9FBC2015971569A16701ED7FC465;2023-02-18 00:12:10.080;TELEFÔNICO;RISCO IMINENTE DE MORTE DA VÍTIMA;TERCEIRO;CASA DE FAMILIARES;BR | BRASIL;SP;351550 | FERNANDÓPOLIS;DIARIAMENTE;HÁ UM MÊS;1;VIOLÊNCIA CONTRA CRIANÇA OU ADOLESCENTE;;OUTROS FAMILIARES;PESSOA FÍSICA;MASCULINO;NÃO INFORMADO;CRIANÇA/ADOLESCENTE IDADE NÃO INFORMADA;BR | BRASIL;;;;;NÃO;;NÃO INFORMADO;BR | BRASIL;SP;351550 | FERNANDÓPOLIS;NÃO SABE INFORMAR;;;;;;PESSOA FÍSICA;MASCULINO;NÃO;NÃO INFORMADO;BR | BRASIL;;;;;NÃO;;NÃO INFORMADO;BR | BRASIL;SP;351550 | FERNANDÓPOLIS;NÃO SABE INFORMAR;;;;;;;;;;LIBERDADE>DIREITOS INDIVIDUAIS>TRÁFICO DE PESSOAS - INTERNACIONAL
F7E1A0EF11F59526EFF0841FD8EFD2B722049FCB7705AEE69CDB5AA4C39D6AB9;2023-02-17 23:04:40.807;TELEFÔNICO;RISCO IMINENTE DE MORTE DA VÍTIMA;TERCEIRO;OUTROS;BR | BRASIL;SP;351550 | FERNANDÓPOLIS;DIARIAMENTE;HÁ UM MÊS;1;VIOLÊNCIA CONTRA CRIANÇA OU ADOLESCENTE;;OUTROS;PESSOA FÍSICA;MASCULINO;;CRIANÇA/ADOLESCENTE IDADE NÃO INFORMADA;BR | BRASIL;;;;;NÃO;;;BR | BRASIL;SP;351550 | FERNANDÓPOLIS;;;;;;;PESSOA FÍSICA;MASCULINO;NÃO;;BR | BRASIL;;;;;NÃO;;NÃO INFORMADO;BR | BRASIL;SP;351550 | FERNANDÓPOLIS;NÃO SABE INFORMAR;;;;;;;;;;LIBERDADE>DIREITOS INDIVIDUAIS>TRÁFICO DE PESSOAS - NACIONAL
F8A63A62665029A2B28138227BC2CE6B65A06877264A41878CC05C92917D989F;2023-02-17 22:48:26.417;TELEFÔNICO;RISCO IMINENTE DE MORTE DA VÍTIMA;TERCEIRO;CASA DE FAMILIARES;BR | BRASIL;SP;351550 | FERNANDÓPOLIS;DIARIAMENTE;HÁ UM MÊS;1;VIOLÊNCIA CONTRA CRIANÇA OU ADOLESCENTE;;OUTROS FAMILIARES;PESSOA FÍSICA;MASCULINO;NÃO;CRIANÇA/ADOLESCENTE IDADE NÃO INFORMADA;BR | BRASIL;;;;;NÃO;;NÃO;BR | BRASIL;SP;351550 | FERNANDÓPOLIS;;;;;;;PESSOA FÍSICA;MASCULINO;NÃO;;BR | BRASIL;;;;;NÃO;;;BR | BRASIL;SP;351550 | FERNANDÓPOLIS;;;;NÃO INFORMADO;;;;;;;LIBERDADE>DIREITOS INDIVIDUAIS>TRÁFICO DE PESSOAS - INTERNACIONAL
FE79684CE0BED862A0043DDF3E9D4ABE8FD1AA7D0981F767C0016FD455D43F18;2023-02-16 15:19:42.160;TELEFÔNICO;NÃO;TERCEIRO;CASA DO SUSPEITO;BR | BRASIL;ES;320500 | SERRA;DIARIAMENTE;HÁ MAIS DE CINCO ANOS;1;VIOLÊNCIA CONTRA CRIANÇA OU ADOLESCENTE;MOTIVAÇÃO.EM RAZÃO DA IDADE;MÃE;PESSOA FÍSICA;FEMININO;NÃO;12 ANOS;BR | BRASIL;;;;;NÃO;;NÃO;BR | BRASIL;ES;320500 | SERRA;;;;PARDA;;;PESSOA FÍSICA;MASCULINO;NÃO;40 A 44 ANOS;BR | BRASIL;;;;;NÃO;;PENA (RECLUSÃO);BR | BRASIL;BA;293135 | TEIXEIRA DE FREITAS;NÃO SABE INFORMAR;;;PARDA;;;;;;;LIBERDADE>DIREITOS INDIVIDUAIS>TRÁFICO DE PESSOAS - NACIONAL
EE70E6FB788F6FD897A2F917C9D80158B8F59CA5C2BBCBFBE4079A867BEDD07E;2023-02-17 23:58:58.370;TELEFÔNICO;RISCO IMINENTE DE MORTE DA VÍTIMA;TERCEIRO;CASA DE FAMILIARES;BR | BRASIL;SP;351550 | FERNANDÓPOLIS;MENSALMENTE;HÁ UM MÊS;1;VIOLÊNCIA CONTRA CRIANÇA OU ADOLESCENTE;;DESCONHECIDO(A);PESSOA FÍSICA;FEMININO;NÃO;12 ANOS;BR | BRASIL;;;;;NÃO;;NÃO INFORMADO;BR | BRASIL;SP;351550 | FERNANDÓPOLIS;;;;NÃO INFORMADO;;;PESSOA FÍSICA;MASCULINO;NÃO;35 A 39 ANOS;BR | BRASIL;;;;;NÃO;;NÃO;BR | BRASIL;SP;351550 | FERNANDÓPOLIS;NÃO SABE INFORMAR;;;;;;;;;;LIBERDADE>DIREITOS INDIVIDUAIS>TRÁFICO DE PESSOAS - INTERNACIONAL
FB9F6D5DF6FE1FCA2BCD22B80D9FE69B7D17338CCB613176395974F282B7AB50;2023-02-02 15:37:58.977;TELEFÔNICO;RISCO IMINENTE DE MORTE DA VÍTIMA;TERCEIRO;ESTABELECIMENTO DE SAÚDE;BR | BRASIL;PE;260410 | CARUARU;DIARIAMENTE;HÁ MAIS DE DEZ ANOS;1;VIOLÊNCIA CONTRA CRIANÇA OU ADOLESCENTE;MOTIVAÇÃO.PARA FINS DE ADOÇÃO;OUTROS;PESSOA FÍSICA;MASCULINO;;RECÉM-NASCIDO (ATÉ 28 DIAS);BR | BRASIL;;;;;NÃO;;;BR | BRASIL;PE;260410 | CARUARU;;;;;;;PESSOA FÍSICA;MASCULINO;NÃO;;BR | BRASIL;;;;;NÃO;;;BR | BRASIL;PE;260410 | CARUARU;;;;;;;;;;;LIBERDADE>DIREITOS INDIVIDUAIS>TRÁFICO DE PESSOAS - NACIONAL
FC003D9A15ADF734C12D3D7042422DFC302FFD3FAF12D1B49A9AAF95E4D36BF8;2023-01-21 14:15:48.703;TELEFÔNICO;NÃO;TERCEIRO;CASA DO SUSPEITO;BR | BRASIL;DF;530010 | BRASÍLIA;DIARIAMENTE;HÁ MAIS DE CINCO ANOS;1;VIOLÊNCIA CONTRA CRIANÇA OU ADOLESCENTE;AGRAVANTE.POR CONDUTAS EXCESSIVAS/DESNECESSÁRIAS/DESACONSELHADAS;DESCONHECIDO(A);COMUNIDADE/FAMÍLIA;NÃO SE APLICA - VÍTIMA COMUNIDADE/FAMÍLIA;NÃO;CRIANÇA/ADOLESCENTE IDADE NÃO INFORMADA;BR | BRASIL;;;;;NÃO;;NÃO;BR | BRASIL;DENUNCIANTE NÃO SOUBE INFORMAR;DENUNCIANTE NÃO SOUBE INFORMAR;;;;NÃO INFORMADO;;;PESSOA FÍSICA;MASCULINO;NÃO;40 A 44 ANOS;BR | BRASIL;;;;NÃO;NÃO;;NÃO;BR | BRASIL;DF;530010 | BRASÍLIA;NÃO SABE INFORMAR;;;BRANCA;;;;;;;LIBERDADE>DIREITOS INDIVIDUAIS>TRÁFICO DE PESSOAS - NACIONAL
F47D80A75048BAC84BEC82253FD6E689F60DFBF8502BA037975BC91CC8959317;2023-02-15 22:41:13.173;TELEFÔNICO;NÃO;TERCEIRO;CASA ONDE RESIDE A VÍTIMA E O SUSPEITO;BR | BRASIL;RS;430120 | ARROIO DO TIGRE;DIARIAMENTE;HÁ MAIS DE UM ANO;2;VIOLÊNCIA CONTRA CRIANÇA OU ADOLESCENTE;MOTIVAÇÃO.PARA FINS DE ADOÇÃO;AVÔ(Ó);PESSOA FÍSICA;FEMININO;;CRIANÇA/ADOLESCENTE IDADE NÃO INFORMADA;BR | BRASIL;;;;;NÃO;;;BR | BRASIL;RS;430120 | ARROIO DO TIGRE;;;;BRANCA;;;PESSOA FÍSICA;FEMININO;NÃO;NÃO INFORMADO;BR | BRASIL;;;;;NÃO;;NÃO;BR | BRASIL;RS;430120 | ARROIO DO TIGRE;NÃO SABE INFORMAR;;;;;;;;;;LIBERDADE>DIREITOS INDIVIDUAIS>TRÁFICO DE PESSOAS - NACIONAL
F7E1A0EF11F59526EFF0841FD8EFD2B722049FCB7705AEE69CDB5AA4C39D6AB9;2023-02-17 23:04:40.807;TELEFÔNICO;RISCO IMINENTE DE MORTE DA VÍTIMA;TERCEIRO;OUTROS;BR | BRASIL;SP;351550 | FERNANDÓPOLIS;DIARIAMENTE;HÁ UM MÊS;1;VIOLÊNCIA CONTRA CRIANÇA OU ADOLESCENTE;;OUTROS;PESSOA FÍSICA;MASCULINO;;CRIANÇA/ADOLESCENTE IDADE NÃO INFORMADA;BR | BRASIL;;;;;NÃO;;;BR | BRASIL;SP;351550 | FERNANDÓPOLIS;;;;;;;PESSOA FÍSICA;MASCULINO;NÃO;;BR | BRASIL;;;;;NÃO;;NÃO INFORMADO;BR | BRASIL;SP;351550 | FERNANDÓPOLIS;NÃO SABE INFORMAR;;;;;;;;;;LIBERDADE>DIREITOS INDIVIDUAIS>TRÁFICO DE PESSOAS - INTERNACIONAL
F117B712AB90602956AD3889A272E2B8DDFBB3DD47C8F0D837B2077267DFC30B;2023-02-17 23:04:40.807;TELEFÔNICO;RISCO IMINENTE DE MORTE DA VÍTIMA;TERCEIRO;OUTROS;BR | BRASIL;SP;351550 | FERNANDÓPOLIS;DIARIAMENTE;HÁ UM MÊS;1;VIOLÊNCIA CONTRA CRIANÇA OU ADOLESCENTE;;OUTROS;PESSOA FÍSICA;MASCULINO;;CRIANÇA/ADOLESCENTE IDADE NÃO INFORMADA;BR | BRASIL;;;;;NÃO;;;BR | BRASIL;SP;351550 | FERNANDÓPOLIS;;;;;;;PESSOA FÍSICA;MASCULINO;NÃO;IDOSO IDADE NÃO INFORMADA;BR | BRASIL;;;;;NÃO;;NÃO INFORMADO;BR | BRASIL;SP;351550 | FERNANDÓPOLIS;NÃO SABE INFORMAR;;;;;;;;;;LIBERDADE>DIREITOS INDIVIDUAIS>TRÁFICO DE PESSOAS - INTERNACIONAL
FFB8BCFD61040E7457E9B9379DC010DDC261AF7310561C99F05EC1C2E9D3D043;2023-01-02 12:45:42.250;TELEFÔNICO;NÃO;TERCEIRO;CASA DO SUSPEITO;BR | BRASIL;RJ;330520 | SÃO PEDRO DA ALDEIA;SEMANALMENTE;HÁ MAIS DE UM ANO;1;VIOLÊNCIA CONTRA CRIANÇA OU ADOLESCENTE;;DESCONHECIDO(A);COMUNIDADE/FAMÍLIA;NÃO SE APLICA - VÍTIMA COMUNIDADE/FAMÍLIA;NÃO;CRIANÇA/ADOLESCENTE IDADE NÃO INFORMADA;BR | BRASIL;;;;;NÃO;;NÃO;BR | BRASIL;DENUNCIANTE NÃO SOUBE INFORMAR;DENUNCIANTE NÃO SOUBE INFORMAR;;;;NÃO INFORMADO;;;PESSOA FÍSICA;MASCULINO;NÃO;70 A 74 ANOS;BR | BRASIL;;;;;NÃO;;NÃO;BR | BRASIL;RJ;330520 | SÃO PEDRO DA ALDEIA;NÃO SABE INFORMAR;;;BRANCA;;;;;;;LIBERDADE>DIREITOS INDIVIDUAIS>TRÁFICO DE PESSOAS - NACIONAL
FF838FE680A4D42B9FCB4CDC4AEC253839B9AFCEFECC903E11FC167DFF24EB07;2023-04-17 22:01:41.397;TELEFÔNICO;NÃO;TERCEIRO;CASA DA VÍTIMA;BR | BRASIL;MG;310620 | BELO HORIZONTE;DIARIAMENTE;HÁ MAIS DE CINCO ANOS;1;VIOLÊNCIA CONTRA CRIANÇA OU ADOLESCENTE;AGRAVANTE.POR MOTIVO VIL, TORPE, INSIDIOSO, CRUEL, À TRAIÇÃO, OU POR DINHEIRO;FUNCIONÁRIO, VOLUNTÁRIO OU PRESTADOR DE SERVIÇO PARA INSTITUIÇÃO;COMUNIDADE/FAMÍLIA;NÃO SE APLICA - VÍTIMA COMUNIDADE/FAMÍLIA;NÃO;03 ANOS;BR | BRASIL;;;;;NÃO;;NÃO;BR | BRASIL;MG;310620 | BELO HORIZONTE;;;;BRANCA;;;ÓRGÃO PÚBLICO;;;;BR | BRASIL;;;;;;;;BR | BRASIL;MG;310620 | BELO HORIZONTE;;;;;;;;PODER JUDICIÁRIO - ESTADUAL;;;LIBERDADE>DIREITOS INDIVIDUAIS>TRÁFICO DE PESSOAS - INTERNACIONAL
FF838FE680A4D42B9FCB4CDC4AEC253839B9AFCEFECC903E11FC167DFF24EB07;2023-04-17 22:01:41.397;TELEFÔNICO;NÃO;TERCEIRO;CASA DA VÍTIMA;BR | BRASIL;MG;310620 | BELO HORIZONTE;DIARIAMENTE;HÁ MAIS DE CINCO ANOS;1;VIOLÊNCIA CONTRA CRIANÇA OU ADOLESCENTE;AGRAVANTE.POR VIOLÊNCIA INSTITUCIONAL;FUNCIONÁRIO, VOLUNTÁRIO OU PRESTADOR DE SERVIÇO PARA INSTITUIÇÃO;COMUNIDADE/FAMÍLIA;NÃO SE APLICA - VÍTIMA COMUNIDADE/FAMÍLIA;NÃO;03 ANOS;BR | BRASIL;;;;;NÃO;;NÃO;BR | BRASIL;MG;310620 | BELO HORIZONTE;;;;BRANCA;;;ÓRGÃO PÚBLICO;;;;BR | BRASIL;;;;;;;;BR | BRASIL;MG;310620 | BELO HORIZONTE;;;;;;;;PODER JUDICIÁRIO - ESTADUAL;;;LIBERDADE>DIREITOS INDIVIDUAIS>TRÁFICO DE PESSOAS - NACIONAL
FA8DFBE84372929DD40F0EC54B6F62223E1443FB2B9AC4F72538BBAA2B7769C5;2023-02-07 11:48:16.167;E-MAIL;NÃO;A PRÓPRIA VÍTIMA;CASA DA VÍTIMA;BR | BRASIL;DENUNCIANTE NÃO SOUBE INFORMAR;DENUNCIANTE NÃO SOUBE INFORMAR;NÃO SABE INFORMAR;NÃO SABE INFORMAR;2;VIOLÊNCIA CONTRA CRIANÇA OU ADOLESCENTE;MOTIVAÇÃO.EM RAZÃO DA IDADE;OUTROS;PESSOA FÍSICA;MASCULINO;NÃO INFORMADO;13 ANOS;BR | BRASIL;;;;;NÃO;;NÃO;DE | ALEMANHA;DENUNCIANTE NÃO SOUBE INFORMAR;DENUNCIANTE NÃO SOUBE INFORMAR;;;;;;;PESSOA FÍSICA;FEMININO;NÃO;35 A 39 ANOS;BR | BRASIL;;;;;NÃO;;NÃO INFORMADO;DE | ALEMANHA;;;NÃO SABE INFORMAR;;;NÃO INFORMADO;;;;;;;LIBERDADE>DIREITOS INDIVIDUAIS>TRÁFICO DE PESSOAS - INTERNACIONAL
