hash;data_de_cadastro;canal_de_atendimento;denuncia_emergencial;denunciante;cenario_da_violacao;pais;uf;municipio;frequencia;inicio_das_violacoes;sl_quantidade_vitimas;grupo_vulneravel;motivacao;relacao_vitima_suspeito;sl_vitima_cadastro;genero_da_vitima;orientacao_sexual_da_vitima;faixa_etaria_da_vitima;nacionalidade_da_vitima;sl_vitima_naturalidade;sl_vitima_naturalizado_uf;sl_vitima_naturalizado_municipio;deficiencia_da_vitima;doenca_rara_da_vitima;deficiencia_relacionada_a_doenca_rara;vitima_preso_a;pais_da_vitima;uf_da_vitima;municipio_da_vitima;profissao_da_vitima;grau_de_instrucao_da_vitima;religiao_da_vitima;raca_cor_da_vitima;etnia_da_vitima;faixa_de_renda_da_vitima;natureza_juridica_do_suspeito;genero_do_suspeito;orientacao_sexual_do_suspeito;faixa_etaria_do_suspeito;suspeito_nacionalidade;sl_suspeito_naturalidade;sl_suspeito_naturalizado_uf;sl_suspeito_naturalizado_municipio;deficiencia_do_suspeito;doenca_rara_do_suspeito;deficiencia_relacionada_a_doenca_rara_suspeito;suspeito_preso;pais_do_suspeito;uf_do_suspeito;sl_suspeito_municipio;profissao_do_suspeito;grau_de_instrucao_do_suspeito;religiao_do_suspeito;raca_cor_do_suspeito;suspeito_etnia;faixa_de_renda_do_suspeito;vinculo_orgao_pj_do_suspeito;sl_suspeito_ramo;suspeito_especificacao_etnia;vitima_especificacao_etnia;violacao
0165AC2EA7DBE7E3D30281EB37EA08BFB00AEF825D12C74A014C2CE0353556FB;2023-12-03 03:05:15.883;TELEFÔNICO;NÃO;TERCEIRO;NÃO SABE INFORMAR;BR | BRASIL;DENUNCIANTE NÃO SOUBE INFORMAR;DENUNCIANTE NÃO SOUBE INFORMAR;DIARIAMENTE;HÁ MAIS DE UM ANO;2;VIOLÊNCIA CONTRA CRIANÇA OU ADOLESCENTE;;TIO(A);PESSOA FÍSICA;MASCULINO;;02 ANOS;BR | BRASIL;;;;;NÃO;;;BR | BRASIL;DENUNCIANTE NÃO SOUBE INFORMAR;DENUNCIANTE NÃO SOUBE INFORMAR;;;;PRETA;;;PESSOA FÍSICA;FEMININO;NÃO;35 A 39 ANOS;BR | BRASIL;;;;;NÃO;;NÃO;BR | BRASIL;DENUNCIANTE NÃO SOUBE INFORMAR;DENUNCIANTE NÃO SOUBE INFORMAR;ENFERMEIRO/TÉCNICO DE ENFERMAGEM/AUXILIAR DE ENFERMAGEM;;;PARDA;;;;;;;LIBERDADE>DIREITOS INDIVIDUAIS>TRÁFICO DE CRIANÇAS - NACIONAL
0335432761F7567E9457345D9FF3909CAD44636095EEC0BA0625561B9FF35FBA;2023-11-14 18:53:17.147;TELEFÔNICO;NÃO;A PRÓPRIA VÍTIMA;CASA ONDE RESIDE A VÍTIMA E O SUSPEITO;BR | BRASIL;SP;355030 | SÃO PAULO;NÃO SABE INFORMAR;HÁ MAIS DE DEZ ANOS;1;VIOLÊNCIA CONTRA CIDADÃO, FAMÍLIA OU COMUNIDADE;;PRIMO(A);PESSOA FÍSICA;MASCULINO;;30 A 34 ANOS;BR | BRASIL;;;;;NÃO;;;BR | BRASIL;SP;355030 | SÃO PAULO;;;;BRANCA;;;PESSOA FÍSICA;FEMININO;NÃO;20 A 24 ANOS;BR | BRASIL;;;;;NÃO;;NÃO;BR | BRASIL;SP;355030 | SÃO PAULO;ADVOGADO;;;BRANCA;;;;;;;LIBERDADE>DIREITOS INDIVIDUAIS>TRÁFICO DE CRIANÇAS - NACIONAL
0335432761F7567E9457345D9FF3909CAD44636095EEC0BA0625561B9FF35FBA;2023-11-14 18:53:17.147;TELEFÔNICO;NÃO;A PRÓPRIA VÍTIMA;CASA ONDE RESIDE A VÍTIMA E O SUSPEITO;BR | BRASIL;SP;355030 | SÃO PAULO;NÃO SABE INFORMAR;HÁ MAIS DE DEZ ANOS;1;VIOLÊNCIA CONTRA CIDADÃO, FAMÍLIA OU COMUNIDADE;;PRIMO(A);PESSOA FÍSICA;MASCULINO;;30 A 34 ANOS;BR | BRASIL;;;;;NÃO;;;BR | BRASIL;SP;355030 | SÃO PAULO;;;;BRANCA;;;PESSOA FÍSICA;FEMININO;NÃO;20 A 24 ANOS;BR | BRASIL;;;;;NÃO;;NÃO;BR | BRASIL;SP;355030 | SÃO PAULO;ADVOGADO;;;BRANCA;;;;;;;LIBERDADE>DIREITOS INDIVIDUAIS>TRÁFICO DE PESSOAS - NACIONAL
0474846A6ED92EF174442E953E29F12764F5E2A27A09C26C19507AA93E726560;2023-09-10 22:10:18.640;TELEFÔNICO;NÃO;TERCEIRO;ÓRGÃOS PÚBLICOS;BR | BRASIL;DENUNCIANTE NÃO SOUBE INFORMAR;DENUNCIANTE NÃO SOUBE INFORMAR;ÚNICA OCORRÊNCIA;NÃO SE APLICA;1;VIOLÊNCIA CONTRA CRIANÇA OU ADOLESCENTE;;AVÔ(Ó);PESSOA FÍSICA;FEMININO;;RECÉM-NASCIDO (ATÉ 28 DIAS);BR | BRASIL;;;;;NÃO;;;BR | BRASIL;DENUNCIANTE NÃO SOUBE INFORMAR;DENUNCIANTE NÃO SOUBE INFORMAR;;;;NÃO INFORMADO;;;PESSOA FÍSICA;FEMININO;NÃO;50 A 54 ANOS;BR | BRASIL;;;;;NÃO;;NÃO;BR | BRASIL;GO;521850 | QUIRINÓPOLIS;OUTROS NÃO LISTADOS;;;PARDA;;;;;;;LIBERDADE>DIREITOS INDIVIDUAIS>TRÁFICO DE CRIANÇAS - NACIONAL
086FC8E098CC36967336ABCB4BA42A2A5176C4D158ADAEB58C738D648E0FE5A8;2023-10-16 15:53:17.787;TELEFÔNICO;NÃO;TERCEIRO;CASA ONDE RESIDE A VÍTIMA E O SUSPEITO;BR | BRASIL;SC;421580 | SÃO BENTO DO SUL;DIARIAMENTE;HÁ MAIS DE SEIS MESES;1;VIOLÊNCIA CONTRA CRIANÇA OU ADOLESCENTE;;MÃE;PESSOA FÍSICA;FEMININO;NÃO;01 ANO;BR | BRASIL;;;;;NÃO;;NÃO;BR | BRASIL;SC;421580 | SÃO BENTO DO SUL;;ANALFABETO/SEM INSTRUÇÃO;;BRANCA;;;PESSOA FÍSICA;MASCULINO;NÃO;50 A 54 ANOS;BR | BRASIL;;;;;NÃO;;NÃO INFORMADO;BR | BRASIL;SC;421580 | SÃO BENTO DO SUL;NÃO SABE INFORMAR;;;BRANCA;;;;;;;LIBERDADE>DIREITOS INDIVIDUAIS>TRÁFICO DE CRIANÇAS - NACIONAL
07D5F260DD0B1AA6B1B85AF28B13B21CA57BA236183279518563733A0AAB0A64;2023-10-21 19:25:11.127;TELEFÔNICO;NÃO;A PRÓPRIA VÍTIMA;OUTROS;BR | BRASIL;MG;310620 | BELO HORIZONTE;DIARIAMENTE;HÁ UMA SEMANA;1;VIOLÊNCIA CONTRA PESSOA COM DEFICIÊNCIA;;OUTROS;PESSOA FÍSICA;FEMININO;NÃO;25 A 29 ANOS;BR | BRASIL;;;;;NÃO;;NÃO;BR | BRASIL;MG;310620 | BELO HORIZONTE;;SUPERIOR COMPLETO;;PRETA;;;PESSOA FÍSICA;MASCULINO;NÃO;25 A 29 ANOS;BR | BRASIL;;;;;NÃO;;NÃO INFORMADO;BR | BRASIL;MG;310620 | BELO HORIZONTE;OUTROS NÃO LISTADOS;;;BRANCA;;;;;;;LIBERDADE>DIREITOS INDIVIDUAIS>TRÁFICO DE MULHERES - NACIONAL
0B8A4C7D89A702071E26377ED86E5B27D11AF827BD04658ABA598CBE805B1462;2023-08-07 10:52:15.913;PROCESSO SEI;NÃO;TERCEIRO;OUTROS;GB | REINO UNIDO;;;ÚNICA OCORRÊNCIA;NÃO SE APLICA;2;VIOLÊNCIA CONTRA POPULAÇÃO LGBTQIA+;MOTIVAÇÃO.PARA OBTENÇÃO DE BENEFÍCIO FINANCEIRO/GANÂNCIA;AMIGO(A);PESSOA FÍSICA;INTERSEXO;PESSOA TRANS.TRANSEXUAL;20 A 24 ANOS;BR | BRASIL;;;;NÃO;NÃO;;NÃO;GB | REINO UNIDO;;;NÃO SABE INFORMAR;;;NÃO INFORMADO;;;PESSOA FÍSICA;MASCULINO;NÃO;NÃO INFORMADO;BR | BRASIL;;;;NÃO;NÃO;;NÃO;GB | REINO UNIDO;;;NÃO SABE INFORMAR;;;NÃO INFORMADO;;;;;;;LIBERDADE>DIREITOS INDIVIDUAIS>TRÁFICO DE PESSOAS - INTERNACIONAL
0C0449BF09BACFD74792B61D442C76EF25169C11B61940AAAF1CD440063BB112;2023-08-21 18:22:33.027;TELEFÔNICO;NÃO;TERCEIRO;AMBIENTE VIRTUAL (NO ÂMBITO DA INTERNET);BR | BRASIL;SC;420240 | BLUMENAU;DIARIAMENTE;HÁ MAIS DE UM ANO;1;VIOLÊNCIA CONTRA CRIANÇA OU ADOLESCENTE;AGRAVANTE.FOI PRATICADO POR DUAS OU MAIS PESSOAS;NÃO SE APLICA;PESSOA FÍSICA;FEMININO;;MENOS DE 01 ANO;BR | BRASIL;;;;;NÃO;;;BR | BRASIL;DENUNCIANTE NÃO SOUBE INFORMAR;DENUNCIANTE NÃO SOUBE INFORMAR;;;;NÃO INFORMADO;;;PESSOA FÍSICA;FEMININO;NÃO;25 A 29 ANOS;BR | BRASIL;;;;;NÃO;;NÃO INFORMADO;BR | BRASIL;SC;420240 | BLUMENAU;OUTROS NÃO LISTADOS;;;BRANCA;;;;;;;LIBERDADE>DIREITOS INDIVIDUAIS>TRÁFICO DE PESSOAS - INTERNACIONAL
0B8A4C7D89A702071E26377ED86E5B27D11AF827BD04658ABA598CBE805B1462;2023-08-07 10:52:15.913;PROCESSO SEI;NÃO;TERCEIRO;OUTROS;GB | REINO UNIDO;;;ÚNICA OCORRÊNCIA;NÃO SE APLICA;2;VIOLÊNCIA CONTRA CIDADÃO, FAMÍLIA OU COMUNIDADE;MOTIVAÇÃO.PARA OBTENÇÃO DE BENEFÍCIO FINANCEIRO/GANÂNCIA;AMIGO(A);PESSOA FÍSICA;INTERSEXO;PESSOA TRANS.TRANSEXUAL;20 A 24 ANOS;BR | BRASIL;;;;NÃO;NÃO;;NÃO;GB | REINO UNIDO;;;NÃO SABE INFORMAR;;;NÃO INFORMADO;;;PESSOA FÍSICA;MASCULINO;NÃO;NÃO INFORMADO;BR | BRASIL;;;;NÃO;NÃO;;NÃO;GB | REINO UNIDO;;;NÃO SABE INFORMAR;;;NÃO INFORMADO;;;;;;;LIBERDADE>DIREITOS INDIVIDUAIS>TRÁFICO DE PESSOAS - INTERNACIONAL
0B8A4C7D89A702071E26377ED86E5B27D11AF827BD04658ABA598CBE805B1462;2023-08-07 10:52:15.913;PROCESSO SEI;NÃO;TERCEIRO;OUTROS;GB | REINO UNIDO;;;ÚNICA OCORRÊNCIA;NÃO SE APLICA;2;VIOLÊNCIA CONTRA CIDADÃO, FAMÍLIA OU COMUNIDADE;MOTIVAÇÃO.PARA OBTENÇÃO DE BENEFÍCIO FINANCEIRO/GANÂNCIA;AMIGO(A);PESSOA FÍSICA;INTERSEXO;PESSOA TRANS.TRANSEXUAL;20 A 24 ANOS;BR | BRASIL;;;;NÃO;NÃO;;NÃO;GB | REINO UNIDO;;;OUTROS NÃO LISTADOS;;;NÃO INFORMADO;;;PESSOA FÍSICA;MASCULINO;NÃO;NÃO INFORMADO;BR | BRASIL;;;;NÃO;NÃO;;NÃO;GB | REINO UNIDO;;;NÃO SABE INFORMAR;;;NÃO INFORMADO;;;;;;;LIBERDADE>DIREITOS INDIVIDUAIS>TRÁFICO DE PESSOAS - INTERNACIONAL
0B8A4C7D89A702071E26377ED86E5B27D11AF827BD04658ABA598CBE805B1462;2023-08-07 10:52:15.913;PROCESSO SEI;NÃO;TERCEIRO;OUTROS;GB | REINO UNIDO;;;ÚNICA OCORRÊNCIA;NÃO SE APLICA;2;VIOLÊNCIA CONTRA POPULAÇÃO LGBTQIA+;MOTIVAÇÃO.PARA OBTENÇÃO DE BENEFÍCIO FINANCEIRO/GANÂNCIA;AMIGO(A);PESSOA FÍSICA;INTERSEXO;PESSOA TRANS.TRANSEXUAL;20 A 24 ANOS;BR | BRASIL;;;;NÃO;NÃO;;NÃO;GB | REINO UNIDO;;;OUTROS NÃO LISTADOS;;;NÃO INFORMADO;;;PESSOA FÍSICA;MASCULINO;NÃO;NÃO INFORMADO;BR | BRASIL;;;;NÃO;NÃO;;NÃO;GB | REINO UNIDO;;;NÃO SABE INFORMAR;;;NÃO INFORMADO;;;;;;;LIBERDADE>DIREITOS INDIVIDUAIS>TRÁFICO DE PESSOAS - INTERNACIONAL
0E0D64D978F31ADED6F255DAADDB7A3A662C934E055EAD82320C867346D03660;2023-10-09 15:55:50.143;TELEFÔNICO;NÃO;TERCEIRO;CASA DO SUSPEITO;BR | BRASIL;PE;261160 | RECIFE;OCASIONALMENTE;HÁ MAIS DE UM ANO;2;VIOLÊNCIA CONTRA CRIANÇA OU ADOLESCENTE;;OUTROS;PESSOA FÍSICA;FEMININO;NÃO;17 ANOS;BR | BRASIL;;;;;NÃO;;NÃO;BR | BRASIL;PE;261160 | RECIFE;;;;BRANCA;;;PESSOA FÍSICA;FEMININO;NÃO;70 A 74 ANOS;BR | BRASIL;;;;;NÃO;;NÃO;BR | BRASIL;PE;261160 | RECIFE;OUTROS NÃO LISTADOS;;;BRANCA;;;;;;;LIBERDADE>DIREITOS INDIVIDUAIS>TRÁFICO DE CRIANÇAS - NACIONAL
0C0449BF09BACFD74792B61D442C76EF25169C11B61940AAAF1CD440063BB112;2023-08-21 18:22:33.027;TELEFÔNICO;NÃO;TERCEIRO;AMBIENTE VIRTUAL (NO ÂMBITO DA INTERNET);BR | BRASIL;SC;420240 | BLUMENAU;DIARIAMENTE;HÁ MAIS DE UM ANO;1;VIOLÊNCIA CONTRA CRIANÇA OU ADOLESCENTE;AGRAVANTE.POR MOTIVO VIL, TORPE, INSIDIOSO, CRUEL, À TRAIÇÃO, OU POR DINHEIRO;NÃO SE APLICA;PESSOA FÍSICA;FEMININO;;MENOS DE 01 ANO;BR | BRASIL;;;;;NÃO;;;BR | BRASIL;DENUNCIANTE NÃO SOUBE INFORMAR;DENUNCIANTE NÃO SOUBE INFORMAR;;;;NÃO INFORMADO;;;PESSOA FÍSICA;FEMININO;NÃO;25 A 29 ANOS;BR | BRASIL;;;;;NÃO;;NÃO INFORMADO;BR | BRASIL;SC;420240 | BLUMENAU;OUTROS NÃO LISTADOS;;;BRANCA;;;;;;;LIBERDADE>DIREITOS INDIVIDUAIS>TRÁFICO DE PESSOAS - NACIONAL
0E0D64D978F31ADED6F255DAADDB7A3A662C934E055EAD82320C867346D03660;2023-10-09 15:55:50.143;TELEFÔNICO;NÃO;TERCEIRO;CASA DO SUSPEITO;BR | BRASIL;PE;261160 | RECIFE;OCASIONALMENTE;HÁ MAIS DE UM ANO;2;VIOLÊNCIA CONTRA CRIANÇA OU ADOLESCENTE;;OUTROS;PESSOA FÍSICA;FEMININO;NÃO;17 ANOS;BR | BRASIL;;;;;NÃO;;NÃO;BR | BRASIL;PE;261160 | RECIFE;;;;BRANCA;;;PESSOA FÍSICA;FEMININO;NÃO;70 A 74 ANOS;BR | BRASIL;;;;;NÃO;;NÃO;BR | BRASIL;PE;261160 | RECIFE;OUTROS NÃO LISTADOS;;;BRANCA;;;;;;;LIBERDADE>DIREITOS INDIVIDUAIS>TRÁFICO DE PESSOAS - INTERNACIONAL
0E54652C77F5D3E2683F5AFF6A8C761541A2D7FE1F7252916E6BC01CC1E92C3F;2023-12-11 16:56:44.157;TELEFÔNICO;NÃO;TERCEIRO;EVENTO PÚBLICO;BR | BRASIL;PE;2611606 | RECIFE;SEMANALMENTE;HÁ MAIS DE UM ANO;1;VIOLÊNCIA CONTRA CRIANÇA OU ADOLESCENTE;;NÃO SE APLICA;COMUNIDADE/FAMÍLIA;;;10 ANOS;BR | BRASIL;;;;;;;;BR | BRASIL;DENUNCIANTE NÃO SOUBE INFORMAR;DENUNCIANTE NÃO SOUBE INFORMAR;;;;NÃO INFORMADO;;;PESSOA FÍSICA;MASCULINO;NÃO;;BR | BRASIL;;;;;NÃO;;;BR | BRASIL;PE;2611606 | RECIFE;;;;;;;;;;;LIBERDADE>DIREITOS INDIVIDUAIS>TRÁFICO DE MULHERES - NACIONAL
1404A99508957CD5256D9CC14162A1D2209E3D9519F89922EC6C5061E28CAEE0;2023-10-11 19:35:13.230;PROCESSO SEI;NÃO;TERCEIRO;NÃO SABE INFORMAR;BR | BRASIL;GO;522185 | VALPARAÍSO DE GOIÁS;NÃO SABE INFORMAR;NÃO SABE INFORMAR;1;VIOLÊNCIA CONTRA CRIANÇA OU ADOLESCENTE;OUTRO(S) ELEMENTO(S);NÃO SABE INFORMAR;PESSOA FÍSICA;FEMININO;;CRIANÇA/ADOLESCENTE IDADE NÃO INFORMADA;BR | BRASIL;;;;NÃO;NÃO;;;BR | BRASIL;GO;522185 | VALPARAÍSO DE GOIÁS;;;;NÃO INFORMADO;;;PESSOA FÍSICA;FEMININO;NÃO;NÃO INFORMADO;BR | BRASIL;;;;NÃO;NÃO;;NÃO INFORMADO;BR | BRASIL;GO;522185 | VALPARAÍSO DE GOIÁS;NÃO SABE INFORMAR;;;NÃO INFORMADO;;;;;;;LIBERDADE>DIREITOS INDIVIDUAIS>TRÁFICO DE CRIANÇAS - NACIONAL
12DF25E4D30F99D70A7D58D0BD2262262C927F9EA555282B59F10F80AA0EBC29;2023-10-15 09:33:45.303;TELEFÔNICO;NÃO;TERCEIRO;CASA ONDE RESIDE A VÍTIMA E O SUSPEITO;BR | BRASIL;SP;355030 | SÃO PAULO;DIARIAMENTE;HÁ UM MÊS;2;VIOLÊNCIA CONTRA CRIANÇA OU ADOLESCENTE;;AVÔ(Ó);PESSOA FÍSICA;FEMININO;NÃO;17 ANOS;BR | BRASIL;;;;;NÃO;;NÃO;BR | BRASIL;SP;355030 | SÃO PAULO;;ENSINO FUNDAMENTAL INCOMPLETO;;PARDA;;;PESSOA FÍSICA;MASCULINO;NÃO;NÃO INFORMADO;BR | BRASIL;;;;;NÃO;;NÃO INFORMADO;BR | BRASIL;SP;355030 | SÃO PAULO;NÃO SABE INFORMAR;;;NÃO INFORMADO;;;;;;;LIBERDADE>DIREITOS INDIVIDUAIS>TRÁFICO DE MULHERES - NACIONAL
17B07A0B7D33E54030B80C87FF856730230294A86EBDCA4E2D325D926A41F23B;2023-07-18 11:28:09.380;TELEFÔNICO;NÃO;TERCEIRO;CASA ONDE RESIDE A VÍTIMA E O SUSPEITO;BR | BRASIL;SP;355030 | SÃO PAULO;DIARIAMENTE;HÁ MAIS DE CINCO ANOS;1;VIOLÊNCIA CONTRA CIDADÃO, FAMÍLIA OU COMUNIDADE;MOTIVAÇÃO.EM RAZÃO DE SER MULHER;DESCONHECIDO(A);COMUNIDADE/FAMÍLIA;NÃO SE APLICA - VÍTIMA COMUNIDADE/FAMÍLIA;NÃO;NÃO INFORMADO;BR | BRASIL;;;;;NÃO;;NÃO;BR | BRASIL;SP;355030 | SÃO PAULO;OUTROS NÃO LISTADOS;ANALFABETO/SEM INSTRUÇÃO;;NÃO INFORMADO;;;PESSOA FÍSICA;FEMININO;NÃO;45 A 49 ANOS;BR | BRASIL;;;;;NÃO;;NÃO;BR | BRASIL;SP;355030 | SÃO PAULO;NÃO SABE INFORMAR;;;BRANCA;;;;;;;LIBERDADE>DIREITOS INDIVIDUAIS>TRÁFICO DE PESSOAS - INTERNACIONAL
1A37695637614A34B5F8A06F586E22845FCC82A369556CEA30AD02B9A29494E3;2023-10-16 15:53:17.787;TELEFÔNICO;NÃO;TERCEIRO;CASA ONDE RESIDE A VÍTIMA E O SUSPEITO;BR | BRASIL;SC;421580 | SÃO BENTO DO SUL;DIARIAMENTE;HÁ MAIS DE SEIS MESES;1;VIOLÊNCIA CONTRA CRIANÇA OU ADOLESCENTE;;MÃE;PESSOA FÍSICA;FEMININO;NÃO;01 ANO;BR | BRASIL;;;;;NÃO;;NÃO;BR | BRASIL;SC;421580 | SÃO BENTO DO SUL;;ANALFABETO/SEM INSTRUÇÃO;;BRANCA;;;PESSOA FÍSICA;FEMININO;NÃO;30 A 34 ANOS;BR | BRASIL;;;;;NÃO;;NÃO;BR | BRASIL;SC;421580 | SÃO BENTO DO SUL;NÃO SABE INFORMAR;;;PARDA;;;;;;;LIBERDADE>DIREITOS INDIVIDUAIS>TRÁFICO DE CRIANÇAS - NACIONAL
1B496FC250C68F07AADAC4B5A73A9F54E54389D08264BAE52AF16F6020CCD535;2023-09-06 09:33:33.107;TELEFÔNICO;NÃO;TERCEIRO;CASA ONDE RESIDE A VÍTIMA E O SUSPEITO;BR | BRASIL;SP;350290 | ARAÇOIABA DA SERRA;DIARIAMENTE;HÁ MAIS DE SEIS MESES;2;VIOLÊNCIA CONTRA CRIANÇA OU ADOLESCENTE;;NÃO SE APLICA;PESSOA FÍSICA;FEMININO;;05 ANOS;BR | BRASIL;;;;NÃO;NÃO;;;BR | BRASIL;SP;350290 | ARAÇOIABA DA SERRA;;;;PARDA;;;PESSOA FÍSICA;FEMININO;NÃO;40 A 44 ANOS;BR | BRASIL;;;;NÃO;NÃO;;NÃO;BR | BRASIL;SP;350290 | ARAÇOIABA DA SERRA;OUTROS NÃO LISTADOS;;;BRANCA;;;;;;;LIBERDADE>DIREITOS INDIVIDUAIS>TRÁFICO DE CRIANÇAS - NACIONAL
1C64292F3AE766D39B882383CBB7EC13C3EC3D3BF94F7EA897BED2D5E3102CC3;2023-11-14 18:53:17.147;TELEFÔNICO;NÃO;A PRÓPRIA VÍTIMA;CASA ONDE RESIDE A VÍTIMA E O SUSPEITO;BR | BRASIL;SP;355030 | SÃO PAULO;NÃO SABE INFORMAR;HÁ MAIS DE DEZ ANOS;1;VIOLÊNCIA CONTRA CIDADÃO, FAMÍLIA OU COMUNIDADE;;PRIMO(A);PESSOA FÍSICA;MASCULINO;;30 A 34 ANOS;BR | BRASIL;;;;;NÃO;;;BR | BRASIL;SP;355030 | SÃO PAULO;;;;BRANCA;;;PESSOA FÍSICA;FEMININO;NÃO;NÃO INFORMADO;BR | BRASIL;;;;;NÃO;;NÃO INFORMADO;BR | BRASIL;SP;355030 | SÃO PAULO;NÃO SABE INFORMAR;;;;;;;;;;LIBERDADE>DIREITOS INDIVIDUAIS>TRÁFICO DE CRIANÇAS - NACIONAL
1C85B69F1285319BD73522C7F48B4941B9C9B128667EDB6FA5873DF0D509CD06;2023-10-14 12:51:13.687;TELEFÔNICO;NÃO;TERCEIRO;CASA DO SUSPEITO;BR | BRASIL;PE;261160 | RECIFE;DIARIAMENTE;HÁ MAIS DE SEIS MESES;1;VIOLÊNCIA CONTRA CRIANÇA OU ADOLESCENTE;;OUTROS;PESSOA FÍSICA;FEMININO;NÃO;15 ANOS;BR | BRASIL;;;;;NÃO;;NÃO;BR | BRASIL;DENUNCIANTE NÃO SOUBE INFORMAR;DENUNCIANTE NÃO SOUBE INFORMAR;;;;BRANCA;;;PESSOA FÍSICA;MASCULINO;NÃO;55 A 59 ANOS;BR | BRASIL;;;;;NÃO;;NÃO;BR | BRASIL;PE;261160 | RECIFE;OUTROS NÃO LISTADOS;;;PRETA;;;;;;;LIBERDADE>DIREITOS INDIVIDUAIS>TRÁFICO DE CRIANÇAS - INTERNACIONAL
1C64292F3AE766D39B882383CBB7EC13C3EC3D3BF94F7EA897BED2D5E3102CC3;2023-11-14 18:53:17.147;TELEFÔNICO;NÃO;A PRÓPRIA VÍTIMA;CASA ONDE RESIDE A VÍTIMA E O SUSPEITO;BR | BRASIL;SP;355030 | SÃO PAULO;NÃO SABE INFORMAR;HÁ MAIS DE DEZ ANOS;1;VIOLÊNCIA CONTRA CIDADÃO, FAMÍLIA OU COMUNIDADE;;PRIMO(A);PESSOA FÍSICA;MASCULINO;;30 A 34 ANOS;BR | BRASIL;;;;;NÃO;;;BR | BRASIL;SP;355030 | SÃO PAULO;;;;BRANCA;;;PESSOA FÍSICA;FEMININO;NÃO;NÃO INFORMADO;BR | BRASIL;;;;;NÃO;;NÃO INFORMADO;BR | BRASIL;SP;355030 | SÃO PAULO;NÃO SABE INFORMAR;;;;;;;;;;LIBERDADE>DIREITOS INDIVIDUAIS>TRÁFICO DE PESSOAS - NACIONAL
1C85B69F1285319BD73522C7F48B4941B9C9B128667EDB6FA5873DF0D509CD06;2023-10-14 12:51:13.687;TELEFÔNICO;NÃO;TERCEIRO;CASA DO SUSPEITO;BR | BRASIL;PE;261160 | RECIFE;DIARIAMENTE;HÁ MAIS DE SEIS MESES;1;VIOLÊNCIA CONTRA CRIANÇA OU ADOLESCENTE;;OUTROS;PESSOA FÍSICA;FEMININO;NÃO;15 ANOS;BR | BRASIL;;;;;NÃO;;NÃO;BR | BRASIL;DENUNCIANTE NÃO SOUBE INFORMAR;DENUNCIANTE NÃO SOUBE INFORMAR;;;;BRANCA;;;PESSOA FÍSICA;MASCULINO;NÃO;55 A 59 ANOS;BR | BRASIL;;;;;NÃO;;NÃO;BR | BRASIL;PE;261160 | RECIFE;OUTROS NÃO LISTADOS;;;PRETA;;;;;;;LIBERDADE>DIREITOS INDIVIDUAIS>TRÁFICO DE CRIANÇAS - NACIONAL
2050B9D689AD487DD76E5BE17F66416701A78D290E78733F1650BB0FCF1794A0;2023-07-10 16:43:54.937;TELEFÔNICO;NÃO;TERCEIRO;CASA ONDE RESIDE A VÍTIMA E O SUSPEITO;BR | BRASIL;RS;430310 | CACHOEIRINHA;DIARIAMENTE;HÁ MAIS DE UM ANO;1;VIOLÊNCIA CONTRA CRIANÇA OU ADOLESCENTE;AGRAVANTE.POR MOTIVO VIL, TORPE, INSIDIOSO, CRUEL, À TRAIÇÃO, OU POR DINHEIRO;MÃE;PESSOA FÍSICA;FEMININO;;02 ANOS;BR | BRASIL;;;;;NÃO;;NÃO;BR | BRASIL;RS;430310 | CACHOEIRINHA;;;;BRANCA;;;PESSOA FÍSICA;FEMININO;NÃO;40 A 44 ANOS;BR | BRASIL;;;;;NÃO;;NÃO;BR | BRASIL;RS;430310 | CACHOEIRINHA;OUTROS NÃO LISTADOS;;;BRANCA;;;;;;;LIBERDADE>DIREITOS INDIVIDUAIS>TRÁFICO DE PESSOAS - INTERNACIONAL
207673A6D0E0C3E5C23B03649563F505CB9496E76E15A5338293DB7C47F0BBC2;2023-10-30 12:57:02.243;TELEFÔNICO;NÃO;TERCEIRO;CASA DO SUSPEITO;BR | BRASIL;RS;430760 | ESTÂNCIA VELHA;DIARIAMENTE;HÁ MAIS DE UM ANO;1;VIOLÊNCIA CONTRA CRIANÇA OU ADOLESCENTE;;DESCONHECIDO(A);PESSOA FÍSICA;FEMININO;NÃO;CRIANÇA/ADOLESCENTE IDADE NÃO INFORMADA;BR | BRASIL;;;;;NÃO;;NÃO;BR | BRASIL;DENUNCIANTE NÃO SOUBE INFORMAR;DENUNCIANTE NÃO SOUBE INFORMAR;;;;NÃO INFORMADO;;;PESSOA FÍSICA;FEMININO;NÃO;25 A 29 ANOS;BR | BRASIL;;;;;NÃO;;NÃO;BR | BRASIL;RS;430760 | ESTÂNCIA VELHA;NÃO SABE INFORMAR;;;NÃO INFORMADO;;;;;;;LIBERDADE>DIREITOS INDIVIDUAIS>TRÁFICO DE CRIANÇAS - INTERNACIONAL
207673A6D0E0C3E5C23B03649563F505CB9496E76E15A5338293DB7C47F0BBC2;2023-10-30 12:57:02.243;TELEFÔNICO;NÃO;TERCEIRO;CASA DO SUSPEITO;BR | BRASIL;RS;430760 | ESTÂNCIA VELHA;DIARIAMENTE;HÁ MAIS DE UM ANO;1;VIOLÊNCIA CONTRA CRIANÇA OU ADOLESCENTE;;DESCONHECIDO(A);PESSOA FÍSICA;FEMININO;NÃO;CRIANÇA/ADOLESCENTE IDADE NÃO INFORMADA;BR | BRASIL;;;;;NÃO;;NÃO;BR | BRASIL;DENUNCIANTE NÃO SOUBE INFORMAR;DENUNCIANTE NÃO SOUBE INFORMAR;;;;NÃO INFORMADO;;;PESSOA FÍSICA;FEMININO;NÃO;25 A 29 ANOS;BR | BRASIL;;;;;NÃO;;NÃO;BR | BRASIL;RS;430760 | ESTÂNCIA VELHA;NÃO SABE INFORMAR;;;NÃO INFORMADO;;;;;;;LIBERDADE>DIREITOS INDIVIDUAIS>TRÁFICO DE CRIANÇAS - NACIONAL
22DB64FF8B7AFCDC10C6354E33461E1D0AEC3E81081C1B7C9856FEACE118BC5F;2023-10-11 19:35:13.230;PROCESSO SEI;NÃO;TERCEIRO;NÃO SABE INFORMAR;BR | BRASIL;GO;522185 | VALPARAÍSO DE GOIÁS;NÃO SABE INFORMAR;NÃO SABE INFORMAR;1;VIOLÊNCIA CONTRA CRIANÇA OU ADOLESCENTE;OUTRO(S) ELEMENTO(S);NÃO SABE INFORMAR;PESSOA FÍSICA;FEMININO;;CRIANÇA/ADOLESCENTE IDADE NÃO INFORMADA;BR | BRASIL;;;;NÃO;NÃO;;;BR | BRASIL;GO;522185 | VALPARAÍSO DE GOIÁS;;;;NÃO INFORMADO;;;PESSOA FÍSICA;FEMININO;NÃO;NÃO INFORMADO;BR | BRASIL;;;;NÃO;NÃO;;NÃO INFORMADO;BR | BRASIL;GO;522185 | VALPARAÍSO DE GOIÁS;NÃO SABE INFORMAR;;;NÃO INFORMADO;;;;;;;LIBERDADE>DIREITOS INDIVIDUAIS>TRÁFICO DE CRIANÇAS - NACIONAL
2316B08760ABD39341F871038EF2DEEEC9CC45C3347E7060FC4AC0FF6C04C013;2023-11-20 15:22:43.757;PROCESSO SEI;NÃO;TERCEIRO;INSTITUIÇÃO DE ENSINO;BR | BRASIL;SP;351880 | GUARULHOS;DIARIAMENTE;NÃO SABE INFORMAR;1;VIOLÊNCIA CONTRA CRIANÇA OU ADOLESCENTE;OUTRO(S) ELEMENTO(S);DIRETOR(A) DE ESCOLA;COMUNIDADE/FAMÍLIA;;;CRIANÇA/ADOLESCENTE IDADE NÃO INFORMADA;BR | BRASIL;;;;;;;;BR | BRASIL;SP;351880 | GUARULHOS;;;;NÃO INFORMADO;;;PESSOA FÍSICA;FEMININO;NÃO;;BR | BRASIL;;;;;NÃO;;;BR | BRASIL;SP;351880 | GUARULHOS;;;;;;;;;;;LIBERDADE>DIREITOS INDIVIDUAIS>TRÁFICO DE CRIANÇAS - INTERNACIONAL
25FD9CCB66826B1E545E5838BB5CF10BF9BE4CA88554FCC974ECC5366206058C;2023-11-12 11:57:35.073;TELEFÔNICO;NÃO;TERCEIRO;CASA ONDE RESIDE A VÍTIMA E O SUSPEITO;BR | BRASIL;SC;420420 | CHAPECÓ;DIARIAMENTE;HÁ MAIS DE UM ANO;1;VIOLÊNCIA CONTRA CIDADÃO, FAMÍLIA OU COMUNIDADE;;OUTROS;COMUNIDADE/FAMÍLIA;NÃO SE APLICA - VÍTIMA COMUNIDADE/FAMÍLIA;;20 A 24 ANOS;BR | BRASIL;;;;;;;;BR | BRASIL;SC;420420 | CHAPECÓ;;;;NÃO INFORMADO;;;PESSOA FÍSICA;FEMININO;NÃO;;BR | BRASIL;;;;;NÃO;;;BR | BRASIL;SC;420420 | CHAPECÓ;;;;;;;;;;;LIBERDADE>DIREITOS INDIVIDUAIS>TRÁFICO DE MULHERES - NACIONAL
25FD9CCB66826B1E545E5838BB5CF10BF9BE4CA88554FCC974ECC5366206058C;2023-11-12 11:57:35.073;TELEFÔNICO;NÃO;TERCEIRO;CASA ONDE RESIDE A VÍTIMA E O SUSPEITO;BR | BRASIL;SC;420420 | CHAPECÓ;DIARIAMENTE;HÁ MAIS DE UM ANO;1;VIOLÊNCIA CONTRA CIDADÃO, FAMÍLIA OU COMUNIDADE;;OUTROS;COMUNIDADE/FAMÍLIA;NÃO SE APLICA - VÍTIMA COMUNIDADE/FAMÍLIA;;20 A 24 ANOS;BR | BRASIL;;;;;;;;BR | BRASIL;SC;420420 | CHAPECÓ;;;;NÃO INFORMADO;;;PESSOA FÍSICA;FEMININO;NÃO;25 A 29 ANOS;BR | BRASIL;;;;;NÃO;;NÃO INFORMADO;BR | BRASIL;PR;411850 | PATO BRANCO;OUTROS NÃO LISTADOS;;;;;;;;;;LIBERDADE>DIREITOS INDIVIDUAIS>TRÁFICO DE MULHERES - NACIONAL
2972AFFA99ECE64EBF103F0F02BF648BCBD795F2C5F338C45E3E2865FD5F1EC4;2023-08-07 10:52:15.913;PROCESSO SEI;NÃO;TERCEIRO;OUTROS;GB | REINO UNIDO;;;ÚNICA OCORRÊNCIA;NÃO SE APLICA;2;VIOLÊNCIA CONTRA POPULAÇÃO LGBTQIA+;MOTIVAÇÃO.PARA OBTENÇÃO DE BENEFÍCIO FINANCEIRO/GANÂNCIA;AMIGO(A);PESSOA FÍSICA;INTERSEXO;PESSOA TRANS.TRANSEXUAL;20 A 24 ANOS;BR | BRASIL;;;;NÃO;NÃO;;NÃO;GB | REINO UNIDO;;;NÃO SABE INFORMAR;;;NÃO INFORMADO;;;PESSOA FÍSICA;NÃO INFORMADO;NÃO;NÃO INFORMADO;BR | BRASIL;;;;NÃO;NÃO;;NÃO;GB | REINO UNIDO;;;NÃO SABE INFORMAR;;;NÃO INFORMADO;;;;;;;LIBERDADE>DIREITOS INDIVIDUAIS>TRÁFICO DE PESSOAS - INTERNACIONAL
2972AFFA99ECE64EBF103F0F02BF648BCBD795F2C5F338C45E3E2865FD5F1EC4;2023-08-07 10:52:15.913;PROCESSO SEI;NÃO;TERCEIRO;OUTROS;GB | REINO UNIDO;;;ÚNICA OCORRÊNCIA;NÃO SE APLICA;2;VIOLÊNCIA CONTRA POPULAÇÃO LGBTQIA+;MOTIVAÇÃO.PARA OBTENÇÃO DE BENEFÍCIO FINANCEIRO/GANÂNCIA;AMIGO(A);PESSOA FÍSICA;INTERSEXO;PESSOA TRANS.TRANSEXUAL;20 A 24 ANOS;BR | BRASIL;;;;NÃO;NÃO;;NÃO;GB | REINO UNIDO;;;OUTROS NÃO LISTADOS;;;NÃO INFORMADO;;;PESSOA FÍSICA;NÃO INFORMADO;NÃO;NÃO INFORMADO;BR | BRASIL;;;;NÃO;NÃO;;NÃO;GB | REINO UNIDO;;;NÃO SABE INFORMAR;;;NÃO INFORMADO;;;;;;;LIBERDADE>DIREITOS INDIVIDUAIS>TRÁFICO DE PESSOAS - INTERNACIONAL
2972AFFA99ECE64EBF103F0F02BF648BCBD795F2C5F338C45E3E2865FD5F1EC4;2023-08-07 10:52:15.913;PROCESSO SEI;NÃO;TERCEIRO;OUTROS;GB | REINO UNIDO;;;ÚNICA OCORRÊNCIA;NÃO SE APLICA;2;VIOLÊNCIA CONTRA CIDADÃO, FAMÍLIA OU COMUNIDADE;MOTIVAÇÃO.PARA OBTENÇÃO DE BENEFÍCIO FINANCEIRO/GANÂNCIA;AMIGO(A);PESSOA FÍSICA;INTERSEXO;PESSOA TRANS.TRANSEXUAL;20 A 24 ANOS;BR | BRASIL;;;;NÃO;NÃO;;NÃO;GB | REINO UNIDO;;;OUTROS NÃO LISTADOS;;;NÃO INFORMADO;;;PESSOA FÍSICA;NÃO INFORMADO;NÃO;NÃO INFORMADO;BR | BRASIL;;;;NÃO;NÃO;;NÃO;GB | REINO UNIDO;;;NÃO SABE INFORMAR;;;NÃO INFORMADO;;;;;;;LIBERDADE>DIREITOS INDIVIDUAIS>TRÁFICO DE PESSOAS - INTERNACIONAL
2B055B67ABA90ABA05CBBAF81448A4ECA4902DE5B6C1792E26BEDBE23A485D3F;2023-08-07 14:59:14.693;PROCESSO SEI;NÃO;TERCEIRO;OUTROS;GB | REINO UNIDO;;;ÚNICA OCORRÊNCIA;NÃO SE APLICA;2;VIOLÊNCIA CONTRA CIDADÃO, FAMÍLIA OU COMUNIDADE;MOTIVAÇÃO.PARA OBTENÇÃO DE BENEFÍCIO FINANCEIRO/GANÂNCIA;AMIGO(A);PESSOA FÍSICA;INTERSEXO;PESSOA TRANS.TRANSGÊNERO;20 A 24 ANOS;BR | BRASIL;;;;NÃO;NÃO;;NÃO;GB | REINO UNIDO;;;OUTROS NÃO LISTADOS;;;NÃO INFORMADO;;;PESSOA FÍSICA;FEMININO;NÃO;NÃO INFORMADO;BR | BRASIL;;;;NÃO;NÃO;;NÃO;GB | REINO UNIDO;;;NÃO SABE INFORMAR;;;;;;;;;;LIBERDADE>DIREITOS INDIVIDUAIS>TRÁFICO DE PESSOAS - INTERNACIONAL
2B055B67ABA90ABA05CBBAF81448A4ECA4902DE5B6C1792E26BEDBE23A485D3F;2023-08-07 14:59:14.693;PROCESSO SEI;NÃO;TERCEIRO;OUTROS;GB | REINO UNIDO;;;ÚNICA OCORRÊNCIA;NÃO SE APLICA;2;VIOLÊNCIA CONTRA POPULAÇÃO LGBTQIA+;MOTIVAÇÃO.PARA OBTENÇÃO DE BENEFÍCIO FINANCEIRO/GANÂNCIA;AMIGO(A);PESSOA FÍSICA;INTERSEXO;PESSOA TRANS.TRANSGÊNERO;20 A 24 ANOS;BR | BRASIL;;;;NÃO;NÃO;;NÃO;GB | REINO UNIDO;;;OUTROS NÃO LISTADOS;;;NÃO INFORMADO;;;PESSOA FÍSICA;FEMININO;NÃO;NÃO INFORMADO;BR | BRASIL;;;;NÃO;NÃO;;NÃO;GB | REINO UNIDO;;;NÃO SABE INFORMAR;;;;;;;;;;LIBERDADE>DIREITOS INDIVIDUAIS>TRÁFICO DE PESSOAS - INTERNACIONAL
2972AFFA99ECE64EBF103F0F02BF648BCBD795F2C5F338C45E3E2865FD5F1EC4;2023-08-07 10:52:15.913;PROCESSO SEI;NÃO;TERCEIRO;OUTROS;GB | REINO UNIDO;;;ÚNICA OCORRÊNCIA;NÃO SE APLICA;2;VIOLÊNCIA CONTRA CIDADÃO, FAMÍLIA OU COMUNIDADE;MOTIVAÇÃO.PARA OBTENÇÃO DE BENEFÍCIO FINANCEIRO/GANÂNCIA;AMIGO(A);PESSOA FÍSICA;INTERSEXO;PESSOA TRANS.TRANSEXUAL;20 A 24 ANOS;BR | BRASIL;;;;NÃO;NÃO;;NÃO;GB | REINO UNIDO;;;NÃO SABE INFORMAR;;;NÃO INFORMADO;;;PESSOA FÍSICA;NÃO INFORMADO;NÃO;NÃO INFORMADO;BR | BRASIL;;;;NÃO;NÃO;;NÃO;GB | REINO UNIDO;;;NÃO SABE INFORMAR;;;NÃO INFORMADO;;;;;;;LIBERDADE>DIREITOS INDIVIDUAIS>TRÁFICO DE PESSOAS - INTERNACIONAL
2BDAB0F56039D05C832249D27337C64819870921E87D7CCC0096A44DF78991BB;2023-09-15 09:25:30.687;TELEFÔNICO;NÃO;TERCEIRO;LOCAL DE TRABALHO DA VÍTIMA;BR | BRASIL;SP;355030 | SÃO PAULO;DIARIAMENTE;HÁ MAIS DE DEZ ANOS;1;VIOLÊNCIA CONTRA CIDADÃO, FAMÍLIA OU COMUNIDADE;;DIRETOR/GESTOR DE INSTITUIÇÃO;COMUNIDADE/FAMÍLIA;;;20 A 24 ANOS;BR | BRASIL;;;;;;;;BR | BRASIL;SP;355030 | SÃO PAULO;;;;NÃO INFORMADO;;;PESSOA JURÍDICA DE DIREITO PRIVADO;;;;BR | BRASIL;;;;;;;;BR | BRASIL;SP;355030 | SÃO PAULO;;;;;;;;SERVIÇOS DOMÉSTICOS;;;LIBERDADE>DIREITOS INDIVIDUAIS>TRÁFICO DE PESSOAS - NACIONAL
2BE7122DB52C61D4362090706E44AA5A49605237CCC61EFDF7FB3BA5901EEFB2;2023-10-21 22:55:01.430;TELEFÔNICO;NÃO;TERCEIRO;CASA ONDE RESIDE A VÍTIMA E O SUSPEITO;BR | BRASIL;BA;290720 | CASA NOVA;DIARIAMENTE;HÁ MAIS DE UM ANO;1;VIOLÊNCIA CONTRA CRIANÇA OU ADOLESCENTE;;PAI;PESSOA FÍSICA;FEMININO;NÃO;14 ANOS;BR | BRASIL;;;;;NÃO;;NÃO;BR | BRASIL;BA;290720 | CASA NOVA;;;;PARDA;;;PESSOA FÍSICA;MASCULINO;NÃO;40 A 44 ANOS;BR | BRASIL;;;;;NÃO;;NÃO;BR | BRASIL;BA;290720 | CASA NOVA;OUTROS NÃO LISTADOS;;;PARDA;;;;;;;LIBERDADE>DIREITOS INDIVIDUAIS>TRÁFICO DE CRIANÇAS - NACIONAL
2F187E443ED33D9D8E6409CEDDF7CFD7D9F70F54711C01B49453A8F33E57D7B3;2023-09-21 22:21:28.670;WHATSAPP;NÃO;TERCEIRO;OUTROS;BR | BRASIL;SP;355030 | SÃO PAULO;NÃO SABE INFORMAR;NÃO SABE INFORMAR;1;VIOLÊNCIA CONTRA CRIANÇA OU ADOLESCENTE;;OUTROS;PESSOA FÍSICA;FEMININO;NÃO;16 ANOS;BR | BRASIL;;;;;NÃO;;NÃO;BR | BRASIL;ATENDIMENTO INTERROMPIDO;ATENDIMENTO INTERROMPIDO;;;;NÃO INFORMADO;;;PESSOA FÍSICA;FEMININO;NÃO;60 A 64 ANOS;BR | BRASIL;;;;;NÃO;;NÃO;BR | BRASIL;ATENDIMENTO INTERROMPIDO;ATENDIMENTO INTERROMPIDO;MÉDICO;;;NÃO INFORMADO;;;;;;;LIBERDADE>DIREITOS INDIVIDUAIS>TRÁFICO DE CRIANÇAS - INTERNACIONAL
2D81C7D79516F4F845CFD243DE3EF7C3C3AC0177971FCFF912452025EF605068;2023-09-25 09:58:40.010;E-MAIL;NÃO;TERCEIRO;OUTROS;BR | BRASIL;SP;355030 | SÃO PAULO;DIARIAMENTE;NÃO SABE INFORMAR;1;VIOLÊNCIA CONTRA CRIANÇA OU ADOLESCENTE;OUTRO(S) ELEMENTO(S);NÃO SABE INFORMAR;COMUNIDADE/FAMÍLIA;;;CRIANÇA/ADOLESCENTE IDADE NÃO INFORMADA;BR | BRASIL;;;;NÃO INFORMADO;;;;BR | BRASIL;SP;355030 | SÃO PAULO;;;;NÃO INFORMADO;;;PESSOA FÍSICA;MASCULINO;NÃO;;BR | BRASIL;;;;NÃO;NÃO;;;BR | BRASIL;SP;355030 | SÃO PAULO;;;;;;;;;;;LIBERDADE>DIREITOS INDIVIDUAIS>TRÁFICO DE CRIANÇAS - NACIONAL
32B35CDA5C6ADDB64D36D71FC08FF955A586A58F6B3E59D7528C73711E635B32;2023-10-14 12:51:13.687;TELEFÔNICO;NÃO;TERCEIRO;CASA DO SUSPEITO;BR | BRASIL;PE;261160 | RECIFE;DIARIAMENTE;HÁ MAIS DE SEIS MESES;1;VIOLÊNCIA CONTRA CRIANÇA OU ADOLESCENTE;;OUTROS;PESSOA FÍSICA;FEMININO;NÃO;15 ANOS;BR | BRASIL;;;;;NÃO;;NÃO;BR | BRASIL;DENUNCIANTE NÃO SOUBE INFORMAR;DENUNCIANTE NÃO SOUBE INFORMAR;;;;BRANCA;;;PESSOA FÍSICA;FEMININO;NÃO;70 A 74 ANOS;BR | BRASIL;;;;;NÃO;;NÃO;BR | BRASIL;PE;261160 | RECIFE;OUTROS NÃO LISTADOS;;;BRANCA;;;;;;;LIBERDADE>DIREITOS INDIVIDUAIS>TRÁFICO DE CRIANÇAS - INTERNACIONAL
322179358B3C7C9D90C55B7CDA30AAD56C5DCD5962F26E5DFADF46A127AA8F72;2023-12-03 03:05:15.883;TELEFÔNICO;NÃO;TERCEIRO;NÃO SABE INFORMAR;BR | BRASIL;DENUNCIANTE NÃO SOUBE INFORMAR;DENUNCIANTE NÃO SOUBE INFORMAR;DIARIAMENTE;HÁ MAIS DE UM ANO;2;VIOLÊNCIA CONTRA CRIANÇA OU ADOLESCENTE;;TIO(A);PESSOA FÍSICA;MASCULINO;;02 ANOS;BR | BRASIL;;;;;NÃO;;;BR | BRASIL;DENUNCIANTE NÃO SOUBE INFORMAR;DENUNCIANTE NÃO SOUBE INFORMAR;;;;PRETA;;;PESSOA FÍSICA;FEMININO;NÃO;45 A 49 ANOS;BR | BRASIL;;;;;NÃO;;NÃO INFORMADO;BR | BRASIL;PE;2612604 | SANTA MARIA DA BOA VISTA;NÃO SABE INFORMAR;;;PRETA;;;;;;;LIBERDADE>DIREITOS INDIVIDUAIS>TRÁFICO DE CRIANÇAS - NACIONAL
382A960A98A8B7B27EE68B2760F09C1D0B940FE232F92AD2F0A5A9FCAFBBABE1;2023-08-07 14:59:14.693;PROCESSO SEI;NÃO;TERCEIRO;OUTROS;GB | REINO UNIDO;;;ÚNICA OCORRÊNCIA;NÃO SE APLICA;2;VIOLÊNCIA CONTRA POPULAÇÃO LGBTQIA+;MOTIVAÇÃO.PARA OBTENÇÃO DE BENEFÍCIO FINANCEIRO/GANÂNCIA;AMIGO(A);PESSOA FÍSICA;INTERSEXO;PESSOA TRANS.TRANSGÊNERO;20 A 24 ANOS;BR | BRASIL;;;;NÃO;NÃO;;NÃO;GB | REINO UNIDO;;;OUTROS NÃO LISTADOS;;;NÃO INFORMADO;;;PESSOA FÍSICA;NÃO INFORMADO;NÃO;NÃO INFORMADO;BR | BRASIL;;;;NÃO;NÃO;;NÃO;GB | REINO UNIDO;;;NÃO SABE INFORMAR;;;;;;;;;;LIBERDADE>DIREITOS INDIVIDUAIS>TRÁFICO DE PESSOAS - INTERNACIONAL
34C548DD5025DF399BCD7FB28800828A2EF4179B04082377582D5DE132C47549;2023-12-04 12:32:43.860;WHATSAPP;NÃO;TERCEIRO;CASA ONDE RESIDE A VÍTIMA E O SUSPEITO;BR | BRASIL;SP;3550308 | SÃO PAULO;OCASIONALMENTE;HÁ MAIS DE UM ANO;1;VIOLÊNCIA CONTRA CRIANÇA OU ADOLESCENTE;;NÃO SE APLICA;COMUNIDADE/FAMÍLIA;;;11 ANOS;BR | BRASIL;;;;;;;;BR | BRASIL;SP;3550308 | SÃO PAULO;;;;NÃO INFORMADO;;;PESSOA FÍSICA;FEMININO;NÃO;75 A 79 ANOS;BR | BRASIL;;;;;NÃO;;NÃO;BR | BRASIL;SP;3550308 | SÃO PAULO;OUTROS NÃO LISTADOS;;;BRANCA;;;;;;;LIBERDADE>DIREITOS INDIVIDUAIS>TRÁFICO DE CRIANÇAS - INTERNACIONAL
36524AAA9D5DEE789BBACB29EE0C327EE7287FF91DC1B759AC3E94E140AECFC3;2023-10-14 12:51:13.687;TELEFÔNICO;NÃO;TERCEIRO;CASA DO SUSPEITO;BR | BRASIL;PE;261160 | RECIFE;DIARIAMENTE;HÁ MAIS DE UM ANO;1;VIOLÊNCIA CONTRA CRIANÇA OU ADOLESCENTE;;OUTROS;PESSOA FÍSICA;FEMININO;NÃO;16 ANOS;BR | BRASIL;;;;;NÃO;;NÃO;BR | BRASIL;DENUNCIANTE NÃO SOUBE INFORMAR;DENUNCIANTE NÃO SOUBE INFORMAR;;;;BRANCA;;;PESSOA FÍSICA;FEMININO;NÃO;70 A 74 ANOS;BR | BRASIL;;;;;NÃO;;NÃO;BR | BRASIL;PE;261160 | RECIFE;OUTROS NÃO LISTADOS;;;BRANCA;;;;;;;LIBERDADE>DIREITOS INDIVIDUAIS>TRÁFICO DE CRIANÇAS - INTERNACIONAL
32B35CDA5C6ADDB64D36D71FC08FF955A586A58F6B3E59D7528C73711E635B32;2023-10-14 12:51:13.687;TELEFÔNICO;NÃO;TERCEIRO;CASA DO SUSPEITO;BR | BRASIL;PE;261160 | RECIFE;DIARIAMENTE;HÁ MAIS DE SEIS MESES;1;VIOLÊNCIA CONTRA CRIANÇA OU ADOLESCENTE;;OUTROS;PESSOA FÍSICA;FEMININO;NÃO;15 ANOS;BR | BRASIL;;;;;NÃO;;NÃO;BR | BRASIL;DENUNCIANTE NÃO SOUBE INFORMAR;DENUNCIANTE NÃO SOUBE INFORMAR;;;;BRANCA;;;PESSOA FÍSICA;FEMININO;NÃO;70 A 74 ANOS;BR | BRASIL;;;;;NÃO;;NÃO;BR | BRASIL;PE;261160 | RECIFE;OUTROS NÃO LISTADOS;;;BRANCA;;;;;;;LIBERDADE>DIREITOS INDIVIDUAIS>TRÁFICO DE CRIANÇAS - NACIONAL
36250CD1205C5DC8D0A01D61B1D6678EBD9E5BCC7B386A9BD265C5C3EE57FFDA;2023-11-01 18:31:21.497;TELEFÔNICO;NÃO;A PRÓPRIA VÍTIMA;CASA DO SUSPEITO;US | ESTADOS UNIDOS;DENUNCIANTE NÃO SOUBE INFORMAR;DENUNCIANTE NÃO SOUBE INFORMAR;DIARIAMENTE;HÁ MAIS DE UM ANO;7;VIOLÊNCIA CONTRA CIDADÃO, FAMÍLIA OU COMUNIDADE;;AMIGO(A);PESSOA FÍSICA;MASCULINO;NÃO;25 A 29 ANOS;BR | BRASIL;;;;;NÃO;;NÃO;BR | BRASIL;DENUNCIANTE NÃO SOUBE INFORMAR;DENUNCIANTE NÃO SOUBE INFORMAR;;;;BRANCA;;;PESSOA FÍSICA;MASCULINO;NÃO;NÃO INFORMADO;BR | BRASIL;;;;;NÃO;;NÃO INFORMADO;US | ESTADOS UNIDOS;DENUNCIANTE NÃO SOUBE INFORMAR;DENUNCIANTE NÃO SOUBE INFORMAR;NÃO SABE INFORMAR;;;;;;;;;;LIBERDADE>DIREITOS INDIVIDUAIS>TRÁFICO DE PESSOAS - INTERNACIONAL
39A86FA21065C267407ECDF248C31DAF8FA4F84EC14A07486F9207041433B124;2023-10-24 16:05:22.233;TELEFÔNICO;NÃO;TERCEIRO;OUTROS;BR | BRASIL;SP;354870 | SÃO BERNARDO DO CAMPO;SEMANALMENTE;HÁ MAIS DE UM ANO;1;VIOLÊNCIA CONTRA CRIANÇA OU ADOLESCENTE;;NÃO SE APLICA;PESSOA FÍSICA;FEMININO;;CRIANÇA/ADOLESCENTE IDADE NÃO INFORMADA;BR | BRASIL;;;;;NÃO;;;BR | BRASIL;SP;355030 | SÃO PAULO;;;;NÃO INFORMADO;;;PESSOA FÍSICA;MASCULINO;NÃO;25 A 29 ANOS;BR | BRASIL;;;;;NÃO;;NÃO;BR | BRASIL;SP;;MOTORISTA PROFISSIONAL (ÔNIBUS, TÁXI, CAMINHÃO, MOTOTÁXI, OUTROS);;;BRANCA;;;;;;;LIBERDADE>DIREITOS INDIVIDUAIS>TRÁFICO DE CRIANÇAS - INTERNACIONAL
39A86FA21065C267407ECDF248C31DAF8FA4F84EC14A07486F9207041433B124;2023-10-24 16:05:22.233;TELEFÔNICO;NÃO;TERCEIRO;OUTROS;BR | BRASIL;SP;354870 | SÃO BERNARDO DO CAMPO;SEMANALMENTE;HÁ MAIS DE UM ANO;1;VIOLÊNCIA CONTRA CRIANÇA OU ADOLESCENTE;;NÃO SE APLICA;PESSOA FÍSICA;FEMININO;;CRIANÇA/ADOLESCENTE IDADE NÃO INFORMADA;BR | BRASIL;;;;;NÃO;;;BR | BRASIL;SP;355030 | SÃO PAULO;;;;NÃO INFORMADO;;;PESSOA FÍSICA;MASCULINO;NÃO;25 A 29 ANOS;BR | BRASIL;;;;;NÃO;;NÃO;BR | BRASIL;SP;;MOTORISTA PROFISSIONAL (ÔNIBUS, TÁXI, CAMINHÃO, MOTOTÁXI, OUTROS);;;BRANCA;;;;;;;LIBERDADE>DIREITOS INDIVIDUAIS>TRÁFICO DE CRIANÇAS - NACIONAL
36524AAA9D5DEE789BBACB29EE0C327EE7287FF91DC1B759AC3E94E140AECFC3;2023-10-14 12:51:13.687;TELEFÔNICO;NÃO;TERCEIRO;CASA DO SUSPEITO;BR | BRASIL;PE;261160 | RECIFE;DIARIAMENTE;HÁ MAIS DE UM ANO;1;VIOLÊNCIA CONTRA CRIANÇA OU ADOLESCENTE;;OUTROS;PESSOA FÍSICA;FEMININO;NÃO;16 ANOS;BR | BRASIL;;;;;NÃO;;NÃO;BR | BRASIL;DENUNCIANTE NÃO SOUBE INFORMAR;DENUNCIANTE NÃO SOUBE INFORMAR;;;;BRANCA;;;PESSOA FÍSICA;FEMININO;NÃO;70 A 74 ANOS;BR | BRASIL;;;;;NÃO;;NÃO;BR | BRASIL;PE;261160 | RECIFE;OUTROS NÃO LISTADOS;;;BRANCA;;;;;;;LIBERDADE>DIREITOS INDIVIDUAIS>TRÁFICO DE CRIANÇAS - NACIONAL
382A960A98A8B7B27EE68B2760F09C1D0B940FE232F92AD2F0A5A9FCAFBBABE1;2023-08-07 14:59:14.693;PROCESSO SEI;NÃO;TERCEIRO;OUTROS;GB | REINO UNIDO;;;ÚNICA OCORRÊNCIA;NÃO SE APLICA;2;VIOLÊNCIA CONTRA CIDADÃO, FAMÍLIA OU COMUNIDADE;MOTIVAÇÃO.PARA OBTENÇÃO DE BENEFÍCIO FINANCEIRO/GANÂNCIA;AMIGO(A);PESSOA FÍSICA;INTERSEXO;PESSOA TRANS.TRANSGÊNERO;20 A 24 ANOS;BR | BRASIL;;;;NÃO;NÃO;;NÃO;GB | REINO UNIDO;;;OUTROS NÃO LISTADOS;;;NÃO INFORMADO;;;PESSOA FÍSICA;NÃO INFORMADO;NÃO;NÃO INFORMADO;BR | BRASIL;;;;NÃO;NÃO;;NÃO;GB | REINO UNIDO;;;NÃO SABE INFORMAR;;;;;;;;;;LIBERDADE>DIREITOS INDIVIDUAIS>TRÁFICO DE PESSOAS - INTERNACIONAL
3BB48037A149D9C281A14376DE49ECB0142703D72F3145202CFAEBC9BE3F5776;2023-09-20 19:07:41.237;TELEFÔNICO;NÃO;TERCEIRO;CASA DO SUSPEITO;BR | BRASIL;RJ;330455 | RIO DE JANEIRO;DIARIAMENTE;HÁ MAIS DE CINCO ANOS;1;VIOLÊNCIA CONTRA CRIANÇA OU ADOLESCENTE;;MÃE;COMUNIDADE/FAMÍLIA;;NÃO;MENOS DE 01 ANO;BR | BRASIL;;;;;;;NÃO;BR | BRASIL;RJ;330455 | RIO DE JANEIRO;;;;NÃO INFORMADO;;;PESSOA FÍSICA;FEMININO;NÃO;30 A 34 ANOS;BR | BRASIL;;;;;NÃO;;NÃO;BR | BRASIL;RJ;330455 | RIO DE JANEIRO;OUTROS NÃO LISTADOS;;;BRANCA;;;;;;;LIBERDADE>DIREITOS INDIVIDUAIS>TRÁFICO DE CRIANÇAS - NACIONAL
3FDD926F43E9D0ED6D4A5A0464AEBAAD7129F8613D517FC9D4AF94403B8F04C8;2023-10-24 16:05:22.233;TELEFÔNICO;NÃO;TERCEIRO;OUTROS;BR | BRASIL;SP;354870 | SÃO BERNARDO DO CAMPO;SEMANALMENTE;HÁ MAIS DE UM ANO;1;VIOLÊNCIA CONTRA CRIANÇA OU ADOLESCENTE;;NÃO SE APLICA;PESSOA FÍSICA;FEMININO;;CRIANÇA/ADOLESCENTE IDADE NÃO INFORMADA;BR | BRASIL;;;;;NÃO;;;BR | BRASIL;SP;355030 | SÃO PAULO;;;;NÃO INFORMADO;;;PESSOA FÍSICA;MASCULINO;NÃO;30 A 34 ANOS;BR | BRASIL;;;;;NÃO;;PENA (RECLUSÃO);BR | BRASIL;SP;;NÃO SABE INFORMAR;;;BRANCA;;;;;;;LIBERDADE>DIREITOS INDIVIDUAIS>TRÁFICO DE CRIANÇAS - NACIONAL
3B68BF2C0898009DFDF74D2C2896C2086EDAFB838C301E2EE3A2D73EE08EB501;2023-10-11 19:35:13.230;PROCESSO SEI;NÃO;TERCEIRO;NÃO SABE INFORMAR;BR | BRASIL;GO;522185 | VALPARAÍSO DE GOIÁS;NÃO SABE INFORMAR;NÃO SABE INFORMAR;1;VIOLÊNCIA CONTRA CRIANÇA OU ADOLESCENTE;OUTRO(S) ELEMENTO(S);NÃO SABE INFORMAR;PESSOA FÍSICA;FEMININO;;CRIANÇA/ADOLESCENTE IDADE NÃO INFORMADA;BR | BRASIL;;;;NÃO;NÃO;;;BR | BRASIL;GO;522185 | VALPARAÍSO DE GOIÁS;;;;NÃO INFORMADO;;;PESSOA FÍSICA;FEMININO;NÃO;NÃO INFORMADO;BR | BRASIL;;;;NÃO;NÃO;;NÃO INFORMADO;BR | BRASIL;GO;522185 | VALPARAÍSO DE GOIÁS;NÃO SABE INFORMAR;;;NÃO INFORMADO;;;;;;;LIBERDADE>DIREITOS INDIVIDUAIS>TRÁFICO DE CRIANÇAS - NACIONAL
3FDD926F43E9D0ED6D4A5A0464AEBAAD7129F8613D517FC9D4AF94403B8F04C8;2023-10-24 16:05:22.233;TELEFÔNICO;NÃO;TERCEIRO;OUTROS;BR | BRASIL;SP;354870 | SÃO BERNARDO DO CAMPO;SEMANALMENTE;HÁ MAIS DE UM ANO;1;VIOLÊNCIA CONTRA CRIANÇA OU ADOLESCENTE;;NÃO SE APLICA;PESSOA FÍSICA;FEMININO;;CRIANÇA/ADOLESCENTE IDADE NÃO INFORMADA;BR | BRASIL;;;;;NÃO;;;BR | BRASIL;SP;355030 | SÃO PAULO;;;;NÃO INFORMADO;;;PESSOA FÍSICA;MASCULINO;NÃO;30 A 34 ANOS;BR | BRASIL;;;;;NÃO;;PENA (RECLUSÃO);BR | BRASIL;SP;;NÃO SABE INFORMAR;;;BRANCA;;;;;;;LIBERDADE>DIREITOS INDIVIDUAIS>TRÁFICO DE CRIANÇAS - INTERNACIONAL
43DDA21977C00A856713419D9AA82E6E06CEF5213646A69E1841626116BB790D;2023-10-24 16:05:22.233;TELEFÔNICO;NÃO;TERCEIRO;OUTROS;BR | BRASIL;SP;354870 | SÃO BERNARDO DO CAMPO;SEMANALMENTE;HÁ MAIS DE UM ANO;1;VIOLÊNCIA CONTRA CRIANÇA OU ADOLESCENTE;;NÃO SE APLICA;PESSOA FÍSICA;FEMININO;;CRIANÇA/ADOLESCENTE IDADE NÃO INFORMADA;BR | BRASIL;;;;;NÃO;;;BR | BRASIL;SP;355030 | SÃO PAULO;;;;NÃO INFORMADO;;;PESSOA FÍSICA;MASCULINO;NÃO;45 A 49 ANOS;BR | BRASIL;;;;;NÃO;;NÃO;BR | BRASIL;SP;;ADVOGADO;;;BRANCA;;;;;;;LIBERDADE>DIREITOS INDIVIDUAIS>TRÁFICO DE CRIANÇAS - INTERNACIONAL
46C19A2C63BBD1CB04B540FF9FA73DAB37FB195DC1EDD2306380D3ED0414763F;2023-10-09 15:55:50.143;TELEFÔNICO;NÃO;TERCEIRO;CASA DO SUSPEITO;BR | BRASIL;PE;261160 | RECIFE;DIARIAMENTE;HÁ MAIS DE UM ANO;2;VIOLÊNCIA CONTRA CRIANÇA OU ADOLESCENTE;;OUTROS;PESSOA FÍSICA;FEMININO;NÃO;15 ANOS;BR | BRASIL;;;;;NÃO;;NÃO;BR | BRASIL;PE;261160 | RECIFE;;;;PARDA;;;PESSOA FÍSICA;FEMININO;NÃO;70 A 74 ANOS;BR | BRASIL;;;;;NÃO;;NÃO;BR | BRASIL;PE;261160 | RECIFE;OUTROS NÃO LISTADOS;;;BRANCA;;;;;;;LIBERDADE>DIREITOS INDIVIDUAIS>TRÁFICO DE PESSOAS - INTERNACIONAL
43DDA21977C00A856713419D9AA82E6E06CEF5213646A69E1841626116BB790D;2023-10-24 16:05:22.233;TELEFÔNICO;NÃO;TERCEIRO;OUTROS;BR | BRASIL;SP;354870 | SÃO BERNARDO DO CAMPO;SEMANALMENTE;HÁ MAIS DE UM ANO;1;VIOLÊNCIA CONTRA CRIANÇA OU ADOLESCENTE;;NÃO SE APLICA;PESSOA FÍSICA;FEMININO;;CRIANÇA/ADOLESCENTE IDADE NÃO INFORMADA;BR | BRASIL;;;;;NÃO;;;BR | BRASIL;SP;355030 | SÃO PAULO;;;;NÃO INFORMADO;;;PESSOA FÍSICA;MASCULINO;NÃO;45 A 49 ANOS;BR | BRASIL;;;;;NÃO;;NÃO;BR | BRASIL;SP;;ADVOGADO;;;BRANCA;;;;;;;LIBERDADE>DIREITOS INDIVIDUAIS>TRÁFICO DE CRIANÇAS - NACIONAL
41A0B1AF0D4A011C78C5C2F88B6D140241F1067D61AF4FC256A02EAD8861EB50;2023-08-29 18:13:24.130;WHATSAPP;NÃO;TERCEIRO;LOCAL DE TRABALHO DA VÍTIMA;BR | BRASIL;SP;354850 | SANTOS;DIARIAMENTE;HÁ MAIS DE SEIS MESES;1;VIOLÊNCIA CONTRA CIDADÃO, FAMÍLIA OU COMUNIDADE;;EMPREGADOR/PATRÃO (HIERARQUICAMENTE SUPERIOR);COMUNIDADE/FAMÍLIA;NÃO SE APLICA - VÍTIMA COMUNIDADE/FAMÍLIA;NÃO;35 A 39 ANOS;PE | PERU;;;;;NÃO;;NÃO;BR | BRASIL;SP;354850 | SANTOS;;;;NÃO INFORMADO;;;PESSOA FÍSICA;MASCULINO;NÃO;60 A 64 ANOS;BR | BRASIL;;;;;NÃO;;NÃO;BR | BRASIL;SP;354850 | SANTOS;NÃO SABE INFORMAR;;;;;;;;;;LIBERDADE>DIREITOS INDIVIDUAIS>TRÁFICO DE PESSOAS - INTERNACIONAL
47C34FE97A39A4E24BE7C742DB9F1B7967448A7246D34D13EC7B2BF0B6125451;2023-10-21 22:55:01.430;TELEFÔNICO;NÃO;TERCEIRO;CASA ONDE RESIDE A VÍTIMA E O SUSPEITO;BR | BRASIL;BA;290720 | CASA NOVA;DIARIAMENTE;HÁ MAIS DE UM ANO;1;VIOLÊNCIA CONTRA CRIANÇA OU ADOLESCENTE;;MÃE;PESSOA FÍSICA;FEMININO;;03 ANOS;BR | BRASIL;;;;;NÃO;;;BR | BRASIL;BA;290720 | CASA NOVA;;;;PARDA;;;PESSOA FÍSICA;FEMININO;NÃO;30 A 34 ANOS;BR | BRASIL;;;;;NÃO;;NÃO;BR | BRASIL;BA;290720 | CASA NOVA;OUTROS NÃO LISTADOS;;;PARDA;;;;;;;LIBERDADE>DIREITOS INDIVIDUAIS>TRÁFICO DE CRIANÇAS - NACIONAL
4CA6F6ABB5D72FB464DA94F9741DE8C31FBA695776573FCFB528F7F0F6BA0F08;2023-12-11 16:56:44.157;TELEFÔNICO;NÃO;TERCEIRO;EVENTO PÚBLICO;BR | BRASIL;PE;2611606 | RECIFE;SEMANALMENTE;HÁ MAIS DE UM ANO;1;VIOLÊNCIA CONTRA CRIANÇA OU ADOLESCENTE;;NÃO SE APLICA;COMUNIDADE/FAMÍLIA;;;10 ANOS;BR | BRASIL;;;;;;;;BR | BRASIL;DENUNCIANTE NÃO SOUBE INFORMAR;DENUNCIANTE NÃO SOUBE INFORMAR;;;;NÃO INFORMADO;;;PESSOA FÍSICA;FEMININO;NÃO;70 A 74 ANOS;BR | BRASIL;;;;;NÃO;;NÃO INFORMADO;BR | BRASIL;PE;2611804 | RIBEIRÃO;OUTROS NÃO LISTADOS;;;BRANCA;;;;;;;LIBERDADE>DIREITOS INDIVIDUAIS>TRÁFICO DE MULHERES - NACIONAL
51B29B5D39274A826E4410E4E6C6563B344BE2E7281485A75A0F6E8AED77BFD6;2023-10-15 09:33:45.303;TELEFÔNICO;NÃO;TERCEIRO;CASA ONDE RESIDE A VÍTIMA E O SUSPEITO;BR | BRASIL;SP;355030 | SÃO PAULO;DIARIAMENTE;HÁ UM MÊS;2;VIOLÊNCIA CONTRA CRIANÇA OU ADOLESCENTE;;AVÔ(Ó);PESSOA FÍSICA;FEMININO;NÃO;17 ANOS;BR | BRASIL;;;;;NÃO;;NÃO;BR | BRASIL;SP;355030 | SÃO PAULO;;ENSINO FUNDAMENTAL INCOMPLETO;;PARDA;;;PESSOA FÍSICA;FEMININO;NÃO;55 A 59 ANOS;BR | BRASIL;;;;;NÃO;;NÃO;BR | BRASIL;SP;355030 | SÃO PAULO;NÃO SABE INFORMAR;;;BRANCA;;;;;;;LIBERDADE>DIREITOS INDIVIDUAIS>TRÁFICO DE MULHERES - NACIONAL
51B5F0F38324D2ADDBB480248CA9A1D8DEFDBD84A7F69E1CAEF8FDC00E55D140;2023-10-21 19:25:11.127;TELEFÔNICO;NÃO;A PRÓPRIA VÍTIMA;OUTROS;BR | BRASIL;MG;310620 | BELO HORIZONTE;DIARIAMENTE;HÁ UMA SEMANA;1;VIOLÊNCIA CONTRA PESSOA COM DEFICIÊNCIA;;OUTROS;PESSOA FÍSICA;FEMININO;NÃO;25 A 29 ANOS;BR | BRASIL;;;;;NÃO;;NÃO;BR | BRASIL;MG;310620 | BELO HORIZONTE;;SUPERIOR COMPLETO;;PRETA;;;PESSOA FÍSICA;MASCULINO;NÃO;35 A 39 ANOS;BR | BRASIL;;;;;NÃO;;NÃO INFORMADO;BR | BRASIL;MG;310620 | BELO HORIZONTE;OUTROS NÃO LISTADOS;;;PARDA;;;;;;;LIBERDADE>DIREITOS INDIVIDUAIS>TRÁFICO DE MULHERES - NACIONAL
4A7CA5A46A0C7B9B355D5D5113C020EA6529E2AE99FBE45FF93860E84FE9553D;2023-10-11 19:35:13.230;PROCESSO SEI;NÃO;TERCEIRO;NÃO SABE INFORMAR;BR | BRASIL;GO;522185 | VALPARAÍSO DE GOIÁS;NÃO SABE INFORMAR;NÃO SABE INFORMAR;1;VIOLÊNCIA CONTRA CRIANÇA OU ADOLESCENTE;OUTRO(S) ELEMENTO(S);NÃO SABE INFORMAR;PESSOA FÍSICA;FEMININO;;CRIANÇA/ADOLESCENTE IDADE NÃO INFORMADA;BR | BRASIL;;;;NÃO;NÃO;;NÃO;BR | BRASIL;GO;522185 | VALPARAÍSO DE GOIÁS;;;;NÃO INFORMADO;;;PESSOA FÍSICA;FEMININO;NÃO;NÃO INFORMADO;BR | BRASIL;;;;NÃO;NÃO;;NÃO INFORMADO;BR | BRASIL;GO;522185 | VALPARAÍSO DE GOIÁS;NÃO SABE INFORMAR;;;NÃO INFORMADO;;;;;;;LIBERDADE>DIREITOS INDIVIDUAIS>TRÁFICO DE CRIANÇAS - NACIONAL
5086EED8094AD99EA400B7695263985EC56B95C0BE526677339076D199964BEF;2023-09-30 17:28:47.973;TELEFÔNICO;NÃO;TERCEIRO;AMBIENTE DE LAZER/ESPORTE/ENTRETENIMENTO;BR | BRASIL;SP;352310 | ITAQUAQUECETUBA;SEMANALMENTE;HÁ UM MÊS;1;VIOLÊNCIA CONTRA CRIANÇA OU ADOLESCENTE;;NÃO SE APLICA;PESSOA FÍSICA;FEMININO;NÃO;13 ANOS;BR | BRASIL;;;;;NÃO;;NÃO;BR | BRASIL;SP;DENUNCIANTE NÃO SOUBE INFORMAR;;;;BRANCA;;;PESSOA FÍSICA;MASCULINO;NÃO;45 A 49 ANOS;BR | BRASIL;;;;;NÃO;;NÃO INFORMADO;BR | BRASIL;SP;352310 | ITAQUAQUECETUBA;NÃO SABE INFORMAR;;;BRANCA;;;;;;;LIBERDADE>DIREITOS INDIVIDUAIS>TRÁFICO DE CRIANÇAS - NACIONAL
55C3DC05F0B71039480C898A20961EF3BD9D41EDCC89A8C819045D8B62F6AF96;2023-12-29 13:11:57.870;TELEFÔNICO;NÃO;A PRÓPRIA VÍTIMA;CASA ONDE RESIDE A VÍTIMA E O SUSPEITO;BR | BRASIL;SP;3504107 | ATIBAIA;DIARIAMENTE;HÁ UM MÊS;1;VIOLÊNCIA CONTRA CRIANÇA OU ADOLESCENTE;;OUTROS;PESSOA FÍSICA;FEMININO;PESSOA TRANS.TRANSEXUAL;17 ANOS;BR | BRASIL;;;;;NÃO;;NÃO;BR | BRASIL;SP;3504107 | ATIBAIA;;ENSINO MÉDIO INCOMPLETO;;BRANCA;;;PESSOA FÍSICA;FEMININO;PESSOA TRANS.TRAVESTI;30 A 34 ANOS;BR | BRASIL;;;;;NÃO;;PENA (RECLUSÃO);BR | BRASIL;SP;3504107 | ATIBAIA;OUTROS NÃO LISTADOS;;;;;;;;;;LIBERDADE>DIREITOS INDIVIDUAIS>TRÁFICO DE PESSOAS - NACIONAL
55C3DC05F0B71039480C898A20961EF3BD9D41EDCC89A8C819045D8B62F6AF96;2023-12-29 13:11:57.870;TELEFÔNICO;NÃO;A PRÓPRIA VÍTIMA;CASA ONDE RESIDE A VÍTIMA E O SUSPEITO;BR | BRASIL;SP;3504107 | ATIBAIA;DIARIAMENTE;HÁ UM MÊS;1;VIOLÊNCIA CONTRA POPULAÇÃO LGBTQIA+;;OUTROS;PESSOA FÍSICA;FEMININO;PESSOA TRANS.TRANSEXUAL;17 ANOS;BR | BRASIL;;;;;NÃO;;NÃO;BR | BRASIL;SP;3504107 | ATIBAIA;;ENSINO MÉDIO INCOMPLETO;;BRANCA;;;PESSOA FÍSICA;FEMININO;PESSOA TRANS.TRAVESTI;30 A 34 ANOS;BR | BRASIL;;;;;NÃO;;PENA (RECLUSÃO);BR | BRASIL;SP;3504107 | ATIBAIA;OUTROS NÃO LISTADOS;;;;;;;;;;LIBERDADE>DIREITOS INDIVIDUAIS>TRÁFICO DE PESSOAS - NACIONAL
561A42146FB4CECDF2CF9CA7F650759D10DCD89CDDF79EEF56B4E9F3895F62E5;2023-11-20 12:20:19.623;PROCESSO SEI;NÃO;TERCEIRO;NÃO SABE INFORMAR;BR | BRASIL;GO;522185 | VALPARAÍSO DE GOIÁS;NÃO SABE INFORMAR;NÃO SE APLICA;1;VIOLÊNCIA CONTRA CRIANÇA OU ADOLESCENTE;;OUTROS FAMILIARES;COMUNIDADE/FAMÍLIA;;;CRIANÇA/ADOLESCENTE IDADE NÃO INFORMADA;BR | BRASIL;;;;;;;;BR | BRASIL;GO;522185 | VALPARAÍSO DE GOIÁS;;;;PRETA;;;PESSOA FÍSICA;FEMININO;NÃO;;BR | BRASIL;;;;;NÃO;;;BR | BRASIL;GO;522185 | VALPARAÍSO DE GOIÁS;;;;;;;;;;;LIBERDADE>DIREITOS INDIVIDUAIS>TRÁFICO DE CRIANÇAS - NACIONAL
5931CF6C6034FABD6E2F3491192949280B60EE95F6A1E50C951C417272CB4CB4;2023-10-15 09:33:45.303;TELEFÔNICO;NÃO;TERCEIRO;CASA ONDE RESIDE A VÍTIMA E O SUSPEITO;BR | BRASIL;SP;355030 | SÃO PAULO;DIARIAMENTE;HÁ UM MÊS;2;VIOLÊNCIA CONTRA CRIANÇA OU ADOLESCENTE;;AVÔ(Ó);PESSOA FÍSICA;FEMININO;NÃO;17 ANOS;BR | BRASIL;;;;;NÃO;;NÃO;BR | BRASIL;SP;355030 | SÃO PAULO;;ENSINO FUNDAMENTAL INCOMPLETO;;PARDA;;;PESSOA FÍSICA;FEMININO;NÃO;50 A 54 ANOS;BR | BRASIL;;;;;NÃO;;NÃO INFORMADO;BR | BRASIL;SP;355030 | SÃO PAULO;NÃO SABE INFORMAR;;;BRANCA;;;;;;;LIBERDADE>DIREITOS INDIVIDUAIS>TRÁFICO DE MULHERES - NACIONAL
5716E3B7C19374BAB606FD7EF1E1E1CA2B8A7A73B73339CEC858DBD0F71934EB;2023-10-26 18:24:00.823;TELEFÔNICO;NÃO;TERCEIRO;OUTROS;BR | BRASIL;DENUNCIANTE NÃO SOUBE INFORMAR;DENUNCIANTE NÃO SOUBE INFORMAR;DIARIAMENTE;HÁ UM MÊS;2;VIOLÊNCIA CONTRA CRIANÇA OU ADOLESCENTE;;OUTROS;PESSOA FÍSICA;FEMININO;NÃO;15 ANOS;BR | BRASIL;;;;;NÃO;;NÃO;BR | BRASIL;PE;261160 | RECIFE;ESTUDANTE;ENSINO FUNDAMENTAL COMPLETO;;BRANCA;;;PESSOA FÍSICA;MASCULINO;NÃO;55 A 59 ANOS;BR | BRASIL;;;;;NÃO;;NÃO;BR | BRASIL;PE;261160 | RECIFE;MOTORISTA PROFISSIONAL (ÔNIBUS, TÁXI, CAMINHÃO, MOTOTÁXI, OUTROS);;;PRETA;;;;;;;LIBERDADE>DIREITOS INDIVIDUAIS>TRÁFICO DE MULHERES - INTERNACIONAL
57A13FA0F3847062AA554670E48EDB538056DE0472355CF9BBF68A8C8C748D48;2023-10-11 19:35:13.230;PROCESSO SEI;NÃO;TERCEIRO;NÃO SABE INFORMAR;BR | BRASIL;GO;522185 | VALPARAÍSO DE GOIÁS;NÃO SABE INFORMAR;NÃO SABE INFORMAR;1;VIOLÊNCIA CONTRA CRIANÇA OU ADOLESCENTE;OUTRO(S) ELEMENTO(S);NÃO SABE INFORMAR;PESSOA FÍSICA;FEMININO;;CRIANÇA/ADOLESCENTE IDADE NÃO INFORMADA;BR | BRASIL;;;;NÃO;NÃO;;NÃO;BR | BRASIL;GO;522185 | VALPARAÍSO DE GOIÁS;;;;NÃO INFORMADO;;;PESSOA FÍSICA;FEMININO;NÃO;NÃO INFORMADO;BR | BRASIL;;;;NÃO;NÃO;;NÃO INFORMADO;BR | BRASIL;GO;522185 | VALPARAÍSO DE GOIÁS;NÃO SABE INFORMAR;;;NÃO INFORMADO;;;;;;;LIBERDADE>DIREITOS INDIVIDUAIS>TRÁFICO DE CRIANÇAS - NACIONAL
57E89F7B4B2F7256993940DBC876270D632A3E3A200D8ADAF34B6D7957D366E7;2023-08-28 16:47:44.600;TELEFÔNICO;NÃO;TERCEIRO;CASA DA VÍTIMA;BR | BRASIL;BA;292740 | SALVADOR;ÚNICA OCORRÊNCIA;NÃO SE APLICA;1;VIOLÊNCIA CONTRA POPULAÇÃO LGBTQIA+;MOTIVAÇÃO.PARA FINS DE ATIVIDADE ILÍCITA;AMIGO(A);PESSOA FÍSICA;MASCULINO;HOMOSSEXUAL.GAY;20 A 24 ANOS;BR | BRASIL;;;;;NÃO;;NÃO;BR | BRASIL;BA;292740 | SALVADOR;;;;BRANCA;;;PESSOA FÍSICA;FEMININO;NÃO;;BR | BRASIL;;;;;NÃO;;;BR | BRASIL;BA;292740 | SALVADOR;;;;;;;;;;;LIBERDADE>DIREITOS INDIVIDUAIS>TRÁFICO DE PESSOAS - INTERNACIONAL
5EC290699698788501A01E8D3F07B653505F83011C8823540D9F75F965AF405C;2023-08-07 10:52:15.913;PROCESSO SEI;NÃO;TERCEIRO;OUTROS;GB | REINO UNIDO;;;ÚNICA OCORRÊNCIA;NÃO SE APLICA;2;VIOLÊNCIA CONTRA POPULAÇÃO LGBTQIA+;MOTIVAÇÃO.PARA OBTENÇÃO DE BENEFÍCIO FINANCEIRO/GANÂNCIA;AMIGO(A);PESSOA FÍSICA;INTERSEXO;PESSOA TRANS.TRANSEXUAL;20 A 24 ANOS;BR | BRASIL;;;;NÃO;NÃO;;NÃO;GB | REINO UNIDO;;;NÃO SABE INFORMAR;;;NÃO INFORMADO;;;PESSOA FÍSICA;FEMININO;NÃO;NÃO INFORMADO;BR | BRASIL;;;;NÃO;NÃO;;NÃO;GB | REINO UNIDO;;;NÃO SABE INFORMAR;;;;;;;;;;LIBERDADE>DIREITOS INDIVIDUAIS>TRÁFICO DE PESSOAS - INTERNACIONAL
57E89F7B4B2F7256993940DBC876270D632A3E3A200D8ADAF34B6D7957D366E7;2023-08-28 16:47:44.600;TELEFÔNICO;NÃO;TERCEIRO;CASA DA VÍTIMA;BR | BRASIL;BA;292740 | SALVADOR;ÚNICA OCORRÊNCIA;NÃO SE APLICA;1;VIOLÊNCIA CONTRA CIDADÃO, FAMÍLIA OU COMUNIDADE;MOTIVAÇÃO.PARA FINS DE ATIVIDADE ILÍCITA;AMIGO(A);PESSOA FÍSICA;MASCULINO;HOMOSSEXUAL.GAY;20 A 24 ANOS;BR | BRASIL;;;;;NÃO;;NÃO;BR | BRASIL;BA;292740 | SALVADOR;;;;BRANCA;;;PESSOA FÍSICA;FEMININO;NÃO;;BR | BRASIL;;;;;NÃO;;;BR | BRASIL;BA;292740 | SALVADOR;;;;;;;;;;;LIBERDADE>DIREITOS INDIVIDUAIS>TRÁFICO DE PESSOAS - INTERNACIONAL
554521D37BD537F212C9836422CFA807C08769A014BDF22C20298EDF2A95D8CC;2023-09-04 17:49:04.910;TELEFÔNICO;NÃO;TERCEIRO;CASA DO SUSPEITO;BR | BRASIL;MA;210667 | MILAGRES DO MARANHÃO;DIARIAMENTE;HÁ MAIS DE SEIS MESES;1;VIOLÊNCIA CONTRA CRIANÇA OU ADOLESCENTE;;MÃE;PESSOA FÍSICA;FEMININO;;03 ANOS;BR | BRASIL;;;;;NÃO;;;BR | BRASIL;MA;210667 | MILAGRES DO MARANHÃO;;;;BRANCA;;;PESSOA FÍSICA;FEMININO;NÃO;;BR | BRASIL;;;;;NÃO;;;BR | BRASIL;MA;210667 | MILAGRES DO MARANHÃO;;;;;;;;;;;LIBERDADE>DIREITOS INDIVIDUAIS>TRÁFICO DE CRIANÇAS - INTERNACIONAL
5FFC043C914D8DE43907A04BB2D38FFAA4FBD58163AE57D3959B0A518307C1A7;2023-08-29 19:00:19.060;WHATSAPP;NÃO;TERCEIRO;CASA DO SUSPEITO;BR | BRASIL;RR;140010 | BOA VISTA;DIARIAMENTE;NÃO SABE INFORMAR;1;VIOLÊNCIA CONTRA CRIANÇA OU ADOLESCENTE;;DESCONHECIDO(A);PESSOA FÍSICA;FEMININO;NÃO INFORMADO;16 ANOS;BR | BRASIL;;;;;NÃO;;NÃO INFORMADO;BR | BRASIL;DENUNCIANTE NÃO SOUBE INFORMAR;DENUNCIANTE NÃO SOUBE INFORMAR;;;;NÃO INFORMADO;;;PESSOA FÍSICA;FEMININO;NÃO;25 A 29 ANOS;BR | BRASIL;;;;;NÃO;;NÃO INFORMADO;BR | BRASIL;RR;140010 | BOA VISTA;NÃO SABE INFORMAR;;;PARDA;;;;;;;LIBERDADE>DIREITOS INDIVIDUAIS>TRÁFICO DE PESSOAS - NACIONAL
580E58CFB3A814921402DF2FD4765F2D86C26965D8A8762FF9B16CB8000012F1;2023-10-08 12:07:05.537;TELEFÔNICO;NÃO;TERCEIRO;VIA PÚBLICA;BR | BRASIL;PE;261160 | RECIFE;OCASIONALMENTE;HÁ MAIS DE UM ANO;2;VIOLÊNCIA CONTRA CRIANÇA OU ADOLESCENTE;;OUTROS;PESSOA FÍSICA;FEMININO;NÃO;16 ANOS;BR | BRASIL;;;;;NÃO;;NÃO;BR | BRASIL;PE;261160 | RECIFE;;;NÃO SABE;BRANCA;;;PESSOA FÍSICA;MASCULINO;NÃO;60 A 64 ANOS;BR | BRASIL;;;;;NÃO;;NÃO;BR | BRASIL;PE;261160 | RECIFE;NÃO SABE INFORMAR;;AGNÓSTICO/ATEU/SEM RELIGIÃO;PRETA;;;;;;;LIBERDADE>DIREITOS INDIVIDUAIS>TRÁFICO DE MULHERES - INTERNACIONAL
5FFC043C914D8DE43907A04BB2D38FFAA4FBD58163AE57D3959B0A518307C1A7;2023-08-29 19:00:19.060;WHATSAPP;NÃO;TERCEIRO;CASA DO SUSPEITO;BR | BRASIL;RR;140010 | BOA VISTA;DIARIAMENTE;NÃO SABE INFORMAR;1;VIOLÊNCIA CONTRA PESSOA COM DEFICIÊNCIA;;DESCONHECIDO(A);PESSOA FÍSICA;FEMININO;NÃO INFORMADO;16 ANOS;BR | BRASIL;;;;;NÃO;;NÃO INFORMADO;BR | BRASIL;DENUNCIANTE NÃO SOUBE INFORMAR;DENUNCIANTE NÃO SOUBE INFORMAR;;;;NÃO INFORMADO;;;PESSOA FÍSICA;FEMININO;NÃO;25 A 29 ANOS;BR | BRASIL;;;;;NÃO;;NÃO INFORMADO;BR | BRASIL;RR;140010 | BOA VISTA;NÃO SABE INFORMAR;;;PARDA;;;;;;;LIBERDADE>DIREITOS INDIVIDUAIS>TRÁFICO DE PESSOAS - NACIONAL
606044457351CDFD8962A15C0CF0C522ED7529D76CD9787B1AB550CE134C7630;2023-09-24 20:28:56.503;WHATSAPP;NÃO;TERCEIRO;NÃO SABE INFORMAR;BR | BRASIL;DENUNCIANTE NÃO SOUBE INFORMAR;DENUNCIANTE NÃO SOUBE INFORMAR;NÃO SABE INFORMAR;NÃO SABE INFORMAR;1;VIOLÊNCIA CONTRA CRIANÇA OU ADOLESCENTE;;DESCONHECIDO(A);COMUNIDADE/FAMÍLIA;;;CRIANÇA/ADOLESCENTE IDADE NÃO INFORMADA;BR | BRASIL;;;;;;;;BR | BRASIL;DENUNCIANTE NÃO SOUBE INFORMAR;DENUNCIANTE NÃO SOUBE INFORMAR;;;;NÃO INFORMADO;;;PESSOA FÍSICA;MASCULINO;NÃO;40 A 44 ANOS;BR | BRASIL;;;;;NÃO;;PENA (RECLUSÃO);BR | BRASIL;DF;530010 | BRASÍLIA;NÃO SABE INFORMAR;;;NÃO INFORMADO;;;;;;;LIBERDADE>DIREITOS INDIVIDUAIS>TRÁFICO DE CRIANÇAS - NACIONAL
5EC290699698788501A01E8D3F07B653505F83011C8823540D9F75F965AF405C;2023-08-07 10:52:15.913;PROCESSO SEI;NÃO;TERCEIRO;OUTROS;GB | REINO UNIDO;;;ÚNICA OCORRÊNCIA;NÃO SE APLICA;2;VIOLÊNCIA CONTRA POPULAÇÃO LGBTQIA+;MOTIVAÇÃO.PARA OBTENÇÃO DE BENEFÍCIO FINANCEIRO/GANÂNCIA;AMIGO(A);PESSOA FÍSICA;INTERSEXO;PESSOA TRANS.TRANSEXUAL;20 A 24 ANOS;BR | BRASIL;;;;NÃO;NÃO;;NÃO;GB | REINO UNIDO;;;OUTROS NÃO LISTADOS;;;NÃO INFORMADO;;;PESSOA FÍSICA;FEMININO;NÃO;NÃO INFORMADO;BR | BRASIL;;;;NÃO;NÃO;;NÃO;GB | REINO UNIDO;;;NÃO SABE INFORMAR;;;;;;;;;;LIBERDADE>DIREITOS INDIVIDUAIS>TRÁFICO DE PESSOAS - INTERNACIONAL
6238E00041F3C62E7C316E502559A5B651EC38C6A226CC9445555A45A923F9A8;2023-10-11 19:35:13.230;PROCESSO SEI;NÃO;TERCEIRO;NÃO SABE INFORMAR;BR | BRASIL;GO;522185 | VALPARAÍSO DE GOIÁS;NÃO SABE INFORMAR;NÃO SABE INFORMAR;1;VIOLÊNCIA CONTRA CRIANÇA OU ADOLESCENTE;OUTRO(S) ELEMENTO(S);NÃO SABE INFORMAR;PESSOA FÍSICA;FEMININO;;CRIANÇA/ADOLESCENTE IDADE NÃO INFORMADA;BR | BRASIL;;;;NÃO;NÃO;;;BR | BRASIL;GO;522185 | VALPARAÍSO DE GOIÁS;;;;NÃO INFORMADO;;;PESSOA FÍSICA;FEMININO;NÃO;NÃO INFORMADO;BR | BRASIL;;;;NÃO;NÃO;;NÃO INFORMADO;BR | BRASIL;GO;522185 | VALPARAÍSO DE GOIÁS;NÃO SABE INFORMAR;;;NÃO INFORMADO;;;;;;;LIBERDADE>DIREITOS INDIVIDUAIS>TRÁFICO DE CRIANÇAS - NACIONAL
5EC290699698788501A01E8D3F07B653505F83011C8823540D9F75F965AF405C;2023-08-07 10:52:15.913;PROCESSO SEI;NÃO;TERCEIRO;OUTROS;GB | REINO UNIDO;;;ÚNICA OCORRÊNCIA;NÃO SE APLICA;2;VIOLÊNCIA CONTRA CIDADÃO, FAMÍLIA OU COMUNIDADE;MOTIVAÇÃO.PARA OBTENÇÃO DE BENEFÍCIO FINANCEIRO/GANÂNCIA;AMIGO(A);PESSOA FÍSICA;INTERSEXO;PESSOA TRANS.TRANSEXUAL;20 A 24 ANOS;BR | BRASIL;;;;NÃO;NÃO;;NÃO;GB | REINO UNIDO;;;NÃO SABE INFORMAR;;;NÃO INFORMADO;;;PESSOA FÍSICA;FEMININO;NÃO;NÃO INFORMADO;BR | BRASIL;;;;NÃO;NÃO;;NÃO;GB | REINO UNIDO;;;NÃO SABE INFORMAR;;;;;;;;;;LIBERDADE>DIREITOS INDIVIDUAIS>TRÁFICO DE PESSOAS - INTERNACIONAL
5EC290699698788501A01E8D3F07B653505F83011C8823540D9F75F965AF405C;2023-08-07 10:52:15.913;PROCESSO SEI;NÃO;TERCEIRO;OUTROS;GB | REINO UNIDO;;;ÚNICA OCORRÊNCIA;NÃO SE APLICA;2;VIOLÊNCIA CONTRA CIDADÃO, FAMÍLIA OU COMUNIDADE;MOTIVAÇÃO.PARA OBTENÇÃO DE BENEFÍCIO FINANCEIRO/GANÂNCIA;AMIGO(A);PESSOA FÍSICA;INTERSEXO;PESSOA TRANS.TRANSEXUAL;20 A 24 ANOS;BR | BRASIL;;;;NÃO;NÃO;;NÃO;GB | REINO UNIDO;;;OUTROS NÃO LISTADOS;;;NÃO INFORMADO;;;PESSOA FÍSICA;FEMININO;NÃO;NÃO INFORMADO;BR | BRASIL;;;;NÃO;NÃO;;NÃO;GB | REINO UNIDO;;;NÃO SABE INFORMAR;;;;;;;;;;LIBERDADE>DIREITOS INDIVIDUAIS>TRÁFICO DE PESSOAS - INTERNACIONAL
6601C68A9DDA93ADF78434537443360CF1B0B2EAED7C4D3A877CC653CB953CE8;2023-10-21 22:55:01.430;TELEFÔNICO;NÃO;TERCEIRO;CASA ONDE RESIDE A VÍTIMA E O SUSPEITO;BR | BRASIL;BA;290720 | CASA NOVA;DIARIAMENTE;HÁ MAIS DE UM ANO;1;VIOLÊNCIA CONTRA CRIANÇA OU ADOLESCENTE;;PAI;PESSOA FÍSICA;MASCULINO;NÃO;12 ANOS;BR | BRASIL;;;;;NÃO;;NÃO;BR | BRASIL;BA;290720 | CASA NOVA;;;;PARDA;;;PESSOA FÍSICA;MASCULINO;NÃO;40 A 44 ANOS;BR | BRASIL;;;;;NÃO;;NÃO;BR | BRASIL;BA;290720 | CASA NOVA;OUTROS NÃO LISTADOS;;;PARDA;;;;;;;LIBERDADE>DIREITOS INDIVIDUAIS>TRÁFICO DE CRIANÇAS - INTERNACIONAL
6C5BD3E6DB64A6AC3338F4F75A0DEE5FE4C7B3CEFA8E2C579F2F519C4B5445E4;2023-11-30 15:25:24.877;TELEFÔNICO;NÃO;TERCEIRO;CASA DE TERCEIRO;BR | BRASIL;PA;1505700 | PONTA DE PEDRAS;SEMANALMENTE;HÁ UM MÊS;1;VIOLÊNCIA CONTRA CRIANÇA OU ADOLESCENTE;;PROFESSOR(A);COMUNIDADE/FAMÍLIA;;;CRIANÇA/ADOLESCENTE IDADE NÃO INFORMADA;BR | BRASIL;;;;;;;;BR | BRASIL;PA;1505700 | PONTA DE PEDRAS;;;;NÃO INFORMADO;;;PESSOA FÍSICA;FEMININO;NÃO;55 A 59 ANOS;BR | BRASIL;;;;;NÃO;;NÃO INFORMADO;BR | BRASIL;PA;1505700 | PONTA DE PEDRAS;PROFESSOR DO ENSINO INFANTIL;;;BRANCA;;;;;;;LIBERDADE>DIREITOS INDIVIDUAIS>TRÁFICO DE CRIANÇAS - NACIONAL
6C5BD3E6DB64A6AC3338F4F75A0DEE5FE4C7B3CEFA8E2C579F2F519C4B5445E4;2023-11-30 15:25:24.877;TELEFÔNICO;NÃO;TERCEIRO;CASA DE TERCEIRO;BR | BRASIL;PA;1505700 | PONTA DE PEDRAS;SEMANALMENTE;HÁ UM MÊS;1;VIOLÊNCIA CONTRA CRIANÇA OU ADOLESCENTE;;PROFESSOR(A);COMUNIDADE/FAMÍLIA;;;CRIANÇA/ADOLESCENTE IDADE NÃO INFORMADA;BR | BRASIL;;;;;;;;BR | BRASIL;PA;1505700 | PONTA DE PEDRAS;;;;NÃO INFORMADO;;;PESSOA FÍSICA;FEMININO;NÃO;55 A 59 ANOS;BR | BRASIL;;;;;NÃO;;NÃO INFORMADO;BR | BRASIL;PA;1505700 | PONTA DE PEDRAS;PROFESSOR DO ENSINO INFANTIL;;;BRANCA;;;;;;;LIBERDADE>DIREITOS INDIVIDUAIS>TRÁFICO DE CRIANÇAS - INTERNACIONAL
6B7D0F5D2400D7BE1912B0645F96F14F548170536DCF2F922A8ADDC5C1FB9DB2;2023-10-09 15:55:50.143;TELEFÔNICO;NÃO;TERCEIRO;CASA DO SUSPEITO;BR | BRASIL;PE;261160 | RECIFE;DIARIAMENTE;HÁ MAIS DE UM ANO;2;VIOLÊNCIA CONTRA CRIANÇA OU ADOLESCENTE;;OUTROS;PESSOA FÍSICA;FEMININO;NÃO;15 ANOS;BR | BRASIL;;;;;NÃO;;NÃO;BR | BRASIL;PE;261160 | RECIFE;;;;PARDA;;;PESSOA FÍSICA;MASCULINO;NÃO;55 A 59 ANOS;BR | BRASIL;;;;;NÃO;;NÃO;BR | BRASIL;PE;261160 | RECIFE;OUTROS NÃO LISTADOS;;;PRETA;;;;;;;LIBERDADE>DIREITOS INDIVIDUAIS>TRÁFICO DE PESSOAS - INTERNACIONAL
6DB4C74163084652EE4207DB4C39494F70107BDB134C8491133AB8FBC33027F7;2023-12-03 03:05:15.883;TELEFÔNICO;NÃO;TERCEIRO;CASA DA VÍTIMA;BR | BRASIL;DENUNCIANTE NÃO SOUBE INFORMAR;DENUNCIANTE NÃO SOUBE INFORMAR;DIARIAMENTE;HÁ MAIS DE UM ANO;2;VIOLÊNCIA CONTRA CRIANÇA OU ADOLESCENTE;;TIO(A);PESSOA FÍSICA;FEMININO;;02 ANOS;BR | BRASIL;;;;;NÃO;;;BR | BRASIL;DENUNCIANTE NÃO SOUBE INFORMAR;DENUNCIANTE NÃO SOUBE INFORMAR;;;;BRANCA;;;PESSOA FÍSICA;FEMININO;NÃO;45 A 49 ANOS;BR | BRASIL;;;;;NÃO;;NÃO INFORMADO;BR | BRASIL;PE;2612604 | SANTA MARIA DA BOA VISTA;NÃO SABE INFORMAR;;;PRETA;;;;;;;LIBERDADE>DIREITOS INDIVIDUAIS>TRÁFICO DE CRIANÇAS - NACIONAL
704E1EA2B0E9C2C6CC689C4F451ED6576579464106CFE215449A03F3CDF6380E;2023-09-04 17:49:04.910;TELEFÔNICO;NÃO;TERCEIRO;CASA DO SUSPEITO;BR | BRASIL;MA;210667 | MILAGRES DO MARANHÃO;DIARIAMENTE;HÁ MAIS DE SEIS MESES;1;VIOLÊNCIA CONTRA CRIANÇA OU ADOLESCENTE;;MÃE;PESSOA FÍSICA;FEMININO;;03 ANOS;BR | BRASIL;;;;;NÃO;;;BR | BRASIL;MA;210667 | MILAGRES DO MARANHÃO;;;;BRANCA;;;PESSOA FÍSICA;MASCULINO;NÃO;35 A 39 ANOS;BR | BRASIL;;;;;NÃO;;NÃO;BR | BRASIL;MA;210667 | MILAGRES DO MARANHÃO;NÃO SABE INFORMAR;;;;;;;;;;LIBERDADE>DIREITOS INDIVIDUAIS>TRÁFICO DE CRIANÇAS - INTERNACIONAL
72CEF72849A549A5FE56788FAAB62674EAEE3EB75F1E0AEB5D7F049CDFD52133;2023-10-08 12:07:05.537;TELEFÔNICO;NÃO;TERCEIRO;VIA PÚBLICA;BR | BRASIL;PE;261160 | RECIFE;OCASIONALMENTE;HÁ MAIS DE UM ANO;2;VIOLÊNCIA CONTRA CRIANÇA OU ADOLESCENTE;;OUTROS;PESSOA FÍSICA;FEMININO;NÃO;16 ANOS;BR | BRASIL;;;;;NÃO;;NÃO;BR | BRASIL;PE;261160 | RECIFE;;;NÃO SABE;BRANCA;;;PESSOA FÍSICA;MASCULINO;NÃO;60 A 64 ANOS;BR | BRASIL;;;;;NÃO;;NÃO;BR | BRASIL;PE;261160 | RECIFE;NÃO SABE INFORMAR;;AGNÓSTICO/ATEU/SEM RELIGIÃO;PRETA;;;;;;;LIBERDADE>DIREITOS INDIVIDUAIS>TRÁFICO DE MULHERES - INTERNACIONAL
7646AD40433159B06B127F5FC5148EBAC6FC6F5F319B8B86566165FE1FCA76BF;2023-10-11 19:35:13.230;PROCESSO SEI;NÃO;TERCEIRO;NÃO SABE INFORMAR;BR | BRASIL;GO;522185 | VALPARAÍSO DE GOIÁS;NÃO SABE INFORMAR;NÃO SABE INFORMAR;1;VIOLÊNCIA CONTRA CRIANÇA OU ADOLESCENTE;OUTRO(S) ELEMENTO(S);NÃO SABE INFORMAR;PESSOA FÍSICA;FEMININO;;CRIANÇA/ADOLESCENTE IDADE NÃO INFORMADA;BR | BRASIL;;;;NÃO;NÃO;;;BR | BRASIL;GO;522185 | VALPARAÍSO DE GOIÁS;;;;NÃO INFORMADO;;;PESSOA FÍSICA;FEMININO;NÃO;NÃO INFORMADO;BR | BRASIL;;;;NÃO;NÃO;;NÃO INFORMADO;BR | BRASIL;GO;522185 | VALPARAÍSO DE GOIÁS;NÃO SABE INFORMAR;;;NÃO INFORMADO;;;;;;;LIBERDADE>DIREITOS INDIVIDUAIS>TRÁFICO DE CRIANÇAS - NACIONAL
762177CA33E60938D71A48161D70EC6287995E8A2B11A3A289E20E471850DEDD;2023-08-29 18:13:24.130;WHATSAPP;NÃO;TERCEIRO;LOCAL DE TRABALHO DA VÍTIMA;BR | BRASIL;SP;354850 | SANTOS;DIARIAMENTE;HÁ MAIS DE SEIS MESES;1;VIOLÊNCIA CONTRA CIDADÃO, FAMÍLIA OU COMUNIDADE;;EMPREGADOR/PATRÃO (HIERARQUICAMENTE SUPERIOR);COMUNIDADE/FAMÍLIA;NÃO SE APLICA - VÍTIMA COMUNIDADE/FAMÍLIA;NÃO;35 A 39 ANOS;PE | PERU;;;;;NÃO;;NÃO;BR | BRASIL;SP;354850 | SANTOS;;;;NÃO INFORMADO;;;PESSOA FÍSICA;FEMININO;NÃO;70 A 74 ANOS;BR | BRASIL;;;;;NÃO;;NÃO;BR | BRASIL;SP;354850 | SANTOS;NÃO SABE INFORMAR;;;;;;;;;;LIBERDADE>DIREITOS INDIVIDUAIS>TRÁFICO DE PESSOAS - INTERNACIONAL
78D864C74C061C949F4929B1A2E05069E8998FCF9461B104AC9699FC71F6C545;2023-08-21 18:33:49.863;TELEFÔNICO;NÃO;TERCEIRO;AMBIENTE VIRTUAL (NO ÂMBITO DA INTERNET);BR | BRASIL;SC;420240 | BLUMENAU;DIARIAMENTE;HÁ MAIS DE UM ANO;1;VIOLÊNCIA CONTRA CRIANÇA OU ADOLESCENTE;AGRAVANTE.POR MOTIVO VIL, TORPE, INSIDIOSO, CRUEL, À TRAIÇÃO, OU POR DINHEIRO;NÃO SE APLICA;PESSOA FÍSICA;FEMININO;;MENOS DE 01 ANO;BR | BRASIL;;;;;NÃO;;;BR | BRASIL;DENUNCIANTE NÃO SOUBE INFORMAR;DENUNCIANTE NÃO SOUBE INFORMAR;;;;NÃO INFORMADO;;;PESSOA FÍSICA;MASCULINO;NÃO;18 A 19 ANOS;BR | BRASIL;;;;;NÃO;;NÃO INFORMADO;BR | BRASIL;SC;420240 | BLUMENAU;OUTROS NÃO LISTADOS;;;;;;;;;;LIBERDADE>DIREITOS INDIVIDUAIS>TRÁFICO DE PESSOAS - NACIONAL
78D864C74C061C949F4929B1A2E05069E8998FCF9461B104AC9699FC71F6C545;2023-08-21 18:33:49.863;TELEFÔNICO;NÃO;TERCEIRO;AMBIENTE VIRTUAL (NO ÂMBITO DA INTERNET);BR | BRASIL;SC;420240 | BLUMENAU;DIARIAMENTE;HÁ MAIS DE UM ANO;1;VIOLÊNCIA CONTRA CRIANÇA OU ADOLESCENTE;AGRAVANTE.FOI PRATICADO POR DUAS OU MAIS PESSOAS;NÃO SE APLICA;PESSOA FÍSICA;FEMININO;;MENOS DE 01 ANO;BR | BRASIL;;;;;NÃO;;;BR | BRASIL;DENUNCIANTE NÃO SOUBE INFORMAR;DENUNCIANTE NÃO SOUBE INFORMAR;;;;NÃO INFORMADO;;;PESSOA FÍSICA;MASCULINO;NÃO;18 A 19 ANOS;BR | BRASIL;;;;;NÃO;;NÃO INFORMADO;BR | BRASIL;SC;420240 | BLUMENAU;OUTROS NÃO LISTADOS;;;;;;;;;;LIBERDADE>DIREITOS INDIVIDUAIS>TRÁFICO DE PESSOAS - INTERNACIONAL
7CA1A0C31AA133BDB9FE55E343A39901C735A0BBFCA357C0116DEECF7B8D2F10;2023-08-29 18:13:24.130;WHATSAPP;NÃO;TERCEIRO;LOCAL DE TRABALHO DA VÍTIMA;BR | BRASIL;SP;354850 | SANTOS;DIARIAMENTE;HÁ MAIS DE SEIS MESES;1;VIOLÊNCIA CONTRA CIDADÃO, FAMÍLIA OU COMUNIDADE;;EMPREGADOR/PATRÃO (HIERARQUICAMENTE SUPERIOR);COMUNIDADE/FAMÍLIA;NÃO SE APLICA - VÍTIMA COMUNIDADE/FAMÍLIA;NÃO;35 A 39 ANOS;PE | PERU;;;;;NÃO;;NÃO;BR | BRASIL;SP;354850 | SANTOS;;;;NÃO INFORMADO;;;PESSOA FÍSICA;MASCULINO;NÃO;55 A 59 ANOS;PE | PERU;;;;;NÃO;;NÃO;BR | BRASIL;SP;354850 | SANTOS;NÃO SABE INFORMAR;;;PARDA;;;;;;;LIBERDADE>DIREITOS INDIVIDUAIS>TRÁFICO DE PESSOAS - INTERNACIONAL
7FFB86024229DECD1206F00A19448B8BDDA37F7E0F39A8121CE0D2DCFEA658EC;2023-10-21 22:55:01.430;TELEFÔNICO;NÃO;TERCEIRO;CASA ONDE RESIDE A VÍTIMA E O SUSPEITO;BR | BRASIL;BA;290720 | CASA NOVA;DIARIAMENTE;HÁ MAIS DE UM ANO;1;VIOLÊNCIA CONTRA CRIANÇA OU ADOLESCENTE;;MÃE;PESSOA FÍSICA;FEMININO;;03 ANOS;BR | BRASIL;;;;;NÃO;;;BR | BRASIL;BA;290720 | CASA NOVA;;;;PARDA;;;PESSOA FÍSICA;MASCULINO;NÃO;40 A 44 ANOS;BR | BRASIL;;;;;NÃO;;NÃO;BR | BRASIL;BA;290720 | CASA NOVA;OUTROS NÃO LISTADOS;;;PARDA;;;;;;;LIBERDADE>DIREITOS INDIVIDUAIS>TRÁFICO DE CRIANÇAS - NACIONAL
7CD950022F83DCF9EFF7AABF7F218C969B2C868952AF9AEDE5699C888F97911B;2023-11-01 17:37:08.223;TELEFÔNICO;NÃO;TERCEIRO;LOCAL DE TRABALHO DA VÍTIMA;KH | CAMBOJA;DENUNCIANTE NÃO SOUBE INFORMAR;DENUNCIANTE NÃO SOUBE INFORMAR;DIARIAMENTE;HÁ UM MÊS;1;VIOLÊNCIA CONTRA CIDADÃO, FAMÍLIA OU COMUNIDADE;;EMPREGADOR/PATRÃO (HIERARQUICAMENTE SUPERIOR);PESSOA FÍSICA;MASCULINO;NÃO;25 A 29 ANOS;BR | BRASIL;;;;;NÃO;;NÃO;BR | BRASIL;SP;355030 | SÃO PAULO;;;;BRANCA;;;PESSOA FÍSICA;MASCULINO;NÃO;NÃO INFORMADO;BR | BRASIL;;;;;NÃO;;;BR | BRASIL;DENUNCIANTE NÃO SOUBE INFORMAR;DENUNCIANTE NÃO SOUBE INFORMAR;NÃO SABE INFORMAR;;;AMARELA;;;;;;;LIBERDADE>DIREITOS INDIVIDUAIS>TRÁFICO DE PESSOAS - INTERNACIONAL
80312DACFAEDEE4CB943676264FEE7974B4A100BECF9D81CA193170BCE562558;2023-12-03 03:05:15.883;TELEFÔNICO;NÃO;TERCEIRO;CASA DA VÍTIMA;BR | BRASIL;DENUNCIANTE NÃO SOUBE INFORMAR;DENUNCIANTE NÃO SOUBE INFORMAR;DIARIAMENTE;HÁ MAIS DE UM ANO;2;VIOLÊNCIA CONTRA CRIANÇA OU ADOLESCENTE;;TIO(A);PESSOA FÍSICA;FEMININO;;02 ANOS;BR | BRASIL;;;;;NÃO;;;BR | BRASIL;DENUNCIANTE NÃO SOUBE INFORMAR;DENUNCIANTE NÃO SOUBE INFORMAR;;;;BRANCA;;;PESSOA FÍSICA;MASCULINO;NÃO;40 A 44 ANOS;BR | BRASIL;;;;;NÃO;;NÃO;BR | BRASIL;PE;2612604 | SANTA MARIA DA BOA VISTA;PROFESSOR DO ENSINO MÉDIO;;;BRANCA;;;;;;;LIBERDADE>DIREITOS INDIVIDUAIS>TRÁFICO DE CRIANÇAS - NACIONAL
88ED084F91EF09954C4169D6BA9DAFA8EC39BD4CC1E41CF8B3F60839DC22F709;2023-09-12 13:28:06.440;TELEFÔNICO;NÃO;TERCEIRO;CASA ONDE RESIDE A VÍTIMA E O SUSPEITO;BR | BRASIL;SP;355030 | SÃO PAULO;DIARIAMENTE;HÁ MAIS DE UM ANO;1;VIOLÊNCIA CONTRA CIDADÃO, FAMÍLIA OU COMUNIDADE;;OUTROS;COMUNIDADE/FAMÍLIA;;;30 A 34 ANOS;BR | BRASIL;;;;;;;;BR | BRASIL;SP;355030 | SÃO PAULO;;;NÃO SABE;NÃO INFORMADO;;;PESSOA FÍSICA;MASCULINO;NÃO;NÃO INFORMADO;BR | BRASIL;;;;;NÃO;;NÃO;BR | BRASIL;SP;355030 | SÃO PAULO;OUTROS NÃO LISTADOS;;;NÃO INFORMADO;;;;;;;LIBERDADE>DIREITOS INDIVIDUAIS>TRÁFICO DE PESSOAS - INTERNACIONAL
8AB0870C8CAFAB92F8E67F039D47D033B83D69658697AE776A5B8C8906A5DECC;2023-10-14 12:51:13.687;TELEFÔNICO;NÃO;TERCEIRO;CASA DO SUSPEITO;BR | BRASIL;PE;261160 | RECIFE;DIARIAMENTE;HÁ MAIS DE UM ANO;1;VIOLÊNCIA CONTRA CRIANÇA OU ADOLESCENTE;;OUTROS;PESSOA FÍSICA;FEMININO;NÃO;16 ANOS;BR | BRASIL;;;;;NÃO;;NÃO;BR | BRASIL;DENUNCIANTE NÃO SOUBE INFORMAR;DENUNCIANTE NÃO SOUBE INFORMAR;;;;BRANCA;;;PESSOA FÍSICA;MASCULINO;NÃO;55 A 59 ANOS;BR | BRASIL;;;;;NÃO;;NÃO;BR | BRASIL;PE;261160 | RECIFE;OUTROS NÃO LISTADOS;;;PRETA;;;;;;;LIBERDADE>DIREITOS INDIVIDUAIS>TRÁFICO DE CRIANÇAS - NACIONAL
8D05D634F40353053E9A1F6C495CA0191349678E10B57C6B73675124A1CBFD7E;2023-10-14 12:51:13.687;TELEFÔNICO;NÃO;TERCEIRO;CASA DO SUSPEITO;BR | BRASIL;PE;261160 | RECIFE;DIARIAMENTE;HÁ MAIS DE UM ANO;1;VIOLÊNCIA CONTRA CRIANÇA OU ADOLESCENTE;;OUTROS;PESSOA FÍSICA;FEMININO;NÃO;14 ANOS;BR | BRASIL;;;;;NÃO;;NÃO;BR | BRASIL;DENUNCIANTE NÃO SOUBE INFORMAR;DENUNCIANTE NÃO SOUBE INFORMAR;;;;PARDA;;;PESSOA FÍSICA;MASCULINO;NÃO;55 A 59 ANOS;BR | BRASIL;;;;;NÃO;;NÃO;BR | BRASIL;PE;261160 | RECIFE;OUTROS NÃO LISTADOS;;;PRETA;;;;;;;LIBERDADE>DIREITOS INDIVIDUAIS>TRÁFICO DE CRIANÇAS - INTERNACIONAL
8D05D634F40353053E9A1F6C495CA0191349678E10B57C6B73675124A1CBFD7E;2023-10-14 12:51:13.687;TELEFÔNICO;NÃO;TERCEIRO;CASA DO SUSPEITO;BR | BRASIL;PE;261160 | RECIFE;DIARIAMENTE;HÁ MAIS DE UM ANO;1;VIOLÊNCIA CONTRA CRIANÇA OU ADOLESCENTE;;OUTROS;PESSOA FÍSICA;FEMININO;NÃO;14 ANOS;BR | BRASIL;;;;;NÃO;;NÃO;BR | BRASIL;DENUNCIANTE NÃO SOUBE INFORMAR;DENUNCIANTE NÃO SOUBE INFORMAR;;;;PARDA;;;PESSOA FÍSICA;MASCULINO;NÃO;55 A 59 ANOS;BR | BRASIL;;;;;NÃO;;NÃO;BR | BRASIL;PE;261160 | RECIFE;OUTROS NÃO LISTADOS;;;PRETA;;;;;;;LIBERDADE>DIREITOS INDIVIDUAIS>TRÁFICO DE CRIANÇAS - NACIONAL
88F55AD06C486464BBAD0423D1108D36AB7B6A5CB20B78F614D4481AD3D9E922;2023-10-11 19:35:13.230;PROCESSO SEI;NÃO;TERCEIRO;NÃO SABE INFORMAR;BR | BRASIL;GO;522185 | VALPARAÍSO DE GOIÁS;NÃO SABE INFORMAR;NÃO SABE INFORMAR;1;VIOLÊNCIA CONTRA CRIANÇA OU ADOLESCENTE;OUTRO(S) ELEMENTO(S);NÃO SABE INFORMAR;PESSOA FÍSICA;FEMININO;;CRIANÇA/ADOLESCENTE IDADE NÃO INFORMADA;BR | BRASIL;;;;NÃO;NÃO;;NÃO;BR | BRASIL;GO;522185 | VALPARAÍSO DE GOIÁS;;;;NÃO INFORMADO;;;PESSOA FÍSICA;FEMININO;NÃO;NÃO INFORMADO;BR | BRASIL;;;;NÃO;NÃO;;NÃO INFORMADO;BR | BRASIL;GO;522185 | VALPARAÍSO DE GOIÁS;NÃO SABE INFORMAR;;;NÃO INFORMADO;;;;;;;LIBERDADE>DIREITOS INDIVIDUAIS>TRÁFICO DE CRIANÇAS - NACIONAL
8AB0870C8CAFAB92F8E67F039D47D033B83D69658697AE776A5B8C8906A5DECC;2023-10-14 12:51:13.687;TELEFÔNICO;NÃO;TERCEIRO;CASA DO SUSPEITO;BR | BRASIL;PE;261160 | RECIFE;DIARIAMENTE;HÁ MAIS DE UM ANO;1;VIOLÊNCIA CONTRA CRIANÇA OU ADOLESCENTE;;OUTROS;PESSOA FÍSICA;FEMININO;NÃO;16 ANOS;BR | BRASIL;;;;;NÃO;;NÃO;BR | BRASIL;DENUNCIANTE NÃO SOUBE INFORMAR;DENUNCIANTE NÃO SOUBE INFORMAR;;;;BRANCA;;;PESSOA FÍSICA;MASCULINO;NÃO;55 A 59 ANOS;BR | BRASIL;;;;;NÃO;;NÃO;BR | BRASIL;PE;261160 | RECIFE;OUTROS NÃO LISTADOS;;;PRETA;;;;;;;LIBERDADE>DIREITOS INDIVIDUAIS>TRÁFICO DE CRIANÇAS - INTERNACIONAL
8C31E824D7643DBD7E082D9112E3CFC32FDF1F484BC1C60305032EBE400B7262;2023-10-08 12:07:05.537;TELEFÔNICO;NÃO;TERCEIRO;VIA PÚBLICA;BR | BRASIL;PE;261160 | RECIFE;OCASIONALMENTE;HÁ MAIS DE UM ANO;2;VIOLÊNCIA CONTRA CRIANÇA OU ADOLESCENTE;;OUTROS;PESSOA FÍSICA;FEMININO;NÃO;16 ANOS;BR | BRASIL;;;;;NÃO;;NÃO;BR | BRASIL;PE;261160 | RECIFE;;;NÃO SABE;BRANCA;;;PESSOA FÍSICA;FEMININO;NÃO;70 A 74 ANOS;BR | BRASIL;;;;;NÃO;;NÃO;BR | BRASIL;PE;261160 | RECIFE;NÃO SABE INFORMAR;;EVANGÉLICA;BRANCA;;;;;;;LIBERDADE>DIREITOS INDIVIDUAIS>TRÁFICO DE MULHERES - INTERNACIONAL
98E9D7A30AFC0DB29369E2CDBC1AEA045A497905E51001F40BB882F2B75345AB;2023-11-01 18:31:21.497;TELEFÔNICO;NÃO;A PRÓPRIA VÍTIMA;CASA DO SUSPEITO;US | ESTADOS UNIDOS;DENUNCIANTE NÃO SOUBE INFORMAR;DENUNCIANTE NÃO SOUBE INFORMAR;DIARIAMENTE;HÁ MAIS DE UM ANO;7;VIOLÊNCIA CONTRA CIDADÃO, FAMÍLIA OU COMUNIDADE;;AMIGO(A);PESSOA FÍSICA;MASCULINO;NÃO;25 A 29 ANOS;BR | BRASIL;;;;;NÃO;;NÃO;BR | BRASIL;DENUNCIANTE NÃO SOUBE INFORMAR;DENUNCIANTE NÃO SOUBE INFORMAR;;;;BRANCA;;;PESSOA FÍSICA;MASCULINO;NÃO;IDOSO IDADE NÃO INFORMADA;BR | BRASIL;;;;;NÃO;;NÃO INFORMADO;BR | BRASIL;DENUNCIANTE NÃO SOUBE INFORMAR;DENUNCIANTE NÃO SOUBE INFORMAR;OUTROS NÃO LISTADOS;;;;;;;;;;LIBERDADE>DIREITOS INDIVIDUAIS>TRÁFICO DE PESSOAS - INTERNACIONAL
9349A11A42CD8371136C1456BD071C837F124B5384BE4D66816112E572902C1E;2023-10-11 19:35:13.230;PROCESSO SEI;NÃO;TERCEIRO;NÃO SABE INFORMAR;BR | BRASIL;GO;522185 | VALPARAÍSO DE GOIÁS;NÃO SABE INFORMAR;NÃO SABE INFORMAR;1;VIOLÊNCIA CONTRA CRIANÇA OU ADOLESCENTE;OUTRO(S) ELEMENTO(S);NÃO SABE INFORMAR;PESSOA FÍSICA;FEMININO;;CRIANÇA/ADOLESCENTE IDADE NÃO INFORMADA;BR | BRASIL;;;;NÃO;NÃO;;;BR | BRASIL;GO;522185 | VALPARAÍSO DE GOIÁS;;;;NÃO INFORMADO;;;PESSOA FÍSICA;FEMININO;NÃO;NÃO INFORMADO;BR | BRASIL;;;;NÃO;NÃO;;NÃO INFORMADO;BR | BRASIL;GO;522185 | VALPARAÍSO DE GOIÁS;NÃO SABE INFORMAR;;;NÃO INFORMADO;;;;;;;LIBERDADE>DIREITOS INDIVIDUAIS>TRÁFICO DE CRIANÇAS - NACIONAL
9B407664A61DC2F35CAD84C9AAA48CC07AF9186CC77A49DCE57EC8B154506F09;2023-10-24 16:05:22.233;TELEFÔNICO;NÃO;TERCEIRO;OUTROS;BR | BRASIL;SP;354870 | SÃO BERNARDO DO CAMPO;SEMANALMENTE;HÁ MAIS DE UM ANO;1;VIOLÊNCIA CONTRA CRIANÇA OU ADOLESCENTE;;NÃO SE APLICA;PESSOA FÍSICA;FEMININO;;CRIANÇA/ADOLESCENTE IDADE NÃO INFORMADA;BR | BRASIL;;;;;NÃO;;;BR | BRASIL;SP;355030 | SÃO PAULO;;;;NÃO INFORMADO;;;PESSOA FÍSICA;FEMININO;NÃO;45 A 49 ANOS;BR | BRASIL;;;;;NÃO;;NÃO;BR | BRASIL;SP;;OUTROS NÃO LISTADOS;;;PARDA;;;;;;;LIBERDADE>DIREITOS INDIVIDUAIS>TRÁFICO DE CRIANÇAS - NACIONAL
9FEDB95F9DB9B19103EE967F002B49804BEE737A7E184DC01535577FB3C3AD4D;2023-08-21 18:22:33.027;TELEFÔNICO;NÃO;TERCEIRO;AMBIENTE VIRTUAL (NO ÂMBITO DA INTERNET);BR | BRASIL;SC;420240 | BLUMENAU;DIARIAMENTE;HÁ MAIS DE UM ANO;1;VIOLÊNCIA CONTRA CRIANÇA OU ADOLESCENTE;AGRAVANTE.FOI PRATICADO POR DUAS OU MAIS PESSOAS;NÃO SE APLICA;PESSOA FÍSICA;FEMININO;;MENOS DE 01 ANO;BR | BRASIL;;;;;NÃO;;;BR | BRASIL;DENUNCIANTE NÃO SOUBE INFORMAR;DENUNCIANTE NÃO SOUBE INFORMAR;;;;NÃO INFORMADO;;;PESSOA FÍSICA;MASCULINO;NÃO;;BR | BRASIL;;;;;NÃO;;;BR | BRASIL;SC;420240 | BLUMENAU;;;;BRANCA;;;;;;;LIBERDADE>DIREITOS INDIVIDUAIS>TRÁFICO DE PESSOAS - INTERNACIONAL
9FEDB95F9DB9B19103EE967F002B49804BEE737A7E184DC01535577FB3C3AD4D;2023-08-21 18:22:33.027;TELEFÔNICO;NÃO;TERCEIRO;AMBIENTE VIRTUAL (NO ÂMBITO DA INTERNET);BR | BRASIL;SC;420240 | BLUMENAU;DIARIAMENTE;HÁ MAIS DE UM ANO;1;VIOLÊNCIA CONTRA CRIANÇA OU ADOLESCENTE;AGRAVANTE.POR MOTIVO VIL, TORPE, INSIDIOSO, CRUEL, À TRAIÇÃO, OU POR DINHEIRO;NÃO SE APLICA;PESSOA FÍSICA;FEMININO;;MENOS DE 01 ANO;BR | BRASIL;;;;;NÃO;;;BR | BRASIL;DENUNCIANTE NÃO SOUBE INFORMAR;DENUNCIANTE NÃO SOUBE INFORMAR;;;;NÃO INFORMADO;;;PESSOA FÍSICA;MASCULINO;NÃO;;BR | BRASIL;;;;;NÃO;;;BR | BRASIL;SC;420240 | BLUMENAU;;;;BRANCA;;;;;;;LIBERDADE>DIREITOS INDIVIDUAIS>TRÁFICO DE PESSOAS - NACIONAL
94FCCD78018EB7BC8BBD1BB1EC0C0D334C22E1EB91F5FB161A2A7ED8FD06FCA2;2023-10-15 09:33:45.303;TELEFÔNICO;NÃO;TERCEIRO;CASA ONDE RESIDE A VÍTIMA E O SUSPEITO;BR | BRASIL;SP;355030 | SÃO PAULO;DIARIAMENTE;HÁ UM MÊS;2;VIOLÊNCIA CONTRA CRIANÇA OU ADOLESCENTE;;AVÔ(Ó);PESSOA FÍSICA;FEMININO;NÃO;17 ANOS;BR | BRASIL;;;;;NÃO;;NÃO;BR | BRASIL;SP;355030 | SÃO PAULO;;ENSINO FUNDAMENTAL INCOMPLETO;;PARDA;;;PESSOA FÍSICA;MASCULINO;NÃO;40 A 44 ANOS;BR | BRASIL;;;;;NÃO;;NÃO;BR | BRASIL;SP;355030 | SÃO PAULO;NÃO SABE INFORMAR;;;PARDA;;;;;;;LIBERDADE>DIREITOS INDIVIDUAIS>TRÁFICO DE MULHERES - NACIONAL
9DFF974D96A6E7784519DBB85252F95DE3CC7C8DCB1556B3940C1B2D04784F22;2023-10-07 20:48:27.637;TELEFÔNICO;RISCO IMINENTE DE MORTE DA VÍTIMA;TERCEIRO;CASA DO SUSPEITO;BR | BRASIL;SP;354980 | SÃO JOSÉ DO RIO PRETO;SEMANALMENTE;HÁ MAIS DE UM ANO;1;VIOLÊNCIA CONTRA CRIANÇA OU ADOLESCENTE;OUTRO(S) ELEMENTO(S);DESCONHECIDO(A);PESSOA FÍSICA;FEMININO;NÃO;17 ANOS;BR | BRASIL;;;;NÃO;NÃO;;NÃO;BR | BRASIL;SP;354870 | SÃO BERNARDO DO CAMPO;;ENSINO MÉDIO INCOMPLETO;UMBANDA;BRANCA;;;PESSOA FÍSICA;FEMININO;NÃO;40 A 44 ANOS;BR | BRASIL;;;;NÃO;NÃO;;NÃO INFORMADO;BR | BRASIL;SP;354980 | SÃO JOSÉ DO RIO PRETO;TRABALHADOR DO SETOR DO COMÉRCIO (AMBULANTE, VAREJISTA, ATACADISTA);;EVANGÉLICA;BRANCA;;;;;;;LIBERDADE>DIREITOS INDIVIDUAIS>TRÁFICO DE CRIANÇAS - INTERNACIONAL
A69F8C2224EC6612F94E6B4CFF46BEA1649E8EE794A6EE46EABA5492CABC7417;2023-09-22 00:02:22.610;WHATSAPP;NÃO;TERCEIRO;VIA PÚBLICA;BR | BRASIL;SP;355030 | SÃO PAULO;OCASIONALMENTE;HÁ MAIS DE DEZ ANOS;1;VIOLÊNCIA CONTRA CRIANÇA OU ADOLESCENTE;;OUTROS;PESSOA FÍSICA;FEMININO;NÃO;16 ANOS;BR | BRASIL;;;;;NÃO;;NÃO;BR | BRASIL;SP;355030 | SÃO PAULO;;;NÃO SABE;INDÍGENA;DEMAIS COMUNIDADES TRADICIONAIS;;PESSOA FÍSICA;FEMININO;NÃO;60 A 64 ANOS;BR | BRASIL;;;;;NÃO;;NÃO;BR | BRASIL;SP;355030 | SÃO PAULO;MÉDICO;;NÃO SABE;BRANCA;;;;;OUTROS;;LIBERDADE>DIREITOS INDIVIDUAIS>TRÁFICO DE CRIANÇAS - INTERNACIONAL
9B407664A61DC2F35CAD84C9AAA48CC07AF9186CC77A49DCE57EC8B154506F09;2023-10-24 16:05:22.233;TELEFÔNICO;NÃO;TERCEIRO;OUTROS;BR | BRASIL;SP;354870 | SÃO BERNARDO DO CAMPO;SEMANALMENTE;HÁ MAIS DE UM ANO;1;VIOLÊNCIA CONTRA CRIANÇA OU ADOLESCENTE;;NÃO SE APLICA;PESSOA FÍSICA;FEMININO;;CRIANÇA/ADOLESCENTE IDADE NÃO INFORMADA;BR | BRASIL;;;;;NÃO;;;BR | BRASIL;SP;355030 | SÃO PAULO;;;;NÃO INFORMADO;;;PESSOA FÍSICA;FEMININO;NÃO;45 A 49 ANOS;BR | BRASIL;;;;;NÃO;;NÃO;BR | BRASIL;SP;;OUTROS NÃO LISTADOS;;;PARDA;;;;;;;LIBERDADE>DIREITOS INDIVIDUAIS>TRÁFICO DE CRIANÇAS - INTERNACIONAL
A359344F52E5D14B4B4449ADA769910F9B6540E9BA47924261D6F035F139E8DA;2023-09-21 22:50:33.030;WHATSAPP;NÃO;TERCEIRO;CASA DA VÍTIMA;BR | BRASIL;SP;355030 | SÃO PAULO;NÃO SABE INFORMAR;NÃO SE APLICA;1;VIOLÊNCIA CONTRA CRIANÇA OU ADOLESCENTE;;MÃE;PESSOA FÍSICA;FEMININO;NÃO;16 ANOS;BR | BRASIL;;;;;NÃO;;NÃO;BR | BRASIL;SP;355030 | SÃO PAULO;;;;NÃO INFORMADO;;;PESSOA FÍSICA;FEMININO;NÃO;40 A 44 ANOS;BR | BRASIL;;;;;NÃO;;NÃO;BR | BRASIL;SP;355030 | SÃO PAULO;NÃO SABE INFORMAR;;NÃO SABE;NÃO INFORMADO;;;;;;;LIBERDADE>DIREITOS INDIVIDUAIS>TRÁFICO DE CRIANÇAS - INTERNACIONAL
A246D2DFC2B9D9EE3CEAC486174575BB411D966C72174146B35047910E77C963;2023-09-12 13:28:06.440;TELEFÔNICO;NÃO;TERCEIRO;CASA ONDE RESIDE A VÍTIMA E O SUSPEITO;BR | BRASIL;SP;355030 | SÃO PAULO;DIARIAMENTE;HÁ MAIS DE UM ANO;1;VIOLÊNCIA CONTRA CIDADÃO, FAMÍLIA OU COMUNIDADE;;OUTROS;COMUNIDADE/FAMÍLIA;;;30 A 34 ANOS;BR | BRASIL;;;;;;;;BR | BRASIL;SP;355030 | SÃO PAULO;;;NÃO SABE;NÃO INFORMADO;;;PESSOA FÍSICA;FEMININO;NÃO;NÃO INFORMADO;BR | BRASIL;;;;;NÃO;;NÃO;BR | BRASIL;SP;355030 | SÃO PAULO;OUTROS NÃO LISTADOS;;NÃO SABE;NÃO INFORMADO;;;;;;;LIBERDADE>DIREITOS INDIVIDUAIS>TRÁFICO DE PESSOAS - INTERNACIONAL
A92B963F115F10C4E890F64C6D3B7A4FACC23EFD0AF621760CD3F4385E8C0701;2023-10-26 18:56:28.253;TELEFÔNICO;NÃO;A PRÓPRIA VÍTIMA;CASA DA VÍTIMA;BR | BRASIL;SP;355030 | SÃO PAULO;DIARIAMENTE;HÁ MAIS DE CINCO ANOS;2;VIOLÊNCIA CONTRA POPULAÇÃO LGBTQIA+;;NÃO SE APLICA;PESSOA FÍSICA;FEMININO;HOMOSSEXUAL.GAY;16 ANOS;BR | BRASIL;;;;;NÃO;;NÃO;BR | BRASIL;SP;355030 | SÃO PAULO;;;;NÃO INFORMADO;;;PESSOA FÍSICA;INTERSEXO;NÃO;NÃO INFORMADO;BR | BRASIL;;;;;NÃO;;PENA (RECLUSÃO);BR | BRASIL;SP;351640 | FRANCO DA ROCHA;ADMINISTRADOR;;;;;;;;;;LIBERDADE>DIREITOS INDIVIDUAIS>TRÁFICO DE PESSOAS - NACIONAL
A8B7923D1DE219C43EC596356D2A6A37DECA392F71416D2EA5961E619DA10095;2023-11-20 12:20:19.623;PROCESSO SEI;NÃO;TERCEIRO;NÃO SABE INFORMAR;BR | BRASIL;GO;522185 | VALPARAÍSO DE GOIÁS;NÃO SABE INFORMAR;NÃO SE APLICA;1;VIOLÊNCIA CONTRA CRIANÇA OU ADOLESCENTE;;OUTROS FAMILIARES;COMUNIDADE/FAMÍLIA;;;CRIANÇA/ADOLESCENTE IDADE NÃO INFORMADA;BR | BRASIL;;;;;;;;BR | BRASIL;GO;522185 | VALPARAÍSO DE GOIÁS;;;;PRETA;;;PESSOA FÍSICA;NÃO SE APLICA - VÍTIMA COMUNIDADE/FAMÍLIA;NÃO;;BR | BRASIL;;;;;NÃO;;;BR | BRASIL;GO;522185 | VALPARAÍSO DE GOIÁS;;;;;;;;;;;LIBERDADE>DIREITOS INDIVIDUAIS>TRÁFICO DE CRIANÇAS - NACIONAL
A92B963F115F10C4E890F64C6D3B7A4FACC23EFD0AF621760CD3F4385E8C0701;2023-10-26 18:56:28.253;TELEFÔNICO;NÃO;A PRÓPRIA VÍTIMA;CASA DA VÍTIMA;BR | BRASIL;SP;355030 | SÃO PAULO;DIARIAMENTE;HÁ MAIS DE CINCO ANOS;2;VIOLÊNCIA CONTRA CRIANÇA OU ADOLESCENTE;;NÃO SE APLICA;PESSOA FÍSICA;FEMININO;HOMOSSEXUAL.GAY;16 ANOS;BR | BRASIL;;;;;NÃO;;NÃO;BR | BRASIL;SP;355030 | SÃO PAULO;;;;NÃO INFORMADO;;;PESSOA FÍSICA;INTERSEXO;NÃO;NÃO INFORMADO;BR | BRASIL;;;;;NÃO;;PENA (RECLUSÃO);BR | BRASIL;SP;351640 | FRANCO DA ROCHA;ADMINISTRADOR;;;;;;;;;;LIBERDADE>DIREITOS INDIVIDUAIS>TRÁFICO DE PESSOAS - NACIONAL
A4FA320E72C8AAED500316B1F567BABEFAD6BCF2BEABAB797F08638F3469C9AA;2023-10-07 20:48:27.637;TELEFÔNICO;RISCO IMINENTE DE MORTE DA VÍTIMA;TERCEIRO;CASA DO SUSPEITO;BR | BRASIL;SP;354980 | SÃO JOSÉ DO RIO PRETO;SEMANALMENTE;HÁ MAIS DE UM ANO;1;VIOLÊNCIA CONTRA CRIANÇA OU ADOLESCENTE;OUTRO(S) ELEMENTO(S);DESCONHECIDO(A);PESSOA FÍSICA;FEMININO;NÃO;17 ANOS;BR | BRASIL;;;;NÃO;NÃO;;NÃO;BR | BRASIL;SP;354870 | SÃO BERNARDO DO CAMPO;;ENSINO MÉDIO INCOMPLETO;UMBANDA;BRANCA;;;PESSOA FÍSICA;MASCULINO;NÃO;55 A 59 ANOS;BR | BRASIL;;;;NÃO;NÃO;;PENA (RECLUSÃO);BR | BRASIL;SP;354980 | SÃO JOSÉ DO RIO PRETO;NÃO SABE INFORMAR;;;BRANCA;;;;;;;LIBERDADE>DIREITOS INDIVIDUAIS>TRÁFICO DE CRIANÇAS - INTERNACIONAL
A92B963F115F10C4E890F64C6D3B7A4FACC23EFD0AF621760CD3F4385E8C0701;2023-10-26 18:56:28.253;TELEFÔNICO;NÃO;A PRÓPRIA VÍTIMA;CASA DA VÍTIMA;BR | BRASIL;SP;355030 | SÃO PAULO;DIARIAMENTE;HÁ MAIS DE CINCO ANOS;2;VIOLÊNCIA CONTRA CRIANÇA OU ADOLESCENTE;;NÃO SE APLICA;PESSOA FÍSICA;FEMININO;HOMOSSEXUAL.GAY;16 ANOS;BR | BRASIL;;;;;NÃO;;NÃO;BR | BRASIL;SP;355030 | SÃO PAULO;;;;NÃO INFORMADO;;;PESSOA FÍSICA;INTERSEXO;NÃO;NÃO INFORMADO;BR | BRASIL;;;;;NÃO;;PENA (RECLUSÃO);BR | BRASIL;SP;351640 | FRANCO DA ROCHA;ADMINISTRADOR;;;;;;;;;;LIBERDADE>DIREITOS INDIVIDUAIS>TRÁFICO DE MULHERES - NACIONAL
A2C97712D5B6468C0B909B0FBEF8CC5C00AF1898D4E955D60C1C7773A82FC018;2023-10-26 18:24:00.823;TELEFÔNICO;NÃO;TERCEIRO;OUTROS;BR | BRASIL;DENUNCIANTE NÃO SOUBE INFORMAR;DENUNCIANTE NÃO SOUBE INFORMAR;DIARIAMENTE;HÁ MAIS DE UM ANO;2;VIOLÊNCIA CONTRA CRIANÇA OU ADOLESCENTE;;OUTROS;PESSOA FÍSICA;FEMININO;NÃO;16 ANOS;BR | BRASIL;;;;;NÃO;;NÃO;BR | BRASIL;PE;261160 | RECIFE;;ENSINO MÉDIO INCOMPLETO;;PARDA;;;PESSOA FÍSICA;FEMININO;NÃO;60 A 64 ANOS;BR | BRASIL;;;;;NÃO;;NÃO;BR | BRASIL;PE;261160 | RECIFE;OUTROS NÃO LISTADOS;;;BRANCA;;;;;;;LIBERDADE>DIREITOS INDIVIDUAIS>TRÁFICO DE MULHERES - INTERNACIONAL
A92B963F115F10C4E890F64C6D3B7A4FACC23EFD0AF621760CD3F4385E8C0701;2023-10-26 18:56:28.253;TELEFÔNICO;NÃO;A PRÓPRIA VÍTIMA;CASA DA VÍTIMA;BR | BRASIL;SP;355030 | SÃO PAULO;DIARIAMENTE;HÁ MAIS DE CINCO ANOS;2;VIOLÊNCIA CONTRA POPULAÇÃO LGBTQIA+;;NÃO SE APLICA;PESSOA FÍSICA;FEMININO;HOMOSSEXUAL.GAY;16 ANOS;BR | BRASIL;;;;;NÃO;;NÃO;BR | BRASIL;SP;355030 | SÃO PAULO;;;;NÃO INFORMADO;;;PESSOA FÍSICA;INTERSEXO;NÃO;NÃO INFORMADO;BR | BRASIL;;;;;NÃO;;PENA (RECLUSÃO);BR | BRASIL;SP;351640 | FRANCO DA ROCHA;ADMINISTRADOR;;;;;;;;;;LIBERDADE>DIREITOS INDIVIDUAIS>TRÁFICO DE MULHERES - NACIONAL
B101C370C584335E8FDD2C9398709ECA8BF48D3F0FD51807122C858F12573188;2023-10-14 12:51:13.687;TELEFÔNICO;NÃO;TERCEIRO;CASA DO SUSPEITO;BR | BRASIL;PE;261160 | RECIFE;DIARIAMENTE;HÁ MAIS DE UM ANO;1;VIOLÊNCIA CONTRA CRIANÇA OU ADOLESCENTE;;OUTROS;PESSOA FÍSICA;FEMININO;NÃO;14 ANOS;BR | BRASIL;;;;;NÃO;;NÃO;BR | BRASIL;DENUNCIANTE NÃO SOUBE INFORMAR;DENUNCIANTE NÃO SOUBE INFORMAR;;;;PARDA;;;PESSOA FÍSICA;FEMININO;NÃO;70 A 74 ANOS;BR | BRASIL;;;;;NÃO;;NÃO;BR | BRASIL;PE;261160 | RECIFE;OUTROS NÃO LISTADOS;;;BRANCA;;;;;;;LIBERDADE>DIREITOS INDIVIDUAIS>TRÁFICO DE CRIANÇAS - NACIONAL
B292578DA0775E5679BA578CEF0B6CA3D8EB15971C7044B7231103BA57BC9891;2023-08-21 18:22:33.027;TELEFÔNICO;NÃO;TERCEIRO;AMBIENTE VIRTUAL (NO ÂMBITO DA INTERNET);BR | BRASIL;SC;420240 | BLUMENAU;DIARIAMENTE;HÁ MAIS DE UM ANO;1;VIOLÊNCIA CONTRA CRIANÇA OU ADOLESCENTE;AGRAVANTE.FOI PRATICADO POR DUAS OU MAIS PESSOAS;NÃO SE APLICA;PESSOA FÍSICA;FEMININO;;MENOS DE 01 ANO;BR | BRASIL;;;;;NÃO;;;BR | BRASIL;DENUNCIANTE NÃO SOUBE INFORMAR;DENUNCIANTE NÃO SOUBE INFORMAR;;;;NÃO INFORMADO;;;PESSOA FÍSICA;MASCULINO;NÃO;25 A 29 ANOS;BR | BRASIL;;;;;NÃO;;NÃO;BR | BRASIL;SC;420240 | BLUMENAU;OUTROS NÃO LISTADOS;;;BRANCA;;;;;;;LIBERDADE>DIREITOS INDIVIDUAIS>TRÁFICO DE PESSOAS - INTERNACIONAL
AD52706EDFD4FDCD7121D63D06ECC6E7A475C644797A251C26992BE83D61F78B;2023-08-17 15:41:59.213;TELEFÔNICO;NÃO;TERCEIRO;CASA DO SUSPEITO;BR | BRASIL;ES;320400 | PANCAS;DIARIAMENTE;HÁ MAIS DE UM ANO;1;VIOLÊNCIA CONTRA CIDADÃO, FAMÍLIA OU COMUNIDADE;;OUTROS;COMUNIDADE/FAMÍLIA;NÃO SE APLICA - VÍTIMA COMUNIDADE/FAMÍLIA;NÃO;30 A 34 ANOS;BR | BRASIL;;;;;NÃO;;NÃO;BR | BRASIL;ES;320400 | PANCAS;;;;NÃO INFORMADO;;;PESSOA FÍSICA;MASCULINO;NÃO;45 A 49 ANOS;BR | BRASIL;;;;;NÃO;;NÃO;BR | BRASIL;ES;320400 | PANCAS;NÃO SABE INFORMAR;;;PRETA;;;;;;;LIBERDADE>DIREITOS INDIVIDUAIS>TRÁFICO DE PESSOAS - INTERNACIONAL
AE1EF39BCD832099B40A72A9C7D05989ED597259FE19337DD21CCE06D8672DAC;2023-12-03 03:05:15.883;TELEFÔNICO;NÃO;TERCEIRO;NÃO SABE INFORMAR;BR | BRASIL;DENUNCIANTE NÃO SOUBE INFORMAR;DENUNCIANTE NÃO SOUBE INFORMAR;DIARIAMENTE;HÁ MAIS DE UM ANO;2;VIOLÊNCIA CONTRA CRIANÇA OU ADOLESCENTE;;TIO(A);PESSOA FÍSICA;MASCULINO;;02 ANOS;BR | BRASIL;;;;;NÃO;;;BR | BRASIL;DENUNCIANTE NÃO SOUBE INFORMAR;DENUNCIANTE NÃO SOUBE INFORMAR;;;;PRETA;;;PESSOA FÍSICA;MASCULINO;NÃO;40 A 44 ANOS;BR | BRASIL;;;;;NÃO;;NÃO;BR | BRASIL;PE;2612604 | SANTA MARIA DA BOA VISTA;PROFESSOR DO ENSINO MÉDIO;;;BRANCA;;;;;;;LIBERDADE>DIREITOS INDIVIDUAIS>TRÁFICO DE CRIANÇAS - NACIONAL
A9F94FB23DAC24D40DFB74ED0463E9536F923E91F3A2F6F54D5B9044C55C804C;2023-10-11 19:35:13.230;PROCESSO SEI;NÃO;TERCEIRO;NÃO SABE INFORMAR;BR | BRASIL;GO;522185 | VALPARAÍSO DE GOIÁS;NÃO SABE INFORMAR;NÃO SABE INFORMAR;1;VIOLÊNCIA CONTRA CRIANÇA OU ADOLESCENTE;OUTRO(S) ELEMENTO(S);NÃO SABE INFORMAR;PESSOA FÍSICA;FEMININO;;CRIANÇA/ADOLESCENTE IDADE NÃO INFORMADA;BR | BRASIL;;;;NÃO;NÃO;;;BR | BRASIL;GO;522185 | VALPARAÍSO DE GOIÁS;;;;NÃO INFORMADO;;;PESSOA FÍSICA;FEMININO;NÃO;NÃO INFORMADO;BR | BRASIL;;;;NÃO;NÃO;;NÃO INFORMADO;BR | BRASIL;GO;522185 | VALPARAÍSO DE GOIÁS;NÃO SABE INFORMAR;;;NÃO INFORMADO;;;;;;;LIBERDADE>DIREITOS INDIVIDUAIS>TRÁFICO DE CRIANÇAS - NACIONAL
B3FE2C10662488F91EE8548CB6814C260E4DE1522D3B5A7225386D82608F0ADE;2023-09-18 09:04:02.177;TELEFÔNICO;NÃO;TERCEIRO;CASA ONDE RESIDE A VÍTIMA E O SUSPEITO;BR | BRASIL;SC;421580 | SÃO BENTO DO SUL;DIARIAMENTE;HÁ UMA SEMANA;1;VIOLÊNCIA CONTRA CRIANÇA OU ADOLESCENTE;;MÃE;PESSOA FÍSICA;FEMININO;;01 ANO;BR | BRASIL;;;;;NÃO;;;BR | BRASIL;SC;421580 | SÃO BENTO DO SUL;;;;BRANCA;;;PESSOA FÍSICA;FEMININO;NÃO;;BR | BRASIL;;;;;NÃO;;;BR | BRASIL;SC;421580 | SÃO BENTO DO SUL;;;;;;;;;;;LIBERDADE>DIREITOS INDIVIDUAIS>TRÁFICO DE CRIANÇAS - NACIONAL
B326EF8FCD62630FA82CF5C72324457D7AF29727A5530D8C365F024C23DA9F00;2023-10-08 12:07:05.537;TELEFÔNICO;NÃO;TERCEIRO;VIA PÚBLICA;BR | BRASIL;PE;261160 | RECIFE;OCASIONALMENTE;HÁ MAIS DE UM ANO;2;VIOLÊNCIA CONTRA CRIANÇA OU ADOLESCENTE;;OUTROS;PESSOA FÍSICA;FEMININO;NÃO;16 ANOS;BR | BRASIL;;;;;NÃO;;NÃO;BR | BRASIL;PE;261160 | RECIFE;;;NÃO SABE;BRANCA;;;PESSOA FÍSICA;FEMININO;NÃO;70 A 74 ANOS;BR | BRASIL;;;;;NÃO;;NÃO;BR | BRASIL;PE;261160 | RECIFE;NÃO SABE INFORMAR;;EVANGÉLICA;BRANCA;;;;;;;LIBERDADE>DIREITOS INDIVIDUAIS>TRÁFICO DE MULHERES - INTERNACIONAL
B451B8BCF178136079FD3A66E170BEB581695A56D03DD111E347E46E989ADC00;2023-07-13 11:42:11.177;E-MAIL;NÃO;TERCEIRO;CASA DA VÍTIMA;BR | BRASIL;AM;130380 | SÃO GABRIEL DA CACHOEIRA;NÃO SABE INFORMAR;NÃO SABE INFORMAR;2;VIOLÊNCIA CONTRA CRIANÇA OU ADOLESCENTE;;OUTROS;COMUNIDADE/FAMÍLIA;NÃO SE APLICA - VÍTIMA COMUNIDADE/FAMÍLIA;NÃO INFORMADO;15 ANOS;BR | BRASIL;;;;;NÃO;;NÃO INFORMADO;BR | BRASIL;AM;130380 | SÃO GABRIEL DA CACHOEIRA;;;;NÃO INFORMADO;;;PESSOA FÍSICA;MASCULINO;NÃO;40 A 44 ANOS;BR | BRASIL;;;;;NÃO;;NÃO INFORMADO;BR | BRASIL;AM;130380 | SÃO GABRIEL DA CACHOEIRA;OUTRO AGENTE DE SEGURANÇA PÚBLICA;;;NÃO INFORMADO;;;;;;;LIBERDADE>DIREITOS INDIVIDUAIS>TRÁFICO DE PESSOAS - NACIONAL
B292578DA0775E5679BA578CEF0B6CA3D8EB15971C7044B7231103BA57BC9891;2023-08-21 18:22:33.027;TELEFÔNICO;NÃO;TERCEIRO;AMBIENTE VIRTUAL (NO ÂMBITO DA INTERNET);BR | BRASIL;SC;420240 | BLUMENAU;DIARIAMENTE;HÁ MAIS DE UM ANO;1;VIOLÊNCIA CONTRA CRIANÇA OU ADOLESCENTE;AGRAVANTE.POR MOTIVO VIL, TORPE, INSIDIOSO, CRUEL, À TRAIÇÃO, OU POR DINHEIRO;NÃO SE APLICA;PESSOA FÍSICA;FEMININO;;MENOS DE 01 ANO;BR | BRASIL;;;;;NÃO;;;BR | BRASIL;DENUNCIANTE NÃO SOUBE INFORMAR;DENUNCIANTE NÃO SOUBE INFORMAR;;;;NÃO INFORMADO;;;PESSOA FÍSICA;MASCULINO;NÃO;25 A 29 ANOS;BR | BRASIL;;;;;NÃO;;NÃO;BR | BRASIL;SC;420240 | BLUMENAU;OUTROS NÃO LISTADOS;;;BRANCA;;;;;;;LIBERDADE>DIREITOS INDIVIDUAIS>TRÁFICO DE PESSOAS - NACIONAL
B8126934AD77DD22312992F5B895C66F2D66F730309C05CDD61F28F6390FE8A6;2023-10-11 19:35:13.230;PROCESSO SEI;NÃO;TERCEIRO;NÃO SABE INFORMAR;BR | BRASIL;GO;522185 | VALPARAÍSO DE GOIÁS;NÃO SABE INFORMAR;NÃO SABE INFORMAR;1;VIOLÊNCIA CONTRA CRIANÇA OU ADOLESCENTE;OUTRO(S) ELEMENTO(S);NÃO SABE INFORMAR;PESSOA FÍSICA;FEMININO;;CRIANÇA/ADOLESCENTE IDADE NÃO INFORMADA;BR | BRASIL;;;;NÃO;NÃO;;;BR | BRASIL;GO;522185 | VALPARAÍSO DE GOIÁS;;;;NÃO INFORMADO;;;PESSOA FÍSICA;FEMININO;NÃO;NÃO INFORMADO;BR | BRASIL;;;;NÃO;NÃO;;NÃO INFORMADO;BR | BRASIL;GO;522185 | VALPARAÍSO DE GOIÁS;NÃO SABE INFORMAR;;;NÃO INFORMADO;;;;;;;LIBERDADE>DIREITOS INDIVIDUAIS>TRÁFICO DE CRIANÇAS - NACIONAL
B5203195BF0DE8959DD097A67DD321CBAB81DA38961092A4D8A516A398836CF1;2023-10-07 20:48:27.637;TELEFÔNICO;RISCO IMINENTE DE MORTE DA VÍTIMA;TERCEIRO;CASA DO SUSPEITO;BR | BRASIL;SP;354980 | SÃO JOSÉ DO RIO PRETO;SEMANALMENTE;HÁ MAIS DE UM ANO;1;VIOLÊNCIA CONTRA CRIANÇA OU ADOLESCENTE;OUTRO(S) ELEMENTO(S);DESCONHECIDO(A);PESSOA FÍSICA;FEMININO;NÃO;17 ANOS;BR | BRASIL;;;;NÃO;NÃO;;NÃO;BR | BRASIL;SP;354870 | SÃO BERNARDO DO CAMPO;;ENSINO MÉDIO INCOMPLETO;UMBANDA;BRANCA;;;PESSOA FÍSICA;MASCULINO;NÃO;45 A 49 ANOS;BR | BRASIL;;;;NÃO;NÃO;;NÃO;BR | BRASIL;SP;354980 | SÃO JOSÉ DO RIO PRETO;NÃO SABE INFORMAR;;;PARDA;;;;;;;LIBERDADE>DIREITOS INDIVIDUAIS>TRÁFICO DE CRIANÇAS - INTERNACIONAL
B101C370C584335E8FDD2C9398709ECA8BF48D3F0FD51807122C858F12573188;2023-10-14 12:51:13.687;TELEFÔNICO;NÃO;TERCEIRO;CASA DO SUSPEITO;BR | BRASIL;PE;261160 | RECIFE;DIARIAMENTE;HÁ MAIS DE UM ANO;1;VIOLÊNCIA CONTRA CRIANÇA OU ADOLESCENTE;;OUTROS;PESSOA FÍSICA;FEMININO;NÃO;14 ANOS;BR | BRASIL;;;;;NÃO;;NÃO;BR | BRASIL;DENUNCIANTE NÃO SOUBE INFORMAR;DENUNCIANTE NÃO SOUBE INFORMAR;;;;PARDA;;;PESSOA FÍSICA;FEMININO;NÃO;70 A 74 ANOS;BR | BRASIL;;;;;NÃO;;NÃO;BR | BRASIL;PE;261160 | RECIFE;OUTROS NÃO LISTADOS;;;BRANCA;;;;;;;LIBERDADE>DIREITOS INDIVIDUAIS>TRÁFICO DE CRIANÇAS - INTERNACIONAL
BF7EFB345287297FF9C9F5B93676AD25DDD3D06A82E92C93C8FBEDB4001A60F6;2023-10-16 15:53:17.787;TELEFÔNICO;NÃO;TERCEIRO;CASA ONDE RESIDE A VÍTIMA E O SUSPEITO;BR | BRASIL;SC;421580 | SÃO BENTO DO SUL;DIARIAMENTE;HÁ MAIS DE SEIS MESES;1;VIOLÊNCIA CONTRA CRIANÇA OU ADOLESCENTE;;MÃE;PESSOA FÍSICA;FEMININO;NÃO;01 ANO;BR | BRASIL;;;;;NÃO;;NÃO;BR | BRASIL;SC;421580 | SÃO BENTO DO SUL;;ANALFABETO/SEM INSTRUÇÃO;;BRANCA;;;PESSOA FÍSICA;FEMININO;NÃO;25 A 29 ANOS;BR | BRASIL;;;;;NÃO;;TEMPORÁRIA;BR | BRASIL;SC;421580 | SÃO BENTO DO SUL;NÃO SABE INFORMAR;;;BRANCA;;;;;;;LIBERDADE>DIREITOS INDIVIDUAIS>TRÁFICO DE CRIANÇAS - NACIONAL
BCC694C66502FC0127EBEB58DA0D2548568FD10ECC0E41FFA92B9878C627FD30;2023-10-24 16:05:22.233;TELEFÔNICO;NÃO;TERCEIRO;OUTROS;BR | BRASIL;SP;354870 | SÃO BERNARDO DO CAMPO;SEMANALMENTE;HÁ MAIS DE UM ANO;1;VIOLÊNCIA CONTRA CRIANÇA OU ADOLESCENTE;;NÃO SE APLICA;PESSOA FÍSICA;FEMININO;;CRIANÇA/ADOLESCENTE IDADE NÃO INFORMADA;BR | BRASIL;;;;;NÃO;;;BR | BRASIL;SP;355030 | SÃO PAULO;;;;NÃO INFORMADO;;;PESSOA FÍSICA;FEMININO;NÃO;55 A 59 ANOS;BR | BRASIL;;;;;NÃO;;NÃO;BR | BRASIL;SP;354870 | SÃO BERNARDO DO CAMPO;ENFERMEIRO/TÉCNICO DE ENFERMAGEM/AUXILIAR DE ENFERMAGEM;;;PARDA;;;;;;;LIBERDADE>DIREITOS INDIVIDUAIS>TRÁFICO DE CRIANÇAS - INTERNACIONAL
BCC694C66502FC0127EBEB58DA0D2548568FD10ECC0E41FFA92B9878C627FD30;2023-10-24 16:05:22.233;TELEFÔNICO;NÃO;TERCEIRO;OUTROS;BR | BRASIL;SP;354870 | SÃO BERNARDO DO CAMPO;SEMANALMENTE;HÁ MAIS DE UM ANO;1;VIOLÊNCIA CONTRA CRIANÇA OU ADOLESCENTE;;NÃO SE APLICA;PESSOA FÍSICA;FEMININO;;CRIANÇA/ADOLESCENTE IDADE NÃO INFORMADA;BR | BRASIL;;;;;NÃO;;;BR | BRASIL;SP;355030 | SÃO PAULO;;;;NÃO INFORMADO;;;PESSOA FÍSICA;FEMININO;NÃO;55 A 59 ANOS;BR | BRASIL;;;;;NÃO;;NÃO;BR | BRASIL;SP;354870 | SÃO BERNARDO DO CAMPO;ENFERMEIRO/TÉCNICO DE ENFERMAGEM/AUXILIAR DE ENFERMAGEM;;;PARDA;;;;;;;LIBERDADE>DIREITOS INDIVIDUAIS>TRÁFICO DE CRIANÇAS - NACIONAL
B451B8BCF178136079FD3A66E170BEB581695A56D03DD111E347E46E989ADC00;2023-07-13 11:42:11.177;E-MAIL;NÃO;TERCEIRO;CASA DA VÍTIMA;BR | BRASIL;AM;130380 | SÃO GABRIEL DA CACHOEIRA;NÃO SABE INFORMAR;NÃO SABE INFORMAR;2;VIOLÊNCIA CONTRA CRIANÇA OU ADOLESCENTE;;OUTROS;COMUNIDADE/FAMÍLIA;NÃO SE APLICA - VÍTIMA COMUNIDADE/FAMÍLIA;NÃO INFORMADO;15 ANOS;BR | BRASIL;;;;;NÃO;;NÃO INFORMADO;BR | BRASIL;AM;130380 | SÃO GABRIEL DA CACHOEIRA;;;;NÃO INFORMADO;;;PESSOA FÍSICA;FEMININO;NÃO;30 A 34 ANOS;BR | BRASIL;;;;;NÃO;;NÃO INFORMADO;BR | BRASIL;AM;130380 | SÃO GABRIEL DA CACHOEIRA;OUTROS NÃO LISTADOS;;;NÃO INFORMADO;;;;;;;LIBERDADE>DIREITOS INDIVIDUAIS>TRÁFICO DE PESSOAS - NACIONAL
B451B8BCF178136079FD3A66E170BEB581695A56D03DD111E347E46E989ADC00;2023-07-13 11:42:11.177;E-MAIL;NÃO;TERCEIRO;CASA DA VÍTIMA;BR | BRASIL;AM;130380 | SÃO GABRIEL DA CACHOEIRA;NÃO SABE INFORMAR;NÃO SABE INFORMAR;2;VIOLÊNCIA CONTRA PESSOA COM DEFICIÊNCIA;;OUTROS;COMUNIDADE/FAMÍLIA;NÃO SE APLICA - VÍTIMA COMUNIDADE/FAMÍLIA;NÃO INFORMADO;15 ANOS;BR | BRASIL;;;;;NÃO;;NÃO INFORMADO;BR | BRASIL;AM;130380 | SÃO GABRIEL DA CACHOEIRA;;;;NÃO INFORMADO;;;PESSOA FÍSICA;FEMININO;NÃO;30 A 34 ANOS;BR | BRASIL;;;;;NÃO;;NÃO INFORMADO;BR | BRASIL;AM;130380 | SÃO GABRIEL DA CACHOEIRA;OUTROS NÃO LISTADOS;;;NÃO INFORMADO;;;;;;;LIBERDADE>DIREITOS INDIVIDUAIS>TRÁFICO DE PESSOAS - NACIONAL
B451B8BCF178136079FD3A66E170BEB581695A56D03DD111E347E46E989ADC00;2023-07-13 11:42:11.177;E-MAIL;NÃO;TERCEIRO;CASA DA VÍTIMA;BR | BRASIL;AM;130380 | SÃO GABRIEL DA CACHOEIRA;NÃO SABE INFORMAR;NÃO SABE INFORMAR;2;VIOLÊNCIA CONTRA PESSOA COM DEFICIÊNCIA;;OUTROS;COMUNIDADE/FAMÍLIA;NÃO SE APLICA - VÍTIMA COMUNIDADE/FAMÍLIA;NÃO INFORMADO;15 ANOS;BR | BRASIL;;;;;NÃO;;NÃO INFORMADO;BR | BRASIL;AM;130380 | SÃO GABRIEL DA CACHOEIRA;;;;NÃO INFORMADO;;;PESSOA FÍSICA;MASCULINO;NÃO;40 A 44 ANOS;BR | BRASIL;;;;;NÃO;;NÃO INFORMADO;BR | BRASIL;AM;130380 | SÃO GABRIEL DA CACHOEIRA;OUTRO AGENTE DE SEGURANÇA PÚBLICA;;;NÃO INFORMADO;;;;;;;LIBERDADE>DIREITOS INDIVIDUAIS>TRÁFICO DE PESSOAS - NACIONAL
C094F0F61128E15B3D72D11B6565B94EA43E70EDF51DF75F676984A50AD4AB04;2023-08-21 18:33:49.863;TELEFÔNICO;NÃO;TERCEIRO;AMBIENTE VIRTUAL (NO ÂMBITO DA INTERNET);BR | BRASIL;SC;420240 | BLUMENAU;DIARIAMENTE;HÁ MAIS DE UM ANO;1;VIOLÊNCIA CONTRA CRIANÇA OU ADOLESCENTE;AGRAVANTE.FOI PRATICADO POR DUAS OU MAIS PESSOAS;NÃO SE APLICA;PESSOA FÍSICA;FEMININO;;MENOS DE 01 ANO;BR | BRASIL;;;;;NÃO;;;BR | BRASIL;DENUNCIANTE NÃO SOUBE INFORMAR;DENUNCIANTE NÃO SOUBE INFORMAR;;;;NÃO INFORMADO;;;PESSOA FÍSICA;FEMININO;NÃO;16 ANOS;BR | BRASIL;;;;;NÃO;;NÃO;BR | BRASIL;SC;420240 | BLUMENAU;OUTROS NÃO LISTADOS;;;PARDA;;;;;;;LIBERDADE>DIREITOS INDIVIDUAIS>TRÁFICO DE PESSOAS - INTERNACIONAL
C094F0F61128E15B3D72D11B6565B94EA43E70EDF51DF75F676984A50AD4AB04;2023-08-21 18:33:49.863;TELEFÔNICO;NÃO;TERCEIRO;AMBIENTE VIRTUAL (NO ÂMBITO DA INTERNET);BR | BRASIL;SC;420240 | BLUMENAU;DIARIAMENTE;HÁ MAIS DE UM ANO;1;VIOLÊNCIA CONTRA CRIANÇA OU ADOLESCENTE;AGRAVANTE.POR MOTIVO VIL, TORPE, INSIDIOSO, CRUEL, À TRAIÇÃO, OU POR DINHEIRO;NÃO SE APLICA;PESSOA FÍSICA;FEMININO;;MENOS DE 01 ANO;BR | BRASIL;;;;;NÃO;;;BR | BRASIL;DENUNCIANTE NÃO SOUBE INFORMAR;DENUNCIANTE NÃO SOUBE INFORMAR;;;;NÃO INFORMADO;;;PESSOA FÍSICA;FEMININO;NÃO;16 ANOS;BR | BRASIL;;;;;NÃO;;NÃO;BR | BRASIL;SC;420240 | BLUMENAU;OUTROS NÃO LISTADOS;;;PARDA;;;;;;;LIBERDADE>DIREITOS INDIVIDUAIS>TRÁFICO DE PESSOAS - NACIONAL
C3B96F47B6FF3CAE74A71817469CA898F2857E0DDC90621F324424A5665F4557;2023-08-29 18:59:43.617;WHATSAPP;NÃO;TERCEIRO;CASA DO SUSPEITO;BR | BRASIL;RR;140010 | BOA VISTA;DIARIAMENTE;NÃO SABE INFORMAR;1;VIOLÊNCIA CONTRA CRIANÇA OU ADOLESCENTE;;DESCONHECIDO(A);PESSOA FÍSICA;FEMININO;NÃO;16 ANOS;BR | BRASIL;;;;;NÃO;;NÃO INFORMADO;BR | BRASIL;DENUNCIANTE NÃO SOUBE INFORMAR;DENUNCIANTE NÃO SOUBE INFORMAR;;;;NÃO INFORMADO;;;PESSOA FÍSICA;FEMININO;NÃO;25 A 29 ANOS;BR | BRASIL;;;;;NÃO;;NÃO INFORMADO;BR | BRASIL;RR;140010 | BOA VISTA;NÃO SABE INFORMAR;;;PARDA;;;;;;;LIBERDADE>DIREITOS INDIVIDUAIS>TRÁFICO DE PESSOAS - NACIONAL
BBBC8BB119C19A0C2E7C41592DDE86C6183E7107DE091569458D9E4C3E057C2C;2023-10-26 18:24:00.823;TELEFÔNICO;NÃO;TERCEIRO;OUTROS;BR | BRASIL;DENUNCIANTE NÃO SOUBE INFORMAR;DENUNCIANTE NÃO SOUBE INFORMAR;DIARIAMENTE;HÁ UM MÊS;2;VIOLÊNCIA CONTRA CRIANÇA OU ADOLESCENTE;;OUTROS;PESSOA FÍSICA;FEMININO;NÃO;15 ANOS;BR | BRASIL;;;;;NÃO;;NÃO;BR | BRASIL;PE;261160 | RECIFE;ESTUDANTE;ENSINO FUNDAMENTAL COMPLETO;;BRANCA;;;PESSOA FÍSICA;FEMININO;NÃO;60 A 64 ANOS;BR | BRASIL;;;;;NÃO;;NÃO;BR | BRASIL;PE;261160 | RECIFE;OUTROS NÃO LISTADOS;;;BRANCA;;;;;;;LIBERDADE>DIREITOS INDIVIDUAIS>TRÁFICO DE MULHERES - INTERNACIONAL
C3B96F47B6FF3CAE74A71817469CA898F2857E0DDC90621F324424A5665F4557;2023-08-29 18:59:43.617;WHATSAPP;NÃO;TERCEIRO;CASA DO SUSPEITO;BR | BRASIL;RR;140010 | BOA VISTA;DIARIAMENTE;NÃO SABE INFORMAR;1;VIOLÊNCIA CONTRA PESSOA COM DEFICIÊNCIA;;DESCONHECIDO(A);PESSOA FÍSICA;FEMININO;NÃO;16 ANOS;BR | BRASIL;;;;;NÃO;;NÃO INFORMADO;BR | BRASIL;DENUNCIANTE NÃO SOUBE INFORMAR;DENUNCIANTE NÃO SOUBE INFORMAR;;;;NÃO INFORMADO;;;PESSOA FÍSICA;FEMININO;NÃO;25 A 29 ANOS;BR | BRASIL;;;;;NÃO;;NÃO INFORMADO;BR | BRASIL;RR;140010 | BOA VISTA;NÃO SABE INFORMAR;;;PARDA;;;;;;;LIBERDADE>DIREITOS INDIVIDUAIS>TRÁFICO DE PESSOAS - NACIONAL
BFDAC346E053BD635EB6E4CC2B51F70779B3A34D55496E7A273E5F0A355A8480;2023-08-07 14:59:14.693;PROCESSO SEI;NÃO;TERCEIRO;OUTROS;GB | REINO UNIDO;;;ÚNICA OCORRÊNCIA;NÃO SE APLICA;2;VIOLÊNCIA CONTRA CIDADÃO, FAMÍLIA OU COMUNIDADE;MOTIVAÇÃO.PARA OBTENÇÃO DE BENEFÍCIO FINANCEIRO/GANÂNCIA;AMIGO(A);PESSOA FÍSICA;INTERSEXO;PESSOA TRANS.TRANSGÊNERO;20 A 24 ANOS;BR | BRASIL;;;;;NÃO;;NÃO;GB | REINO UNIDO;;;OUTROS NÃO LISTADOS;;;NÃO INFORMADO;;;PESSOA FÍSICA;FEMININO;NÃO;NÃO INFORMADO;BR | BRASIL;;;;NÃO;NÃO;;NÃO;GB | REINO UNIDO;;;NÃO SABE INFORMAR;;;;;;;;;;LIBERDADE>DIREITOS INDIVIDUAIS>TRÁFICO DE PESSOAS - INTERNACIONAL
C449AC7651EEC56C662BF7A10D4CDF3364138F5DFFD70A1439F7C166A5F41FB9;2023-11-20 14:53:58.837;TELEFÔNICO;NÃO;TERCEIRO;CASA ONDE RESIDE A VÍTIMA E O SUSPEITO;BR | BRASIL;RS;431490 | PORTO ALEGRE;DIARIAMENTE;HÁ MAIS DE SEIS MESES;1;VIOLÊNCIA CONTRA CRIANÇA OU ADOLESCENTE;;MÃE;PESSOA FÍSICA;FEMININO;;10 ANOS;BR | BRASIL;;;;;NÃO;;;BR | BRASIL;RS;431490 | PORTO ALEGRE;;;;PARDA;;;PESSOA FÍSICA;FEMININO;NÃO;25 A 29 ANOS;BR | BRASIL;;;;;NÃO;;NÃO INFORMADO;BR | BRASIL;RS;431490 | PORTO ALEGRE;OUTROS NÃO LISTADOS;;;;;;;;;;LIBERDADE>DIREITOS INDIVIDUAIS>TRÁFICO DE CRIANÇAS - NACIONAL
BC251BD0E530B6358FAD948880AC652FDD32BCE33EFAC1FFF3DA07795C3945ED;2023-12-06 12:50:59.807;WHATSAPP;NÃO;TERCEIRO;CASA DO SUSPEITO;BR | BRASIL;SC;4205407 | FLORIANÓPOLIS;DIARIAMENTE;HÁ MAIS DE SEIS MESES;1;VIOLÊNCIA CONTRA CIDADÃO, FAMÍLIA OU COMUNIDADE;MOTIVAÇÃO.EM RAZÃO DA CONDIÇÃO SOCIAL;OUTROS;PESSOA FÍSICA;MASCULINO;NÃO;25 A 29 ANOS;BR | BRASIL;;;;NÃO;NÃO;;NÃO;BR | BRASIL;SP;3522505 | ITAPEVI;;;NÃO SABE;BRANCA;;;PESSOA FÍSICA;FEMININO;NÃO;NÃO INFORMADO;BR | BRASIL;;;;NÃO;NÃO;;NÃO;BR | BRASIL;SC;4205407 | FLORIANÓPOLIS;OUTROS NÃO LISTADOS;;NÃO SABE;NÃO INFORMADO;;;;;;;LIBERDADE>DIREITOS INDIVIDUAIS>TRÁFICO DE PESSOAS - INTERNACIONAL
C81380F5C2A97F4FF86C3702198933F8B3D770AB5EB78AAEFE04432776AECA8C;2023-10-11 19:35:13.230;PROCESSO SEI;NÃO;TERCEIRO;NÃO SABE INFORMAR;BR | BRASIL;GO;522185 | VALPARAÍSO DE GOIÁS;NÃO SABE INFORMAR;NÃO SABE INFORMAR;1;VIOLÊNCIA CONTRA CRIANÇA OU ADOLESCENTE;OUTRO(S) ELEMENTO(S);NÃO SABE INFORMAR;PESSOA FÍSICA;FEMININO;;CRIANÇA/ADOLESCENTE IDADE NÃO INFORMADA;BR | BRASIL;;;;NÃO;NÃO;;;BR | BRASIL;GO;522185 | VALPARAÍSO DE GOIÁS;;;;NÃO INFORMADO;;;PESSOA FÍSICA;FEMININO;NÃO;NÃO INFORMADO;BR | BRASIL;;;;NÃO;NÃO;;NÃO INFORMADO;BR | BRASIL;GO;522185 | VALPARAÍSO DE GOIÁS;NÃO SABE INFORMAR;;;NÃO INFORMADO;;;;;;;LIBERDADE>DIREITOS INDIVIDUAIS>TRÁFICO DE CRIANÇAS - NACIONAL
C5306FB4C5C5AD414AE3314AA9252E9149C69335F34E3A01A6DAE1262F3BD7D4;2023-10-11 19:35:13.230;PROCESSO SEI;NÃO;TERCEIRO;NÃO SABE INFORMAR;BR | BRASIL;GO;522185 | VALPARAÍSO DE GOIÁS;NÃO SABE INFORMAR;NÃO SABE INFORMAR;1;VIOLÊNCIA CONTRA CRIANÇA OU ADOLESCENTE;OUTRO(S) ELEMENTO(S);NÃO SABE INFORMAR;PESSOA FÍSICA;FEMININO;;CRIANÇA/ADOLESCENTE IDADE NÃO INFORMADA;BR | BRASIL;;;;NÃO;NÃO;;;BR | BRASIL;GO;522185 | VALPARAÍSO DE GOIÁS;;;;NÃO INFORMADO;;;PESSOA FÍSICA;FEMININO;NÃO;NÃO INFORMADO;BR | BRASIL;;;;NÃO;NÃO;;NÃO INFORMADO;BR | BRASIL;GO;522185 | VALPARAÍSO DE GOIÁS;NÃO SABE INFORMAR;;;NÃO INFORMADO;;;;;;;LIBERDADE>DIREITOS INDIVIDUAIS>TRÁFICO DE CRIANÇAS - NACIONAL
C58F2B9772459C75AEE7686695D4DBE7CEF93465AC38A2EEB5E4EF5EADFE2D57;2023-08-29 18:59:43.617;WHATSAPP;NÃO;TERCEIRO;CASA DO SUSPEITO;BR | BRASIL;RR;140010 | BOA VISTA;DIARIAMENTE;NÃO SABE INFORMAR;1;VIOLÊNCIA CONTRA CIDADÃO, FAMÍLIA OU COMUNIDADE;;DESCONHECIDO(A);COMUNIDADE/FAMÍLIA;NÃO SE APLICA - VÍTIMA COMUNIDADE/FAMÍLIA;NÃO INFORMADO;25 A 29 ANOS;BR | BRASIL;;;;;NÃO;;NÃO INFORMADO;BR | BRASIL;AM;130260 | MANAUS;;;;NÃO INFORMADO;;;PESSOA FÍSICA;FEMININO;NÃO;25 A 29 ANOS;BR | BRASIL;;;;;NÃO;;NÃO INFORMADO;BR | BRASIL;RR;140010 | BOA VISTA;NÃO SABE INFORMAR;;;PARDA;;;;;;;LIBERDADE>DIREITOS INDIVIDUAIS>TRÁFICO DE PESSOAS - NACIONAL
BFDAC346E053BD635EB6E4CC2B51F70779B3A34D55496E7A273E5F0A355A8480;2023-08-07 14:59:14.693;PROCESSO SEI;NÃO;TERCEIRO;OUTROS;GB | REINO UNIDO;;;ÚNICA OCORRÊNCIA;NÃO SE APLICA;2;VIOLÊNCIA CONTRA POPULAÇÃO LGBTQIA+;MOTIVAÇÃO.PARA OBTENÇÃO DE BENEFÍCIO FINANCEIRO/GANÂNCIA;AMIGO(A);PESSOA FÍSICA;INTERSEXO;PESSOA TRANS.TRANSGÊNERO;20 A 24 ANOS;BR | BRASIL;;;;;NÃO;;NÃO;GB | REINO UNIDO;;;OUTROS NÃO LISTADOS;;;NÃO INFORMADO;;;PESSOA FÍSICA;FEMININO;NÃO;NÃO INFORMADO;BR | BRASIL;;;;NÃO;NÃO;;NÃO;GB | REINO UNIDO;;;NÃO SABE INFORMAR;;;;;;;;;;LIBERDADE>DIREITOS INDIVIDUAIS>TRÁFICO DE PESSOAS - INTERNACIONAL
CB6FCDD9803746688FBBD8658E2B4D666EC949B82A75E9631E15E977CDB93C60;2023-09-19 18:50:20.813;TELEFÔNICO;NÃO;TERCEIRO;NÃO SABE INFORMAR;BR | BRASIL;MG;310620 | BELO HORIZONTE;OCASIONALMENTE;HÁ MAIS DE UM ANO;1;VIOLÊNCIA CONTRA CIDADÃO, FAMÍLIA OU COMUNIDADE;MOTIVAÇÃO.EM RAZÃO DA CONDIÇÃO SOCIAL;NÃO SABE INFORMAR;PESSOA FÍSICA;MASCULINO;NÃO;40 A 44 ANOS;BR | BRASIL;;;;TEM DEFICIÊNCIA MAS NÃO SABE QUAL;NÃO;;NÃO;BR | BRASIL;MG;310620 | BELO HORIZONTE;;;;PARDA;;;PESSOA FÍSICA;NÃO SE APLICA - VÍTIMA COMUNIDADE/FAMÍLIA;NÃO;NÃO INFORMADO;BR | BRASIL;;;;NÃO;NÃO;;NÃO INFORMADO;BR | BRASIL;MG;310620 | BELO HORIZONTE;NÃO SABE INFORMAR;;;;;;;;;;LIBERDADE>DIREITOS INDIVIDUAIS>TRÁFICO DE PESSOAS - NACIONAL
C7A13620A693306267E0B0C29AD6B94A428B356AF016B33FE284E1E1749C0820;2023-10-15 09:33:45.303;TELEFÔNICO;NÃO;TERCEIRO;CASA ONDE RESIDE A VÍTIMA E O SUSPEITO;BR | BRASIL;SP;355030 | SÃO PAULO;DIARIAMENTE;HÁ UM MÊS;2;VIOLÊNCIA CONTRA CRIANÇA OU ADOLESCENTE;;AVÔ(Ó);PESSOA FÍSICA;FEMININO;NÃO;17 ANOS;BR | BRASIL;;;;;NÃO;;NÃO;BR | BRASIL;SP;355030 | SÃO PAULO;;ENSINO FUNDAMENTAL INCOMPLETO;;PARDA;;;PESSOA FÍSICA;MASCULINO;NÃO;30 A 34 ANOS;BR | BRASIL;;;;;NÃO;;PENA (SEMI-ABERTO);BR | BRASIL;SP;355030 | SÃO PAULO;NÃO SABE INFORMAR;;;PARDA;;;;;;;LIBERDADE>DIREITOS INDIVIDUAIS>TRÁFICO DE MULHERES - NACIONAL
C634B6B74272B3793747ACB3F3C8FB669C25EBA8CFD2B586EF6518EA6872EB69;2023-07-26 11:41:55.610;TELEFÔNICO;RISCO IMINENTE DE MORTE DA VÍTIMA;TERCEIRO;CASA ONDE RESIDE A VÍTIMA E O SUSPEITO;BR | BRASIL;PR;412770 | TOLEDO;DIARIAMENTE;HÁ MAIS DE SEIS MESES;2;VIOLÊNCIA CONTRA CRIANÇA OU ADOLESCENTE;AGRAVANTE.POR CONDUTAS EXCESSIVAS/DESNECESSÁRIAS/DESACONSELHADAS;OUTROS;PESSOA FÍSICA;FEMININO;;RECÉM-NASCIDO (ATÉ 28 DIAS);BR | BRASIL;;;;NÃO;NÃO;;NÃO INFORMADO;BR | BRASIL;PR;412770 | TOLEDO;NÃO SABE INFORMAR;ANALFABETO/SEM INSTRUÇÃO;;PRETA;;SEM RENDIMENTO;PESSOA FÍSICA;MASCULINO;NÃO;30 A 34 ANOS;BR | BRASIL;;;;NÃO;NÃO;;NÃO;BR | BRASIL;PR;412770 | TOLEDO;NÃO SABE INFORMAR;;;PRETA;;;;;;;LIBERDADE>DIREITOS INDIVIDUAIS>TRÁFICO DE PESSOAS - INTERNACIONAL
CE0CEE5CCC9F06BEEF3FA5C61DD82769BC4CE01B501107D88645EB038FE18A51;2023-10-09 15:55:50.143;TELEFÔNICO;NÃO;TERCEIRO;CASA DO SUSPEITO;BR | BRASIL;PE;261160 | RECIFE;OCASIONALMENTE;HÁ MAIS DE UM ANO;2;VIOLÊNCIA CONTRA CRIANÇA OU ADOLESCENTE;;OUTROS;PESSOA FÍSICA;FEMININO;NÃO;17 ANOS;BR | BRASIL;;;;;NÃO;;NÃO;BR | BRASIL;PE;261160 | RECIFE;;;;BRANCA;;;PESSOA FÍSICA;MASCULINO;NÃO;55 A 59 ANOS;BR | BRASIL;;;;;NÃO;;NÃO;BR | BRASIL;PE;261160 | RECIFE;OUTROS NÃO LISTADOS;;;PRETA;;;;;;;LIBERDADE>DIREITOS INDIVIDUAIS>TRÁFICO DE CRIANÇAS - NACIONAL
C9DCFC671D98DC4D0FBBEA4EB3A86773C1A63F4EC4219FDD8442F2CC51D113DE;2023-12-04 12:32:43.860;WHATSAPP;NÃO;TERCEIRO;CASA ONDE RESIDE A VÍTIMA E O SUSPEITO;BR | BRASIL;SP;3550308 | SÃO PAULO;OCASIONALMENTE;HÁ MAIS DE UM ANO;1;VIOLÊNCIA CONTRA CRIANÇA OU ADOLESCENTE;;NÃO SE APLICA;COMUNIDADE/FAMÍLIA;;;11 ANOS;BR | BRASIL;;;;;;;;BR | BRASIL;SP;3550308 | SÃO PAULO;;;;NÃO INFORMADO;;;PESSOA FÍSICA;MASCULINO;NÃO;70 A 74 ANOS;BR | BRASIL;;;;;NÃO;;NÃO;BR | BRASIL;SP;3550308 | SÃO PAULO;OUTROS NÃO LISTADOS;;;PARDA;;;;;;;LIBERDADE>DIREITOS INDIVIDUAIS>TRÁFICO DE CRIANÇAS - INTERNACIONAL
CC9E60C38321A76D21F690866B6650FE5685A31067C922DE308FD4A25DFF4B4F;2023-09-10 22:10:18.640;TELEFÔNICO;NÃO;TERCEIRO;ÓRGÃOS PÚBLICOS;BR | BRASIL;DENUNCIANTE NÃO SOUBE INFORMAR;DENUNCIANTE NÃO SOUBE INFORMAR;ÚNICA OCORRÊNCIA;NÃO SE APLICA;1;VIOLÊNCIA CONTRA CRIANÇA OU ADOLESCENTE;;AVÔ(Ó);PESSOA FÍSICA;FEMININO;;RECÉM-NASCIDO (ATÉ 28 DIAS);BR | BRASIL;;;;;NÃO;;;BR | BRASIL;DENUNCIANTE NÃO SOUBE INFORMAR;DENUNCIANTE NÃO SOUBE INFORMAR;;;;NÃO INFORMADO;;;PESSOA FÍSICA;FEMININO;NÃO;20 A 24 ANOS;BR | BRASIL;;;;;NÃO;;NÃO;BR | BRASIL;GO;521850 | QUIRINÓPOLIS;OUTROS NÃO LISTADOS;;;PARDA;;;;;;;LIBERDADE>DIREITOS INDIVIDUAIS>TRÁFICO DE CRIANÇAS - NACIONAL
D345975C269F67F44880BDC9B987B77C08043D136501138BC10E3FA39ED64C74;2023-10-21 22:55:01.430;TELEFÔNICO;NÃO;TERCEIRO;CASA ONDE RESIDE A VÍTIMA E O SUSPEITO;BR | BRASIL;BA;290720 | CASA NOVA;DIARIAMENTE;HÁ MAIS DE UM ANO;1;VIOLÊNCIA CONTRA CRIANÇA OU ADOLESCENTE;;PAI;PESSOA FÍSICA;MASCULINO;NÃO;12 ANOS;BR | BRASIL;;;;;NÃO;;NÃO;BR | BRASIL;BA;290720 | CASA NOVA;;;;PARDA;;;PESSOA FÍSICA;FEMININO;NÃO;30 A 34 ANOS;BR | BRASIL;;;;;NÃO;;NÃO;BR | BRASIL;BA;290720 | CASA NOVA;OUTROS NÃO LISTADOS;;;PARDA;;;;;;;LIBERDADE>DIREITOS INDIVIDUAIS>TRÁFICO DE CRIANÇAS - INTERNACIONAL
CE0CEE5CCC9F06BEEF3FA5C61DD82769BC4CE01B501107D88645EB038FE18A51;2023-10-09 15:55:50.143;TELEFÔNICO;NÃO;TERCEIRO;CASA DO SUSPEITO;BR | BRASIL;PE;261160 | RECIFE;OCASIONALMENTE;HÁ MAIS DE UM ANO;2;VIOLÊNCIA CONTRA CRIANÇA OU ADOLESCENTE;;OUTROS;PESSOA FÍSICA;FEMININO;NÃO;17 ANOS;BR | BRASIL;;;;;NÃO;;NÃO;BR | BRASIL;PE;261160 | RECIFE;;;;BRANCA;;;PESSOA FÍSICA;MASCULINO;NÃO;55 A 59 ANOS;BR | BRASIL;;;;;NÃO;;NÃO;BR | BRASIL;PE;261160 | RECIFE;OUTROS NÃO LISTADOS;;;PRETA;;;;;;;LIBERDADE>DIREITOS INDIVIDUAIS>TRÁFICO DE PESSOAS - INTERNACIONAL
D706A36D4668162F13CD3390FE2126A87F7C848C50B0254EC8747C216058110E;2023-10-11 19:35:13.230;PROCESSO SEI;NÃO;TERCEIRO;NÃO SABE INFORMAR;BR | BRASIL;GO;522185 | VALPARAÍSO DE GOIÁS;NÃO SABE INFORMAR;NÃO SABE INFORMAR;1;VIOLÊNCIA CONTRA CRIANÇA OU ADOLESCENTE;OUTRO(S) ELEMENTO(S);NÃO SABE INFORMAR;PESSOA FÍSICA;FEMININO;;CRIANÇA/ADOLESCENTE IDADE NÃO INFORMADA;BR | BRASIL;;;;NÃO;NÃO;;NÃO;BR | BRASIL;GO;522185 | VALPARAÍSO DE GOIÁS;;;;NÃO INFORMADO;;;PESSOA FÍSICA;FEMININO;NÃO;NÃO INFORMADO;BR | BRASIL;;;;NÃO;NÃO;;NÃO INFORMADO;BR | BRASIL;GO;522185 | VALPARAÍSO DE GOIÁS;NÃO SABE INFORMAR;;;NÃO INFORMADO;;;;;;;LIBERDADE>DIREITOS INDIVIDUAIS>TRÁFICO DE CRIANÇAS - NACIONAL
DA141CB01D5E7DA7E556E20EB5EF97042C52C011A1668130B42AFA352D4FD018;2023-10-11 19:35:13.230;PROCESSO SEI;NÃO;TERCEIRO;NÃO SABE INFORMAR;BR | BRASIL;GO;522185 | VALPARAÍSO DE GOIÁS;NÃO SABE INFORMAR;NÃO SABE INFORMAR;1;VIOLÊNCIA CONTRA CRIANÇA OU ADOLESCENTE;OUTRO(S) ELEMENTO(S);NÃO SABE INFORMAR;PESSOA FÍSICA;FEMININO;;CRIANÇA/ADOLESCENTE IDADE NÃO INFORMADA;BR | BRASIL;;;;NÃO;NÃO;;NÃO;BR | BRASIL;GO;522185 | VALPARAÍSO DE GOIÁS;;;;NÃO INFORMADO;;;PESSOA FÍSICA;FEMININO;NÃO;NÃO INFORMADO;BR | BRASIL;;;;NÃO;NÃO;;NÃO INFORMADO;BR | BRASIL;GO;522185 | VALPARAÍSO DE GOIÁS;NÃO SABE INFORMAR;;;NÃO INFORMADO;;;;;;;LIBERDADE>DIREITOS INDIVIDUAIS>TRÁFICO DE CRIANÇAS - NACIONAL
E4D16A86D3B41B9DBD8279D78A08D69CF174929EF80C0B377B2434567875971F;2023-10-21 22:55:01.430;TELEFÔNICO;NÃO;TERCEIRO;CASA ONDE RESIDE A VÍTIMA E O SUSPEITO;BR | BRASIL;BA;290720 | CASA NOVA;DIARIAMENTE;HÁ MAIS DE UM ANO;1;VIOLÊNCIA CONTRA CRIANÇA OU ADOLESCENTE;;PAI;PESSOA FÍSICA;FEMININO;NÃO;14 ANOS;BR | BRASIL;;;;;NÃO;;NÃO;BR | BRASIL;BA;290720 | CASA NOVA;;;;PARDA;;;PESSOA FÍSICA;FEMININO;NÃO;30 A 34 ANOS;BR | BRASIL;;;;;NÃO;;NÃO;BR | BRASIL;BA;290720 | CASA NOVA;OUTROS NÃO LISTADOS;;;PARDA;;;;;;;LIBERDADE>DIREITOS INDIVIDUAIS>TRÁFICO DE CRIANÇAS - NACIONAL
E6D6B36BF7A352A28B681744E58660E37B98075BFE1A49746AF4BA50CADAD196;2023-09-04 17:49:04.910;TELEFÔNICO;NÃO;TERCEIRO;CASA DO SUSPEITO;BR | BRASIL;MA;210667 | MILAGRES DO MARANHÃO;DIARIAMENTE;HÁ MAIS DE SEIS MESES;1;VIOLÊNCIA CONTRA CRIANÇA OU ADOLESCENTE;;MÃE;PESSOA FÍSICA;FEMININO;;03 ANOS;BR | BRASIL;;;;;NÃO;;;BR | BRASIL;MA;210667 | MILAGRES DO MARANHÃO;;;;BRANCA;;;PESSOA FÍSICA;FEMININO;NÃO;;BR | BRASIL;;;;;NÃO;;;BR | BRASIL;MA;210667 | MILAGRES DO MARANHÃO;;;;;;;;;;;LIBERDADE>DIREITOS INDIVIDUAIS>TRÁFICO DE CRIANÇAS - INTERNACIONAL
E896AD07E0E1A62B992BECA71350C46D7AEFFBC0FD3D6A2D021D9A61CBBE39EA;2023-10-26 18:24:00.823;TELEFÔNICO;NÃO;TERCEIRO;OUTROS;BR | BRASIL;DENUNCIANTE NÃO SOUBE INFORMAR;DENUNCIANTE NÃO SOUBE INFORMAR;DIARIAMENTE;HÁ MAIS DE UM ANO;2;VIOLÊNCIA CONTRA CRIANÇA OU ADOLESCENTE;;OUTROS;PESSOA FÍSICA;FEMININO;NÃO;16 ANOS;BR | BRASIL;;;;;NÃO;;NÃO;BR | BRASIL;PE;261160 | RECIFE;;ENSINO MÉDIO INCOMPLETO;;PARDA;;;PESSOA FÍSICA;MASCULINO;NÃO;55 A 59 ANOS;BR | BRASIL;;;;;NÃO;;NÃO;BR | BRASIL;PE;261160 | RECIFE;MOTORISTA PROFISSIONAL (ÔNIBUS, TÁXI, CAMINHÃO, MOTOTÁXI, OUTROS);;;PRETA;;;;;;;LIBERDADE>DIREITOS INDIVIDUAIS>TRÁFICO DE MULHERES - INTERNACIONAL
E2180DDEA17FF0EF164445926E6F04EC33A5BFEE93773F233A1B7047A8CC458D;2023-08-18 16:14:44.437;TELEFÔNICO;NÃO;TERCEIRO;CASA DO SUSPEITO;BR | BRASIL;SP;350760 | BRAGANÇA PAULISTA;DIARIAMENTE;HÁ UM MÊS;1;VIOLÊNCIA CONTRA CRIANÇA OU ADOLESCENTE;;DESCONHECIDO(A);PESSOA FÍSICA;FEMININO;HOMOSSEXUAL.LÉSBICA;14 ANOS;BR | BRASIL;;;;;NÃO;;NÃO;BR | BRASIL;SP;350760 | BRAGANÇA PAULISTA;;;;PRETA;;;PESSOA FÍSICA;FEMININO;HOMOSSEXUAL.LÉSBICA;;BR | BRASIL;;;;;NÃO;;;BR | BRASIL;SP;350760 | BRAGANÇA PAULISTA;;;;;;;;;;;LIBERDADE>DIREITOS INDIVIDUAIS>TRÁFICO DE PESSOAS - NACIONAL
E6EC5EC4FF4DAC02BC362565B8CBCAAF48E00819610878815E21C5DFD1693ECE;2023-12-03 03:05:15.883;TELEFÔNICO;NÃO;TERCEIRO;CASA DA VÍTIMA;BR | BRASIL;DENUNCIANTE NÃO SOUBE INFORMAR;DENUNCIANTE NÃO SOUBE INFORMAR;DIARIAMENTE;HÁ MAIS DE UM ANO;2;VIOLÊNCIA CONTRA CRIANÇA OU ADOLESCENTE;;TIO(A);PESSOA FÍSICA;FEMININO;;02 ANOS;BR | BRASIL;;;;;NÃO;;;BR | BRASIL;DENUNCIANTE NÃO SOUBE INFORMAR;DENUNCIANTE NÃO SOUBE INFORMAR;;;;BRANCA;;;PESSOA FÍSICA;FEMININO;NÃO;35 A 39 ANOS;BR | BRASIL;;;;;NÃO;;NÃO;BR | BRASIL;DENUNCIANTE NÃO SOUBE INFORMAR;DENUNCIANTE NÃO SOUBE INFORMAR;ENFERMEIRO/TÉCNICO DE ENFERMAGEM/AUXILIAR DE ENFERMAGEM;;;PARDA;;;;;;;LIBERDADE>DIREITOS INDIVIDUAIS>TRÁFICO DE CRIANÇAS - NACIONAL
E8ADA6E05E1673456B8E3CA3CF6E3C7B149F0B62CD54E2BCB40228097A680F67;2023-10-30 12:57:02.243;TELEFÔNICO;NÃO;TERCEIRO;CASA DO SUSPEITO;BR | BRASIL;RS;430760 | ESTÂNCIA VELHA;DIARIAMENTE;HÁ MAIS DE UM ANO;1;VIOLÊNCIA CONTRA CRIANÇA OU ADOLESCENTE;;DESCONHECIDO(A);PESSOA FÍSICA;FEMININO;NÃO;CRIANÇA/ADOLESCENTE IDADE NÃO INFORMADA;BR | BRASIL;;;;;NÃO;;NÃO;BR | BRASIL;DENUNCIANTE NÃO SOUBE INFORMAR;DENUNCIANTE NÃO SOUBE INFORMAR;;;;NÃO INFORMADO;;;PESSOA FÍSICA;MASCULINO;NÃO;55 A 59 ANOS;BR | BRASIL;;;;;NÃO;;TEMPORÁRIA;BR | BRASIL;RS;430760 | ESTÂNCIA VELHA;NÃO SABE INFORMAR;;;PARDA;;;;;;;LIBERDADE>DIREITOS INDIVIDUAIS>TRÁFICO DE CRIANÇAS - INTERNACIONAL
E8ADA6E05E1673456B8E3CA3CF6E3C7B149F0B62CD54E2BCB40228097A680F67;2023-10-30 12:57:02.243;TELEFÔNICO;NÃO;TERCEIRO;CASA DO SUSPEITO;BR | BRASIL;RS;430760 | ESTÂNCIA VELHA;DIARIAMENTE;HÁ MAIS DE UM ANO;1;VIOLÊNCIA CONTRA CRIANÇA OU ADOLESCENTE;;DESCONHECIDO(A);PESSOA FÍSICA;FEMININO;NÃO;CRIANÇA/ADOLESCENTE IDADE NÃO INFORMADA;BR | BRASIL;;;;;NÃO;;NÃO;BR | BRASIL;DENUNCIANTE NÃO SOUBE INFORMAR;DENUNCIANTE NÃO SOUBE INFORMAR;;;;NÃO INFORMADO;;;PESSOA FÍSICA;MASCULINO;NÃO;55 A 59 ANOS;BR | BRASIL;;;;;NÃO;;TEMPORÁRIA;BR | BRASIL;RS;430760 | ESTÂNCIA VELHA;NÃO SABE INFORMAR;;;PARDA;;;;;;;LIBERDADE>DIREITOS INDIVIDUAIS>TRÁFICO DE CRIANÇAS - NACIONAL
E781F46483633B8BD9DC90A2624FE7745290187AEA9CE8813825D114FAFD3542;2023-11-14 18:53:17.147;TELEFÔNICO;NÃO;A PRÓPRIA VÍTIMA;CASA ONDE RESIDE A VÍTIMA E O SUSPEITO;BR | BRASIL;SP;355030 | SÃO PAULO;NÃO SABE INFORMAR;HÁ MAIS DE DEZ ANOS;1;VIOLÊNCIA CONTRA CIDADÃO, FAMÍLIA OU COMUNIDADE;;PRIMO(A);PESSOA FÍSICA;MASCULINO;;30 A 34 ANOS;BR | BRASIL;;;;;NÃO;;;BR | BRASIL;SP;355030 | SÃO PAULO;;;;BRANCA;;;PESSOA FÍSICA;FEMININO;NÃO;NÃO INFORMADO;BR | BRASIL;;;;;NÃO;;NÃO INFORMADO;BR | BRASIL;SP;355030 | SÃO PAULO;NÃO SABE INFORMAR;;;;;;;;;;LIBERDADE>DIREITOS INDIVIDUAIS>TRÁFICO DE PESSOAS - NACIONAL
E781F46483633B8BD9DC90A2624FE7745290187AEA9CE8813825D114FAFD3542;2023-11-14 18:53:17.147;TELEFÔNICO;NÃO;A PRÓPRIA VÍTIMA;CASA ONDE RESIDE A VÍTIMA E O SUSPEITO;BR | BRASIL;SP;355030 | SÃO PAULO;NÃO SABE INFORMAR;HÁ MAIS DE DEZ ANOS;1;VIOLÊNCIA CONTRA CIDADÃO, FAMÍLIA OU COMUNIDADE;;PRIMO(A);PESSOA FÍSICA;MASCULINO;;30 A 34 ANOS;BR | BRASIL;;;;;NÃO;;;BR | BRASIL;SP;355030 | SÃO PAULO;;;;BRANCA;;;PESSOA FÍSICA;FEMININO;NÃO;NÃO INFORMADO;BR | BRASIL;;;;;NÃO;;NÃO INFORMADO;BR | BRASIL;SP;355030 | SÃO PAULO;NÃO SABE INFORMAR;;;;;;;;;;LIBERDADE>DIREITOS INDIVIDUAIS>TRÁFICO DE CRIANÇAS - NACIONAL
ED02A06B204339AA41614D701E2283765ED23D0BD4A6003214EA01A0C02F5014;2023-08-07 14:59:14.693;PROCESSO SEI;NÃO;TERCEIRO;OUTROS;GB | REINO UNIDO;;;ÚNICA OCORRÊNCIA;NÃO SE APLICA;2;VIOLÊNCIA CONTRA POPULAÇÃO LGBTQIA+;MOTIVAÇÃO.PARA OBTENÇÃO DE BENEFÍCIO FINANCEIRO/GANÂNCIA;AMIGO(A);PESSOA FÍSICA;INTERSEXO;PESSOA TRANS.TRANSGÊNERO;20 A 24 ANOS;BR | BRASIL;;;;;NÃO;;NÃO;GB | REINO UNIDO;;;OUTROS NÃO LISTADOS;;;NÃO INFORMADO;;;PESSOA FÍSICA;NÃO INFORMADO;NÃO;NÃO INFORMADO;BR | BRASIL;;;;NÃO;NÃO;;NÃO;GB | REINO UNIDO;;;NÃO SABE INFORMAR;;;;;;;;;;LIBERDADE>DIREITOS INDIVIDUAIS>TRÁFICO DE PESSOAS - INTERNACIONAL
ED02A06B204339AA41614D701E2283765ED23D0BD4A6003214EA01A0C02F5014;2023-08-07 14:59:14.693;PROCESSO SEI;NÃO;TERCEIRO;OUTROS;GB | REINO UNIDO;;;ÚNICA OCORRÊNCIA;NÃO SE APLICA;2;VIOLÊNCIA CONTRA CIDADÃO, FAMÍLIA OU COMUNIDADE;MOTIVAÇÃO.PARA OBTENÇÃO DE BENEFÍCIO FINANCEIRO/GANÂNCIA;AMIGO(A);PESSOA FÍSICA;INTERSEXO;PESSOA TRANS.TRANSGÊNERO;20 A 24 ANOS;BR | BRASIL;;;;;NÃO;;NÃO;GB | REINO UNIDO;;;OUTROS NÃO LISTADOS;;;NÃO INFORMADO;;;PESSOA FÍSICA;NÃO INFORMADO;NÃO;NÃO INFORMADO;BR | BRASIL;;;;NÃO;NÃO;;NÃO;GB | REINO UNIDO;;;NÃO SABE INFORMAR;;;;;;;;;;LIBERDADE>DIREITOS INDIVIDUAIS>TRÁFICO DE PESSOAS - INTERNACIONAL
EF45253D1D268144E068C7B4ADAAC81CA12DF2DBDDE52EE54FEB2ED3EC216353;2023-07-10 16:43:54.937;TELEFÔNICO;NÃO;TERCEIRO;CASA ONDE RESIDE A VÍTIMA E O SUSPEITO;BR | BRASIL;RS;430310 | CACHOEIRINHA;DIARIAMENTE;HÁ MAIS DE UM ANO;1;VIOLÊNCIA CONTRA CRIANÇA OU ADOLESCENTE;AGRAVANTE.POR MOTIVO VIL, TORPE, INSIDIOSO, CRUEL, À TRAIÇÃO, OU POR DINHEIRO;MÃE;PESSOA FÍSICA;FEMININO;;02 ANOS;BR | BRASIL;;;;;NÃO;;NÃO;BR | BRASIL;RS;430310 | CACHOEIRINHA;;;;BRANCA;;;PESSOA FÍSICA;MASCULINO;NÃO;IDOSO IDADE NÃO INFORMADA;BR | BRASIL;;;;;NÃO;;NÃO;BR | BRASIL;RS;430310 | CACHOEIRINHA;OUTROS NÃO LISTADOS;;;BRANCA;;;;;;;LIBERDADE>DIREITOS INDIVIDUAIS>TRÁFICO DE PESSOAS - INTERNACIONAL
EC777AFC9F5E8F6FEF92E03BCC3DE543359841908D29B61CE398A7097DA2EAEE;2023-09-06 09:33:33.107;TELEFÔNICO;NÃO;TERCEIRO;CASA ONDE RESIDE A VÍTIMA E O SUSPEITO;BR | BRASIL;SP;350290 | ARAÇOIABA DA SERRA;DIARIAMENTE;HÁ MAIS DE SEIS MESES;2;VIOLÊNCIA CONTRA CRIANÇA OU ADOLESCENTE;;NÃO SE APLICA;PESSOA FÍSICA;FEMININO;;03 ANOS;BR | BRASIL;;;;NÃO;NÃO;;;BR | BRASIL;SP;350290 | ARAÇOIABA DA SERRA;;;;BRANCA;;;PESSOA FÍSICA;FEMININO;NÃO;40 A 44 ANOS;BR | BRASIL;;;;NÃO;NÃO;;NÃO;BR | BRASIL;SP;350290 | ARAÇOIABA DA SERRA;OUTROS NÃO LISTADOS;;;BRANCA;;;;;;;LIBERDADE>DIREITOS INDIVIDUAIS>TRÁFICO DE CRIANÇAS - NACIONAL
F20149A563840F49543AC4B6A27F066458F3FAD707C15CD950674FF3C2260592;2023-12-06 12:50:59.807;WHATSAPP;NÃO;TERCEIRO;CASA DO SUSPEITO;BR | BRASIL;SC;4205407 | FLORIANÓPOLIS;DIARIAMENTE;HÁ MAIS DE SEIS MESES;1;VIOLÊNCIA CONTRA CIDADÃO, FAMÍLIA OU COMUNIDADE;MOTIVAÇÃO.EM RAZÃO DA CONDIÇÃO SOCIAL;OUTROS;PESSOA FÍSICA;MASCULINO;NÃO;25 A 29 ANOS;BR | BRASIL;;;;NÃO;NÃO;;NÃO;BR | BRASIL;SP;3522505 | ITAPEVI;;;NÃO SABE;BRANCA;;;PESSOA FÍSICA;MASCULINO;NÃO;50 A 54 ANOS;BR | BRASIL;;;;NÃO;NÃO;;NÃO;BR | BRASIL;DENUNCIANTE NÃO SOUBE INFORMAR;DENUNCIANTE NÃO SOUBE INFORMAR;OUTROS NÃO LISTADOS;;NÃO SABE;PRETA;;;;;;;LIBERDADE>DIREITOS INDIVIDUAIS>TRÁFICO DE PESSOAS - INTERNACIONAL
F6904FDAA25635575D6C0A4F8986A7362669FE89CDCF79000DD2E7BD67F8DA47;2023-12-30 11:12:32.353;TELEFÔNICO;NÃO;TERCEIRO;CENTRO DE REFERÊNCIA;BR | BRASIL;RJ;3304557 | RIO DE JANEIRO;SEMANALMENTE;HÁ MAIS DE SEIS MESES;1;VIOLÊNCIA CONTRA CRIANÇA OU ADOLESCENTE;;DIRETOR/GESTOR DE INSTITUIÇÃO;COMUNIDADE/FAMÍLIA;;;CRIANÇA/ADOLESCENTE IDADE NÃO INFORMADA;BR | BRASIL;;;;;;;;BR | BRASIL;RJ;3304557 | RIO DE JANEIRO;;;;NÃO INFORMADO;;;PESSOA JURÍDICA DE DIREITO PRIVADO;;;;BR | BRASIL;;;;;;;;BR | BRASIL;RJ;3304557 | RIO DE JANEIRO;;;;;;;;ALOJAMENTO E ALIMENTAÇÃO;;;LIBERDADE>DIREITOS INDIVIDUAIS>TRÁFICO DE CRIANÇAS - NACIONAL
FE5A8D384D60D7821696C449409B0B11419F1780CC191783A3A5CF4BAE85D40E;2023-09-27 09:29:30.743;TELEFÔNICO;NÃO;TERCEIRO;CASA ONDE RESIDE A VÍTIMA E O SUSPEITO;BR | BRASIL;SP;355030 | SÃO PAULO;DIARIAMENTE;HÁ UM MÊS;1;VIOLÊNCIA CONTRA CRIANÇA OU ADOLESCENTE;;MÃE;PESSOA FÍSICA;MASCULINO;NÃO;MENOS DE 01 ANO;BR | BRASIL;;;;;NÃO;;NÃO;BR | BRASIL;SP;355030 | SÃO PAULO;;;;BRANCA;;;PESSOA FÍSICA;FEMININO;NÃO;20 A 24 ANOS;BR | BRASIL;;;;;NÃO;;NÃO INFORMADO;BR | BRASIL;SP;355030 | SÃO PAULO;NÃO SABE INFORMAR;;;BRANCA;;;;;;;LIBERDADE>DIREITOS INDIVIDUAIS>TRÁFICO DE CRIANÇAS - NACIONAL
